startdate,enddate,location,isaccessibleforfree
0,1,-1,-1
1,2,-1,-1
2,3,-1,-1
3,4,-1,-1
4,5,-1,-1
5,6,-1,-1
6,7,-1,-1
7,8,-1,-1
8,9,-1,-1
9,10,-1,-1
10,11,-1,-1
11,12,-1,-1
12,13,-1,-1
13,14,-1,-1
14,15,-1,-1
15,16,-1,-1
16,17,-1,-1
17,18,-1,-1
18,19,-1,-1
19,20,-1,-1
20,21,-1,-1
21,22,-1,-1
22,23,-1,-1
23,24,-1,-1
24,25,-1,-1
25,26,-1,-1
26,27,-1,-1
27,28,-1,-1
28,29,-1,-1
29,30,-1,-1
30,31,-1,-1
31,32,-1,-1
32,33,-1,-1
33,34,-1,-1
34,35,-1,-1
35,36,-1,-1
36,37,-1,-1
37,38,-1,-1
38,39,-1,-1
39,40,-1,-1
40,41,-1,-1
41,42,-1,-1
42,43,-1,-1
43,44,-1,-1
44,45,-1,-1
45,46,-1,-1
46,-1,-1,-1
47,47,-1,-1
48,48,-1,-1
49,-1,-1,-1
50,49,-1,-1
51,50,-1,-1
52,51,-1,-1
53,52,-1,-1
54,53,-1,-1
55,54,-1,-1
56,55,-1,-1
57,56,-1,-1
58,57,-1,-1
59,58,-1,-1
60,59,-1,-1
61,60,-1,-1
62,61,-1,-1
63,62,-1,-1
64,63,-1,-1
65,64,-1,-1
66,65,-1,-1
67,66,-1,-1
68,67,-1,-1
69,-1,-1,-1
70,68,-1,-1
71,69,-1,-1
72,70,-1,-1
73,71,-1,-1
74,72,-1,-1
75,73,-1,-1
76,74,-1,-1
77,75,-1,-1
78,76,-1,-1
79,77,-1,-1
80,78,-1,-1
81,79,-1,-1
82,80,-1,-1
83,81,-1,1
84,82,-1,1
85,83,-1,1
86,84,-1,1
87,85,-1,1
88,86,-1,-1
89,87,-1,1
90,88,-1,1
91,89,-1,1
92,90,-1,1
93,91,-1,1
94,92,-1,1
95,93,-1,-1
96,94,-1,1
97,95,-1,1
98,96,-1,1
99,97,-1,1
100,98,-1,1
101,99,-1,1
102,100,-1,1
103,101,-1,1
104,102,-1,1
105,103,-1,1
106,104,-1,-1
107,105,-1,1
108,106,-1,1
109,107,-1,1
110,108,-1,1
111,109,-1,1
112,110,-1,1
113,111,-1,1
114,112,-1,1
115,113,-1,1
116,114,-1,1
117,115,-1,1
118,116,-1,-1
119,117,-1,1
120,118,-1,1
121,119,-1,1
122,120,-1,1
123,121,-1,1
124,122,-1,1
125,123,-1,1
126,124,-1,1
127,125,-1,1
128,126,-1,-1
129,127,-1,1
130,128,-1,1
131,129,-1,1
132,130,-1,1
133,131,-1,1
134,132,-1,1
135,133,-1,1
136,134,-1,1
137,135,-1,1
138,136,-1,-1
139,137,-1,1
140,138,-1,1
141,139,-1,1
142,140,-1,1
143,141,-1,1
144,142,-1,1
145,143,-1,1
146,144,-1,1
147,145,-1,1
148,146,-1,1
149,147,-1,1
150,148,-1,1
151,149,-1,1
152,150,-1,1
153,151,-1,1
154,152,-1,1
155,153,-1,-1
156,154,-1,1
157,155,-1,1
158,156,-1,1
159,157,-1,1
160,158,-1,1
161,159,-1,1
162,160,-1,1
163,161,-1,1
164,162,-1,1
165,163,-1,1
166,164,-1,1
167,165,-1,1
168,166,-1,1
169,167,-1,1
170,168,-1,-1
171,169,-1,1
172,170,-1,1
173,171,-1,1
174,172,-1,1
175,173,-1,1
176,174,-1,1
177,175,-1,1
178,176,-1,1
179,177,-1,1
180,178,-1,1
181,179,-1,1
182,180,-1,1
183,181,-1,1
184,182,-1,1
185,183,-1,1
186,184,-1,1
187,185,-1,1
188,186,-1,1
189,187,-1,1
190,188,-1,1
191,189,-1,1
192,190,-1,1
193,191,-1,1
194,192,-1,1
195,193,-1,1
196,194,-1,1
197,195,-1,1
198,196,-1,1
199,197,-1,1
200,198,-1,1
201,199,-1,1
202,200,-1,1
203,201,-1,1
204,202,-1,1
205,203,-1,1
206,204,-1,-1
207,205,-1,1
208,206,-1,1
209,207,-1,1
210,208,-1,1
211,209,-1,1
212,210,-1,1
213,211,-1,1
214,212,-1,1
215,213,-1,1
216,214,-1,1
217,215,-1,1
218,216,-1,1
219,217,-1,1
220,218,-1,1
221,219,-1,1
222,220,-1,1
223,221,-1,1
224,222,-1,1
225,223,-1,1
226,224,-1,1
227,225,-1,1
228,226,-1,1
229,227,-1,1
230,228,-1,1
231,229,-1,1
232,230,-1,1
233,231,-1,1
234,232,-1,-1
235,233,-1,-1
236,234,-1,-1
237,235,-1,-1
238,236,-1,1
239,237,-1,-1
240,238,-1,1
241,239,-1,1
242,240,-1,1
243,241,-1,1
244,242,-1,1
245,243,-1,-1
246,244,-1,1
247,245,-1,1
248,246,-1,1
249,247,-1,1
250,248,-1,-1
251,249,-1,1
252,250,-1,1
253,251,-1,1
254,252,-1,1
255,253,-1,1
256,254,-1,1
257,255,-1,1
258,256,-1,1
259,257,-1,1
260,258,-1,1
261,259,-1,1
262,260,-1,1
263,261,-1,1
264,262,-1,1
265,263,-1,1
266,264,-1,1
267,265,-1,1
268,266,-1,1
269,267,-1,1
270,268,-1,1
271,269,-1,1
272,270,-1,1
273,271,-1,1
274,272,-1,1
275,273,-1,1
276,274,-1,1
277,275,-1,1
278,276,-1,1
279,277,-1,1
280,278,-1,1
281,279,-1,1
282,280,-1,1
283,281,-1,1
284,282,-1,1
285,283,-1,1
286,284,-1,1
287,285,-1,-1
288,286,-1,1
289,287,-1,1
290,288,-1,-1
291,289,-1,1
292,290,-1,1
293,291,-1,1
294,292,-1,1
295,293,-1,1
296,294,-1,1
297,295,-1,1
298,296,-1,1
299,297,-1,1
300,298,-1,1
301,299,-1,1
302,300,-1,1
303,301,-1,1
304,302,-1,1
305,303,-1,1
306,304,-1,1
307,305,-1,1
308,306,-1,1
309,307,-1,1
310,308,-1,1
311,309,-1,-1
312,310,-1,1
313,311,-1,1
314,312,-1,1
315,313,-1,1
316,314,-1,1
317,315,-1,1
318,316,-1,1
319,317,-1,1
320,318,-1,1
321,319,-1,-1
322,320,-1,1
323,321,-1,1
324,322,-1,1
325,323,-1,1
326,324,-1,1
327,325,-1,1
328,326,-1,1
329,327,-1,-1
330,328,-1,1
331,329,-1,1
332,330,-1,1
333,331,-1,1
334,332,-1,1
335,333,-1,-1
336,334,-1,1
337,335,-1,1
338,336,-1,1
339,337,-1,1
340,338,-1,1
341,339,-1,1
342,340,-1,1
343,341,-1,1
344,342,-1,1
345,343,-1,-1
346,344,-1,1
347,345,-1,1
348,346,-1,1
349,347,-1,1
350,348,-1,1
351,349,-1,1
352,350,-1,1
353,351,-1,1
354,352,-1,1
355,353,-1,1
356,354,-1,1
357,355,-1,1
358,356,-1,-1
359,357,-1,1
360,358,-1,-1
361,359,-1,1
362,360,-1,1
363,361,-1,1
364,362,-1,1
365,363,-1,1
366,364,-1,1
367,365,-1,1
368,366,-1,1
369,367,-1,1
370,368,-1,1
371,369,-1,1
372,370,-1,1
373,371,-1,1
374,372,-1,1
375,373,-1,1
376,374,-1,1
377,375,-1,1
378,376,-1,1
379,377,-1,1
380,378,-1,1
381,379,-1,-1
382,380,-1,-1
383,381,-1,-1
384,382,-1,-1
385,383,-1,-1
386,384,-1,-1
387,385,-1,-1
388,386,-1,-1
389,387,-1,-1
390,388,-1,-1
391,389,-1,-1
392,390,-1,-1
393,391,-1,-1
394,392,-1,-1
395,393,-1,-1
396,394,-1,1
397,395,-1,1
398,396,-1,1
399,397,-1,1
400,398,-1,1
401,399,-1,1
402,400,-1,1
403,401,-1,1
404,402,-1,1
405,403,-1,1
406,404,-1,1
407,405,-1,1
408,406,-1,1
409,407,-1,1
410,408,-1,1
411,409,-1,1
412,410,-1,1
413,411,-1,1
414,412,-1,1
415,413,-1,1
416,414,-1,1
417,415,-1,1
418,416,-1,1
419,417,-1,1
420,418,-1,1
421,419,-1,1
422,420,-1,1
423,421,-1,1
424,422,-1,1
425,423,-1,1
426,424,-1,1
427,425,-1,1
428,426,-1,1
429,427,-1,1
430,428,-1,1
431,429,-1,1
432,430,-1,1
433,431,-1,1
434,432,-1,1
435,433,-1,1
436,434,-1,1
437,435,-1,1
438,436,-1,1
439,437,-1,1
440,438,-1,1
441,439,-1,1
442,440,-1,1
443,441,-1,1
444,442,-1,1
445,443,-1,1
446,444,-1,1
447,445,-1,1
448,446,-1,1
449,447,-1,1
450,448,-1,-1
451,449,-1,-1
452,450,-1,1
453,451,-1,1
454,452,-1,1
455,453,-1,1
456,454,-1,1
457,455,-1,1
458,456,-1,1
459,457,-1,1
460,458,-1,1
461,459,-1,1
462,460,-1,1
463,461,-1,1
464,462,-1,1
465,463,-1,1
466,464,-1,1
467,465,-1,1
468,466,-1,1
469,467,-1,1
470,468,-1,1
471,469,-1,1
472,470,-1,1
473,471,-1,1
474,472,-1,1
475,473,-1,1
476,474,-1,1
477,475,-1,1
478,476,-1,1
479,477,-1,1
480,478,-1,1
481,479,-1,-1
482,480,-1,1
483,481,-1,1
484,482,-1,1
485,483,-1,1
486,484,-1,1
487,485,-1,1
488,486,-1,1
489,487,-1,1
490,488,-1,1
491,489,-1,1
492,490,-1,1
493,491,-1,1
494,492,-1,1
495,493,-1,1
496,494,-1,1
497,495,-1,1
498,496,-1,1
499,497,-1,1
500,498,-1,1
501,499,-1,1
502,500,-1,1
503,501,-1,1
504,502,-1,1
505,503,-1,1
506,504,-1,1
507,505,-1,1
508,506,-1,1
509,507,-1,1
510,508,-1,1
511,509,-1,1
512,510,-1,1
513,511,-1,1
514,512,-1,1
515,513,-1,1
516,514,-1,1
517,515,-1,1
518,516,-1,1
519,517,-1,-1
520,518,-1,1
521,519,-1,1
522,520,-1,1
523,521,-1,1
524,522,-1,1
525,523,-1,1
526,524,-1,1
527,525,-1,1
528,526,-1,-1
529,527,-1,1
530,528,-1,1
531,529,-1,1
532,530,-1,1
533,531,-1,1
534,532,-1,1
535,533,-1,1
536,534,-1,1
537,535,-1,1
538,536,-1,1
539,537,-1,1
540,538,-1,1
541,539,-1,1
542,540,-1,1
543,541,-1,1
544,542,-1,1
545,543,-1,1
546,544,-1,1
547,545,-1,1
548,546,-1,1
549,547,-1,1
550,548,-1,-1
551,549,-1,-1
552,550,-1,-1
553,551,-1,-1
554,552,-1,-1
555,553,-1,-1
556,554,-1,-1
557,555,-1,-1
558,556,-1,-1
559,557,-1,-1
560,558,-1,-1
561,559,-1,-1
562,560,-1,-1
563,561,-1,-1
564,562,-1,-1
565,563,-1,-1
566,564,-1,-1
567,565,-1,-1
568,566,-1,-1
569,567,-1,-1
570,568,-1,-1
571,569,-1,-1
572,570,-1,-1
573,571,-1,-1
574,572,-1,-1
575,573,-1,-1
576,574,-1,-1
577,575,-1,-1
578,576,-1,-1
579,577,-1,-1
580,578,-1,-1
581,579,-1,-1
582,580,-1,-1
583,581,-1,-1
584,582,-1,-1
585,583,-1,-1
586,584,-1,-1
587,585,-1,-1
588,586,-1,-1
589,587,-1,-1
590,588,-1,-1
591,589,-1,-1
592,590,-1,-1
593,591,-1,-1
594,592,-1,-1
595,593,-1,-1
596,594,-1,-1
597,595,-1,-1
598,596,-1,-1
599,597,-1,-1
600,598,-1,-1
601,599,-1,-1
602,600,-1,-1
603,601,-1,-1
604,602,-1,-1
605,603,-1,-1
606,604,-1,-1
607,605,-1,-1
608,606,-1,-1
609,607,-1,-1
610,608,-1,-1
611,609,-1,-1
612,610,-1,-1
613,611,-1,-1
614,612,-1,-1
615,613,-1,-1
616,614,-1,-1
617,615,-1,-1
618,616,-1,-1
619,617,-1,-1
620,618,-1,-1
621,619,-1,-1
622,620,-1,-1
623,621,-1,-1
624,622,-1,-1
625,623,-1,-1
626,624,-1,-1
627,625,-1,-1
628,626,-1,-1
629,627,-1,-1
630,628,-1,-1
631,629,-1,-1
632,630,-1,-1
633,631,-1,-1
634,632,-1,-1
635,633,-1,-1
636,634,-1,-1
637,635,-1,-1
638,636,-1,-1
639,637,-1,-1
640,638,-1,-1
641,639,-1,-1
642,640,-1,-1
643,641,-1,-1
644,642,-1,-1
645,643,-1,1
646,644,-1,1
647,645,-1,1
648,646,-1,1
649,647,-1,1
650,648,-1,1
651,649,-1,1
652,650,-1,1
653,651,-1,1
654,652,-1,1
655,653,-1,1
656,654,-1,1
657,655,-1,1
658,656,-1,-1
659,657,-1,1
660,658,-1,1
661,659,-1,1
662,660,-1,1
663,661,-1,1
664,662,-1,1
665,663,-1,1
666,664,-1,1
667,665,-1,-1
668,666,-1,1
669,667,-1,-1
670,668,-1,1
671,669,-1,1
672,670,-1,1
673,671,-1,1
674,672,-1,1
675,673,-1,1
676,674,-1,1
677,675,-1,1
678,676,-1,1
679,677,-1,1
680,678,-1,1
681,679,-1,1
682,680,-1,1
683,681,-1,1
684,682,-1,1
685,683,-1,1
686,684,-1,-1
687,685,-1,1
688,686,-1,1
689,687,-1,-1
690,688,-1,1
691,689,-1,-1
692,690,-1,1
693,691,-1,1
694,692,-1,1
695,693,-1,1
696,694,-1,1
697,695,-1,1
698,696,-1,1
699,697,-1,1
700,698,-1,1
701,699,-1,1
702,700,-1,1
703,701,-1,-1
704,702,-1,1
705,703,-1,1
706,704,-1,1
707,705,-1,1
708,706,-1,1
709,707,-1,1
710,708,-1,1
711,709,-1,1
712,710,-1,1
713,711,-1,1
714,712,-1,1
715,713,-1,1
716,714,-1,-1
717,715,-1,1
718,716,-1,1
719,717,-1,1
720,718,-1,1
721,719,-1,1
722,720,-1,1
723,721,-1,1
724,722,-1,1
725,723,-1,-1
726,724,-1,-1
727,725,-1,1
728,726,-1,1
729,727,-1,1
730,728,-1,1
731,729,-1,1
732,730,-1,1
733,731,-1,1
734,732,-1,1
735,733,-1,1
736,734,-1,1
737,735,-1,1
738,736,-1,-1
739,737,-1,1
740,738,-1,1
741,739,-1,1
742,740,-1,1
743,741,-1,1
744,742,-1,1
745,743,-1,1
746,744,-1,1
747,745,-1,1
748,746,-1,1
749,747,-1,1
750,748,-1,1
751,749,-1,1
752,750,-1,1
753,751,-1,1
754,752,-1,1
755,753,-1,1
756,754,-1,1
757,755,-1,1
758,756,-1,1
759,757,-1,1
760,758,-1,1
761,759,-1,1
762,760,-1,1
763,761,-1,1
764,762,-1,1
765,763,-1,1
766,764,-1,1
767,765,-1,1
768,766,-1,1
769,767,-1,1
770,768,-1,1
771,769,-1,1
772,770,-1,1
773,771,-1,1
774,772,-1,1
775,773,-1,1
776,774,-1,1
777,775,-1,1
778,776,-1,1
779,777,-1,1
780,778,-1,1
781,779,-1,1
782,780,-1,-1
783,781,-1,1
784,782,-1,1
785,783,-1,1
786,784,-1,1
787,785,-1,1
788,786,-1,1
789,787,-1,-1
790,788,-1,1
791,789,-1,1
792,790,-1,1
793,791,-1,1
794,792,-1,-1
795,793,-1,1
796,794,-1,1
797,795,-1,1
798,796,-1,1
799,797,-1,1
800,798,-1,1
801,799,-1,1
802,800,-1,1
803,801,-1,1
804,802,-1,1
805,803,-1,-1
806,804,-1,1
807,805,-1,1
808,806,-1,1
809,807,-1,1
810,808,-1,1
811,809,-1,1
812,810,-1,1
813,811,-1,1
814,812,-1,1
815,813,-1,1
816,814,-1,1
817,815,-1,1
818,816,-1,1
819,817,-1,1
820,818,-1,1
821,819,-1,1
822,820,-1,1
823,821,-1,1
824,822,-1,1
825,823,-1,1
826,824,-1,1
827,825,-1,1
828,826,-1,1
829,827,-1,1
830,828,-1,1
831,829,-1,1
832,830,-1,1
833,831,-1,1
834,832,-1,1
835,833,-1,1
836,834,-1,1
837,835,-1,1
838,836,-1,1
839,837,-1,1
840,838,-1,1
841,839,-1,1
842,840,-1,1
843,841,-1,-1
844,842,-1,1
845,843,-1,1
846,844,-1,1
847,845,-1,1
848,846,-1,1
849,847,-1,1
850,848,-1,1
851,849,-1,1
852,850,-1,1
853,851,-1,1
854,852,-1,1
855,853,-1,1
856,854,-1,1
857,855,-1,1
858,856,-1,1
859,857,-1,1
860,858,-1,1
861,859,-1,1
862,860,-1,1
863,861,-1,1
864,862,-1,1
865,863,-1,1
866,864,-1,1
867,865,-1,1
868,866,-1,-1
869,867,-1,1
870,868,-1,1
871,869,-1,1
872,870,-1,1
873,871,-1,1
874,872,-1,1
875,873,-1,1
876,874,-1,1
877,875,-1,1
878,876,-1,1
879,877,-1,1
880,878,-1,1
881,879,-1,1
882,880,-1,1
883,881,-1,1
884,882,-1,1
885,883,-1,1
886,884,-1,1
887,885,-1,1
888,886,-1,1
889,887,-1,1
890,888,-1,1
891,889,-1,1
892,890,-1,1
893,891,-1,1
894,892,-1,1
895,893,-1,1
896,894,-1,1
897,895,-1,1
898,896,-1,1
899,897,-1,1
900,898,-1,1
901,899,-1,1
902,900,-1,1
903,901,-1,1
904,902,-1,1
905,903,-1,1
906,904,-1,1
907,905,-1,1
908,906,-1,1
909,907,-1,1
910,908,-1,1
911,909,-1,1
912,910,-1,-1
913,911,-1,1
914,912,-1,1
915,913,-1,1
916,914,-1,1
917,915,-1,1
918,916,-1,1
919,917,-1,1
920,918,-1,1
921,919,-1,1
922,920,-1,1
923,921,-1,1
924,922,-1,1
925,923,-1,-1
926,924,-1,1
927,925,-1,1
928,926,-1,1
929,927,-1,1
930,928,-1,1
931,929,-1,1
932,930,-1,1
933,931,-1,1
934,932,-1,1
935,933,-1,1
936,934,-1,1
937,935,-1,1
938,936,-1,1
939,937,-1,1
940,938,-1,1
941,939,-1,-1
942,940,-1,1
943,941,-1,1
944,942,-1,1
945,943,-1,1
946,944,-1,1
947,945,-1,1
948,946,-1,1
949,947,-1,1
950,948,-1,1
951,949,-1,1
952,950,-1,-1
953,951,-1,-1
954,952,-1,-1
955,953,-1,-1
956,954,-1,-1
957,955,-1,-1
958,956,-1,-1
959,957,-1,-1
960,958,-1,-1
961,959,-1,-1
962,960,-1,-1
963,961,-1,-1
964,962,-1,-1
965,963,-1,-1
966,964,-1,-1
967,965,-1,-1
968,966,-1,-1
969,967,-1,-1
970,968,-1,-1
971,969,-1,-1
972,970,-1,-1
973,971,-1,-1
974,972,-1,-1
975,973,-1,1
976,974,-1,1
977,975,-1,1
978,976,-1,1
979,977,-1,1
980,978,-1,1
981,979,-1,1
982,980,-1,1
983,981,-1,1
984,982,-1,1
985,983,-1,1
986,984,-1,1
987,985,-1,1
988,986,-1,1
989,987,-1,1
990,988,-1,1
991,989,-1,1
992,990,-1,-1
993,991,-1,1
994,992,-1,1
995,993,-1,1
996,994,-1,1
997,995,-1,1
998,996,-1,1
999,997,-1,1
1000,998,-1,1
1001,999,-1,1
1002,1000,-1,1
1003,1001,-1,1
1004,1002,-1,1
1005,1003,-1,1
1006,1004,-1,1
1007,1005,-1,1
1008,1006,-1,1
1009,1007,-1,1
1010,1008,-1,1
1011,1009,-1,1
1012,1010,-1,-1
1013,1011,-1,1
1014,1012,-1,1
1015,1013,-1,-1
1016,1014,-1,1
1017,1015,-1,1
1018,1016,-1,1
1019,1017,-1,1
1020,1018,-1,1
1021,1019,-1,1
1022,1020,-1,1
1023,1021,-1,1
1024,1022,-1,1
1025,1023,-1,1
1026,1024,-1,1
1027,1025,-1,1
1028,1026,-1,1
1029,1027,-1,-1
1030,1028,-1,1
1031,1029,-1,1
1032,1030,-1,1
1033,1031,-1,1
1034,1032,-1,1
1035,1033,-1,1
1036,1034,-1,1
1037,1035,-1,1
1038,1036,-1,1
1039,1037,-1,1
1040,1038,-1,1
1041,1039,-1,1
1042,1040,-1,1
1043,1041,-1,1
1044,1042,-1,1
1045,1043,-1,1
1046,1044,-1,1
1047,1045,-1,1
1048,1046,-1,1
1049,1047,-1,1
1050,1048,-1,1
1051,1049,-1,1
1052,1050,-1,1
1053,1051,-1,1
1054,1052,-1,1
1055,1053,-1,1
1056,1054,-1,1
1057,1055,-1,-1
1058,1056,-1,1
1059,1057,-1,1
1060,1058,-1,1
1061,1059,-1,1
1062,1060,-1,1
1063,1061,-1,1
1064,1062,-1,-1
1065,1063,-1,1
1066,1064,-1,1
1067,1065,-1,1
1068,1066,-1,1
1069,1067,-1,1
1070,1068,-1,1
1071,1069,-1,1
1072,1070,-1,1
1073,1071,-1,1
1074,1072,-1,1
1075,1073,-1,1
1076,1074,-1,1
1077,1075,-1,1
1078,1076,-1,1
1079,1077,-1,1
1080,1078,-1,1
1081,1079,-1,1
1082,1080,-1,1
1083,1081,-1,1
1084,1082,-1,1
1085,1083,-1,1
1086,1084,-1,1
1087,1085,-1,1
1088,1086,-1,1
1089,1087,-1,1
1090,1088,-1,1
1091,1089,-1,1
1092,1090,-1,1
1093,1091,-1,1
1094,1092,-1,1
1095,1093,-1,1
1096,1094,-1,1
1097,1095,-1,1
1098,1096,-1,1
1099,1097,-1,1
1100,1098,-1,1
1101,1099,-1,1
1102,1100,-1,1
1103,1101,-1,-1
1104,1102,-1,1
1105,1103,-1,1
1106,1104,-1,1
1107,1105,-1,1
1108,1106,-1,1
1109,1107,-1,1
1110,1108,-1,1
1111,1109,-1,1
1112,1110,-1,1
1113,1111,-1,1
1114,1112,-1,-1
1115,1113,-1,1
1116,1114,-1,1
1117,1115,-1,1
1118,1116,-1,1
1119,1117,-1,-1
1120,1118,-1,-1
1121,1119,-1,-1
1122,1120,-1,-1
1123,1121,-1,-1
1124,1122,-1,-1
1125,1123,-1,-1
1126,1124,-1,-1
1127,1125,-1,-1
1128,1126,-1,-1
1129,1127,-1,-1
1130,1128,-1,-1
1131,1129,-1,-1
1132,1130,-1,-1
1133,1131,-1,-1
1134,1132,-1,-1
1135,1133,-1,-1
1136,1134,-1,-1
1137,1135,-1,-1
1138,1136,-1,-1
1139,1137,-1,-1
1140,1138,-1,-1
1141,1139,-1,-1
1142,1140,-1,-1
1143,1141,-1,-1
1144,1142,-1,-1
1145,1143,-1,-1
1146,1144,-1,-1
1147,1145,-1,-1
1148,1146,-1,-1
1149,1147,-1,-1
1150,1148,-1,-1
1151,1149,-1,-1
1152,1150,-1,-1
1153,1151,-1,-1
1154,1152,-1,-1
1155,1153,-1,-1
1156,1154,-1,-1
1157,1155,-1,-1
1158,1156,-1,-1
1159,1157,-1,-1
1160,1158,-1,-1
1161,1159,-1,-1
1162,1160,-1,-1
1163,1161,-1,1
1164,1162,-1,1
1165,1163,-1,1
1166,1164,-1,1
1167,1165,-1,1
1168,1166,-1,1
1169,1167,-1,1
1170,1168,-1,1
1171,1169,-1,1
1172,1170,-1,-1
1173,1171,-1,1
1174,1172,-1,1
1175,1173,-1,1
1176,1174,-1,1
1177,1175,-1,1
1178,1176,-1,1
1179,1177,-1,1
1180,1178,-1,1
1181,1179,-1,1
1182,1180,-1,1
1183,1181,-1,1
1184,1182,-1,1
1185,1183,-1,1
1186,1184,-1,1
1187,1185,-1,1
1188,1186,-1,1
1189,1187,-1,1
1190,1188,-1,1
1191,1189,-1,1
1192,1190,-1,1
1193,1191,-1,1
1194,1192,-1,1
1195,1193,-1,1
1196,1194,-1,-1
1197,1195,-1,1
1198,1196,-1,1
1199,1197,-1,1
1200,1198,-1,1
1201,1199,-1,1
1202,1200,-1,1
1203,1201,-1,-1
1204,1202,-1,1
1205,1203,-1,1
1206,1204,-1,1
1207,1205,-1,1
1208,1206,-1,1
1209,1207,-1,1
1210,1208,-1,1
1211,1209,-1,-1
1212,1210,-1,1
1213,1211,-1,1
1214,1212,-1,1
1215,1213,-1,1
1216,1214,-1,1
1217,1215,-1,1
1218,1216,-1,1
1219,1217,-1,1
1220,1218,-1,1
1221,1219,-1,1
1222,1220,-1,1
1223,1221,-1,1
1224,1222,-1,1
1225,1223,-1,1
1226,1224,-1,1
1227,1225,-1,1
1228,1226,-1,1
1229,1227,-1,1
1230,1228,-1,1
1231,1229,-1,1
1232,1230,-1,1
1233,1231,-1,1
1234,1232,-1,1
1235,1233,-1,1
1236,1234,-1,1
1237,1235,-1,1
1238,1236,-1,1
1239,1237,-1,1
1240,1238,-1,1
1241,1239,-1,1
1242,1240,-1,1
1243,1241,-1,1
1244,1242,-1,1
1245,1243,-1,1
1246,1244,-1,1
1247,1245,-1,1
1248,1246,-1,-1
1249,1247,-1,1
1250,1248,-1,1
1251,1249,-1,-1
1252,1250,-1,1
1253,1251,-1,1
1254,1252,-1,1
1255,1253,-1,1
1256,1254,-1,1
1257,1255,-1,1
1258,1256,-1,1
1259,1257,-1,1
1260,1258,-1,1
1261,1259,-1,1
1262,1260,-1,1
1263,1261,-1,-1
1264,1262,-1,1
1265,1263,-1,1
1266,1264,-1,1
1267,1265,-1,1
1268,1266,-1,1
1269,1267,-1,1
1270,1268,-1,-1
1271,1269,-1,1
1272,1270,-1,1
1273,1271,-1,1
1274,1272,-1,1
1275,1273,-1,1
1276,1274,-1,1
1277,1275,-1,1
1278,1276,-1,1
1279,1277,-1,1
1280,1278,-1,1
1281,1279,-1,1
1282,1280,-1,1
1283,1281,-1,1
1284,1282,-1,1
1285,1283,-1,1
1286,1284,-1,1
1287,1285,-1,1
1288,1286,-1,1
1289,1287,-1,1
1290,1288,-1,1
1291,1289,-1,1
1292,1290,-1,1
1293,1291,-1,1
1294,1292,-1,-1
1295,1293,-1,-1
1296,1294,-1,-1
1297,1295,-1,-1
1298,1296,-1,-1
1299,1297,-1,-1
1300,1298,-1,-1
1301,1299,-1,-1
1302,1300,-1,-1
1303,1301,-1,-1
1304,1302,-1,-1
1305,1303,-1,-1
1306,1304,-1,-1
1307,1305,-1,-1
1308,1306,-1,-1
1309,1307,-1,-1
1310,1308,-1,-1
1311,-1,-1,-1
1312,1309,-1,-1
1313,1310,-1,-1
1314,1311,-1,-1
1315,1312,-1,-1
1316,1313,-1,-1
1317,1314,-1,-1
1318,1315,-1,-1
1319,1316,-1,-1
1320,1317,-1,-1
1321,1318,-1,-1
1322,1319,-1,-1
1323,1320,-1,-1
1324,1321,-1,-1
1325,1322,-1,-1
1326,1323,-1,-1
1327,1324,-1,-1
1328,1325,-1,-1
1329,1326,-1,-1
1330,1327,-1,-1
1331,1328,-1,-1
1332,1329,-1,-1
1333,1330,-1,-1
1334,1331,-1,-1
1335,1332,-1,-1
1336,1333,-1,-1
1337,1334,-1,-1
1338,1335,-1,-1
1339,1336,-1,-1
1340,1337,-1,-1
1341,1338,-1,-1
1342,1339,-1,-1
1343,1340,-1,-1
1344,1341,-1,-1
1345,1342,-1,-1
1346,1343,-1,-1
1347,1344,-1,-1
1348,1345,-1,-1
1349,1346,-1,-1
1350,1347,-1,-1
1351,-1,-1,-1
1352,1348,-1,-1
1353,1349,-1,-1
1354,1350,-1,-1
1355,1351,-1,-1
1356,1352,-1,-1
1357,1353,-1,-1
1358,1354,-1,-1
1359,1355,-1,-1
1360,1356,-1,-1
1361,1357,-1,-1
1362,1358,-1,-1
1363,1359,-1,-1
1364,1360,-1,-1
1365,1361,-1,-1
1366,1362,-1,-1
1367,1363,-1,-1
1368,1364,-1,-1
1369,1365,-1,-1
1370,1366,-1,-1
1371,1367,-1,-1
1372,1368,-1,-1
1373,1369,-1,-1
1374,1370,-1,1
1375,1371,-1,1
1376,1372,-1,1
1377,1373,-1,1
1378,1374,-1,1
1379,1375,-1,1
1380,1376,-1,1
1381,1377,-1,-1
1382,1378,-1,1
1383,1379,-1,1
1384,1380,-1,1
1385,1381,-1,-1
1386,1382,-1,1
1387,1383,-1,1
1388,1384,-1,1
1389,1385,-1,1
1390,1386,-1,1
1391,1387,-1,1
1392,1388,-1,1
1393,1389,-1,1
1394,1390,-1,1
1395,1391,-1,1
1396,1392,-1,-1
1397,1393,-1,-1
1398,1394,-1,1
1399,1395,-1,1
1400,1396,-1,1
1401,1397,-1,1
1402,1398,-1,1
1403,1399,-1,1
1404,1400,-1,1
1405,1401,-1,1
1406,1402,-1,1
1407,1403,-1,1
1408,1404,-1,1
1409,1405,-1,1
1410,1406,-1,1
1411,1407,-1,1
1412,1408,-1,1
1413,1409,-1,1
1414,1410,-1,1
1415,1411,-1,1
1416,1412,-1,1
1417,1413,-1,1
1418,1414,-1,1
1419,1415,-1,1
1420,1416,-1,1
1421,1417,-1,1
1422,1418,-1,1
1423,1419,-1,1
1424,1420,-1,1
1425,1421,-1,1
1426,1422,-1,1
1427,1423,-1,1
1428,1424,-1,1
1429,1425,-1,1
1430,1426,-1,1
1431,1427,-1,1
1432,1428,-1,1
1433,1429,-1,1
1434,1430,-1,1
1435,1431,-1,1
1436,1432,-1,1
1437,1433,-1,1
1438,1434,-1,1
1439,1435,-1,1
1440,1436,-1,1
1441,1437,-1,1
1442,1438,-1,1
1443,1439,-1,1
1444,1440,-1,1
1445,1441,-1,1
1446,1442,-1,1
1447,1443,-1,1
1448,1444,-1,1
1449,1445,-1,1
1450,1446,-1,1
1451,1447,-1,1
1452,1448,-1,1
1453,1449,-1,1
1454,1450,-1,1
1455,1451,-1,1
1456,1452,-1,1
1457,1453,-1,1
1458,1454,-1,1
1459,1455,-1,1
1460,1456,-1,1
1461,1457,-1,1
1462,1458,-1,1
1463,1459,-1,-1
1464,1460,-1,1
1465,1461,-1,1
1466,1462,-1,1
1467,1463,-1,1
1468,1464,-1,1
1469,1465,-1,-1
1470,1466,-1,1
1471,1467,-1,1
1472,1468,-1,1
1473,1469,-1,1
1474,1470,-1,1
1475,1471,-1,1
1476,1472,-1,1
1477,1473,-1,1
1478,1474,-1,1
1479,1475,-1,1
1480,1476,-1,1
1481,1477,-1,1
1482,1478,-1,1
1483,1479,-1,1
1484,1480,-1,1
1485,1481,-1,1
1486,1482,-1,1
1487,1483,-1,1
1488,1484,-1,1
1489,1485,-1,1
1490,1486,-1,1
1491,1487,-1,1
1492,1488,-1,1
1493,1489,-1,1
1494,1490,-1,1
1495,1491,-1,1
1496,1492,-1,1
1497,1493,-1,1
1498,1494,-1,1
1499,1495,-1,1
1500,1496,-1,1
1501,1497,-1,1
1502,1498,-1,1
1503,1499,-1,1
1504,1500,-1,1
1505,1501,-1,1
1506,1502,-1,1
1507,1503,-1,1
1508,1504,-1,1
1509,1505,-1,-1
1510,1506,-1,-1
1511,1507,-1,-1
1512,1508,-1,-1
1513,1509,-1,-1
1514,1510,-1,-1
1515,1511,-1,-1
1516,1512,-1,-1
1517,1513,-1,-1
1518,-1,-1,-1
1519,1514,-1,-1
1520,1515,-1,-1
1521,1516,-1,-1
1522,1517,-1,-1
1523,1518,-1,-1
1524,1519,-1,-1
1525,1520,-1,-1
1526,1521,-1,-1
1527,1522,-1,-1
1528,1523,-1,-1
1529,1524,-1,-1
1530,1525,-1,-1
1531,1526,-1,-1
1532,1527,-1,-1
1533,1528,-1,-1
1534,1529,-1,-1
1535,1530,-1,-1
1536,1531,-1,-1
1537,1532,-1,-1
1538,1533,-1,-1
1539,1534,-1,1
1540,1535,-1,1
1541,1536,-1,1
1542,1537,-1,1
1543,1538,-1,1
1544,1539,-1,1
1545,1540,-1,1
1546,1541,-1,1
1547,1542,-1,1
1548,1543,-1,1
1549,1544,-1,1
1550,1545,-1,1
1551,1546,-1,1
1552,1547,-1,1
1553,1548,-1,1
1554,1549,-1,1
1555,1550,-1,1
1556,1551,-1,1
1557,1552,-1,1
1558,1553,-1,1
1559,1554,-1,1
1560,1555,-1,1
1561,1556,-1,1
1562,1557,-1,1
1563,1558,-1,1
1564,1559,-1,1
1565,1560,-1,1
1566,1561,-1,1
1567,1562,-1,-1
1568,1563,-1,1
1569,1564,-1,1
1570,1565,-1,1
1571,1566,-1,1
1572,1567,-1,1
1573,1568,-1,1
1574,1569,-1,1
1575,1570,-1,1
1576,1571,-1,1
1577,1572,-1,-1
1578,1573,-1,1
1579,1574,-1,1
1580,1575,-1,1
1581,1576,-1,1
1582,1577,-1,1
1583,1578,-1,1
1584,1579,-1,1
1585,1580,-1,1
1586,1581,-1,1
1587,1582,-1,1
1588,1583,-1,1
1589,1584,-1,1
1590,1585,-1,1
1591,1586,-1,1
1592,1587,-1,1
1593,1588,-1,1
1594,1589,-1,1
1595,1590,-1,1
1596,1591,-1,1
1597,1592,-1,-1
1598,1593,-1,1
1599,1594,-1,1
1600,1595,-1,1
1601,1596,-1,1
1602,1597,-1,1
1603,1598,-1,1
1604,1599,-1,1
1605,1600,-1,1
1606,1601,-1,1
1607,1602,-1,1
1608,1603,-1,1
1609,1604,-1,1
1610,1605,-1,1
1611,1606,-1,1
1612,1607,-1,1
1613,1608,-1,1
1614,1609,-1,1
1615,1610,-1,1
1616,1611,-1,1
1617,1612,-1,1
1618,1613,-1,1
1619,1614,-1,1
1620,1615,-1,-1
1621,1616,-1,1
1622,1617,-1,1
1623,1618,-1,1
1624,1619,-1,1
1625,1620,-1,1
1626,1621,-1,1
1627,1622,-1,1
1628,1623,-1,1
1629,1624,-1,1
1630,1625,-1,1
1631,1626,-1,1
1632,1627,-1,1
1633,1628,-1,1
1634,1629,-1,1
1635,1630,-1,1
1636,1631,-1,1
1637,1632,-1,1
1638,1633,-1,1
1639,1634,-1,1
1640,1635,-1,1
1641,1636,-1,1
1642,1637,-1,1
1643,1638,-1,1
1644,1639,-1,1
1645,1640,-1,1
1646,1641,-1,1
1647,1642,-1,1
1648,1643,-1,1
1649,1644,-1,1
1650,1645,-1,1
1651,1646,-1,1
1652,1647,-1,1
1653,1648,-1,1
1654,1649,-1,1
1655,1650,-1,1
1656,1651,-1,1
1657,1652,-1,1
1658,1653,-1,1
1659,1654,-1,1
1660,1655,-1,1
1661,1656,-1,1
1662,1657,-1,1
1663,1658,-1,1
1664,1659,-1,1
1665,1660,-1,-1
1666,1661,-1,1
1667,1662,-1,1
1668,1663,-1,1
1669,1664,-1,1
1670,1665,-1,1
1671,1666,-1,1
1672,1667,-1,1
1673,1668,-1,1
1674,1669,-1,1
1675,1670,-1,1
1676,1671,-1,1
1677,1672,-1,1
1678,1673,-1,1
1679,1674,-1,1
1680,1675,-1,1
1681,1676,-1,1
1682,1677,-1,1
1683,1678,-1,1
1684,1679,-1,1
1685,1680,-1,1
1686,1681,-1,1
1687,1682,-1,1
1688,1683,-1,1
1689,1684,-1,1
1690,1685,-1,1
1691,1686,-1,1
1692,1687,-1,1
1693,1688,-1,1
1694,1689,-1,1
1695,1690,-1,1
1696,1691,-1,1
1697,1692,-1,1
1698,1693,-1,1
1699,1694,-1,1
1700,1695,-1,1
1701,1696,-1,1
1702,1697,-1,1
1703,1698,-1,1
1704,1699,-1,1
1705,1700,-1,1
1706,1701,-1,-1
1707,1702,-1,1
1708,1703,-1,1
1709,1704,-1,1
1710,1705,-1,1
1711,1706,-1,1
1712,1707,-1,1
1713,1708,-1,1
1714,1709,-1,1
1715,1710,-1,1
1716,1711,-1,1
1717,1712,-1,-1
1718,1713,-1,1
1719,1714,-1,1
1720,1715,-1,1
1721,1716,-1,1
1722,1717,-1,1
1723,1718,-1,1
1724,1719,-1,1
1725,1720,-1,1
1726,1721,-1,1
1727,1722,-1,1
1728,1723,-1,1
1729,1724,-1,-1
1730,1725,-1,1
1731,1726,-1,1
1732,1727,-1,1
1733,1728,-1,1
1734,1729,-1,1
1735,1730,-1,1
1736,1731,-1,1
1737,1732,-1,1
1738,1733,-1,1
1739,1734,-1,1
1740,1735,-1,1
1741,1736,-1,1
1742,1737,-1,1
1743,1738,-1,1
1744,1739,-1,1
1745,1740,-1,-1
1746,1741,-1,1
1747,1742,-1,1
1748,1743,-1,1
1749,1744,-1,1
1750,1745,-1,1
1751,1746,-1,-1
1752,1747,-1,1
1753,1748,-1,1
1754,1749,-1,1
1755,1750,-1,1
1756,1751,-1,1
1757,1752,-1,-1
1758,1753,-1,1
1759,1754,-1,1
1760,1755,-1,1
1761,1756,-1,1
1762,1757,-1,1
1763,1758,-1,1
1764,1759,-1,1
1765,1760,-1,1
1766,1761,-1,-1
1767,1762,-1,1
1768,1763,-1,1
1769,1764,-1,1
1770,1765,-1,1
1771,1766,-1,1
1772,1767,-1,1
1773,1768,-1,1
1774,1769,-1,1
1775,1770,-1,1
1776,1771,-1,1
1777,1772,-1,1
1778,1773,-1,1
1779,1774,-1,1
1780,1775,-1,1
1781,1776,-1,1
1782,1777,-1,1
1783,1778,-1,1
1784,1779,-1,1
1785,1780,-1,1
1786,1781,-1,1
1787,1782,-1,1
1788,1783,-1,1
1789,1784,-1,1
1790,1785,-1,1
1791,1786,-1,1
1792,1787,-1,1
1793,1788,-1,1
1794,1789,-1,1
1795,1790,-1,1
1796,1791,-1,1
1797,1792,-1,1
1798,1793,-1,1
1799,1794,-1,1
1800,1795,-1,-1
1801,1796,-1,1
1802,1797,-1,1
1803,1798,-1,1
1804,1799,-1,1
1805,1800,-1,1
1806,1801,-1,-1
1807,1802,-1,1
1808,1803,-1,1
1809,1804,-1,1
1810,1805,-1,1
1811,1806,-1,1
1812,1807,-1,1
1813,1808,-1,1
1814,1809,-1,1
1815,1810,-1,1
1816,1811,-1,1
1817,1812,-1,1
1818,1813,-1,1
1819,1814,-1,1
1820,1815,-1,1
1821,1816,-1,1
1822,-1,-1,-1
1823,1817,-1,-1
1824,1818,-1,-1
1825,1819,-1,-1
1826,1820,-1,-1
1827,1821,-1,-1
1828,1822,-1,-1
1829,1823,-1,-1
1830,1824,-1,-1
1831,1825,-1,-1
1832,1826,-1,-1
1833,1827,-1,-1
1834,1828,-1,-1
1835,1829,-1,-1
1836,1830,-1,-1
1837,1831,-1,-1
1838,1832,-1,-1
1839,1833,-1,1
1840,1834,-1,1
1841,1835,-1,1
1842,1836,-1,1
1843,1837,-1,1
1844,1838,-1,1
1845,1839,-1,1
1846,1840,-1,1
1847,1841,-1,1
1848,1842,-1,1
1849,1843,-1,1
1850,1844,-1,-1
1851,1845,-1,1
1852,1846,-1,1
1853,1847,-1,1
1854,1848,-1,1
1855,1849,-1,1
1856,1850,-1,1
1857,1851,-1,1
1858,1852,-1,1
1859,1853,-1,1
1860,1854,-1,1
1861,1855,-1,1
1862,1856,-1,1
1863,1857,-1,1
1864,1858,-1,1
1865,1859,-1,1
1866,1860,-1,1
1867,1861,-1,1
1868,1862,-1,1
1869,1863,-1,1
1870,1864,-1,1
1871,1865,-1,-1
1872,1866,-1,1
1873,1867,-1,1
1874,1868,-1,1
1875,1869,-1,1
1876,1870,-1,1
1877,1871,-1,1
1878,1872,-1,1
1879,1873,-1,1
1880,1874,-1,-1
1881,1875,-1,1
1882,1876,-1,1
1883,1877,-1,1
1884,1878,-1,1
1885,1879,-1,1
1886,1880,-1,1
1887,1881,-1,1
1888,1882,-1,1
1889,1883,-1,1
1890,1884,-1,-1
1891,1885,-1,1
1892,1886,-1,1
1893,1887,-1,1
1894,1888,-1,1
1895,1889,-1,1
1896,1890,-1,-1
1897,1891,-1,1
1898,1892,-1,1
1899,1893,-1,1
1900,1894,-1,1
1901,1895,-1,1
1902,1896,-1,1
1903,1897,-1,1
1904,1898,-1,-1
1905,1899,-1,1
1906,1900,-1,1
1907,1901,-1,1
1908,1902,-1,1
1909,1903,-1,1
1910,1904,-1,1
1911,1905,-1,1
1912,1906,-1,1
1913,1907,-1,1
1914,1908,-1,1
1915,1909,-1,1
1916,1910,-1,1
1917,1911,-1,1
1918,1912,-1,1
1919,1913,-1,1
1920,1914,-1,1
1921,1915,-1,1
1922,1916,-1,1
1923,1917,-1,1
1924,1918,-1,1
1925,1919,-1,1
1926,1920,-1,1
1927,1921,-1,1
1928,1922,-1,1
1929,1923,-1,1
1930,1924,-1,1
1931,1925,-1,1
1932,1926,-1,1
1933,1927,-1,1
1934,1928,-1,1
1935,1929,-1,1
1936,1930,-1,-1
1937,1931,-1,1
1938,1932,-1,1
1939,1933,-1,1
1940,1934,-1,1
1941,1935,-1,1
1942,1936,-1,1
1943,1937,-1,1
1944,1938,-1,1
1945,1939,-1,1
1946,1940,-1,1
1947,1941,-1,1
1948,1942,-1,1
1949,1943,-1,1
1950,1944,-1,1
1951,1945,-1,1
1952,1946,-1,1
1953,1947,-1,1
1954,1948,-1,1
1955,1949,-1,1
1956,1950,-1,1
1957,1951,-1,1
1958,1952,-1,1
1959,1953,-1,1
1960,1954,-1,1
1961,1955,-1,-1
1962,-1,-1,-1
1963,1956,-1,-1
1964,1957,-1,-1
1965,1958,-1,-1
1966,1959,-1,-1
1967,1960,-1,-1
1968,1961,-1,-1
1969,1962,-1,-1
1970,1963,-1,-1
1971,1964,-1,-1
1972,-1,-1,-1
1973,1965,-1,1
1974,1966,-1,1
1975,1967,-1,1
1976,1968,-1,1
1977,1969,-1,1
1978,1970,-1,1
1979,1971,-1,1
1980,1972,-1,1
1981,1973,-1,1
1982,1974,-1,1
1983,1975,-1,1
1984,1976,-1,1
1985,1977,-1,1
1986,1978,-1,1
1987,1979,-1,1
1988,1980,-1,-1
1989,1981,-1,1
1990,1982,-1,1
1991,1983,-1,1
1992,1984,-1,1
1993,1985,-1,1
1994,1986,-1,1
1995,1987,-1,1
1996,1988,-1,1
1997,1989,-1,1
1998,1990,-1,-1
1999,1991,-1,1
2000,1992,-1,1
2001,1993,-1,-1
2002,1994,-1,1
2003,1995,-1,1
2004,1996,-1,1
2005,1997,-1,1
2006,1998,-1,1
2007,1999,-1,1
2008,2000,-1,1
2009,2001,-1,1
2010,2002,-1,1
2011,2003,-1,1
2012,2004,-1,1
2013,2005,-1,-1
2014,2006,-1,1
2015,2007,-1,1
2016,2008,-1,1
2017,2009,-1,-1
2018,2010,-1,1
2019,2011,-1,1
2020,2012,-1,1
2021,2013,-1,1
2022,2014,-1,1
2023,2015,-1,1
2024,2016,-1,1
2025,2017,-1,1
2026,2018,-1,1
2027,2019,-1,1
2028,2020,-1,1
2029,2021,-1,-1
2030,2022,-1,1
2031,2023,-1,-1
2032,2024,-1,1
2033,2025,-1,1
2034,2026,-1,1
2035,2027,-1,1
2036,2028,-1,1
2037,2029,-1,1
2038,2030,-1,1
2039,2031,-1,1
2040,2032,-1,1
2041,2033,-1,1
2042,2034,-1,1
2043,2035,-1,1
2044,2036,-1,1
2045,2037,-1,1
2046,2038,-1,1
2047,2039,-1,-1
2048,2040,-1,1
2049,2041,-1,1
2050,2042,-1,-1
2051,2043,-1,1
2052,2044,-1,1
2053,2045,-1,1
2054,2046,-1,1
2055,2047,-1,1
2056,2048,-1,1
2057,2049,-1,1
2058,2050,-1,1
2059,2051,-1,-1
2060,2052,-1,1
2061,2053,-1,1
2062,2054,-1,1
2063,2055,-1,1
2064,2056,-1,1
2065,2057,-1,1
2066,2058,-1,1
2067,2059,-1,1
2068,2060,-1,1
2069,2061,-1,1
2070,2062,-1,1
2071,2063,-1,1
2072,2064,-1,1
2073,2065,-1,-1
2074,2066,-1,-1
2075,2067,-1,1
2076,2068,-1,1
2077,2069,-1,1
2078,2070,-1,1
2079,2071,-1,-1
2080,2072,-1,1
2081,2073,-1,1
2082,2074,-1,1
2083,2075,-1,-1
2084,2076,-1,1
2085,2077,-1,1
2086,2078,-1,1
2087,2079,-1,1
2088,2080,-1,1
2089,2081,-1,1
2090,2082,-1,-1
2091,2083,-1,1
2092,2084,-1,1
2093,2085,-1,1
2094,2086,-1,1
2095,2087,-1,1
2096,2088,-1,1
2097,2089,-1,1
2098,2090,-1,1
2099,2091,-1,1
2100,2092,-1,1
2101,2093,-1,1
2102,2094,-1,1
2103,2095,-1,1
2104,2096,-1,1
2105,2097,-1,1
2106,2098,-1,1
2107,2099,-1,1
2108,2100,-1,1
2109,2101,-1,1
2110,2102,-1,1
2111,2103,-1,1
2112,2104,-1,1
2113,2105,-1,1
2114,2106,-1,1
2115,2107,-1,1
2116,2108,-1,1
2117,2109,-1,1
2118,2110,-1,1
2119,2111,-1,1
2120,2112,-1,-1
2121,2113,-1,1
2122,2114,-1,1
2123,2115,-1,1
2124,2116,-1,1
2125,2117,-1,1
2126,2118,-1,1
2127,2119,-1,1
2128,2120,-1,1
2129,2121,-1,1
2130,2122,-1,1
2131,2123,-1,1
2132,2124,-1,1
2133,2125,-1,1
2134,2126,-1,1
2135,2127,-1,1
2136,2128,-1,1
2137,2129,-1,1
2138,2130,-1,1
2139,2131,-1,1
2140,2132,-1,1
2141,2133,-1,1
2142,2134,-1,1
2143,2135,-1,1
2144,2136,-1,1
2145,2137,-1,1
2146,2138,-1,1
2147,2139,-1,1
2148,2140,-1,1
2149,2141,-1,1
2150,2142,-1,1
2151,2143,-1,1
2152,2144,-1,1
2153,2145,-1,1
2154,2146,-1,1
2155,2147,-1,1
2156,2148,-1,1
2157,2149,-1,1
2158,2150,-1,1
2159,2151,-1,-1
2160,2152,-1,1
2161,2153,-1,1
2162,2154,-1,1
2163,2155,-1,1
2164,2156,-1,1
2165,2157,-1,1
2166,2158,-1,1
2167,2159,-1,1
2168,2160,-1,1
2169,2161,-1,1
2170,2162,-1,1
2171,2163,-1,1
2172,2164,-1,1
2173,2165,-1,1
2174,2166,-1,1
2175,2167,-1,1
2176,2168,-1,1
2177,2169,-1,1
2178,2170,-1,1
2179,2171,-1,1
2180,2172,-1,1
2181,2173,-1,1
2182,2174,-1,1
2183,2175,-1,1
2184,2176,-1,1
2185,2177,-1,1
2186,2178,-1,1
2187,2179,-1,1
2188,2180,-1,1
2189,2181,-1,1
2190,2182,-1,1
2191,2183,-1,1
2192,2184,-1,1
2193,2185,-1,1
2194,2186,-1,1
2195,2187,-1,1
2196,2188,-1,1
2197,2189,-1,1
2198,2190,-1,1
2199,2191,-1,1
2200,2192,-1,1
2201,2193,-1,1
2202,2194,-1,1
2203,2195,-1,1
2204,2196,-1,1
2205,2197,-1,1
2206,2198,-1,-1
2207,2199,-1,-1
2208,2200,-1,1
2209,2201,-1,1
2210,2202,-1,1
2211,2203,-1,1
2212,2204,-1,1
2213,2205,-1,1
2214,2206,-1,1
2215,2207,-1,1
2216,2208,-1,1
2217,2209,-1,-1
2218,2210,-1,1
2219,2211,-1,1
2220,2212,-1,1
2221,2213,-1,1
2222,2214,-1,1
2223,2215,-1,1
2224,2216,-1,1
2225,2217,-1,1
2226,2218,-1,1
2227,2219,-1,1
2228,2220,-1,1
2229,2221,-1,1
2230,2222,-1,1
2231,2223,-1,1
2232,2224,-1,1
2233,2225,-1,-1
2234,2226,-1,1
2235,2227,-1,1
2236,2228,-1,-1
2237,2229,-1,1
2238,2230,-1,1
2239,2231,-1,1
2240,2232,-1,1
2241,2233,-1,1
2242,2234,-1,-1
2243,2235,-1,1
2244,2236,-1,1
2245,2237,-1,-1
2246,2238,-1,1
2247,2239,-1,1
2248,2240,-1,1
2249,2241,-1,1
2250,2242,-1,1
2251,2243,-1,1
2252,2244,-1,1
2253,2245,-1,-1
2254,2246,-1,-1
2255,2247,-1,-1
2256,2248,-1,-1
2257,2249,-1,-1
2258,2250,-1,-1
2259,2251,-1,-1
2260,2252,-1,-1
2261,2253,-1,-1
2262,2254,-1,-1
2263,2255,-1,-1
2264,2256,-1,-1
2265,2257,-1,-1
2266,2258,-1,-1
2267,2259,-1,-1
2268,2260,-1,-1
2269,2261,-1,-1
2270,2262,-1,-1
2271,2263,-1,-1
2272,2264,-1,-1
2273,2265,-1,-1
2274,2266,-1,-1
2275,2267,-1,-1
2276,2268,-1,-1
2277,2269,-1,-1
2278,2270,-1,-1
2279,2271,-1,-1
2280,2272,-1,-1
2281,2273,-1,-1
2282,2274,-1,-1
2283,2275,-1,-1
2284,2276,-1,-1
2285,2277,-1,-1
2286,2278,-1,-1
2287,2279,-1,-1
2288,2280,-1,-1
2289,2281,-1,-1
2290,2282,-1,-1
2291,2283,-1,-1
2292,2284,-1,-1
2293,2285,-1,-1
2294,2286,-1,-1
2295,2287,-1,-1
2296,2288,-1,-1
2297,2289,-1,-1
2298,2290,-1,-1
2299,2291,-1,-1
2300,2292,-1,-1
2301,2293,-1,-1
2302,2294,-1,-1
2303,2295,-1,-1
2304,2296,-1,-1
2305,2297,-1,-1
2306,2298,-1,-1
2307,2299,-1,-1
2308,2300,-1,-1
2309,2301,-1,1
2310,2302,-1,1
2311,2303,-1,1
2312,2304,-1,1
2313,2305,-1,1
2314,2306,-1,1
2315,2307,-1,-1
2316,2308,-1,1
2317,2309,-1,1
2318,2310,-1,-1
2319,2311,-1,1
2320,2312,-1,1
2321,2313,-1,1
2322,2314,-1,1
2323,2315,-1,1
2324,2316,-1,1
2325,2317,-1,1
2326,2318,-1,-1
2327,2319,-1,1
2328,2320,-1,-1
2329,2321,-1,1
2330,2322,-1,1
2331,2323,-1,1
2332,2324,-1,1
2333,2325,-1,1
2334,2326,-1,1
2335,2327,-1,-1
2336,2328,-1,1
2337,2329,-1,1
2338,2330,-1,1
2339,2331,-1,1
2340,2332,-1,1
2341,2333,-1,1
2342,2334,-1,1
2343,2335,-1,1
2344,2336,-1,1
2345,2337,-1,1
2346,2338,-1,1
2347,2339,-1,1
2348,2340,-1,1
2349,2341,-1,1
2350,2342,-1,1
2351,2343,-1,1
2352,2344,-1,1
2353,2345,-1,1
2354,2346,-1,1
2355,2347,-1,1
2356,2348,-1,-1
2357,2349,-1,1
2358,2350,-1,1
2359,2351,-1,1
2360,2352,-1,1
2361,2353,-1,1
2362,2354,-1,1
2363,2355,-1,1
2364,2356,-1,1
2365,2357,-1,1
2366,2358,-1,1
2367,2359,-1,1
2368,2360,-1,1
2369,2361,-1,1
2370,2362,-1,1
2371,2363,-1,1
2372,2364,-1,1
2373,2365,-1,1
2374,2366,-1,1
2375,2367,-1,1
2376,2368,-1,1
2377,2369,-1,1
2378,2370,-1,1
2379,2371,-1,1
2380,2372,-1,-1
2381,2373,-1,-1
2382,2374,-1,1
2383,2375,-1,1
2384,2376,-1,1
2385,2377,-1,-1
2386,2378,-1,1
2387,2379,-1,1
2388,2380,-1,1
2389,2381,-1,1
2390,2382,-1,1
2391,2383,-1,1
2392,2384,-1,1
2393,2385,-1,1
2394,2386,-1,-1
2395,2387,-1,1
2396,2388,-1,1
2397,2389,-1,1
2398,2390,-1,1
2399,2391,-1,1
2400,2392,-1,1
2401,2393,-1,1
2402,2394,-1,1
2403,2395,-1,1
2404,2396,-1,1
2405,2397,-1,1
2406,2398,-1,1
2407,2399,-1,1
2408,2400,-1,1
2409,2401,-1,1
2410,2402,-1,1
2411,2403,-1,1
2412,2404,-1,1
2413,2405,-1,1
2414,2406,-1,1
2415,2407,-1,1
2416,2408,-1,1
2417,2409,-1,1
2418,2410,-1,1
2419,2411,-1,1
2420,2412,-1,1
2421,2413,-1,1
2422,2414,-1,1
2423,2415,-1,1
2424,2416,-1,1
2425,2417,-1,1
2426,2418,-1,-1
2427,2419,-1,1
2428,2420,-1,1
2429,2421,-1,1
2430,2422,-1,1
2431,2423,-1,1
2432,2424,-1,1
2433,2425,-1,1
2434,2426,-1,1
2435,2427,-1,1
2436,2428,-1,1
2437,2429,-1,1
2438,2430,-1,1
2439,2431,-1,1
2440,2432,-1,1
2441,2433,-1,1
2442,2434,-1,1
2443,2435,-1,-1
2444,2436,-1,1
2445,2437,-1,1
2446,2438,-1,1
2447,2439,-1,1
2448,2440,-1,1
2449,2441,-1,1
2450,2442,-1,1
2451,2443,-1,1
2452,2444,-1,1
2453,2445,-1,1
2454,2446,-1,1
2455,2447,-1,1
2456,2448,-1,1
2457,2449,-1,1
2458,2450,-1,1
2459,2451,-1,1
2460,2452,-1,1
2461,2453,-1,1
2462,2454,-1,1
2463,2455,-1,1
2464,2456,-1,-1
2465,2457,-1,1
2466,2458,-1,1
2467,2459,-1,-1
2468,2460,-1,1
2469,2461,-1,1
2470,2462,-1,1
2471,2463,-1,1
2472,2464,-1,1
2473,2465,-1,1
2474,2466,-1,1
2475,2467,-1,1
2476,2468,-1,1
2477,2469,-1,1
2478,2470,-1,1
2479,2471,-1,1
2480,2472,-1,1
2481,2473,-1,1
2482,2474,-1,1
2483,2475,-1,1
2484,2476,-1,1
2485,2477,-1,1
2486,2478,-1,1
2487,2479,-1,1
2488,2480,-1,1
2489,2481,-1,1
2490,2482,-1,1
2491,2483,-1,-1
2492,2484,-1,1
2493,2485,-1,1
2494,2486,-1,1
2495,2487,-1,1
2496,2488,-1,1
2497,2489,-1,1
2498,2490,-1,-1
2499,2491,-1,1
2500,2492,-1,1
2501,2493,-1,1
2502,2494,-1,1
2503,2495,-1,1
2504,2496,-1,1
2505,2497,-1,1
2506,2498,-1,1
2507,2499,-1,1
2508,2500,-1,1
2509,2501,-1,1
2510,2502,-1,1
2511,2503,-1,1
2512,2504,-1,1
2513,2505,-1,-1
2514,2506,-1,1
2515,2507,-1,1
2516,2508,-1,1
2517,2509,-1,1
2518,2510,-1,1
2519,2511,-1,1
2520,2512,-1,1
2521,2513,-1,1
2522,2514,-1,1
2523,2515,-1,1
2524,2516,-1,1
2525,2517,-1,1
2526,2518,-1,1
2527,2519,-1,1
2528,2520,-1,1
2529,2521,-1,1
2530,2522,-1,1
2531,2523,-1,1
2532,2524,-1,1
2533,2525,-1,1
2534,2526,-1,1
2535,2527,-1,1
2536,2528,-1,1
2537,2529,-1,1
2538,2530,-1,1
2539,2531,-1,1
2540,2532,-1,1
2541,2533,-1,1
2542,2534,-1,1
2543,2535,-1,1
2544,2536,-1,1
2545,2537,-1,1
2546,2538,-1,1
2547,2539,-1,1
2548,2540,-1,1
2549,2541,-1,1
2550,2542,-1,1
2551,2543,-1,1
2552,2544,-1,1
2553,2545,-1,-1
2554,2546,-1,1
2555,2547,-1,1
2556,2548,-1,1
2557,2549,-1,1
2558,2550,-1,1
2559,2551,-1,1
2560,2552,-1,-1
2561,2553,-1,1
2562,2554,-1,1
2563,2555,-1,1
2564,2556,-1,1
2565,2557,-1,1
2566,2558,-1,-1
2567,2559,-1,-1
2568,2560,-1,-1
2569,2561,-1,-1
2570,2562,-1,-1
2571,2563,-1,-1
2572,2564,-1,-1
2573,2565,-1,-1
2574,2566,-1,-1
2575,2567,-1,-1
2576,2568,-1,-1
2577,2569,-1,-1
2578,2570,-1,-1
2579,2571,-1,-1
2580,2572,-1,-1
2581,2573,-1,-1
2582,2574,-1,-1
2583,2575,-1,-1
2584,2576,-1,-1
2585,2577,-1,-1
2586,2578,-1,-1
2587,2579,-1,-1
2588,2580,-1,-1
2589,2581,-1,-1
2590,2582,-1,-1
2591,2583,-1,-1
2592,2584,-1,-1
2593,2585,-1,-1
2594,2586,-1,-1
2595,2587,-1,-1
2596,2588,-1,-1
2597,2589,-1,-1
2598,2590,-1,-1
2599,2591,-1,-1
2600,2592,-1,-1
2601,2593,-1,-1
2602,2594,-1,-1
2603,2595,-1,-1
2604,2596,-1,-1
2605,2597,-1,-1
2606,2598,-1,-1
2607,2599,-1,-1
2608,2600,-1,-1
2609,2601,-1,-1
2610,2602,-1,-1
2611,2603,-1,-1
2612,2604,-1,-1
2613,2605,-1,-1
2614,2606,-1,-1
2615,2607,-1,-1
2616,2608,-1,-1
2617,2609,-1,-1
2618,2610,-1,-1
2619,2611,-1,-1
2620,2612,-1,-1
2621,2613,-1,-1
2622,2614,-1,-1
2623,2615,-1,-1
2624,2616,-1,-1
2625,2617,-1,-1
2626,2618,-1,-1
2627,2619,-1,-1
2628,2620,-1,-1
2629,2621,-1,-1
2630,2622,-1,-1
2631,2623,-1,-1
2632,2624,-1,-1
2633,2625,-1,-1
2634,2626,-1,-1
2635,2627,-1,-1
2636,2628,-1,-1
2637,2629,-1,-1
2638,2630,-1,-1
2639,2631,-1,-1
2640,2632,-1,-1
2641,2633,-1,-1
2642,2634,-1,-1
2643,2635,-1,-1
2644,2636,-1,-1
2645,2637,-1,-1
2646,2638,-1,-1
2647,2639,-1,-1
2648,2640,-1,-1
2649,2641,-1,-1
2650,2642,-1,-1
2651,2643,-1,-1
2652,2644,-1,-1
2653,2645,-1,-1
2654,2646,-1,-1
2655,2647,-1,-1
2656,2648,-1,-1
2657,2649,-1,-1
2658,2650,-1,1
2659,2651,-1,1
2660,2652,-1,1
2661,2653,-1,1
2662,2654,-1,1
2663,2655,-1,1
2664,2656,-1,-1
2665,2657,-1,1
2666,2658,-1,1
2667,2659,-1,1
2668,2660,-1,1
2669,2661,-1,1
2670,2662,-1,1
2671,2663,-1,1
2672,2664,-1,1
2673,2665,-1,1
2674,2666,-1,1
2675,2667,-1,1
2676,2668,-1,1
2677,2669,-1,1
2678,2670,-1,1
2679,2671,-1,1
2680,2672,-1,1
2681,2673,-1,1
2682,2674,-1,1
2683,2675,-1,1
2684,2676,-1,1
2685,2677,-1,1
2686,2678,-1,-1
2687,2679,-1,1
2688,2680,-1,1
2689,2681,-1,1
2690,2682,-1,1
2691,2683,-1,1
2692,2684,-1,1
2693,2685,-1,1
2694,2686,-1,1
2695,2687,-1,1
2696,2688,-1,1
2697,2689,-1,1
2698,2690,-1,1
2699,2691,-1,1
2700,2692,-1,1
2701,2693,-1,1
2702,2694,-1,1
2703,2695,-1,1
2704,2696,-1,1
2705,2697,-1,1
2706,2698,-1,1
2707,2699,-1,1
2708,2700,-1,1
2709,2701,-1,1
2710,2702,-1,1
2711,2703,-1,1
2712,2704,-1,1
2713,2705,-1,-1
2714,2706,-1,1
2715,2707,-1,1
2716,2708,-1,1
2717,2709,-1,1
2718,2710,-1,1
2719,2711,-1,1
2720,2712,-1,1
2721,2713,-1,1
2722,2714,-1,1
2723,2715,-1,1
2724,2716,-1,1
2725,2717,-1,1
2726,2718,-1,1
2727,2719,-1,1
2728,2720,-1,1
2729,2721,-1,1
2730,2722,-1,1
2731,2723,-1,1
2732,2724,-1,1
2733,2725,-1,-1
2734,2726,-1,1
2735,2727,-1,1
2736,2728,-1,1
2737,2729,-1,1
2738,2730,-1,1
2739,2731,-1,1
2740,2732,-1,-1
2741,2733,-1,-1
2742,2734,-1,1
2743,2735,-1,-1
2744,2736,-1,1
2745,2737,-1,-1
2746,2738,-1,1
2747,2739,-1,1
2748,2740,-1,1
2749,2741,-1,1
2750,2742,-1,1
2751,2743,-1,1
2752,2744,-1,1
2753,2745,-1,1
2754,2746,-1,1
2755,2747,-1,1
2756,2748,-1,1
2757,2749,-1,1
2758,2750,-1,1
2759,2751,-1,1
2760,2752,-1,1
2761,2753,-1,1
2762,2754,-1,1
2763,2755,-1,1
2764,2756,-1,1
2765,2757,-1,1
2766,2758,-1,1
2767,2759,-1,1
2768,2760,-1,1
2769,2761,-1,-1
2770,2762,-1,-1
2771,2763,-1,1
2772,2764,-1,1
2773,2765,-1,1
2774,2766,-1,1
2775,2767,-1,1
2776,2768,-1,1
2777,2769,-1,1
2778,2770,-1,1
2779,2771,-1,1
2780,2772,-1,1
2781,2773,-1,1
2782,2774,-1,1
2783,2775,-1,1
2784,2776,-1,1
2785,2777,-1,1
2786,2778,-1,1
2787,2779,-1,1
2788,2780,-1,1
2789,2781,-1,1
2790,2782,-1,1
2791,2783,-1,1
2792,2784,-1,1
2793,2785,-1,1
2794,2786,-1,-1
2795,2787,-1,1
2796,2788,-1,1
2797,2789,-1,1
2798,2790,-1,-1
2799,2791,-1,-1
2800,2792,-1,-1
2801,2793,-1,-1
2802,2794,-1,-1
2803,2795,-1,-1
2804,2796,-1,-1
2805,2797,-1,-1
2806,2798,-1,-1
2807,2799,-1,-1
2808,2800,-1,-1
2809,2801,-1,-1
2810,2802,-1,-1
2811,2803,-1,-1
2812,2804,-1,-1
2813,2805,-1,-1
2814,2806,-1,-1
2815,2807,-1,-1
2816,2808,-1,-1
2817,2809,-1,-1
2818,2810,-1,-1
2819,2811,-1,-1
2820,2812,-1,-1
2821,2813,-1,-1
2822,2814,-1,-1
2823,2815,-1,-1
2824,2816,-1,-1
2825,2817,-1,-1
2826,2818,-1,-1
2827,2819,-1,-1
2828,2820,-1,-1
2829,2821,-1,-1
2830,2822,-1,-1
2831,2823,-1,-1
2832,2824,-1,-1
2833,2825,-1,-1
2834,2826,-1,1
2835,2827,-1,-1
2836,2828,-1,1
2837,2829,-1,1
2838,2830,-1,1
2839,2831,-1,1
2840,2832,-1,1
2841,2833,-1,1
2842,2834,-1,1
2843,2835,-1,1
2844,2836,-1,1
2845,2837,-1,1
2846,2838,-1,1
2847,2839,-1,1
2848,2840,-1,1
2849,2841,-1,1
2850,2842,-1,1
2851,2843,-1,1
2852,2844,-1,1
2853,2845,-1,1
2854,2846,-1,1
2855,2847,-1,1
2856,2848,-1,-1
2857,2849,-1,1
2858,2850,-1,1
2859,2851,-1,1
2860,2852,-1,1
2861,2853,-1,-1
2862,2854,-1,1
2863,2855,-1,1
2864,2856,-1,1
2865,2857,-1,1
2866,2858,-1,1
2867,2859,-1,1
2868,2860,-1,-1
2869,2861,-1,1
2870,2862,-1,1
2871,2863,-1,1
2872,2864,-1,1
2873,2865,-1,1
2874,2866,-1,1
2875,2867,-1,1
2876,2868,-1,1
2877,2869,-1,1
2878,2870,-1,1
2879,2871,-1,1
2880,2872,-1,1
2881,2873,-1,1
2882,2874,-1,1
2883,2875,-1,1
2884,2876,-1,1
2885,2877,-1,1
2886,2878,-1,1
2887,2879,-1,1
2888,2880,-1,1
2889,2881,-1,1
2890,2882,-1,1
2891,2883,-1,1
2892,2884,-1,1
2893,2885,-1,1
2894,2886,-1,1
2895,2887,-1,1
2896,2888,-1,-1
2897,2889,-1,1
2898,2890,-1,1
2899,2891,-1,1
2900,2892,-1,1
2901,2893,-1,1
2902,2894,-1,1
2903,2895,-1,-1
2904,2896,-1,1
2905,2897,-1,1
2906,2898,-1,1
2907,2899,-1,1
2908,2900,-1,1
2909,2901,-1,1
2910,2902,-1,1
2911,2903,-1,1
2912,2904,-1,1
2913,2905,-1,1
2914,2906,-1,1
2915,2907,-1,1
2916,2908,-1,1
2917,2909,-1,1
2918,2910,-1,1
2919,2911,-1,1
2920,2912,-1,1
2921,2913,-1,1
2922,2914,-1,1
2923,2915,-1,1
2924,2916,-1,-1
2925,2917,-1,-1
2926,2918,-1,1
2927,2919,-1,1
2928,2920,-1,1
2929,2921,-1,1
2930,2922,-1,1
2931,2923,-1,1
2932,2924,-1,1
2933,2925,-1,1
2934,2926,-1,1
2935,2927,-1,1
2936,2928,-1,1
2937,2929,-1,1
2938,2930,-1,1
2939,2931,-1,-1
2940,2932,-1,1
2941,2933,-1,1
2942,2934,-1,1
2943,2935,-1,1
2944,2936,-1,1
2945,2937,-1,1
2946,2938,-1,1
2947,2939,-1,1
2948,2940,-1,1
2949,2941,-1,1
2950,2942,-1,1
2951,2943,-1,1
2952,2944,-1,-1
2953,2945,-1,1
2954,2946,-1,1
2955,2947,-1,1
2956,2948,-1,1
2957,2949,-1,1
2958,2950,-1,1
2959,2951,-1,1
2960,2952,-1,1
2961,2953,-1,1
2962,2954,-1,1
2963,2955,-1,1
2964,2956,-1,1
2965,2957,-1,1
2966,2958,-1,1
2967,2959,-1,1
2968,2960,-1,1
2969,2961,-1,1
2970,2962,-1,1
2971,2963,-1,1
2972,2964,-1,1
2973,2965,-1,1
2974,2966,-1,1
2975,2967,-1,1
2976,2968,-1,-1
2977,2969,-1,1
2978,2970,-1,1
2979,2971,-1,1
2980,2972,-1,1
2981,2973,-1,1
2982,2974,-1,1
2983,2975,-1,1
2984,2976,-1,1
2985,2977,-1,1
2986,2978,-1,-1
2987,2979,-1,-1
2988,2980,-1,-1
2989,2981,-1,-1
2990,2982,-1,-1
2991,2983,-1,-1
2992,2984,-1,-1
2993,-1,-1,-1
2994,2985,-1,1
2995,2986,-1,1
2996,2987,-1,1
2997,2988,-1,1
2998,2989,-1,1
2999,2990,-1,1
3000,2991,-1,1
3001,2992,-1,1
3002,2993,-1,1
3003,2994,-1,1
3004,2995,-1,1
3005,2996,-1,1
3006,2997,-1,1
3007,2998,-1,1
3008,2999,-1,1
3009,3000,-1,1
3010,3001,-1,1
3011,3002,-1,1
3012,3003,-1,1
3013,3004,-1,1
3014,3005,-1,1
3015,3006,-1,1
3016,3007,-1,1
3017,3008,-1,1
3018,3009,-1,1
3019,3010,-1,1
3020,3011,-1,1
3021,3012,-1,1
3022,3013,-1,1
3023,3014,-1,1
3024,3015,-1,1
3025,3016,-1,1
3026,3017,-1,1
3027,3018,-1,1
3028,3019,-1,1
3029,3020,-1,1
3030,3021,-1,1
3031,3022,-1,1
3032,3023,-1,-1
3033,3024,-1,1
3034,3025,-1,1
3035,3026,-1,1
3036,3027,-1,1
3037,3028,-1,1
3038,3029,-1,1
3039,3030,-1,1
3040,3031,-1,1
3041,3032,-1,1
3042,3033,-1,1
3043,3034,-1,-1
3044,3035,-1,-1
3045,3036,-1,-1
3046,3037,-1,1
3047,3038,-1,1
3048,3039,-1,1
3049,3040,-1,1
3050,3041,-1,1
3051,3042,-1,1
3052,3043,-1,1
3053,3044,-1,1
3054,3045,-1,-1
3055,3046,-1,1
3056,3047,-1,1
3057,3048,-1,1
3058,3049,-1,1
3059,3050,-1,1
3060,3051,-1,1
3061,3052,-1,1
3062,3053,-1,1
3063,3054,-1,1
3064,3055,-1,1
3065,3056,-1,1
3066,3057,-1,1
3067,3058,-1,1
3068,3059,-1,1
3069,3060,-1,1
3070,3061,-1,1
3071,3062,-1,1
3072,3063,-1,1
3073,3064,-1,1
3074,3065,-1,1
3075,3066,-1,1
3076,3067,-1,1
3077,3068,-1,1
3078,3069,-1,1
3079,3070,-1,1
3080,3071,-1,1
3081,3072,-1,1
3082,3073,-1,1
3083,3074,-1,1
3084,3075,-1,1
3085,3076,-1,1
3086,3077,-1,1
3087,3078,-1,1
3088,3079,-1,1
3089,3080,-1,1
3090,3081,-1,1
3091,3082,-1,1
3092,3083,-1,1
3093,3084,-1,1
3094,3085,-1,1
3095,3086,-1,1
3096,3087,-1,1
3097,3088,-1,1
3098,3089,-1,1
3099,3090,-1,1
3100,3091,-1,1
3101,3092,-1,1
3102,3093,-1,1
3103,3094,-1,1
3104,3095,-1,1
3105,3096,-1,1
3106,3097,-1,1
3107,3098,-1,1
3108,3099,-1,1
3109,3100,-1,-1
3110,3101,-1,1
3111,3102,-1,1
3112,3103,-1,1
3113,3104,-1,1
3114,3105,-1,-1
3115,3106,-1,1
3116,3107,-1,1
3117,3108,-1,-1
3118,3109,-1,1
3119,3110,-1,1
3120,3111,-1,1
3121,3112,-1,1
3122,3113,-1,1
3123,3114,-1,1
3124,3115,-1,1
3125,3116,-1,1
3126,3117,-1,1
3127,3118,-1,1
3128,3119,-1,1
3129,3120,-1,1
3130,3121,-1,1
3131,3122,-1,1
3132,3123,-1,1
3133,3124,-1,1
3134,3125,-1,1
3135,3126,-1,1
3136,3127,-1,1
3137,3128,-1,1
3138,3129,-1,1
3139,3130,-1,1
3140,3131,-1,1
3141,3132,-1,1
3142,3133,-1,1
3143,3134,-1,1
3144,3135,-1,1
3145,3136,-1,1
3146,3137,-1,1
3147,3138,-1,-1
3148,3139,-1,1
3149,3140,-1,1
3150,3141,-1,1
3151,3142,-1,-1
3152,3143,-1,-1
3153,3144,-1,-1
3154,3145,-1,-1
3155,3146,-1,-1
3156,3147,-1,-1
3157,3148,-1,-1
3158,3149,-1,-1
3159,3150,-1,-1
3160,3151,-1,1
3161,3152,-1,1
3162,3153,-1,1
3163,3154,-1,1
3164,3155,-1,1
3165,3156,-1,1
3166,3157,-1,-1
3167,3158,-1,1
3168,3159,-1,1
3169,3160,-1,1
3170,3161,-1,1
3171,3162,-1,1
3172,3163,-1,1
3173,3164,-1,1
3174,3165,-1,1
3175,3166,-1,1
3176,3167,-1,1
3177,3168,-1,1
3178,3169,-1,1
3179,3170,-1,1
3180,3171,-1,1
3181,3172,-1,1
3182,3173,-1,1
3183,3174,-1,1
3184,3175,-1,1
3185,3176,-1,1
3186,3177,-1,1
3187,3178,-1,1
3188,3179,-1,1
3189,3180,-1,1
3190,3181,-1,1
3191,3182,-1,1
3192,3183,-1,1
3193,3184,-1,1
3194,3185,-1,1
3195,3186,-1,1
3196,3187,-1,1
3197,3188,-1,1
3198,3189,-1,1
3199,3190,-1,1
3200,3191,-1,1
3201,3192,-1,1
3202,3193,-1,1
3203,3194,-1,1
3204,3195,-1,1
3205,3196,-1,1
3206,3197,-1,1
3207,3198,-1,1
3208,3199,-1,1
3209,3200,-1,1
3210,3201,-1,1
3211,3202,-1,1
3212,3203,-1,1
3213,3204,-1,1
3214,3205,-1,1
3215,3206,-1,1
3216,3207,-1,1
3217,3208,-1,1
3218,3209,-1,1
3219,3210,-1,-1
3220,3211,-1,1
3221,3212,-1,1
3222,3213,-1,1
3223,3214,-1,1
3224,3215,-1,1
3225,3216,-1,1
3226,3217,-1,1
3227,3218,-1,1
3228,3219,-1,1
3229,3220,-1,1
3230,3221,-1,1
3231,3222,-1,1
3232,3223,-1,1
3233,3224,-1,1
3234,3225,-1,1
3235,3226,-1,1
3236,3227,-1,1
3237,3228,-1,1
3238,3229,-1,1
3239,3230,-1,1
3240,3231,-1,1
3241,3232,-1,1
3242,3233,-1,-1
3243,3234,-1,1
3244,3235,-1,1
3245,3236,-1,1
3246,3237,-1,1
3247,3238,-1,1
3248,3239,-1,1
3249,3240,-1,1
3250,3241,-1,1
3251,3242,-1,1
3252,3243,-1,1
3253,3244,-1,1
3254,3245,-1,1
3255,3246,-1,1
3256,3247,-1,1
3257,3248,-1,1
3258,3249,-1,1
3259,3250,-1,1
3260,3251,-1,1
3261,3252,-1,-1
3262,3253,-1,1
3263,3254,-1,1
3264,3255,-1,-1
3265,3256,-1,1
3266,3257,-1,-1
3267,3258,-1,1
3268,3259,-1,1
3269,3260,-1,1
3270,3261,-1,1
3271,3262,-1,1
3272,3263,-1,1
3273,3264,-1,1
3274,3265,-1,1
3275,3266,-1,1
3276,3267,-1,1
3277,3268,-1,1
3278,3269,-1,1
3279,3270,-1,1
3280,3271,-1,1
3281,3272,-1,1
3282,3273,-1,1
3283,3274,-1,1
3284,3275,-1,1
3285,3276,-1,1
3286,3277,-1,1
3287,3278,-1,1
3288,3279,-1,1
3289,3280,-1,1
3290,3281,-1,1
3291,3282,-1,1
3292,3283,-1,1
3293,3284,-1,1
3294,3285,-1,1
3295,3286,-1,1
3296,3287,-1,1
3297,3288,-1,1
3298,3289,-1,-1
3299,3290,-1,1
3300,3291,-1,-1
3301,3292,-1,-1
3302,3293,-1,-1
3303,3294,-1,-1
3304,3295,-1,-1
3305,3296,-1,-1
3306,3297,-1,-1
3307,3298,-1,-1
3308,3299,-1,-1
3309,3300,-1,-1
3310,3301,-1,-1
3311,3302,-1,-1
3312,3303,-1,-1
3313,3304,-1,-1
3314,3305,-1,-1
3315,3306,-1,-1
3316,3307,-1,-1
3317,3308,-1,-1
3318,3309,-1,-1
3319,3310,-1,-1
3320,3311,-1,-1
3321,3312,-1,-1
3322,3313,-1,-1
3323,3314,-1,1
3324,3315,-1,1
3325,3316,-1,1
3326,3317,-1,1
3327,3318,-1,1
3328,3319,-1,1
3329,3320,-1,1
3330,3321,-1,1
3331,3322,-1,-1
3332,3323,-1,1
3333,3324,-1,-1
3334,3325,-1,1
3335,3326,-1,1
3336,3327,-1,1
3337,3328,-1,1
3338,3329,-1,1
3339,3330,-1,1
3340,3331,-1,1
3341,3332,-1,1
3342,3333,-1,1
3343,3334,-1,1
3344,3335,-1,1
3345,3336,-1,1
3346,3337,-1,1
3347,3338,-1,1
3348,3339,-1,1
3349,3340,-1,1
3350,3341,-1,1
3351,3342,-1,1
3352,3343,-1,1
3353,3344,-1,1
3354,3345,-1,1
3355,3346,-1,1
3356,3347,-1,1
3357,3348,-1,1
3358,3349,-1,1
3359,3350,-1,1
3360,3351,-1,1
3361,3352,-1,1
3362,3353,-1,1
3363,3354,-1,1
3364,3355,-1,1
3365,3356,-1,1
3366,3357,-1,1
3367,3358,-1,1
3368,3359,-1,1
3369,3360,-1,1
3370,3361,-1,1
3371,3362,-1,1
3372,3363,-1,1
3373,3364,-1,1
3374,3365,-1,1
3375,3366,-1,-1
3376,3367,-1,1
3377,3368,-1,1
3378,3369,-1,1
3379,3370,-1,-1
3380,3371,-1,1
3381,3372,-1,-1
3382,3373,-1,1
3383,3374,-1,1
3384,3375,-1,1
3385,3376,-1,1
3386,3377,-1,1
3387,3378,-1,1
3388,3379,-1,-1
3389,3380,-1,1
3390,3381,-1,1
3391,3382,-1,1
3392,3383,-1,1
3393,3384,-1,1
3394,3385,-1,-1
3395,3386,-1,1
3396,3387,-1,1
3397,3388,-1,1
3398,3389,-1,1
3399,3390,-1,1
3400,3391,-1,1
3401,3392,-1,1
3402,3393,-1,-1
3403,3394,-1,1
3404,3395,-1,1
3405,3396,-1,1
3406,3397,-1,1
3407,3398,-1,1
3408,3399,-1,1
3409,3400,-1,1
3410,3401,-1,-1
3411,3402,-1,-1
3412,3403,-1,1
3413,3404,-1,1
3414,3405,-1,1
3415,3406,-1,1
3416,3407,-1,1
3417,3408,-1,1
3418,3409,-1,1
3419,3410,-1,1
3420,3411,-1,1
3421,3412,-1,1
3422,3413,-1,1
3423,3414,-1,1
3424,3415,-1,1
3425,3416,-1,1
3426,3417,-1,1
3427,3418,-1,1
3428,3419,-1,1
3429,3420,-1,1
3430,3421,-1,1
3431,3422,-1,1
3432,3423,-1,1
3433,3424,-1,1
3434,3425,-1,1
3435,3426,-1,1
3436,3427,-1,1
3437,3428,-1,1
3438,3429,-1,1
3439,3430,-1,1
3440,3431,-1,1
3441,3432,-1,1
3442,3433,-1,1
3443,3434,-1,1
3444,3435,-1,-1
3445,3436,-1,1
3446,3437,-1,-1
3447,3438,-1,1
3448,3439,-1,1
3449,3440,-1,1
3450,3441,-1,1
3451,3442,-1,1
3452,3443,-1,1
3453,3444,-1,1
3454,3445,-1,1
3455,3446,-1,1
3456,3447,-1,1
3457,3448,-1,1
3458,3449,-1,1
3459,3450,-1,1
3460,3451,-1,1
3461,3452,-1,1
3462,3453,-1,1
3463,3454,-1,1
3464,3455,-1,1
3465,3456,-1,1
3466,3457,-1,1
3467,3458,-1,1
3468,3459,-1,-1
3469,3460,-1,-1
3470,3461,-1,1
3471,3462,-1,-1
3472,3463,-1,-1
3473,3464,-1,-1
3474,3465,-1,-1
3475,3466,-1,-1
3476,3467,-1,-1
3477,3468,-1,-1
3478,3469,-1,-1
3479,3470,-1,-1
3480,3471,-1,-1
3481,-1,-1,-1
3482,3472,-1,-1
3483,3473,-1,-1
3484,3474,-1,-1
3485,3475,-1,-1
3486,3476,-1,-1
3487,3477,-1,-1
3488,3478,-1,-1
3489,3479,-1,-1
3490,3480,-1,-1
3491,3481,-1,-1
3492,3482,-1,-1
3493,3483,-1,-1
3494,3484,-1,-1
3495,3485,-1,-1
3496,3486,-1,-1
3497,3487,-1,-1
3498,3488,-1,1
3499,3489,-1,1
3500,3490,-1,1
3501,3491,-1,1
3502,3492,-1,1
3503,3493,-1,1
3504,3494,-1,1
3505,3495,-1,1
3506,3496,-1,1
3507,3497,-1,1
3508,3498,-1,1
3509,3499,-1,-1
3510,3500,-1,1
3511,3501,-1,1
3512,3502,-1,1
3513,3503,-1,1
3514,3504,-1,1
3515,3505,-1,1
3516,3506,-1,1
3517,3507,-1,1
3518,3508,-1,1
3519,3509,-1,1
3520,3510,-1,1
3521,3511,-1,1
3522,3512,-1,1
3523,3513,-1,-1
3524,3514,-1,1
3525,3515,-1,1
3526,3516,-1,1
3527,3517,-1,1
3528,3518,-1,1
3529,3519,-1,1
3530,3520,-1,1
3531,3521,-1,1
3532,3522,-1,1
3533,3523,-1,1
3534,3524,-1,1
3535,3525,-1,1
3536,3526,-1,1
3537,3527,-1,1
3538,3528,-1,1
3539,3529,-1,1
3540,3530,-1,-1
3541,3531,-1,1
3542,3532,-1,1
3543,3533,-1,1
3544,3534,-1,1
3545,3535,-1,-1
3546,3536,-1,1
3547,3537,-1,1
3548,3538,-1,1
3549,3539,-1,1
3550,3540,-1,1
3551,3541,-1,1
3552,3542,-1,1
3553,3543,-1,1
3554,3544,-1,1
3555,3545,-1,1
3556,3546,-1,1
3557,3547,-1,1
3558,3548,-1,1
3559,3549,-1,1
3560,3550,-1,1
3561,3551,-1,1
3562,3552,-1,1
3563,3553,-1,1
3564,3554,-1,1
3565,3555,-1,1
3566,3556,-1,1
3567,3557,-1,1
3568,3558,-1,1
3569,3559,-1,1
3570,3560,-1,1
3571,3561,-1,1
3572,3562,-1,1
3573,3563,-1,1
3574,3564,-1,1
3575,3565,-1,1
3576,3566,-1,1
3577,3567,-1,-1
3578,3568,-1,1
3579,3569,-1,1
3580,3570,-1,1
3581,3571,-1,1
3582,3572,-1,1
3583,3573,-1,1
3584,3574,-1,1
3585,3575,-1,1
3586,3576,-1,-1
3587,3577,-1,1
3588,3578,-1,1
3589,3579,-1,1
3590,3580,-1,1
3591,3581,-1,1
3592,3582,-1,1
3593,3583,-1,1
3594,3584,-1,1
3595,3585,-1,1
3596,3586,-1,1
3597,3587,-1,1
3598,3588,-1,1
3599,3589,-1,1
3600,3590,-1,1
3601,3591,-1,1
3602,3592,-1,1
3603,3593,-1,1
3604,3594,-1,1
3605,3595,-1,1
3606,3596,-1,1
3607,3597,-1,1
3608,3598,-1,1
3609,3599,-1,1
3610,3600,-1,1
3611,3601,-1,1
3612,3602,-1,1
3613,3603,-1,-1
3614,3604,-1,1
3615,3605,-1,1
3616,3606,-1,1
3617,3607,-1,1
3618,3608,-1,1
3619,3609,-1,-1
3620,3610,-1,1
3621,3611,-1,1
3622,3612,-1,1
3623,3613,-1,1
3624,3614,-1,1
3625,3615,-1,1
3626,3616,-1,1
3627,3617,-1,1
3628,3618,-1,1
3629,3619,-1,1
3630,3620,-1,1
3631,3621,-1,1
3632,3622,-1,1
3633,3623,-1,1
3634,3624,-1,1
3635,3625,-1,1
3636,3626,-1,1
3637,3627,-1,1
3638,3628,-1,1
3639,3629,-1,1
3640,3630,-1,1
3641,3631,-1,1
3642,3632,-1,1
3643,3633,-1,-1
3644,3634,-1,1
3645,3635,-1,1
3646,3636,-1,1
3647,3637,-1,1
3648,3638,-1,1
3649,3639,-1,1
3650,3640,-1,1
3651,3641,-1,-1
3652,3642,-1,-1
3653,3643,-1,-1
3654,3644,-1,-1
3655,-1,-1,-1
3656,3645,-1,-1
3657,3646,-1,-1
3658,3647,-1,-1
3659,3648,-1,-1
3660,3649,-1,-1
3661,3650,-1,-1
3662,3651,-1,-1
3663,3652,-1,1
3664,3653,-1,1
3665,3654,-1,1
3666,3655,-1,1
3667,3656,-1,1
3668,3657,-1,1
3669,3658,-1,1
3670,3659,-1,1
3671,3660,-1,1
3672,3661,-1,1
3673,3662,-1,1
3674,3663,-1,1
3675,3664,-1,1
3676,3665,-1,1
3677,3666,-1,1
3678,3667,-1,1
3679,3668,-1,1
3680,3669,-1,1
3681,3670,-1,1
3682,3671,-1,1
3683,3672,-1,1
3684,3673,-1,1
3685,3674,-1,1
3686,3675,-1,1
3687,3676,-1,1
3688,3677,-1,1
3689,3678,-1,1
3690,3679,-1,1
3691,3680,-1,1
3692,3681,-1,1
3693,3682,-1,1
3694,3683,-1,1
3695,3684,-1,1
3696,3685,-1,1
3697,3686,-1,1
3698,3687,-1,1
3699,3688,-1,1
3700,3689,-1,1
3701,3690,-1,1
3702,3691,-1,1
3703,3692,-1,1
3704,3693,-1,1
3705,3694,-1,1
3706,3695,-1,1
3707,3696,-1,1
3708,3697,-1,1
3709,3698,-1,1
3710,3699,-1,1
3711,3700,-1,1
3712,3701,-1,1
3713,3702,-1,1
3714,3703,-1,1
3715,3704,-1,1
3716,3705,-1,1
3717,3706,-1,-1
3718,3707,-1,1
3719,3708,-1,1
3720,3709,-1,1
3721,3710,-1,1
3722,3711,-1,1
3723,3712,-1,1
3724,3713,-1,1
3725,3714,-1,1
3726,3715,-1,1
3727,3716,-1,1
3728,3717,-1,1
3729,3718,-1,1
3730,3719,-1,1
3731,3720,-1,1
3732,3721,-1,1
3733,3722,-1,1
3734,3723,-1,1
3735,3724,-1,1
3736,3725,-1,1
3737,3726,-1,-1
3738,3727,-1,1
3739,3728,-1,1
3740,3729,-1,1
3741,3730,-1,1
3742,3731,-1,1
3743,3732,-1,1
3744,3733,-1,-1
3745,3734,-1,1
3746,3735,-1,1
3747,3736,-1,1
3748,3737,-1,1
3749,3738,-1,1
3750,3739,-1,1
3751,3740,-1,1
3752,3741,-1,1
3753,3742,-1,-1
3754,3743,-1,1
3755,3744,-1,1
3756,3745,-1,1
3757,3746,-1,1
3758,3747,-1,1
3759,3748,-1,1
3760,3749,-1,1
3761,3750,-1,1
3762,3751,-1,1
3763,3752,-1,1
3764,3753,-1,1
3765,3754,-1,1
3766,3755,-1,-1
3767,3756,-1,1
3768,3757,-1,1
3769,3758,-1,1
3770,3759,-1,1
3771,3760,-1,1
3772,3761,-1,1
3773,3762,-1,1
3774,3763,-1,1
3775,3764,-1,1
3776,3765,-1,1
3777,3766,-1,-1
3778,3767,-1,1
3779,3768,-1,1
3780,3769,-1,1
3781,3770,-1,1
3782,3771,-1,-1
3783,3772,-1,-1
3784,3773,-1,1
3785,3774,-1,1
3786,3775,-1,1
3787,3776,-1,1
3788,3777,-1,1
3789,3778,-1,1
3790,3779,-1,1
3791,3780,-1,1
3792,3781,-1,1
3793,3782,-1,1
3794,3783,-1,1
3795,3784,-1,1
3796,3785,-1,1
3797,3786,-1,1
3798,3787,-1,1
3799,3788,-1,1
3800,3789,-1,1
3801,3790,-1,1
3802,3791,-1,1
3803,3792,-1,1
3804,3793,-1,1
3805,3794,-1,1
3806,3795,-1,-1
3807,3796,-1,1
3808,3797,-1,1
3809,3798,-1,1
3810,3799,-1,1
3811,3800,-1,1
3812,3801,-1,1
3813,3802,-1,1
3814,3803,-1,1
3815,3804,-1,1
3816,3805,-1,1
3817,3806,-1,1
3818,3807,-1,1
3819,3808,-1,-1
3820,3809,-1,-1
3821,3810,-1,-1
3822,3811,-1,-1
3823,3812,-1,-1
3824,3813,-1,-1
3825,3814,-1,-1
3826,3815,-1,-1
3827,3816,-1,-1
3828,3817,-1,1
3829,3818,-1,1
3830,3819,-1,1
3831,3820,-1,1
3832,3821,-1,1
3833,3822,-1,1
3834,3823,-1,1
3835,3824,-1,1
3836,3825,-1,1
3837,3826,-1,1
3838,3827,-1,-1
3839,3828,-1,1
3840,3829,-1,1
3841,3830,-1,1
3842,3831,-1,1
3843,3832,-1,1
3844,3833,-1,1
3845,3834,-1,1
3846,3835,-1,1
3847,3836,-1,1
3848,3837,-1,-1
3849,3838,-1,1
3850,3839,-1,1
3851,3840,-1,1
3852,3841,-1,1
3853,3842,-1,1
3854,3843,-1,1
3855,3844,-1,1
3856,3845,-1,1
3857,3846,-1,1
3858,3847,-1,1
3859,3848,-1,1
3860,3849,-1,1
3861,3850,-1,1
3862,3851,-1,1
3863,3852,-1,1
3864,3853,-1,1
3865,3854,-1,1
3866,3855,-1,1
3867,3856,-1,1
3868,3857,-1,1
3869,3858,-1,1
3870,3859,-1,1
3871,3860,-1,1
3872,3861,-1,1
3873,3862,-1,1
3874,3863,-1,1
3875,3864,-1,1
3876,3865,-1,1
3877,3866,-1,1
3878,3867,-1,1
3879,3868,-1,1
3880,3869,-1,-1
3881,3870,-1,1
3882,3871,-1,1
3883,3872,-1,1
3884,3873,-1,1
3885,3874,-1,1
3886,3875,-1,1
3887,3876,-1,1
3888,3877,-1,1
3889,3878,-1,1
3890,3879,-1,1
3891,3880,-1,1
3892,3881,-1,1
3893,3882,-1,-1
3894,3883,-1,1
3895,3884,-1,1
3896,3885,-1,1
3897,3886,-1,1
3898,3887,-1,1
3899,3888,-1,1
3900,3889,-1,1
3901,3890,-1,1
3902,3891,-1,1
3903,3892,-1,1
3904,3893,-1,1
3905,3894,-1,1
3906,3895,-1,1
3907,3896,-1,1
3908,3897,-1,1
3909,3898,-1,1
3910,3899,-1,1
3911,3900,-1,1
3912,3901,-1,1
3913,3902,-1,1
3914,3903,-1,-1
3915,3904,-1,1
3916,3905,-1,1
3917,3906,-1,1
3918,3907,-1,1
3919,3908,-1,1
3920,3909,-1,1
3921,3910,-1,1
3922,3911,-1,1
3923,3912,-1,1
3924,3913,-1,1
3925,3914,-1,1
3926,3915,-1,-1
3927,3916,-1,1
3928,3917,-1,1
3929,3918,-1,1
3930,3919,-1,1
3931,3920,-1,-1
3932,3921,-1,1
3933,3922,-1,1
3934,3923,-1,1
3935,3924,-1,1
3936,3925,-1,1
3937,3926,-1,1
3938,3927,-1,1
3939,3928,-1,1
3940,3929,-1,1
3941,3930,-1,1
3942,3931,-1,-1
3943,3932,-1,1
3944,3933,-1,1
3945,3934,-1,1
3946,3935,-1,1
3947,3936,-1,1
3948,3937,-1,1
3949,3938,-1,-1
3950,3939,-1,1
3951,3940,-1,1
3952,3941,-1,1
3953,3942,-1,1
3954,3943,-1,1
3955,3944,-1,1
3956,3945,-1,1
3957,3946,-1,1
3958,3947,-1,1
3959,3948,-1,1
3960,3949,-1,1
3961,3950,-1,-1
3962,3951,-1,1
3963,3952,-1,1
3964,3953,-1,1
3965,3954,-1,1
3966,3955,-1,1
3967,3956,-1,1
3968,3957,-1,1
3969,3958,-1,1
3970,3959,-1,-1
3971,3960,-1,-1
3972,3961,-1,1
3973,3962,-1,1
3974,3963,-1,1
3975,3964,-1,1
3976,3965,-1,1
3977,3966,-1,1
3978,3967,-1,1
3979,3968,-1,1
3980,3969,-1,1
3981,3970,-1,1
3982,3971,-1,1
3983,3972,-1,1
3984,3973,-1,1
3985,3974,-1,1
3986,3975,-1,1
3987,3976,-1,1
3988,3977,-1,1
3989,3978,-1,1
3990,3979,-1,-1
3991,3980,-1,1
3992,3981,-1,1
3993,3982,-1,1
3994,3983,-1,1
3995,3984,-1,1
3996,3985,-1,1
3997,3986,-1,-1
3998,3987,-1,1
3999,3988,-1,1
4000,3989,-1,1
4001,3990,-1,1
4002,3991,-1,1
4003,3992,-1,1
4004,3993,-1,1
4005,3994,-1,1
4006,3995,-1,1
4007,3996,-1,1
4008,3997,-1,1
4009,3998,-1,1
4010,3999,-1,1
4011,4000,-1,1
4012,4001,-1,1
4013,4002,-1,1
4014,4003,-1,1
4015,4004,-1,1
4016,4005,-1,1
4017,4006,-1,1
4018,4007,-1,1
4019,4008,-1,1
4020,4009,-1,1
4021,4010,-1,1
4022,4011,-1,1
4023,4012,-1,1
4024,4013,-1,1
4025,4014,-1,-1
4026,4015,-1,1
4027,4016,-1,1
4028,4017,-1,1
4029,4018,-1,1
4030,4019,-1,1
4031,4020,-1,-1
4032,4021,-1,1
4033,4022,-1,1
4034,4023,-1,1
4035,4024,-1,1
4036,4025,-1,1
4037,4026,-1,1
4038,4027,-1,1
4039,4028,-1,1
4040,4029,-1,1
4041,4030,-1,1
4042,4031,-1,1
4043,4032,-1,-1
4044,4033,-1,-1
4045,4034,-1,1
4046,4035,-1,1
4047,4036,-1,1
4048,4037,-1,1
4049,4038,-1,1
4050,4039,-1,1
4051,4040,-1,1
4052,4041,-1,-1
4053,4042,-1,1
4054,4043,-1,-1
4055,4044,-1,1
4056,4045,-1,1
4057,4046,-1,1
4058,4047,-1,1
4059,4048,-1,1
4060,4049,-1,1
4061,4050,-1,1
4062,4051,-1,1
4063,4052,-1,1
4064,4053,-1,1
4065,4054,-1,1
4066,4055,-1,1
4067,4056,-1,1
4068,4057,-1,1
4069,4058,-1,-1
4070,4059,-1,1
4071,4060,-1,1
4072,4061,-1,1
4073,4062,-1,1
4074,4063,-1,1
4075,4064,-1,1
4076,4065,-1,-1
4077,4066,-1,1
4078,4067,-1,1
4079,4068,-1,1
4080,4069,-1,1
4081,4070,-1,1
4082,4071,-1,1
4083,4072,-1,1
4084,4073,-1,1
4085,4074,-1,1
4086,4075,-1,1
4087,4076,-1,1
4088,4077,-1,1
4089,4078,-1,1
4090,4079,-1,1
4091,4080,-1,1
4092,4081,-1,1
4093,4082,-1,1
4094,4083,-1,1
4095,4084,-1,1
4096,4085,-1,1
4097,4086,-1,1
4098,4087,-1,1
4099,4088,-1,1
4100,4089,-1,1
4101,4090,-1,1
4102,4091,-1,1
4103,4092,-1,-1
4104,4093,-1,-1
4105,4094,-1,-1
4106,4095,-1,-1
4107,4096,-1,-1
4108,4097,-1,-1
4109,4098,-1,-1
4110,4099,-1,1
4111,4100,-1,1
4112,4101,-1,-1
4113,4102,-1,1
4114,4103,-1,1
4115,4104,-1,1
4116,4105,-1,1
4117,4106,-1,1
4118,4107,-1,1
4119,4108,-1,1
4120,4109,-1,1
4121,4110,-1,1
4122,4111,-1,1
4123,4112,-1,1
4124,4113,-1,1
4125,4114,-1,1
4126,4115,-1,1
4127,4116,-1,1
4128,4117,-1,-1
4129,4118,-1,1
4130,4119,-1,1
4131,4120,-1,1
4132,4121,-1,1
4133,4122,-1,1
4134,4123,-1,1
4135,4124,-1,1
4136,4125,-1,1
4137,4126,-1,1
4138,4127,-1,1
4139,4128,-1,1
4140,4129,-1,1
4141,4130,-1,1
4142,4131,-1,1
4143,4132,-1,-1
4144,4133,-1,1
4145,4134,-1,1
4146,4135,-1,1
4147,4136,-1,1
4148,4137,-1,1
4149,4138,-1,1
4150,4139,-1,1
4151,4140,-1,1
4152,4141,-1,1
4153,4142,-1,1
4154,4143,-1,1
4155,4144,-1,1
4156,4145,-1,-1
4157,4146,-1,1
4158,4147,-1,1
4159,4148,-1,1
4160,4149,-1,1
4161,4150,-1,1
4162,4151,-1,1
4163,4152,-1,1
4164,4153,-1,1
4165,4154,-1,1
4166,4155,-1,1
4167,4156,-1,1
4168,4157,-1,1
4169,4158,-1,1
4170,4159,-1,1
4171,4160,-1,1
4172,4161,-1,1
4173,4162,-1,1
4174,4163,-1,1
4175,4164,-1,1
4176,4165,-1,1
4177,4166,-1,1
4178,4167,-1,1
4179,4168,-1,1
4180,4169,-1,-1
4181,4170,-1,-1
4182,4171,-1,1
4183,4172,-1,1
4184,4173,-1,1
4185,4174,-1,1
4186,4175,-1,1
4187,4176,-1,1
4188,4177,-1,1
4189,4178,-1,1
4190,4179,-1,1
4191,4180,-1,1
4192,4181,-1,1
4193,4182,-1,1
4194,4183,-1,-1
4195,4184,-1,1
4196,4185,-1,1
4197,4186,-1,-1
4198,4187,-1,1
4199,4188,-1,1
4200,4189,-1,1
4201,4190,-1,1
4202,4191,-1,1
4203,4192,-1,1
4204,4193,-1,1
4205,4194,-1,1
4206,4195,-1,1
4207,4196,-1,1
4208,4197,-1,1
4209,4198,-1,1
4210,4199,-1,1
4211,4200,-1,1
4212,4201,-1,1
4213,4202,-1,1
4214,4203,-1,1
4215,4204,-1,1
4216,4205,-1,1
4217,4206,-1,1
4218,4207,-1,1
4219,4208,-1,1
4220,4209,-1,1
4221,4210,-1,1
4222,4211,-1,1
4223,4212,-1,-1
4224,4213,-1,1
4225,4214,-1,1
4226,4215,-1,1
4227,4216,-1,1
4228,4217,-1,1
4229,4218,-1,1
4230,4219,-1,1
4231,4220,-1,1
4232,4221,-1,-1
4233,4222,-1,1
4234,4223,-1,1
4235,4224,-1,1
4236,4225,-1,1
4237,4226,-1,1
4238,4227,-1,1
4239,4228,-1,1
4240,4229,-1,1
4241,4230,-1,1
4242,4231,-1,1
4243,4232,-1,1
4244,4233,-1,1
4245,4234,-1,1
4246,4235,-1,1
4247,4236,-1,1
4248,4237,-1,1
4249,4238,-1,1
4250,4239,-1,1
4251,4240,-1,-1
4252,4241,-1,-1
4253,4242,-1,-1
4254,4243,-1,-1
4255,4244,-1,-1
4256,4245,-1,-1
4257,4246,-1,-1
4258,4247,-1,-1
4259,4248,-1,-1
4260,4249,-1,-1
4261,4250,-1,-1
4262,4251,-1,-1
4263,4252,-1,-1
4264,4253,-1,-1
4265,-1,-1,-1
4266,4254,-1,1
4267,4255,-1,-1
4268,4256,-1,1
4269,4257,-1,-1
4270,4258,-1,1
4271,4259,-1,1
4272,4260,-1,1
4273,4261,-1,1
4274,4262,-1,1
4275,4263,-1,1
4276,4264,-1,1
4277,4265,-1,1
4278,4266,-1,1
4279,4267,-1,1
4280,4268,-1,1
4281,4269,-1,1
4282,4270,-1,1
4283,4271,-1,1
4284,4272,-1,1
4285,4273,-1,1
4286,4274,-1,1
4287,4275,-1,1
4288,4276,-1,1
4289,4277,-1,1
4290,4278,-1,1
4291,4279,-1,1
4292,4280,-1,1
4293,4281,-1,1
4294,4282,-1,1
4295,4283,-1,1
4296,4284,-1,1
4297,4285,-1,1
4298,4286,-1,1
4299,4287,-1,1
4300,4288,-1,1
4301,4289,-1,1
4302,4290,-1,1
4303,4291,-1,1
4304,4292,-1,1
4305,4293,-1,1
4306,4294,-1,1
4307,4295,-1,1
4308,4296,-1,1
4309,4297,-1,1
4310,4298,-1,1
4311,4299,-1,1
4312,4300,-1,-1
4313,4301,-1,1
4314,4302,-1,1
4315,4303,-1,1
4316,4304,-1,1
4317,4305,-1,1
4318,4306,-1,1
4319,4307,-1,1
4320,4308,-1,1
4321,4309,-1,1
4322,4310,-1,1
4323,4311,-1,1
4324,4312,-1,1
4325,4313,-1,1
4326,4314,-1,1
4327,4315,-1,1
4328,4316,-1,1
4329,4317,-1,1
4330,4318,-1,1
4331,4319,-1,1
4332,4320,-1,1
4333,4321,-1,1
4334,4322,-1,1
4335,4323,-1,1
4336,4324,-1,1
4337,4325,-1,1
4338,4326,-1,1
4339,4327,-1,1
4340,4328,-1,1
4341,4329,-1,1
4342,4330,-1,1
4343,4331,-1,1
4344,4332,-1,1
4345,4333,-1,1
4346,4334,-1,1
4347,4335,-1,1
4348,4336,-1,1
4349,4337,-1,1
4350,4338,-1,1
4351,4339,-1,1
4352,4340,-1,1
4353,4341,-1,-1
4354,4342,-1,1
4355,4343,-1,1
4356,4344,-1,1
4357,4345,-1,1
4358,4346,-1,1
4359,4347,-1,1
4360,4348,-1,-1
4361,4349,-1,1
4362,4350,-1,1
4363,4351,-1,1
4364,4352,-1,1
4365,4353,-1,1
4366,4354,-1,1
4367,4355,-1,1
4368,4356,-1,1
4369,4357,-1,1
4370,4358,-1,1
4371,4359,-1,1
4372,4360,-1,1
4373,4361,-1,1
4374,4362,-1,1
4375,4363,-1,1
4376,4364,-1,-1
4377,4365,-1,1
4378,4366,-1,1
4379,4367,-1,1
4380,4368,-1,-1
4381,4369,-1,1
4382,4370,-1,1
4383,4371,-1,1
4384,4372,-1,1
4385,4373,-1,1
4386,4374,-1,1
4387,4375,-1,1
4388,4376,-1,1
4389,4377,-1,1
4390,4378,-1,1
4391,4379,-1,1
4392,4380,-1,1
4393,4381,-1,1
4394,4382,-1,1
4395,4383,-1,1
4396,4384,-1,1
4397,4385,-1,1
4398,4386,-1,1
4399,4387,-1,1
4400,4388,-1,1
4401,4389,-1,1
4402,4390,-1,1
4403,4391,-1,1
4404,4392,-1,1
4405,4393,-1,1
4406,4394,-1,1
4407,4395,-1,1
4408,4396,-1,1
4409,4397,-1,1
4410,4398,-1,1
4411,4399,-1,1
4412,4400,-1,1
4413,4401,-1,1
4414,4402,-1,1
4415,4403,-1,1
4416,4404,-1,1
4417,4405,-1,1
4418,4406,-1,1
4419,4407,-1,-1
4420,4408,-1,-1
4421,4409,-1,-1
4422,4410,-1,-1
4423,4411,-1,-1
4424,4412,-1,-1
4425,4413,-1,-1
4426,4414,-1,-1
4427,4415,-1,-1
4428,4416,-1,-1
4429,4417,-1,-1
4430,4418,-1,-1
4431,4419,-1,-1
4432,4420,-1,-1
4433,4421,-1,-1
4434,4422,-1,-1
4435,4423,-1,-1
4436,4424,-1,-1
4437,4425,-1,-1
4438,4426,-1,1
4439,4427,-1,1
4440,4428,-1,1
4441,4429,-1,1
4442,4430,-1,1
4443,4431,-1,1
4444,4432,-1,1
4445,4433,-1,1
4446,4434,-1,1
4447,4435,-1,1
4448,4436,-1,1
4449,4437,-1,1
4450,4438,-1,1
4451,4439,-1,1
4452,4440,-1,1
4453,4441,-1,1
4454,4442,-1,1
4455,4443,-1,-1
4456,4444,-1,1
4457,4445,-1,1
4458,4446,-1,1
4459,4447,-1,1
4460,4448,-1,1
4461,4449,-1,1
4462,4450,-1,-1
4463,4451,-1,1
4464,4452,-1,1
4465,4453,-1,1
4466,4454,-1,1
4467,4455,-1,1
4468,4456,-1,1
4469,4457,-1,1
4470,4458,-1,1
4471,4459,-1,1
4472,4460,-1,1
4473,4461,-1,-1
4474,4462,-1,-1
4475,4463,-1,1
4476,4464,-1,1
4477,4465,-1,1
4478,4466,-1,1
4479,4467,-1,1
4480,4468,-1,1
4481,4469,-1,1
4482,4470,-1,1
4483,4471,-1,1
4484,4472,-1,1
4485,4473,-1,1
4486,4474,-1,1
4487,4475,-1,1
4488,4476,-1,1
4489,4477,-1,1
4490,4478,-1,1
4491,4479,-1,1
4492,4480,-1,1
4493,4481,-1,1
4494,4482,-1,1
4495,4483,-1,1
4496,4484,-1,1
4497,4485,-1,-1
4498,4486,-1,-1
4499,4487,-1,1
4500,4488,-1,1
4501,4489,-1,1
4502,4490,-1,1
4503,4491,-1,1
4504,4492,-1,1
4505,4493,-1,1
4506,4494,-1,1
4507,4495,-1,1
4508,4496,-1,1
4509,4497,-1,1
4510,4498,-1,-1
4511,4499,-1,1
4512,4500,-1,1
4513,4501,-1,1
4514,4502,-1,1
4515,4503,-1,1
4516,4504,-1,1
4517,4505,-1,1
4518,4506,-1,-1
4519,4507,-1,1
4520,4508,-1,1
4521,4509,-1,1
4522,4510,-1,1
4523,4511,-1,1
4524,4512,-1,-1
4525,4513,-1,1
4526,4514,-1,1
4527,4515,-1,1
4528,4516,-1,1
4529,4517,-1,1
4530,4518,-1,1
4531,4519,-1,1
4532,4520,-1,1
4533,4521,-1,1
4534,4522,-1,1
4535,4523,-1,1
4536,4524,-1,1
4537,4525,-1,1
4538,4526,-1,-1
4539,4527,-1,1
4540,4528,-1,1
4541,4529,-1,1
4542,4530,-1,1
4543,4531,-1,1
4544,4532,-1,-1
4545,4533,-1,1
4546,4534,-1,1
4547,4535,-1,1
4548,4536,-1,1
4549,4537,-1,1
4550,4538,-1,1
4551,4539,-1,1
4552,4540,-1,1
4553,4541,-1,1
4554,4542,-1,1
4555,4543,-1,1
4556,4544,-1,1
4557,4545,-1,1
4558,4546,-1,1
4559,4547,-1,1
4560,4548,-1,1
4561,4549,-1,1
4562,4550,-1,1
4563,4551,-1,1
4564,4552,-1,1
4565,4553,-1,1
4566,4554,-1,1
4567,4555,-1,1
4568,4556,-1,1
4569,4557,-1,1
4570,4558,-1,1
4571,4559,-1,1
4572,4560,-1,1
4573,4561,-1,-1
4574,4562,-1,1
4575,4563,-1,1
4576,4564,-1,1
4577,4565,-1,-1
4578,4566,-1,1
4579,4567,-1,1
4580,4568,-1,-1
4581,4569,-1,1
4582,4570,-1,1
4583,4571,-1,1
4584,4572,-1,1
4585,4573,-1,1
4586,4574,-1,1
4587,4575,-1,1
4588,4576,-1,1
4589,4577,-1,1
4590,4578,-1,1
4591,4579,-1,1
4592,4580,-1,1
4593,4581,-1,1
4594,4582,-1,1
4595,4583,-1,1
4596,4584,-1,1
4597,4585,-1,1
4598,4586,-1,1
4599,4587,-1,1
4600,4588,-1,1
4601,4589,-1,1
4602,4590,-1,1
4603,4591,-1,1
4604,4592,-1,-1
4605,4593,-1,1
4606,4594,-1,1
4607,4595,-1,1
4608,4596,-1,1
4609,4597,-1,1
4610,4598,-1,1
4611,4599,-1,1
4612,-1,-1,-1
4613,4600,-1,-1
4614,4601,-1,-1
4615,4602,-1,-1
4616,4603,-1,-1
4617,4604,-1,-1
4618,4605,-1,-1
4619,4606,-1,-1
4620,4607,-1,-1