startdate,enddate,location,eventattendancemode,organizer,performer
0,0,0,0,0,0
0,1,0,0,0,0
0,2,0,0,0,0
0,3,0,0,0,0
0,4,0,0,0,0
0,5,0,0,0,0
0,6,0,0,0,0
0,7,0,0,0,0
0,8,0,0,0,0
0,9,0,0,0,0
0,10,0,0,0,0
0,11,0,0,0,0
0,11,0,0,0,0
1,12,0,0,0,0
2,13,0,0,0,0
3,14,0,0,0,0
4,15,0,0,0,0
4,16,0,0,0,0
4,17,0,0,0,0
4,18,0,0,0,0
4,19,0,0,0,0
5,20,0,0,0,0
6,21,0,0,0,0
7,22,0,0,0,0
8,23,0,0,0,0
9,24,0,0,0,0
10,25,0,0,0,0
11,26,0,0,0,0
12,27,0,0,0,0
12,28,0,0,0,0
12,29,0,0,0,0
12,30,0,0,0,0
12,31,0,0,0,0
12,32,0,0,0,0
12,33,0,0,0,0
12,34,0,0,0,0
13,35,0,0,0,0
14,36,0,0,0,0
14,37,0,0,0,0
14,37,0,0,0,0
14,38,0,0,0,0
14,39,0,0,0,0
14,40,0,0,0,0
14,41,0,0,0,0
14,42,0,0,0,0
14,43,0,0,0,0
14,44,0,0,0,0
14,45,0,0,0,0
14,46,0,0,0,0
14,47,0,0,0,0
14,48,0,0,0,0
14,49,0,0,0,0
14,50,0,0,0,0
15,51,0,0,0,0
16,52,0,0,0,0
17,53,0,0,0,0
18,54,0,0,0,0
18,55,0,0,0,0
19,56,0,0,0,0
20,57,0,0,0,0
21,58,0,0,0,0
22,59,0,0,0,0
23,60,0,0,0,0
23,61,0,0,0,0
23,62,0,0,0,0
24,63,0,0,0,0
24,64,0,0,0,0
24,64,0,0,0,0
24,65,0,0,0,0
24,66,0,0,0,0
24,66,0,0,0,0
24,67,0,0,0,0
25,68,0,0,0,0
25,69,0,0,0,0
26,70,0,0,0,0
27,71,0,0,0,0
28,72,0,0,0,0
29,73,0,0,0,0
30,74,0,0,0,0
31,75,0,0,0,0
32,75,0,0,0,0
33,76,0,0,0,0
34,77,0,0,0,0
35,77,0,0,0,0
35,78,0,0,0,0
36,79,0,0,0,0
37,80,0,0,0,0
38,81,0,0,0,0
39,82,0,0,0,0
40,83,0,0,0,0
41,84,0,0,0,0
42,85,0,0,0,0
43,86,0,0,0,0
44,87,0,0,0,0
44,88,0,0,0,0
45,89,0,0,0,0
45,90,0,0,0,0
45,91,0,0,0,0
46,92,0,0,0,0
46,93,0,0,0,0
46,94,0,0,0,0
46,95,0,0,0,0
46,96,0,0,0,0
47,97,0,0,0,0
48,98,0,0,0,0
48,99,0,0,0,0
48,100,0,0,0,0
48,100,0,0,0,0
48,101,0,0,0,0
48,102,0,0,0,0
48,103,0,0,0,0
48,104,0,0,0,0
48,105,0,0,0,0
48,106,0,0,0,0
48,107,0,0,0,0
49,108,0,0,0,0
50,109,0,0,0,0
50,110,0,0,0,0
50,111,0,0,0,0
50,112,0,0,0,0
50,113,0,0,0,0
50,114,0,0,0,0
50,115,0,0,0,0
50,116,0,0,0,0
50,117,0,0,0,0
50,118,0,0,0,0
50,119,0,0,0,0
50,120,0,0,0,0
50,121,0,0,0,0
50,121,0,0,0,0
51,122,0,0,0,0
52,123,0,0,0,0
53,124,0,0,0,0
54,125,0,0,0,0
55,126,0,0,0,0
55,127,0,0,0,0
55,128,0,0,0,0
55,129,0,0,0,0
56,130,0,0,0,0
56,131,0,0,0,0
56,132,0,0,0,0
57,133,0,0,0,0
58,134,0,0,0,0
59,135,0,0,0,0
59,136,0,0,0,0
60,137,0,0,0,0
61,138,0,0,0,0
62,139,0,0,0,0
62,140,0,0,0,0
63,141,0,0,0,0
64,142,0,0,0,0
65,143,0,0,0,0
65,144,0,0,0,0
65,145,0,0,0,0
65,146,0,0,0,0
65,147,0,0,0,0
66,148,0,0,0,0
66,149,0,0,0,0
66,150,0,0,0,0
67,151,0,0,0,0
68,152,0,0,0,0
69,153,0,0,0,0
70,154,0,0,0,0
71,155,0,0,0,0
72,156,0,0,0,0
73,157,0,0,0,0
74,158,0,0,0,0
75,159,0,0,0,0
76,160,0,0,0,0
76,161,0,0,0,0
77,162,0,0,0,0
78,163,0,0,0,0
79,164,0,0,0,0
80,165,0,0,0,0
81,166,0,0,0,0
82,167,0,0,0,0
83,168,0,0,0,0
84,169,0,0,0,0
85,170,0,0,0,0
86,171,0,0,0,0
86,172,0,0,0,0
86,173,0,0,0,0
87,174,0,0,0,0
87,175,0,0,0,0
87,176,0,0,0,0
88,177,0,0,0,0
89,178,0,0,0,0
90,179,0,0,0,0
90,180,0,0,0,0
91,181,0,0,0,0
91,182,0,0,0,0
92,183,0,0,0,0
92,183,0,0,0,0
92,184,0,0,0,0
92,185,0,0,0,0
92,186,0,0,0,0
92,187,0,0,0,0
92,187,0,0,0,0
92,188,0,0,0,0
92,189,0,0,0,0
92,190,0,0,0,0
92,191,0,0,0,0
92,192,0,0,0,0
92,193,0,0,0,0
92,194,0,0,0,0
92,195,0,0,0,0
92,195,0,0,0,0
92,195,0,0,0,0
92,195,0,0,0,0
92,196,0,0,0,0
92,197,0,0,0,0
92,198,0,0,0,0
92,199,0,0,0,0
92,200,0,0,0,0
92,200,0,0,0,0
93,201,0,0,0,0
94,202,0,0,0,0
94,203,0,0,0,0
94,204,0,0,0,0
95,205,0,0,0,0
96,206,0,0,0,0
96,207,0,0,0,0
96,208,0,0,0,0
96,209,0,0,0,0
96,210,0,0,0,0
96,211,0,0,0,0
96,212,0,0,0,0
96,213,0,0,0,0
96,214,0,0,0,0
96,214,0,0,0,0
96,215,0,0,0,0
96,216,0,0,0,0
96,217,0,0,0,0
96,218,0,0,0,0
96,219,0,0,0,0
96,220,0,0,0,0
96,221,0,0,0,0
96,222,0,0,0,0
96,222,0,0,0,0
96,222,0,0,0,0
96,223,0,0,0,0
96,224,0,0,0,0
96,225,0,0,0,0
96,226,0,0,0,0
96,227,0,0,0,0
96,228,0,0,0,0
97,229,0,0,0,0
97,230,0,0,0,0
97,231,0,0,0,0
97,232,0,0,0,0
97,233,0,0,0,0
97,234,0,0,0,0
97,235,0,0,0,0
97,236,0,0,0,0
97,237,0,0,0,0
97,238,0,0,0,0
98,239,0,0,0,0
98,240,0,0,0,0
98,241,0,0,0,0
98,242,0,0,0,0
98,243,0,0,0,0
98,244,0,0,0,0
98,245,0,0,0,0
98,246,0,0,0,0
98,247,0,0,0,0
99,248,0,0,0,0
100,249,0,0,0,0
101,250,0,0,0,0
102,251,0,0,0,0
103,252,0,0,0,0
104,253,0,0,0,0
105,254,0,0,0,0
106,255,0,0,0,0
107,256,0,0,0,0
108,257,0,0,0,0
108,258,0,0,0,0
108,259,0,0,0,0
108,260,0,0,0,0
108,261,0,0,0,0
108,262,0,0,0,0
108,263,0,0,0,0
108,264,0,0,0,0
108,265,0,0,0,0
108,266,0,0,0,0
108,267,0,0,0,0
108,268,0,0,0,0
108,269,0,0,0,0
108,270,0,0,0,0
108,271,0,0,0,0
108,272,0,0,0,0
108,273,0,0,0,0
109,274,0,0,0,0
110,275,0,0,0,0
111,276,0,0,0,0
112,277,0,0,0,0
112,277,0,0,0,0
112,278,0,0,0,0
112,279,0,0,0,0
112,280,0,0,0,0
112,281,0,0,0,0
112,282,0,0,0,0
112,283,0,0,0,0
112,284,0,0,0,0
112,285,0,0,0,0
112,286,0,0,0,0
112,287,0,0,0,0
112,288,0,0,0,0
112,289,0,0,0,0
112,290,0,0,0,0
112,291,0,0,0,0
112,292,0,0,0,0
112,293,0,0,0,0
112,294,0,0,0,0
112,295,0,0,0,0
112,296,0,0,0,0
112,297,0,0,0,0
113,298,0,0,0,0
114,299,0,0,0,0
115,300,0,0,0,0
116,301,0,0,0,0
116,302,0,0,0,0
116,303,0,0,0,0
116,304,0,0,0,0
116,305,0,0,0,0
116,305,0,0,0,0
116,305,0,0,0,0
116,305,0,0,0,0
116,305,0,0,0,0
116,306,0,0,0,0
116,307,0,0,0,0
116,308,0,0,0,0
117,309,0,0,0,0
118,310,0,0,0,0
119,311,0,0,0,0
120,312,0,0,0,0
120,313,0,0,0,0
121,313,0,0,0,0
122,314,0,0,0,0
122,315,0,0,0,0
122,316,0,0,0,0
122,317,0,0,0,0
122,318,0,0,0,0
122,319,0,0,0,0
122,320,0,0,0,0
122,321,0,0,0,0
122,322,0,0,0,0
122,323,0,0,0,0
122,324,0,0,0,0
122,325,0,0,0,0
123,326,0,0,0,0
124,327,0,0,0,0
125,328,0,0,0,0
126,329,0,0,0,0
126,330,0,0,0,0
127,331,0,0,0,0
128,332,0,0,0,0
129,333,0,0,0,0
129,333,0,0,0,0
129,334,0,0,0,0
130,335,0,0,0,0
131,336,0,0,0,0
131,337,0,0,0,0
132,338,0,0,0,0
132,339,0,0,0,0
132,340,0,0,0,0
132,341,0,0,0,0
132,342,0,0,0,0
132,343,0,0,0,0
133,344,0,0,0,0
134,345,0,0,0,0
134,345,0,0,0,0
134,345,0,0,0,0
135,346,0,0,0,0
136,347,0,0,0,0
136,348,0,0,0,0
137,349,0,0,0,0
138,350,0,0,0,0
139,351,0,0,0,0
139,352,0,0,0,0
140,353,0,0,0,0
141,354,0,0,0,0
141,355,0,0,0,0
142,356,0,0,0,0
142,357,0,0,0,0
142,358,0,0,0,0
142,359,0,0,0,0
142,360,0,0,0,0
142,361,0,0,0,0
142,362,0,0,0,0
142,363,0,0,0,0
142,364,0,0,0,0
142,365,0,0,0,0
142,366,0,0,0,0
143,367,0,0,0,0
144,368,0,0,0,0
144,369,0,0,0,0
144,370,0,0,0,0
144,371,0,0,0,0
144,372,0,0,0,0
145,373,0,0,0,0
146,374,0,0,0,0
147,375,0,0,0,0
148,376,0,0,0,0
149,377,0,0,0,0
149,378,0,0,0,0
150,379,0,0,0,0
151,380,0,0,0,0
151,381,0,0,0,0
151,382,0,0,0,0
152,383,0,0,0,0
153,384,0,0,0,0
154,385,0,0,0,0
155,386,0,0,0,0
156,387,0,0,0,0
157,388,0,0,0,0
157,389,0,0,0,0
158,390,0,0,0,0
159,390,0,0,0,0
160,391,0,0,0,0
161,392,0,0,0,0
162,393,0,0,0,0
163,394,0,0,0,0
164,395,0,0,0,0
164,396,0,0,0,0
165,397,0,0,0,0
166,398,0,0,0,0
167,399,0,0,0,0
167,400,0,0,0,0
168,401,0,0,0,0
169,402,0,0,0,0
169,403,0,0,0,0
169,404,0,0,0,0
170,405,0,0,0,0
171,406,0,0,0,0
171,407,0,0,0,0
171,407,0,0,0,0
171,407,0,0,0,0
171,408,0,0,0,0
171,409,0,0,0,0
172,410,0,0,0,0
173,411,0,0,0,0
174,412,0,0,0,0
175,413,0,0,0,0
176,414,0,0,0,0
176,415,0,0,0,0
177,416,0,0,0,0
178,417,0,0,0,0
179,418,0,0,0,0
180,419,0,0,0,0
181,419,0,0,0,0
182,420,0,0,0,0
182,421,0,0,0,0
182,421,0,0,0,0
182,422,0,0,0,0
182,423,0,0,0,0
182,424,0,0,0,0
182,425,0,0,0,0
182,426,0,0,0,0
182,427,0,0,0,0
183,428,0,0,0,0
184,429,0,0,0,0
185,430,0,0,0,0
186,431,0,0,0,0
186,432,0,0,0,0
187,433,0,0,0,0
187,434,0,0,0,0
188,435,0,0,0,0
189,436,0,0,0,0
189,437,0,0,0,0
190,438,0,0,0,0
191,439,0,0,0,0
192,440,0,0,0,0
193,441,0,0,0,0
194,442,0,0,0,0
195,443,0,0,0,0
196,444,0,0,0,0
197,445,0,0,0,0
198,446,0,0,0,0
199,447,0,0,0,0
200,448,0,0,0,0
201,449,0,0,0,0
202,450,0,0,0,0
203,451,0,0,0,0
204,452,0,0,0,0
205,452,0,0,0,0
206,452,0,0,0,0
207,453,0,0,0,0
208,454,0,0,0,0
209,455,0,0,0,0
210,456,0,0,0,0
211,457,0,0,0,0
212,458,0,0,0,0
213,459,0,0,0,0
214,460,0,0,0,0
215,461,0,0,0,0
216,461,0,0,0,0
217,462,0,0,0,0
217,463,0,0,0,0
217,464,0,0,0,0
217,465,0,0,0,0
217,466,0,0,0,0
217,467,0,0,0,0
217,468,0,0,0,0
217,469,0,0,0,0
217,470,0,0,0,0
217,471,0,0,0,0
217,472,0,0,0,0
218,473,0,0,0,0
218,474,0,0,0,0
218,475,0,0,0,0
219,476,0,0,0,0
219,477,0,0,0,0
219,477,0,0,0,0
219,478,0,0,0,0
219,478,0,0,0,0
219,479,0,0,0,0
219,480,0,0,0,0
219,480,0,0,0,0
219,481,0,0,0,0
219,482,0,0,0,0
219,482,0,0,0,0
220,483,0,0,0,0
221,484,0,0,0,0
221,485,0,0,0,0
221,486,0,0,0,0
222,487,0,0,0,0
223,488,0,0,0,0
224,489,0,0,0,0
225,490,0,0,0,0
226,491,0,0,0,0
226,492,0,0,0,0
226,493,0,0,0,0
227,494,0,0,0,0
228,494,0,0,0,0
228,495,0,0,0,0
229,496,0,0,0,0
229,497,0,0,0,0
229,498,0,0,0,0
229,499,0,0,0,0
229,500,0,0,0,0
230,501,0,0,0,0
231,502,0,0,0,0
231,503,0,0,0,0
231,504,0,0,0,0
231,505,0,0,0,0
231,506,0,0,0,0
231,507,0,0,0,0
231,507,0,0,0,0
231,508,0,0,0,0
231,509,0,0,0,0
231,510,0,0,0,0
232,511,0,0,0,0
233,512,0,0,0,0
233,513,0,0,0,0
234,514,0,0,0,0
235,515,0,0,0,0
235,516,0,0,0,0
236,517,0,0,0,0
237,518,0,0,0,0
238,519,0,0,0,0
239,520,0,0,0,0
239,521,0,0,0,0
239,522,0,0,0,0
240,523,0,0,0,0
240,524,0,0,0,0
240,525,0,0,0,0
240,526,0,0,0,0
240,527,0,0,0,0
241,528,0,0,0,0
241,529,0,0,0,0
241,530,0,0,0,0
241,531,0,0,0,0
241,531,0,0,0,0
241,532,0,0,0,0
241,533,0,0,0,0
241,534,0,0,0,0
241,535,0,0,0,0
241,536,0,0,0,0
241,536,0,0,0,0
241,536,0,0,0,0
241,537,0,0,0,0
241,538,0,0,0,0
242,539,0,0,0,0
243,540,0,0,0,0
244,540,0,0,0,0
245,541,0,0,0,0
246,542,0,0,0,0
247,542,0,0,0,0
248,543,0,0,0,0
249,544,0,0,0,0
250,545,0,0,0,0
251,546,0,0,0,0
251,547,0,0,0,0
252,548,0,0,0,0
253,549,0,0,0,0
254,550,0,0,0,0
255,551,0,0,0,0
256,551,0,0,0,0
257,552,0,0,0,0
258,553,0,0,0,0
258,554,0,0,0,0
258,555,0,0,0,0
258,556,0,0,0,0
258,556,0,0,0,0
258,557,0,0,0,0
258,558,0,0,0,0
258,559,0,0,0,0
258,560,0,0,0,0
258,561,0,0,0,0
258,562,0,0,0,0
258,562,0,0,0,0
258,562,0,0,0,0
259,563,0,0,0,0
259,564,0,0,0,0
260,565,0,0,0,0
261,566,0,0,0,0
261,567,0,0,0,0
261,567,0,0,0,0
261,568,0,0,0,0
261,568,0,0,0,0
261,569,0,0,0,0
261,570,0,0,0,0
262,571,0,0,0,0
263,572,0,0,0,0
264,573,0,0,0,0
264,574,0,0,0,0
264,575,0,0,0,0
264,575,0,0,0,0
264,575,0,0,0,0
264,576,0,0,0,0
264,577,0,0,0,0
264,578,0,0,0,0
264,579,0,0,0,0
264,580,0,0,0,0
264,581,0,0,0,0
264,582,0,0,0,0
264,583,0,0,0,0
264,584,0,0,0,0
264,585,0,0,0,0
264,586,0,0,0,0
264,587,0,0,0,0
264,588,0,0,0,0
264,589,0,0,0,0
264,590,0,0,0,0
264,591,0,0,0,0
264,592,0,0,0,0
264,593,0,0,0,0
265,594,0,0,0,0
266,595,0,0,0,0
267,596,0,0,0,0
267,597,0,0,0,0
267,598,0,0,0,0
268,599,0,0,0,0
269,600,0,0,0,0
270,601,0,0,0,0
271,602,0,0,0,0
271,603,0,0,0,0
271,604,0,0,0,0
271,605,0,0,0,0
272,606,0,0,0,0
272,607,0,0,0,0
273,608,0,0,0,0
274,609,0,0,0,0
275,610,0,0,0,0
276,611,0,0,0,0
277,612,0,0,0,0
278,613,0,0,0,0
279,614,0,0,0,0
280,615,0,0,0,0
281,616,0,0,0,0
282,617,0,0,0,0
283,618,0,0,0,0
284,619,0,0,0,0
285,620,0,0,0,0
286,620,0,0,0,0
287,621,0,0,0,0
288,622,0,0,0,0
289,623,0,0,0,0
289,624,0,0,0,0
290,625,0,0,0,0
291,626,0,0,0,0
292,627,0,0,0,0
292,628,0,0,0,0
293,629,0,0,0,0
294,630,0,0,0,0
295,631,0,0,0,0
296,632,0,0,0,0
297,633,0,0,0,0
297,634,0,0,0,0
297,635,0,0,0,0
297,636,0,0,0,0
297,637,0,0,0,0
298,637,0,0,0,0
299,638,0,0,0,0
299,639,0,0,0,0
300,640,0,0,0,0
301,641,0,0,0,0
302,642,0,0,0,0
303,643,0,0,0,0
304,644,0,0,0,0
304,645,0,0,0,0
305,646,0,0,0,0
305,647,0,0,0,0
305,648,0,0,0,0
306,649,0,0,0,0
306,650,0,0,0,0
307,651,0,0,0,0
307,651,0,0,0,0
308,652,0,0,0,0
309,653,0,0,0,0
310,654,0,0,0,0
311,655,0,0,0,0
312,656,0,0,0,0
313,657,0,0,0,0
313,658,0,0,0,0
313,659,0,0,0,0
314,660,0,0,0,0
315,661,0,0,0,0
316,662,0,0,0,0
317,663,0,0,0,0
318,664,0,0,0,0
318,665,0,0,0,0
318,666,0,0,0,0
318,667,0,0,0,0
318,668,0,0,0,0
318,668,0,0,0,0
318,669,0,0,0,0
319,670,0,0,0,0
320,671,0,0,0,0
321,672,0,0,0,0
322,673,0,0,0,0
323,674,0,0,0,0
324,675,0,0,0,0
325,676,0,0,0,0
326,677,0,0,0,0
327,678,0,0,0,0
328,679,0,0,0,0
329,679,0,0,0,0
330,680,0,0,0,0
331,681,0,0,0,0
331,681,0,0,0,0
332,682,0,0,0,0
332,683,0,0,0,0
333,684,0,0,0,0
334,685,0,0,0,0
335,686,0,0,0,0
335,687,0,0,0,0
335,688,0,0,0,0
335,689,0,0,0,0
335,690,0,0,0,0
335,691,0,0,0,0
336,692,0,0,0,0
337,693,0,0,0,0
337,693,0,0,0,0
338,694,0,0,0,0
339,695,0,0,0,0
339,695,0,0,0,0
339,695,0,0,0,0
339,695,0,0,0,0
339,695,0,0,0,0
339,695,0,0,0,0
340,696,0,0,0,0
341,697,0,0,0,0
341,697,0,0,0,0
341,697,0,0,0,0
341,697,0,0,0,0
341,697,0,0,0,0
341,697,0,0,0,0
342,698,0,0,0,0
343,699,0,0,0,0
344,700,0,0,0,0
345,701,0,0,0,0
346,702,0,0,0,0
347,703,0,0,0,0
347,704,0,0,0,0
348,705,0,0,0,0
348,706,0,0,0,0
349,707,0,0,0,0
350,708,0,0,0,0
351,709,0,0,0,0
352,710,0,0,0,0
353,711,0,0,0,0
353,712,0,0,0,0
353,713,0,0,0,0
354,714,0,0,0,0
355,715,0,0,0,0
356,716,0,0,0,0
357,717,0,0,0,0
358,718,0,0,0,0
358,718,0,0,0,0
358,719,0,0,0,0
358,719,0,0,0,0
358,720,0,0,0,0
359,721,0,0,0,0
360,721,0,0,0,0
361,722,0,0,0,0
362,723,0,0,0,0
363,724,0,0,0,0
363,725,0,0,0,0
364,726,0,0,0,0
364,727,0,0,0,0
364,727,0,0,0,0
364,728,0,0,0,0
365,729,0,0,0,0
366,730,0,0,0,0
366,731,0,0,0,0
367,732,0,0,0,0
368,733,0,0,0,0
368,734,0,0,0,0
369,735,0,0,0,0
369,736,0,0,0,0
369,737,0,0,0,0
370,738,0,0,0,0
371,739,0,0,0,0
371,740,0,0,0,0
372,741,0,0,0,0
373,742,0,0,0,0
373,743,0,0,0,0
373,744,0,0,0,0
373,745,0,0,0,0
374,745,0,0,0,0
375,746,0,0,0,0
376,747,0,0,0,0
377,748,0,0,0,0
377,749,0,0,0,0
378,750,0,0,0,0
378,751,0,0,0,0
378,752,0,0,0,0
378,753,0,0,0,0
378,754,0,0,0,0
379,755,0,0,0,0
380,756,0,0,0,0
381,757,0,0,0,0
382,758,0,0,0,0
383,759,0,0,0,0
384,760,0,0,0,0
385,761,0,0,0,0
386,761,0,0,0,0
387,762,0,0,0,0
388,763,0,0,0,0
389,764,0,0,0,0
390,765,0,0,0,0
391,766,0,0,0,0
391,766,0,0,0,0
392,767,0,0,0,0
393,768,0,0,0,0
394,769,0,0,0,0
395,770,0,0,0,0
396,771,0,0,0,0
397,772,0,0,0,0
398,773,0,0,0,0
399,774,0,0,0,0
400,775,0,0,0,0
401,776,0,0,0,0
401,777,0,0,0,0
401,778,0,0,0,0
402,779,0,0,0,0
403,780,0,0,0,0
403,781,0,0,0,0
403,782,0,0,0,0
403,783,0,0,0,0
403,784,0,0,0,0
403,785,0,0,0,0
403,786,0,0,0,0
403,787,0,0,0,0
403,788,0,0,0,0
403,789,0,0,0,0
403,790,0,0,0,0
403,791,0,0,0,0
403,792,0,0,0,0
403,793,0,0,0,0
403,794,0,0,0,0
404,795,0,0,0,0
405,796,0,0,0,0
405,796,0,0,0,0
406,797,0,0,0,0
406,798,0,0,0,0
407,799,0,0,0,0
408,800,0,0,0,0
408,801,0,0,0,0
409,802,0,0,0,0
410,803,0,0,0,0
411,804,0,0,0,0
412,805,0,0,0,0
413,806,0,0,0,0
414,807,0,0,0,0
415,808,0,0,0,0
416,809,0,0,0,0
417,810,0,0,0,0
418,811,0,0,0,0
419,812,0,0,0,0
420,813,0,0,0,0
421,814,0,0,0,0
421,815,0,0,0,0
422,816,0,0,0,0
422,817,0,0,0,0
423,818,0,0,0,0
424,819,0,0,0,0
425,820,0,0,0,0
426,821,0,0,0,0
427,822,0,0,0,0
428,823,0,0,0,0
429,824,0,0,0,0
430,825,0,0,0,0
430,826,0,0,0,0
430,827,0,0,0,0
431,828,0,0,0,0
431,829,0,0,0,0
431,830,0,0,0,0
432,831,0,0,0,0
433,832,0,0,0,0
434,833,0,0,0,0
435,834,0,0,0,0
435,835,0,0,0,0
435,836,0,0,0,0
436,837,0,0,0,0
436,838,0,0,0,0
437,839,0,0,0,0
437,839,0,0,0,0
438,840,0,0,0,0
438,841,0,0,0,0
439,842,0,0,0,0
440,843,0,0,0,0
440,844,0,0,0,0
440,845,0,0,0,0
440,846,0,0,0,0
440,847,0,0,0,0
440,848,0,0,0,0
440,849,0,0,0,0
440,850,0,0,0,0
440,851,0,0,0,0
440,852,0,0,0,0
440,852,0,0,0,0
440,853,0,0,0,0
440,854,0,0,0,0
440,855,0,0,0,0
440,856,0,0,0,0
440,857,0,0,0,0
440,858,0,0,0,0
441,859,0,0,0,0
441,860,0,0,0,0
441,860,0,0,0,0
441,861,0,0,0,0
441,862,0,0,0,0
442,863,0,0,0,0
443,864,0,0,0,0
444,865,0,0,0,0
445,866,0,0,0,0
446,867,0,0,0,0
447,868,0,0,0,0
448,869,0,0,0,0
449,870,0,0,0,0
450,871,0,0,0,0
451,872,0,0,0,0
452,873,0,0,0,0
453,874,0,0,0,0
454,875,0,0,0,0
455,876,0,0,0,0
456,877,0,0,0,0
457,878,0,0,0,0
457,879,0,0,0,0
458,879,0,0,0,0
459,880,0,0,0,0
460,881,0,0,0,0
461,882,0,0,0,0
461,883,0,0,0,0
461,884,0,0,0,0
461,885,0,0,0,0
461,886,0,0,0,0
462,887,0,0,0,0
463,888,0,0,0,0
464,889,0,0,0,0
465,890,0,0,0,0
466,891,0,0,0,0
467,892,0,0,0,0
468,893,0,0,0,0
469,893,0,0,0,0
470,894,0,0,0,0
471,895,0,0,0,0
472,896,0,0,0,0
473,897,0,0,0,0
474,898,0,0,0,0
475,899,0,0,0,0
476,900,0,0,0,0
477,900,0,0,0,0
478,901,0,0,0,0
478,902,0,0,0,0
478,903,0,0,0,0
479,904,0,0,0,0
480,905,0,0,0,0
480,906,0,0,0,0
481,907,0,0,0,0
482,908,0,0,0,0
483,909,0,0,0,0
484,910,0,0,0,0
485,911,0,0,0,0
486,912,0,0,0,0
487,913,0,0,0,0
488,914,0,0,0,0
489,915,0,0,0,0
490,916,0,0,0,0
491,917,0,0,0,0
492,918,0,0,0,0
493,919,0,0,0,0
494,920,0,0,0,0
495,921,0,0,0,0
496,922,0,0,0,0
497,923,0,0,0,0
498,924,0,0,0,0
499,925,0,0,0,0
499,926,0,0,0,0
499,927,0,0,0,0
499,928,0,0,0,0
499,929,0,0,0,0
499,930,0,0,0,0
499,931,0,0,0,0
499,932,0,0,0,0
499,933,0,0,0,0
500,934,0,0,0,0
500,935,0,0,0,0
500,936,0,0,0,0
501,937,0,0,0,0
502,938,0,0,0,0
503,939,0,0,0,0
504,939,0,0,0,0
505,940,0,0,0,0
506,941,0,0,0,0
507,942,0,0,0,0
508,943,0,0,0,0
509,944,0,0,0,0
509,944,0,0,0,0
510,945,0,0,0,0
511,945,0,0,0,0
512,946,0,0,0,0
513,947,0,0,0,0
514,948,0,0,0,0
515,949,0,0,0,0
516,950,0,0,0,0
517,951,0,0,0,0
518,952,0,0,0,0
519,953,0,0,0,0
520,954,0,0,0,0
520,955,0,0,0,0
520,956,0,0,0,0
520,957,0,0,0,0
520,958,0,0,0,0
520,959,0,0,0,0
520,960,0,0,0,0
520,961,0,0,0,0
520,962,0,0,0,0
520,963,0,0,0,0
520,964,0,0,0,0
521,965,0,0,0,0
522,966,0,0,0,0
522,967,0,0,0,0
522,968,0,0,0,0
522,969,0,0,0,0
523,970,0,0,0,0
524,971,0,0,0,0
525,972,0,0,0,0
525,972,0,0,0,0
526,973,0,0,0,0
527,974,0,0,0,0
528,975,0,0,0,0
529,976,0,0,0,0
530,977,0,0,0,0
530,978,0,0,0,0
530,979,0,0,0,0
531,980,0,0,0,0
532,981,0,0,0,0
533,982,0,0,0,0
534,983,0,0,0,0
534,984,0,0,0,0
534,985,0,0,0,0
534,986,0,0,0,0
534,987,0,0,0,0
534,988,0,0,0,0
535,989,0,0,0,0
536,990,0,0,0,0
536,991,0,0,0,0
536,992,0,0,0,0
537,993,0,0,0,0
538,994,0,0,0,0
539,995,0,0,0,0
540,996,0,0,0,0
540,997,0,0,0,0
541,997,0,0,0,0
542,998,0,0,0,0
543,999,0,0,0,0
544,1000,0,0,0,0
544,1001,0,0,0,0
544,1002,0,0,0,0
544,1002,0,0,0,0
544,1003,0,0,0,0
544,1004,0,0,0,0
544,1005,0,0,0,0
544,1006,0,0,0,0
545,1007,0,0,0,0
546,1008,0,0,0,0
547,1009,0,0,0,0
548,1010,0,0,0,0
549,1011,0,0,0,0
550,1012,0,0,0,0
551,1013,0,0,0,0
552,1014,0,0,0,0
553,1015,0,0,0,0
554,1016,0,0,0,0
555,1017,0,0,0,0
556,1018,0,0,0,0
557,1019,0,0,0,0
558,1020,0,0,0,0
558,1021,0,0,0,0
558,1022,0,0,0,0
558,1023,0,0,0,0
558,1024,0,0,0,0
558,1025,0,0,0,0
558,1026,0,0,0,0
558,1027,0,0,0,0
558,1028,0,0,0,0
558,1029,0,0,0,0
558,1030,0,0,0,0
559,1031,0,0,0,0
560,1032,0,0,0,0
561,1033,0,0,0,0
562,1034,0,0,0,0
563,1035,0,0,0,0
563,1036,0,0,0,0
563,1037,0,0,0,0
563,1037,0,0,0,0
563,1038,0,0,0,0
563,1038,0,0,0,0
563,1039,0,0,0,0
563,1040,0,0,0,0
563,1041,0,0,0,0
563,1042,0,0,0,0
563,1043,0,0,0,0
563,1043,0,0,0,0
563,1044,0,0,0,0
563,1045,0,0,0,0
564,1046,0,0,0,0
565,1047,0,0,0,0
566,1048,0,0,0,0
566,1049,0,0,0,0
566,1050,0,0,0,0
566,1051,0,0,0,0
566,1052,0,0,0,0
566,1053,0,0,0,0
567,1054,0,0,0,0
568,1055,0,0,0,0
568,1056,0,0,0,0
568,1057,0,0,0,0
568,1058,0,0,0,0
568,1059,0,0,0,0
568,1060,0,0,0,0
568,1061,0,0,0,0
568,1061,0,0,0,0
568,1061,0,0,0,0
568,1061,0,0,0,0
568,1061,0,0,0,0
568,1062,0,0,0,0
568,1063,0,0,0,0
568,1064,0,0,0,0
568,1064,0,0,0,0
568,1065,0,0,0,0
568,1066,0,0,0,0
568,1067,0,0,0,0
568,1068,0,0,0,0
568,1069,0,0,0,0
568,1070,0,0,0,0
568,1071,0,0,0,0
568,1072,0,0,0,0
568,1073,0,0,0,0
568,1074,0,0,0,0
568,1075,0,0,0,0
568,1076,0,0,0,0
568,1077,0,0,0,0
568,1078,0,0,0,0
568,1079,0,0,0,0
568,1080,0,0,0,0
568,1081,0,0,0,0
568,1082,0,0,0,0
568,1083,0,0,0,0
569,1084,0,0,0,0
569,1085,0,0,0,0
569,1086,0,0,0,0
569,1087,0,0,0,0
569,1088,0,0,0,0
569,1089,0,0,0,0
569,1090,0,0,0,0
570,1091,0,0,0,0
570,1092,0,0,0,0
570,1092,0,0,0,0
570,1093,0,0,0,0
570,1094,0,0,0,0
570,1095,0,0,0,0
570,1095,0,0,0,0
571,1096,0,0,0,0
572,1097,0,0,0,0
573,1098,0,0,0,0
574,1099,0,0,0,0
574,1100,0,0,0,0
574,1101,0,0,0,0
574,1102,0,0,0,0
574,1103,0,0,0,0
574,1104,0,0,0,0
574,1105,0,0,0,0
575,1106,0,0,0,0
575,1107,0,0,0,0
575,1107,0,0,0,0
575,1108,0,0,0,0
575,1109,0,0,0,0
575,1110,0,0,0,0
576,1111,0,0,0,0
577,1112,0,0,0,0
578,1113,0,0,0,0
579,1114,0,0,0,0
579,1115,0,0,0,0
580,1116,0,0,0,0
580,1116,0,0,0,0
581,1117,0,0,0,0
582,1118,0,0,0,0
582,1118,0,0,0,0
583,1119,0,0,0,0
584,1120,0,0,0,0
585,1121,0,0,0,0
586,1122,0,0,0,0
587,1123,0,0,0,0
588,1124,0,0,0,0
589,1125,0,0,0,0
589,1125,0,0,0,0
589,1126,0,0,0,0
589,1127,0,0,0,0
589,1128,0,0,0,0
589,1129,0,0,0,0
589,1130,0,0,0,0
589,1130,0,0,0,0
589,1131,0,0,0,0
589,1131,0,0,0,0
589,1131,0,0,0,0
589,1131,0,0,0,0
589,1131,0,0,0,0
590,1132,0,0,0,0
591,1133,0,0,0,0
592,1134,0,0,0,0
593,1135,0,0,0,0
594,1136,0,0,0,0
595,1137,0,0,0,0
596,1138,0,0,0,0
596,1139,0,0,0,0
596,1140,0,0,0,0
596,1141,0,0,0,0
596,1142,0,0,0,0
596,1143,0,0,0,0
596,1143,0,0,0,0
597,1144,0,0,0,0
597,1145,0,0,0,0
597,1146,0,0,0,0
597,1147,0,0,0,0
597,1148,0,0,0,0
597,1149,0,0,0,0
598,1150,0,0,0,0
598,1151,0,0,0,0
599,1152,0,0,0,0
600,1153,0,0,0,0
601,1154,0,0,0,0
602,1155,0,0,0,0
602,1156,0,0,0,0
602,1157,0,0,0,0
603,1158,0,0,0,0
604,1159,0,0,0,0
605,1160,0,0,0,0
606,1161,0,0,0,0
606,1162,0,0,0,0
606,1163,0,0,0,0
607,1164,0,0,0,0
607,1165,0,0,0,0
608,1166,0,0,0,0
609,1167,0,0,0,0
609,1168,0,0,0,0
609,1169,0,0,0,0
609,1170,0,0,0,0
609,1170,0,0,0,0
609,1170,0,0,0,0
609,1171,0,0,0,0
609,1172,0,0,0,0
609,1173,0,0,0,0
609,1174,0,0,0,0
609,1175,0,0,0,0
610,1176,0,0,0,0
610,1177,0,0,0,0
611,1178,0,0,0,0
611,1178,0,0,0,0
612,1179,0,0,0,0
613,1180,0,0,0,0
613,1181,0,0,0,0
613,1182,0,0,0,0
613,1183,0,0,0,0
613,1184,0,0,0,0
613,1185,0,0,0,0
613,1186,0,0,0,0
614,1187,0,0,0,0
615,1188,0,0,0,0
616,1189,0,0,0,0
616,1190,0,0,0,0
616,1191,0,0,0,0
616,1192,0,0,0,0
616,1193,0,0,0,0
617,1194,0,0,0,0
618,1195,0,0,0,0
619,1196,0,0,0,0
620,1197,0,0,0,0
621,1198,0,0,0,0
622,1199,0,0,0,0
623,1200,0,0,0,0
624,1201,0,0,0,0
625,1202,0,0,0,0
626,1203,0,0,0,0
626,1203,0,0,0,0
627,1204,0,0,0,0
628,1205,0,0,0,0
629,1206,0,0,0,0
630,1207,0,0,0,0
631,1208,0,0,0,0
632,1209,0,0,0,0
633,1210,0,0,0,0
633,1211,0,0,0,0
633,1212,0,0,0,0
633,1213,0,0,0,0
633,1214,0,0,0,0
634,1215,0,0,0,0
635,1216,0,0,0,0
636,1217,0,0,0,0
637,1218,0,0,0,0
638,1219,0,0,0,0
638,1219,0,0,0,0
639,1220,0,0,0,0
640,1221,0,0,0,0
641,1222,0,0,0,0
642,1223,0,0,0,0
642,1224,0,0,0,0
643,1225,0,0,0,0
644,1226,0,0,0,0
645,1227,0,0,0,0
646,1228,0,0,0,0
647,1229,0,0,0,0
648,1230,0,0,0,0
649,1231,0,0,0,0
650,1232,0,0,0,0
651,1233,0,0,0,0
652,1234,0,0,0,0
652,1235,0,0,0,0
653,1235,0,0,0,0
654,1236,0,0,0,0
654,1237,0,0,0,0
654,1238,0,0,0,0
654,1239,0,0,0,0
654,1240,0,0,0,0
655,1241,0,0,0,0
656,1242,0,0,0,0
656,1243,0,0,0,0
656,1244,0,0,0,0
657,1245,0,0,0,0
657,1246,0,0,0,0
658,1247,0,0,0,0
658,1248,0,0,0,0
658,1249,0,0,0,0
658,1250,0,0,0,0
658,1251,0,0,0,0
658,1252,0,0,0,0
659,1253,0,0,0,0
659,1254,0,0,0,0
660,1255,0,0,0,0
661,1256,0,0,0,0
661,1257,0,0,0,0
662,1258,0,0,0,0
663,1259,0,0,0,0
664,1260,0,0,0,0
665,1261,0,0,0,0
666,1262,0,0,0,0
667,1263,0,0,0,0
668,1264,0,0,0,0
669,1265,0,0,0,0
670,1266,0,0,0,0
670,1267,0,0,0,0
671,1268,0,0,0,0
671,1268,0,0,0,0
671,1269,0,0,0,0
671,1270,0,0,0,0
672,1271,0,0,0,0
673,1272,0,0,0,0
674,1273,0,0,0,0
675,1274,0,0,0,0
676,1275,0,0,0,0
677,1276,0,0,0,0
677,1277,0,0,0,0
677,1278,0,0,0,0
678,1279,0,0,0,0
679,1280,0,0,0,0
680,1280,0,0,0,0
681,1281,0,0,0,0
682,1282,0,0,0,0
683,1283,0,0,0,0
684,1283,0,0,0,0
685,1284,0,0,0,0
686,1285,0,0,0,0
687,1286,0,0,0,0
688,1287,0,0,0,0
689,1288,0,0,0,0
690,1289,0,0,0,0
691,1290,0,0,0,0
692,1291,0,0,0,0
693,1292,0,0,0,0
694,1293,0,0,0,0
695,1294,0,0,0,0
696,1295,0,0,0,0
697,1296,0,0,0,0
698,1297,0,0,0,0
698,1298,0,0,0,0
699,1299,0,0,0,0
699,1300,0,0,0,0
700,1301,0,0,0,0
701,1302,0,0,0,0
702,1303,0,0,0,0
702,1304,0,0,0,0
703,1305,0,0,0,0
704,1306,0,0,0,0
705,1307,0,0,0,0
705,1308,0,0,0,0
705,1309,0,0,0,0
706,1310,0,0,0,0
707,1311,0,0,0,0
707,1312,0,0,0,0
708,1313,0,0,0,0
708,1313,0,0,0,0
708,1314,0,0,0,0
708,1315,0,0,0,0
708,1316,0,0,0,0
708,1317,0,0,0,0
708,1318,0,0,0,0
708,1319,0,0,0,0
708,1319,0,0,0,0
708,1320,0,0,0,0
709,1321,0,0,0,0
709,1322,0,0,0,0
709,1323,0,0,0,0
710,1324,0,0,0,0
711,1325,0,0,0,0
712,1326,0,0,0,0
713,1327,0,0,0,0
714,1328,0,0,0,0
715,1329,0,0,0,0
716,1330,0,0,0,0
717,1331,0,0,0,0
717,1332,0,0,0,0
717,1333,0,0,0,0
717,1334,0,0,0,0
717,1335,0,0,0,0
717,1336,0,0,0,0
717,1337,0,0,0,0
717,1337,0,0,0,0
717,1338,0,0,0,0
717,1338,0,0,0,0
717,1339,0,0,0,0
717,1340,0,0,0,0
717,1340,0,0,0,0
717,1341,0,0,0,0
717,1342,0,0,0,0
717,1343,0,0,0,0
717,1344,0,0,0,0
718,1345,0,0,0,0
719,1346,0,0,0,0
719,1347,0,0,0,0
719,1348,0,0,0,0
719,1349,0,0,0,0
719,1350,0,0,0,0
719,1351,0,0,0,0
719,1352,0,0,0,0
719,1353,0,0,0,0
719,1354,0,0,0,0
719,1355,0,0,0,0
719,1356,0,0,0,0
720,1357,0,0,0,0
720,1358,0,0,0,0
720,1359,0,0,0,0
720,1360,0,0,0,0
720,1360,0,0,0,0
720,1360,0,0,0,0
720,1361,0,0,0,0
720,1362,0,0,0,0
720,1363,0,0,0,0
720,1364,0,0,0,0
720,1365,0,0,0,0
720,1366,0,0,0,0
720,1367,0,0,0,0
720,1368,0,0,0,0
720,1368,0,0,0,0
720,1369,0,0,0,0
720,1369,0,0,0,0
720,1369,0,0,0,0
720,1370,0,0,0,0
720,1371,0,0,0,0
720,1371,0,0,0,0
720,1372,0,0,0,0
721,1373,0,0,0,0
722,1374,0,0,0,0
723,1375,0,0,0,0
724,1376,0,0,0,0
725,1377,0,0,0,0
726,1378,0,0,0,0
726,1379,0,0,0,0
726,1380,0,0,0,0
726,1381,0,0,0,0
726,1382,0,0,0,0
726,1383,0,0,0,0
727,1384,0,0,0,0
728,1385,0,0,0,0
729,1386,0,0,0,0
730,1387,0,0,0,0
730,1388,0,0,0,0
730,1389,0,0,0,0
730,1390,0,0,0,0
730,1391,0,0,0,0
730,1392,0,0,0,0
730,1392,0,0,0,0
730,1393,0,0,0,0
730,1394,0,0,0,0
730,1394,0,0,0,0
730,1395,0,0,0,0
730,1395,0,0,0,0
730,1396,0,0,0,0
730,1397,0,0,0,0
730,1398,0,0,0,0
730,1399,0,0,0,0
730,1400,0,0,0,0
731,1401,0,0,0,0
732,1402,0,0,0,0
732,1402,0,0,0,0
732,1403,0,0,0,0
732,1404,0,0,0,0
732,1405,0,0,0,0
732,1406,0,0,0,0
732,1407,0,0,0,0
732,1408,0,0,0,0
732,1409,0,0,0,0
732,1410,0,0,0,0
732,1411,0,0,0,0
732,1412,0,0,0,0
732,1413,0,0,0,0
732,1414,0,0,0,0
732,1415,0,0,0,0
732,1416,0,0,0,0
732,1417,0,0,0,0
732,1418,0,0,0,0
732,1419,0,0,0,0
732,1420,0,0,0,0
733,1421,0,0,0,0
734,1422,0,0,0,0
735,1423,0,0,0,0
736,1424,0,0,0,0
736,1424,0,0,0,0
737,1425,0,0,0,0
738,1426,0,0,0,0
739,1427,0,0,0,0
740,1428,0,0,0,0
741,1429,0,0,0,0
742,1430,0,0,0,0
743,1431,0,0,0,0
744,1432,0,0,0,0
745,1433,0,0,0,0
746,1434,0,0,0,0
746,1435,0,0,0,0
746,1436,0,0,0,0
746,1437,0,0,0,0
746,1438,0,0,0,0
746,1439,0,0,0,0
746,1439,0,0,0,0
746,1440,0,0,0,0
746,1441,0,0,0,0
746,1442,0,0,0,0
746,1443,0,0,0,0
747,1444,0,0,0,0
748,1445,0,0,0,0
748,1446,0,0,0,0
748,1447,0,0,0,0
749,1448,0,0,0,0
750,1449,0,0,0,0
751,1450,0,0,0,0
752,1451,0,0,0,0
753,1452,0,0,0,0
754,1453,0,0,0,0
755,1454,0,0,0,0
756,1455,0,0,0,0
757,1456,0,0,0,0
758,1457,0,0,0,0
759,1458,0,0,0,0
760,1459,0,0,0,0
761,1460,0,0,0,0
762,1461,0,0,0,0
763,1462,0,0,0,0
764,1463,0,0,0,0
764,1464,0,0,0,0
764,1465,0,0,0,0
764,1466,0,0,0,0
764,1467,0,0,0,0
764,1468,0,0,0,0
765,1469,0,0,0,0
765,1470,0,0,0,0
765,1471,0,0,0,0
765,1472,0,0,0,0
765,1473,0,0,0,0
765,1474,0,0,0,0
765,1475,0,0,0,0
765,1476,0,0,0,0
766,1477,0,0,0,0
766,1478,0,0,0,0
767,1479,0,0,0,0
767,1480,0,0,0,0
767,1481,0,0,0,0
767,1482,0,0,0,0
768,1483,0,0,0,0
769,1484,0,0,0,0
769,1485,0,0,0,0
770,1486,0,0,0,0
771,1487,0,0,0,0
772,1488,0,0,0,0
773,1489,0,0,0,0
774,1490,0,0,0,0
775,1491,0,0,0,0
775,1491,0,0,0,0
776,1492,0,0,0,0
777,1493,0,0,0,0
778,1494,0,0,0,0
779,1495,0,0,0,0
779,1496,0,0,0,0
779,1497,0,0,0,0
780,1498,0,0,0,0
780,1498,0,0,0,0
780,1498,0,0,0,0
781,1499,0,0,0,0
782,1500,0,0,0,0
782,1500,0,0,0,0
782,1500,0,0,0,0
782,1501,0,0,0,0
782,1501,0,0,0,0
782,1502,0,0,0,0
782,1503,0,0,0,0
783,1504,0,0,0,0
784,1505,0,0,0,0
784,1506,0,0,0,0
785,1507,0,0,0,0
786,1508,0,0,0,0
787,1509,0,0,0,0
788,1510,0,0,0,0
789,1511,0,0,0,0
790,1512,0,0,0,0
791,1513,0,0,0,0
792,1514,0,0,0,0
793,1515,0,0,0,0
793,1515,0,0,0,0
793,1515,0,0,0,0
793,1515,0,0,0,0
793,1516,0,0,0,0
794,1517,0,0,0,0
795,1518,0,0,0,0
796,1519,0,0,0,0
797,1520,0,0,0,0
798,1521,0,0,0,0
799,1522,0,0,0,0
800,1523,0,0,0,0
800,1524,0,0,0,0
800,1525,0,0,0,0
800,1526,0,0,0,0
801,1527,0,0,0,0
802,1528,0,0,0,0
803,1529,0,0,0,0
804,1530,0,0,0,0
804,1531,0,0,0,0
805,1532,0,0,0,0
805,1533,0,0,0,0
805,1534,0,0,0,0
806,1535,0,0,0,0
807,1535,0,0,0,0
807,1535,0,0,0,0
808,1536,0,0,0,0
809,1537,0,0,0,0
809,1537,0,0,0,0
809,1538,0,0,0,0
809,1539,0,0,0,0
809,1539,0,0,0,0
810,1540,0,0,0,0
811,1541,0,0,0,0
811,1542,0,0,0,0
811,1543,0,0,0,0
811,1544,0,0,0,0
811,1545,0,0,0,0
811,1546,0,0,0,0
811,1547,0,0,0,0
811,1548,0,0,0,0
811,1548,0,0,0,0
811,1549,0,0,0,0
811,1550,0,0,0,0
811,1551,0,0,0,0
812,1552,0,0,0,0
813,1553,0,0,0,0
814,1554,0,0,0,0
814,1555,0,0,0,0
814,1556,0,0,0,0
815,1557,0,0,0,0
815,1558,0,0,0,0
816,1559,0,0,0,0
816,1560,0,0,0,0
816,1561,0,0,0,0
816,1562,0,0,0,0
816,1563,0,0,0,0
816,1564,0,0,0,0
816,1565,0,0,0,0
816,1566,0,0,0,0
816,1567,0,0,0,0
817,1568,0,0,0,0
817,1569,0,0,0,0
818,1569,0,0,0,0
818,1570,0,0,0,0
818,1571,0,0,0,0
818,1572,0,0,0,0
818,1573,0,0,0,0
818,1573,0,0,0,0
819,1574,0,0,0,0
819,1575,0,0,0,0
820,1576,0,0,0,0
820,1577,0,0,0,0
820,1578,0,0,0,0
821,1579,0,0,0,0
821,1580,0,0,0,0
821,1581,0,0,0,0
821,1582,0,0,0,0
821,1583,0,0,0,0
821,1584,0,0,0,0
821,1585,0,0,0,0
821,1586,0,0,0,0
821,1587,0,0,0,0
821,1588,0,0,0,0
821,1589,0,0,0,0
821,1590,0,0,0,0
821,1591,0,0,0,0
821,1592,0,0,0,0
821,1593,0,0,0,0
822,1594,0,0,0,0
823,1595,0,0,0,0
824,1595,0,0,0,0
825,1596,0,0,0,0
825,1597,0,0,0,0
825,1598,0,0,0,0
825,1599,0,0,0,0
825,1600,0,0,0,0
825,1601,0,0,0,0
825,1602,0,0,0,0
825,1603,0,0,0,0
825,1604,0,0,0,0
825,1605,0,0,0,0
825,1606,0,0,0,0
825,1607,0,0,0,0
825,1608,0,0,0,0
825,1609,0,0,0,0
825,1610,0,0,0,0
825,1610,0,0,0,0
825,1611,0,0,0,0
825,1612,0,0,0,0
825,1613,0,0,0,0
825,1614,0,0,0,0
825,1615,0,0,0,0
825,1616,0,0,0,0
825,1617,0,0,0,0
825,1618,0,0,0,0
825,1619,0,0,0,0
825,1620,0,0,0,0
825,1621,0,0,0,0
825,1622,0,0,0,0
825,1623,0,0,0,0
825,1624,0,0,0,0
825,1625,0,0,0,0
826,1626,0,0,0,0
826,1627,0,0,0,0
826,1628,0,0,0,0
826,1629,0,0,0,0
826,1630,0,0,0,0
826,1631,0,0,0,0
826,1632,0,0,0,0
827,1633,0,0,0,0
827,1634,0,0,0,0
828,1635,0,0,0,0
828,1636,0,0,0,0
828,1637,0,0,0,0
828,1637,0,0,0,0
828,1637,0,0,0,0
828,1638,0,0,0,0
829,1639,0,0,0,0
830,1640,0,0,0,0
830,1641,0,0,0,0
830,1642,0,0,0,0
830,1643,0,0,0,0
830,1644,0,0,0,0
830,1645,0,0,0,0
830,1646,0,0,0,0
830,1647,0,0,0,0
830,1648,0,0,0,0
830,1649,0,0,0,0
830,1650,0,0,0,0
830,1651,0,0,0,0
830,1652,0,0,0,0
830,1653,0,0,0,0
830,1654,0,0,0,0
831,1655,0,0,0,0
832,1656,0,0,0,0
832,1657,0,0,0,0
832,1658,0,0,0,0
832,1659,0,0,0,0
832,1660,0,0,0,0
832,1661,0,0,0,0
832,1662,0,0,0,0
832,1663,0,0,0,0
832,1664,0,0,0,0
832,1665,0,0,0,0
832,1665,0,0,0,0
833,1666,0,0,0,0
834,1667,0,0,0,0
835,1668,0,0,0,0
836,1669,0,0,0,0
837,1670,0,0,0,0
838,1671,0,0,0,0
839,1672,0,0,0,0
840,1673,0,0,0,0
841,1674,0,0,0,0
842,1675,0,0,0,0
843,1676,0,0,0,0
844,1677,0,0,0,0
845,1678,0,0,0,0
846,1679,0,0,0,0
847,1680,0,0,0,0
847,1680,0,0,0,0
847,1680,0,0,0,0
848,1681,0,0,0,0
849,1682,0,0,0,0
849,1683,0,0,0,0
849,1684,0,0,0,0
849,1685,0,0,0,0
849,1686,0,0,0,0
849,1687,0,0,0,0
849,1688,0,0,0,0
849,1689,0,0,0,0
849,1690,0,0,0,0
849,1691,0,0,0,0
849,1692,0,0,0,0
849,1693,0,0,0,0
849,1694,0,0,0,0
849,1695,0,0,0,0
849,1696,0,0,0,0
850,1697,0,0,0,0
851,1698,0,0,0,0
851,1699,0,0,0,0
851,1700,0,0,0,0
851,1700,0,0,0,0
851,1701,0,0,0,0
851,1702,0,0,0,0
851,1703,0,0,0,0
852,1704,0,0,0,0
853,1705,0,0,0,0
853,1706,0,0,0,0
853,1707,0,0,0,0
853,1708,0,0,0,0
854,1709,0,0,0,0
855,1710,0,0,0,0
856,1711,0,0,0,0
857,1712,0,0,0,0
858,1713,0,0,0,0
859,1714,0,0,0,0
860,1715,0,0,0,0
861,1716,0,0,0,0
862,1717,0,0,0,0
863,1718,0,0,0,0
864,1719,0,0,0,0
865,1720,0,0,0,0
865,1721,0,0,0,0
865,1722,0,0,0,0
866,1723,0,0,0,0
867,1724,0,0,0,0
868,1725,0,0,0,0
868,1725,0,0,0,0
869,1726,0,0,0,0
869,1727,0,0,0,0
870,1728,0,0,0,0
871,1729,0,0,0,0
872,1730,0,0,0,0
873,1731,0,0,0,0
874,1732,0,0,0,0
875,1733,0,0,0,0
876,1734,0,0,0,0
876,1735,0,0,0,0
876,1736,0,0,0,0
876,1737,0,0,0,0
876,1737,0,0,0,0
876,1738,0,0,0,0
877,1739,0,0,0,0
878,1740,0,0,0,0
879,1741,0,0,0,0
880,1742,0,0,0,0
881,1743,0,0,0,0
882,1744,0,0,0,0
883,1745,0,0,0,0
884,1746,0,0,0,0
885,1747,0,0,0,0
885,1748,0,0,0,0
886,1749,0,0,0,0
887,1750,0,0,0,0
888,1751,0,0,0,0
889,1752,0,0,0,0
889,1753,0,0,0,0
890,1754,0,0,0,0
891,1755,0,0,0,0
892,1755,0,0,0,0
892,1755,0,0,0,0
893,1756,0,0,0,0
894,1757,0,0,0,0
895,1758,0,0,0,0
896,1759,0,0,0,0
896,1760,0,0,0,0
897,1761,0,0,0,0
898,1762,0,0,0,0
898,1763,0,0,0,0
898,1764,0,0,0,0
898,1765,0,0,0,0
898,1765,0,0,0,0
898,1765,0,0,0,0
899,1766,0,0,0,0
900,1767,0,0,0,0
901,1768,0,0,0,0
902,1769,0,0,0,0
902,1770,0,0,0,0
903,1771,0,0,0,0
904,1772,0,0,0,0
905,1773,0,0,0,0
905,1774,0,0,0,0
906,1775,0,0,0,0
907,1776,0,0,0,0
907,1777,0,0,0,0
908,1778,0,0,0,0
909,1779,0,0,0,0
909,1780,0,0,0,0
909,1781,0,0,0,0
910,1782,0,0,0,0
911,1783,0,0,0,0
911,1784,0,0,0,0
911,1785,0,0,0,0
912,1786,0,0,0,0
913,1787,0,0,0,0
914,1788,0,0,0,0
915,1789,0,0,0,0
915,1790,0,0,0,0
915,1791,0,0,0,0
916,1792,0,0,0,0
917,1793,0,0,0,0
918,1794,0,0,0,0
919,1795,0,0,0,0
919,1796,0,0,0,0
919,1797,0,0,0,0
919,1798,0,0,0,0
919,1799,0,0,0,0
919,1800,0,0,0,0
919,1801,0,0,0,0
919,1802,0,0,0,0
919,1803,0,0,0,0
920,1804,0,0,0,0
921,1805,0,0,0,0
922,1806,0,0,0,0
923,1807,0,0,0,0
924,1808,0,0,0,0
925,1809,0,0,0,0
926,1810,0,0,0,0
926,1811,0,0,0,0
926,1812,0,0,0,0
926,1813,0,0,0,0
926,1814,0,0,0,0
927,1815,0,0,0,0
927,1815,0,0,0,0
928,1816,0,0,0,0
929,1817,0,0,0,0
930,1817,0,0,0,0
931,1818,0,0,0,0
932,1819,0,0,0,0
933,1820,0,0,0,0
933,1821,0,0,0,0
934,1822,0,0,0,0
935,1823,0,0,0,0
936,1824,0,0,0,0
937,1825,0,0,0,0
938,1826,0,0,0,0
939,1827,0,0,0,0
940,1828,0,0,0,0
941,1829,0,0,0,0
942,1830,0,0,0,0
943,1831,0,0,0,0
944,1832,0,0,0,0
945,1833,0,0,0,0
946,1834,0,0,0,0
947,1835,0,0,0,0
948,1836,0,0,0,0
949,1837,0,0,0,0
949,1838,0,0,0,0
949,1839,0,0,0,0
949,1840,0,0,0,0
949,1841,0,0,0,0
949,1842,0,0,0,0
949,1843,0,0,0,0
949,1844,0,0,0,0
949,1845,0,0,0,0
949,1846,0,0,0,0
949,1847,0,0,0,0
949,1848,0,0,0,0
949,1849,0,0,0,0
949,1850,0,0,0,0
950,1851,0,0,0,0
951,1852,0,0,0,0
952,1853,0,0,0,0
953,1854,0,0,0,0
954,1855,0,0,0,0
955,1856,0,0,0,0
956,1857,0,0,0,0
956,1858,0,0,0,0
957,1859,0,0,0,0
958,1860,0,0,0,0
959,1861,0,0,0,0
959,1862,0,0,0,0
959,1863,0,0,0,0
959,1864,0,0,0,0
959,1864,0,0,0,0
959,1864,0,0,0,0
959,1865,0,0,0,0
959,1866,0,0,0,0
959,1867,0,0,0,0
959,1868,0,0,0,0
959,1869,0,0,0,0
959,1870,0,0,0,0
960,1871,0,0,0,0
961,1872,0,0,0,0
961,1873,0,0,0,0
961,1874,0,0,0,0
961,1875,0,0,0,0
961,1876,0,0,0,0
961,1877,0,0,0,0
961,1878,0,0,0,0
961,1879,0,0,0,0
961,1880,0,0,0,0
961,1881,0,0,0,0
961,1882,0,0,0,0
961,1883,0,0,0,0
961,1884,0,0,0,0
962,1885,0,0,0,0
963,1886,0,0,0,0
963,1887,0,0,0,0
963,1888,0,0,0,0
963,1889,0,0,0,0
963,1890,0,0,0,0
964,1891,0,0,0,0
965,1892,0,0,0,0
965,1893,0,0,0,0
965,1893,0,0,0,0
965,1894,0,0,0,0
965,1895,0,0,0,0
965,1896,0,0,0,0
965,1897,0,0,0,0
966,1898,0,0,0,0
967,1899,0,0,0,0
968,1900,0,0,0,0
969,1900,0,0,0,0
970,1901,0,0,0,0
970,1902,0,0,0,0
970,1903,0,0,0,0
970,1904,0,0,0,0
970,1905,0,0,0,0
970,1906,0,0,0,0
970,1907,0,0,0,0
970,1908,0,0,0,0
970,1909,0,0,0,0
970,1910,0,0,0,0
970,1911,0,0,0,0
970,1912,0,0,0,0
970,1913,0,0,0,0
970,1914,0,0,0,0
970,1915,0,0,0,0
970,1916,0,0,0,0
970,1917,0,0,0,0
970,1918,0,0,0,0
970,1919,0,0,0,0
970,1920,0,0,0,0
970,1920,0,0,0,0
970,1921,0,0,0,0
970,1922,0,0,0,0
971,1922,0,0,0,0
971,1923,0,0,0,0
971,1924,0,0,0,0
971,1925,0,0,0,0
972,1926,0,0,0,0
973,1927,0,0,0,0
974,1928,0,0,0,0
975,1929,0,0,0,0
976,1930,0,0,0,0
977,1931,0,0,0,0
978,1932,0,0,0,0
979,1933,0,0,0,0
980,1934,0,0,0,0
981,1935,0,0,0,0
981,1936,0,0,0,0
981,1937,0,0,0,0
981,1938,0,0,0,0
981,1939,0,0,0,0
982,1940,0,0,0,0
983,1941,0,0,0,0
984,1942,0,0,0,0
984,1943,0,0,0,0
985,1944,0,0,0,0
986,1945,0,0,0,0
987,1946,0,0,0,0
988,1947,0,0,0,0
989,1948,0,0,0,0
990,1949,0,0,0,0
990,1949,0,0,0,0
991,1950,0,0,0,0
991,1951,0,0,0,0
991,1952,0,0,0,0
991,1952,0,0,0,0
991,1953,0,0,0,0
992,1954,0,0,0,0
992,1955,0,0,0,0
992,1956,0,0,0,0
992,1957,0,0,0,0
992,1958,0,0,0,0
992,1959,0,0,0,0
992,1959,0,0,0,0
992,1960,0,0,0,0
993,1961,0,0,0,0
993,1962,0,0,0,0
994,1963,0,0,0,0
995,1964,0,0,0,0
995,1965,0,0,0,0
995,1966,0,0,0,0
995,1967,0,0,0,0
995,1968,0,0,0,0
995,1969,0,0,0,0
995,1970,0,0,0,0
995,1971,0,0,0,0
995,1972,0,0,0,0
995,1973,0,0,0,0
995,1974,0,0,0,0
995,1975,0,0,0,0
995,1976,0,0,0,0
995,1977,0,0,0,0
996,1978,0,0,0,0
997,1979,0,0,0,0
998,1980,0,0,0,0
998,1981,0,0,0,0
998,1982,0,0,0,0
998,1983,0,0,0,0
998,1984,0,0,0,0
998,1985,0,0,0,0
998,1986,0,0,0,0
998,1987,0,0,0,0
998,1988,0,0,0,0
998,1989,0,0,0,0
998,1990,0,0,0,0
998,1991,0,0,0,0
998,1992,0,0,0,0
998,1993,0,0,0,0
998,1994,0,0,0,0
999,1995,0,0,0,0
1000,1996,0,0,0,0
1001,1997,0,0,0,0
1002,1998,0,0,0,0
1002,1998,0,0,0,0
1003,1999,0,0,0,0
1004,2000,0,0,0,0
1005,2000,0,0,0,0
1006,2001,0,0,0,0
1007,2002,0,0,0,0
1008,2003,0,0,0,0
1008,2004,0,0,0,0
1009,2005,0,0,0,0
1009,2006,0,0,0,0
1010,2007,0,0,0,0
1011,2007,0,0,0,0
1012,2008,0,0,0,0
1013,2009,0,0,0,0
1014,2010,0,0,0,0
1015,2011,0,0,0,0
1016,2012,0,0,0,0
1017,2013,0,0,0,0
1018,2014,0,0,0,0
1018,2014,0,0,0,0
1018,2015,0,0,0,0
1018,2016,0,0,0,0
1018,2017,0,0,0,0
1018,2018,0,0,0,0
1018,2019,0,0,0,0
1019,2020,0,0,0,0
1020,2021,0,0,0,0
1021,2022,0,0,0,0
1022,2023,0,0,0,0
1023,2024,0,0,0,0
1024,2025,0,0,0,0
1025,2026,0,0,0,0
1026,2027,0,0,0,0
1027,2028,0,0,0,0
1027,2029,0,0,0,0
1027,2030,0,0,0,0
1028,2031,0,0,0,0
1029,2032,0,0,0,0
1029,2033,0,0,0,0
1029,2034,0,0,0,0
1029,2035,0,0,0,0
1029,2036,0,0,0,0
1030,2037,0,0,0,0
1031,2038,0,0,0,0
1032,2039,0,0,0,0
1033,2040,0,0,0,0
1033,2041,0,0,0,0
1034,2042,0,0,0,0
1035,2043,0,0,0,0
1036,2044,0,0,0,0
1037,2045,0,0,0,0
1038,2046,0,0,0,0
1038,2047,0,0,0,0
1038,2047,0,0,0,0
1038,2047,0,0,0,0
1038,2048,0,0,0,0
1039,2049,0,0,0,0
1040,2050,0,0,0,0
1040,2051,0,0,0,0
1040,2051,0,0,0,0
1040,2051,0,0,0,0
1040,2052,0,0,0,0
1040,2053,0,0,0,0
1040,2054,0,0,0,0
1040,2054,0,0,0,0
1040,2054,0,0,0,0
1040,2054,0,0,0,0
1040,2054,0,0,0,0
1040,2055,0,0,0,0
1040,2056,0,0,0,0
1040,2057,0,0,0,0
1040,2058,0,0,0,0
1040,2059,0,0,0,0
1040,2060,0,0,0,0
1040,2060,0,0,0,0
1040,2061,0,0,0,0
1040,2062,0,0,0,0
1041,2063,0,0,0,0
1042,2064,0,0,0,0
1043,2065,0,0,0,0
1044,2065,0,0,0,0
1045,2066,0,0,0,0
1046,2067,0,0,0,0
1046,2067,0,0,0,0
1046,2068,0,0,0,0
1046,2069,0,0,0,0
1047,2070,0,0,0,0
1048,2071,0,0,0,0
1049,2072,0,0,0,0
1049,2073,0,0,0,0
1049,2073,0,0,0,0
1049,2074,0,0,0,0
1049,2075,0,0,0,0
1049,2076,0,0,0,0
1049,2077,0,0,0,0
1050,2078,0,0,0,0
1051,2079,0,0,0,0
1052,2080,0,0,0,0
1052,2081,0,0,0,0
1052,2082,0,0,0,0
1052,2083,0,0,0,0
1052,2083,0,0,0,0
1052,2083,0,0,0,0
1052,2084,0,0,0,0
1052,2085,0,0,0,0
1052,2086,0,0,0,0
1052,2087,0,0,0,0
1052,2088,0,0,0,0
1052,2089,0,0,0,0
1052,2090,0,0,0,0
1052,2091,0,0,0,0
1053,2092,0,0,0,0
1054,2093,0,0,0,0
1055,2094,0,0,0,0
1055,2094,0,0,0,0
1056,2095,0,0,0,0
1057,2096,0,0,0,0
1058,2096,0,0,0,0
1059,2097,0,0,0,0
1060,2097,0,0,0,0
1061,2098,0,0,0,0
1061,2099,0,0,0,0
1061,2100,0,0,0,0
1061,2101,0,0,0,0
1061,2102,0,0,0,0
1061,2103,0,0,0,0
1061,2103,0,0,0,0
1061,2103,0,0,0,0
1061,2104,0,0,0,0
1061,2104,0,0,0,0
1061,2105,0,0,0,0
1062,2106,0,0,0,0
1063,2107,0,0,0,0
1063,2108,0,0,0,0
1064,2109,0,0,0,0
1064,2110,0,0,0,0
1064,2111,0,0,0,0
1064,2112,0,0,0,0
1064,2113,0,0,0,0
1064,2114,0,0,0,0
1065,2115,0,0,0,0
1065,2116,0,0,0,0
1066,2117,0,0,0,0
1067,2118,0,0,0,0
1067,2118,0,0,0,0
1068,2119,0,0,0,0
1069,2120,0,0,0,0
1070,2121,0,0,0,0
1070,2122,0,0,0,0
1070,2123,0,0,0,0
1070,2123,0,0,0,0
1070,2124,0,0,0,0
1071,2125,0,0,0,0
1072,2126,0,0,0,0
1073,2127,0,0,0,0
1074,2128,0,0,0,0
1075,2129,0,0,0,0
1076,2130,0,0,0,0
1077,2131,0,0,0,0
1078,2132,0,0,0,0
1079,2133,0,0,0,0
1079,2134,0,0,0,0
1079,2135,0,0,0,0
1079,2135,0,0,0,0
1079,2136,0,0,0,0
1079,2137,0,0,0,0
1079,2138,0,0,0,0
1079,2139,0,0,0,0
1079,2140,0,0,0,0
1079,2141,0,0,0,0
1079,2142,0,0,0,0
1079,2142,0,0,0,0
1079,2143,0,0,0,0
1079,2144,0,0,0,0
1079,2145,0,0,0,0
1079,2146,0,0,0,0
1079,2147,0,0,0,0
1079,2148,0,0,0,0
1079,2149,0,0,0,0
1079,2150,0,0,0,0
1080,2151,0,0,0,0
1081,2152,0,0,0,0
1081,2153,0,0,0,0
1082,2154,0,0,0,0
1083,2155,0,0,0,0
1083,2156,0,0,0,0
1084,2157,0,0,0,0
1085,2158,0,0,0,0
1086,2159,0,0,0,0
1087,2160,0,0,0,0
1088,2161,0,0,0,0
1089,2162,0,0,0,0
1090,2163,0,0,0,0
1091,2164,0,0,0,0
1092,2165,0,0,0,0
1093,2166,0,0,0,0
1094,2167,0,0,0,0
1095,2168,0,0,0,0
1095,2168,0,0,0,0
1096,2169,0,0,0,0
1097,2170,0,0,0,0
1098,2171,0,0,0,0
1099,2172,0,0,0,0
1099,2173,0,0,0,0
1099,2174,0,0,0,0
1100,2175,0,0,0,0
1101,2176,0,0,0,0
1101,2177,0,0,0,0
1102,2178,0,0,0,0
1103,2179,0,0,0,0
1104,2180,0,0,0,0
1105,2181,0,0,0,0
1105,2182,0,0,0,0
1106,2183,0,0,0,0
1107,2184,0,0,0,0
1108,2185,0,0,0,0
1109,2186,0,0,0,0
1110,2187,0,0,0,0
1111,2188,0,0,0,0
1111,2189,0,0,0,0
1112,2190,0,0,0,0
1112,2191,0,0,0,0
1112,2192,0,0,0,0
1112,2193,0,0,0,0
1112,2194,0,0,0,0
1112,2195,0,0,0,0
1112,2196,0,0,0,0
1112,2196,0,0,0,0
1112,2197,0,0,0,0
1112,2198,0,0,0,0
1113,2199,0,0,0,0
1114,2200,0,0,0,0
1114,2200,0,0,0,0
1114,2201,0,0,0,0
1114,2202,0,0,0,0
1115,2203,0,0,0,0
1115,2204,0,0,0,0
1116,2205,0,0,0,0
1117,2206,0,0,0,0
1118,2207,0,0,0,0
1118,2207,0,0,0,0
1119,2208,0,0,0,0
1120,2209,0,0,0,0
1120,2209,0,0,0,0
1120,2210,0,0,0,0
1120,2211,0,0,0,0
1120,2212,0,0,0,0
1120,2213,0,0,0,0
1120,2214,0,0,0,0
1120,2215,0,0,0,0
1120,2216,0,0,0,0
1120,2217,0,0,0,0
1120,2218,0,0,0,0
1120,2219,0,0,0,0
1120,2220,0,0,0,0
1121,2221,0,0,0,0
1122,2222,0,0,0,0
1122,2223,0,0,0,0
1123,2224,0,0,0,0
1124,2225,0,0,0,0
1125,2226,0,0,0,0
1126,2227,0,0,0,0
1127,2228,0,0,0,0
1128,2229,0,0,0,0
1129,2230,0,0,0,0
1130,2231,0,0,0,0
1131,2232,0,0,0,0
1131,2233,0,0,0,0
1132,2234,0,0,0,0
1133,2235,0,0,0,0
1134,2236,0,0,0,0
1135,2237,0,0,0,0
1136,2238,0,0,0,0
1137,2239,0,0,0,0
1138,2240,0,0,0,0
1139,2241,0,0,0,0
1140,2242,0,0,0,0
1141,2243,0,0,0,0
1142,2243,0,0,0,0
1143,2244,0,0,0,0
1144,2245,0,0,0,0
1145,2246,0,0,0,0
1146,2247,0,0,0,0
1147,2248,0,0,0,0
1148,2249,0,0,0,0
1149,2250,0,0,0,0
1150,2251,0,0,0,0
1150,2252,0,0,0,0
1151,2253,0,0,0,0
1152,2254,0,0,0,0
1153,2255,0,0,0,0
1154,2256,0,0,0,0
1155,2257,0,0,0,0
1156,2258,0,0,0,0
1157,2259,0,0,0,0
1158,2260,0,0,0,0
1159,2261,0,0,0,0
1160,2262,0,0,0,0
1161,2263,0,0,0,0
1161,2264,0,0,0,0
1161,2265,0,0,0,0
1161,2266,0,0,0,0
1161,2267,0,0,0,0
1161,2267,0,0,0,0
1161,2268,0,0,0,0
1161,2269,0,0,0,0
1162,2270,0,0,0,0
1163,2271,0,0,0,0
1163,2272,0,0,0,0
1163,2273,0,0,0,0
1163,2274,0,0,0,0
1163,2274,0,0,0,0
1163,2275,0,0,0,0
1163,2276,0,0,0,0
1163,2277,0,0,0,0
1163,2278,0,0,0,0
1163,2279,0,0,0,0
1164,2280,0,0,0,0
1165,2281,0,0,0,0
1166,2282,0,0,0,0
1167,2283,0,0,0,0
1168,2284,0,0,0,0
1169,2285,0,0,0,0
1170,2286,0,0,0,0
1171,2287,0,0,0,0
1172,2288,0,0,0,0
1173,2289,0,0,0,0
1174,2290,0,0,0,0
1175,2291,0,0,0,0
1176,2292,0,0,0,0
1176,2292,0,0,0,0
1176,2293,0,0,0,0
1176,2294,0,0,0,0
1176,2295,0,0,0,0
1176,2296,0,0,0,0
1177,2297,0,0,0,0
1178,2298,0,0,0,0
1178,2299,0,0,0,0
1179,2300,0,0,0,0
1180,2301,0,0,0,0
1180,2302,0,0,0,0
1180,2303,0,0,0,0
1180,2304,0,0,0,0
1181,2305,0,0,0,0
1181,2306,0,0,0,0
1182,2307,0,0,0,0
1183,2308,0,0,0,0
1184,2308,0,0,0,0
1185,2309,0,0,0,0
1186,2310,0,0,0,0
1187,2311,0,0,0,0
1187,2312,0,0,0,0
1187,2313,0,0,0,0
1187,2314,0,0,0,0
1187,2314,0,0,0,0
1187,2314,0,0,0,0
1187,2315,0,0,0,0
1187,2316,0,0,0,0
1187,2317,0,0,0,0
1187,2318,0,0,0,0
1188,2319,0,0,0,0
1189,2320,0,0,0,0
1189,2321,0,0,0,0
1189,2322,0,0,0,0
1189,2323,0,0,0,0
1189,2324,0,0,0,0
1189,2324,0,0,0,0
1189,2325,0,0,0,0
1189,2325,0,0,0,0
1189,2326,0,0,0,0
1189,2327,0,0,0,0
1190,2328,0,0,0,0
1190,2329,0,0,0,0
1190,2330,0,0,0,0
1190,2330,0,0,0,0
1191,2331,0,0,0,0
1192,2332,0,0,0,0
1193,2333,0,0,0,0
1194,2334,0,0,0,0
1195,2335,0,0,0,0
1196,2336,0,0,0,0
1197,2337,0,0,0,0
1198,2338,0,0,0,0
1199,2339,0,0,0,0
1200,2340,0,0,0,0
1200,2341,0,0,0,0
1201,2342,0,0,0,0
1202,2343,0,0,0,0
1203,2344,0,0,0,0
1204,2345,0,0,0,0
1204,2345,0,0,0,0
1204,2346,0,0,0,0
1204,2347,0,0,0,0
1204,2348,0,0,0,0
1204,2349,0,0,0,0
1205,2350,0,0,0,0
1206,2351,0,0,0,0
1207,2352,0,0,0,0
1208,2353,0,0,0,0
1208,2354,0,0,0,0
1208,2355,0,0,0,0
1208,2356,0,0,0,0
1208,2357,0,0,0,0
1208,2358,0,0,0,0
1208,2359,0,0,0,0
1208,2360,0,0,0,0
1208,2361,0,0,0,0
1209,2362,0,0,0,0
1209,2363,0,0,0,0
1209,2364,0,0,0,0
1209,2364,0,0,0,0
1209,2365,0,0,0,0
1209,2366,0,0,0,0
1209,2367,0,0,0,0
1209,2368,0,0,0,0
1210,2369,0,0,0,0
1210,2369,0,0,0,0
1211,2370,0,0,0,0
1212,2371,0,0,0,0
1213,2372,0,0,0,0
1214,2373,0,0,0,0
1215,2374,0,0,0,0
1215,2375,0,0,0,0
1216,2376,0,0,0,0
1217,2377,0,0,0,0
1218,2378,0,0,0,0
1219,2379,0,0,0,0
1220,2380,0,0,0,0
1221,2381,0,0,0,0
1222,2382,0,0,0,0
1223,2383,0,0,0,0
1224,2384,0,0,0,0
1225,2385,0,0,0,0
1226,2386,0,0,0,0
1227,2387,0,0,0,0
1228,2387,0,0,0,0
1229,2388,0,0,0,0
1230,2389,0,0,0,0
1231,2390,0,0,0,0
1232,2391,0,0,0,0
1233,2392,0,0,0,0
1234,2393,0,0,0,0
1235,2394,0,0,0,0
1236,2395,0,0,0,0
1236,2396,0,0,0,0
1237,2396,0,0,0,0
1238,2397,0,0,0,0
1239,2398,0,0,0,0
1239,2399,0,0,0,0
1239,2400,0,0,0,0
1239,2401,0,0,0,0
1240,2402,0,0,0,0
1240,2403,0,0,0,0
1241,2404,0,0,0,0
1241,2405,0,0,0,0
1242,2406,0,0,0,0
1242,2407,0,0,0,0
1242,2408,0,0,0,0
1242,2409,0,0,0,0
1243,2410,0,0,0,0
1244,2411,0,0,0,0
1245,2412,0,0,0,0
1245,2412,0,0,0,0
1246,2413,0,0,0,0
1247,2414,0,0,0,0
1247,2415,0,0,0,0
1247,2416,0,0,0,0
1248,2417,0,0,0,0
1249,2418,0,0,0,0
1249,2419,0,0,0,0
1249,2420,0,0,0,0
1249,2420,0,0,0,0
1250,2421,0,0,0,0
1251,2422,0,0,0,0
1251,2423,0,0,0,0
1251,2424,0,0,0,0
1251,2425,0,0,0,0
1251,2426,0,0,0,0
1251,2427,0,0,0,0
1251,2428,0,0,0,0
1251,2429,0,0,0,0
1251,2429,0,0,0,0
1252,2430,0,0,0,0
1253,2431,0,0,0,0
1253,2432,0,0,0,0
1253,2432,0,0,0,0
1253,2433,0,0,0,0
1253,2434,0,0,0,0
1253,2435,0,0,0,0
1253,2436,0,0,0,0
1253,2436,0,0,0,0
1253,2437,0,0,0,0
1253,2438,0,0,0,0
1253,2439,0,0,0,0
1253,2440,0,0,0,0
1253,2441,0,0,0,0
1253,2442,0,0,0,0
1253,2443,0,0,0,0
1253,2444,0,0,0,0
1253,2445,0,0,0,0
1253,2446,0,0,0,0
1254,2447,0,0,0,0
1255,2448,0,0,0,0
1256,2449,0,0,0,0
1256,2450,0,0,0,0
1257,2451,0,0,0,0
1258,2452,0,0,0,0
1258,2453,0,0,0,0
1259,2454,0,0,0,0
1260,2455,0,0,0,0
1261,2456,0,0,0,0
1262,2457,0,0,0,0
1262,2458,0,0,0,0
1262,2459,0,0,0,0
1262,2460,0,0,0,0
1262,2461,0,0,0,0
1262,2462,0,0,0,0
1262,2463,0,0,0,0
1263,2464,0,0,0,0
1264,2465,0,0,0,0
1264,2466,0,0,0,0
1264,2467,0,0,0,0
1264,2468,0,0,0,0
1264,2469,0,0,0,0
1264,2470,0,0,0,0
1264,2471,0,0,0,0
1265,2472,0,0,0,0
1266,2473,0,0,0,0
1267,2474,0,0,0,0
1268,2475,0,0,0,0
1269,2476,0,0,0,0
1270,2477,0,0,0,0
1271,2478,0,0,0,0
1272,2479,0,0,0,0
1273,2480,0,0,0,0
1274,2481,0,0,0,0
1275,2482,0,0,0,0
1276,2483,0,0,0,0
1276,2484,0,0,0,0
1277,2485,0,0,0,0
1277,2485,0,0,0,0
1277,2485,0,0,0,0
1278,2486,0,0,0,0
1278,2487,0,0,0,0
1278,2488,0,0,0,0
1278,2489,0,0,0,0
1278,2490,0,0,0,0
1278,2491,0,0,0,0
1278,2492,0,0,0,0
1278,2493,0,0,0,0
1278,2494,0,0,0,0
1278,2495,0,0,0,0
1278,2496,0,0,0,0
1278,2497,0,0,0,0
1278,2498,0,0,0,0
1278,2499,0,0,0,0
1278,2500,0,0,0,0
1278,2501,0,0,0,0
1278,2502,0,0,0,0
1278,2503,0,0,0,0
1279,2504,0,0,0,0
1280,2505,0,0,0,0
1281,2506,0,0,0,0
1282,2507,0,0,0,0
1282,2508,0,0,0,0
1283,2509,0,0,0,0
1284,2510,0,0,0,0
1285,2511,0,0,0,0
1286,2512,0,0,0,0
1287,2513,0,0,0,0
1288,2514,0,0,0,0
1289,2515,0,0,0,0
1290,2516,0,0,0,0
1291,2517,0,0,0,0
1292,2518,0,0,0,0
1293,2519,0,0,0,0
1294,2520,0,0,0,0
1295,2521,0,0,0,0
1296,2522,0,0,0,0
1297,2523,0,0,0,0
1298,2524,0,0,0,0
1298,2525,0,0,0,0
1299,2526,0,0,0,0
1299,2527,0,0,0,0
1300,2528,0,0,0,0
1301,2529,0,0,0,0
1302,2530,0,0,0,0
1303,2531,0,0,0,0
1303,2532,0,0,0,0
1303,2533,0,0,0,0
1303,2534,0,0,0,0
1303,2535,0,0,0,0
1304,2536,0,0,0,0
1305,2537,0,0,0,0
1306,2538,0,0,0,0
1307,2539,0,0,0,0
1308,2540,0,0,0,0
1309,2541,0,0,0,0
1309,2542,0,0,0,0
1309,2543,0,0,0,0
1310,2544,0,0,0,0
1310,2545,0,0,0,0
1311,2546,0,0,0,0
1311,2547,0,0,0,0
1312,2548,0,0,0,0
1312,2549,0,0,0,0
1312,2550,0,0,0,0
1313,2551,0,0,0,0
1313,2552,0,0,0,0
1313,2553,0,0,0,0
1314,2554,0,0,0,0
1315,2555,0,0,0,0
1316,2556,0,0,0,0
1317,2557,0,0,0,0
1318,2558,0,0,0,0
1319,2559,0,0,0,0
1320,2560,0,0,0,0
1321,2561,0,0,0,0
1322,2562,0,0,0,0
1323,2563,0,0,0,0
1324,2564,0,0,0,0
1325,2565,0,0,0,0
1326,2566,0,0,0,0
1327,2567,0,0,0,0
1328,2568,0,0,0,0
1329,2569,0,0,0,0
1330,2570,0,0,0,0
1330,2571,0,0,0,0
1330,2572,0,0,0,0
1330,2573,0,0,0,0
1330,2574,0,0,0,0
1330,2575,0,0,0,0
1330,2576,0,0,0,0
1330,2577,0,0,0,0
1330,2578,0,0,0,0
1330,2579,0,0,0,0
1330,2580,0,0,0,0
1330,2581,0,0,0,0
1330,2582,0,0,0,0
1330,2583,0,0,0,0
1330,2584,0,0,0,0
1330,2585,0,0,0,0
1331,2586,0,0,0,0
1331,2587,0,0,0,0
1331,2587,0,0,0,0
1331,2588,0,0,0,0
1332,2589,0,0,0,0
1333,2590,0,0,0,0
1334,2591,0,0,0,0
1335,2592,0,0,0,0
1335,2593,0,0,0,0
1335,2594,0,0,0,0
1335,2595,0,0,0,0
1335,2596,0,0,0,0
1335,2597,0,0,0,0
1335,2598,0,0,0,0
1335,2599,0,0,0,0
1335,2600,0,0,0,0
1335,2601,0,0,0,0
1335,2602,0,0,0,0
1335,2603,0,0,0,0
1335,2604,0,0,0,0
1335,2605,0,0,0,0
1335,2606,0,0,0,0
1335,2607,0,0,0,0
1335,2608,0,0,0,0
1335,2609,0,0,0,0
1335,2609,0,0,0,0
1335,2610,0,0,0,0
1335,2611,0,0,0,0
1335,2612,0,0,0,0
1336,2613,0,0,0,0
1337,2614,0,0,0,0
1337,2614,0,0,0,0
1337,2614,0,0,0,0
1338,2615,0,0,0,0
1339,2616,0,0,0,0
1339,2617,0,0,0,0
1340,2617,0,0,0,0
1341,2618,0,0,0,0
1341,2619,0,0,0,0
1341,2620,0,0,0,0
1341,2620,0,0,0,0
1341,2621,0,0,0,0
1342,2622,0,0,0,0
1343,2623,0,0,0,0
1343,2624,0,0,0,0
1343,2625,0,0,0,0
1343,2626,0,0,0,0
1343,2627,0,0,0,0
1344,2628,0,0,0,0
1344,2629,0,0,0,0
1344,2629,0,0,0,0
1345,2630,0,0,0,0
1346,2631,0,0,0,0
1346,2632,0,0,0,0
1346,2633,0,0,0,0
1346,2634,0,0,0,0
1346,2635,0,0,0,0
1347,2636,0,0,0,0
1347,2637,0,0,0,0
1348,2638,0,0,0,0
1348,2639,0,0,0,0
1348,2640,0,0,0,0
1349,2641,0,0,0,0
1350,2642,0,0,0,0
1351,2643,0,0,0,0
1351,2644,0,0,0,0
1352,2645,0,0,0,0
1352,2646,0,0,0,0
1353,2647,0,0,0,0
1354,2648,0,0,0,0
1355,2649,0,0,0,0
1355,2649,0,0,0,0
1355,2650,0,0,0,0
1355,2651,0,0,0,0
1355,2652,0,0,0,0
1355,2653,0,0,0,0
1355,2654,0,0,0,0
1355,2655,0,0,0,0
1355,2656,0,0,0,0
1355,2657,0,0,0,0
1355,2658,0,0,0,0
1355,2659,0,0,0,0
1355,2660,0,0,0,0
1355,2661,0,0,0,0
1355,2662,0,0,0,0
1355,2663,0,0,0,0
1355,2663,0,0,0,0
1355,2664,0,0,0,0
1355,2664,0,0,0,0
1356,2665,0,0,0,0
1356,2666,0,0,0,0
1357,2667,0,0,0,0
1357,2668,0,0,0,0
1357,2669,0,0,0,0
1358,2670,0,0,0,0
1359,2671,0,0,0,0
1360,2672,0,0,0,0
1361,2673,0,0,0,0
1362,2674,0,0,0,0
1363,2675,0,0,0,0
1363,2676,0,0,0,0
1364,2677,0,0,0,0
1365,2678,0,0,0,0
1366,2679,0,0,0,0
1367,2680,0,0,0,0
1368,2681,0,0,0,0
1369,2682,0,0,0,0
1370,2683,0,0,0,0
1371,2684,0,0,0,0
1372,2685,0,0,0,0
1373,2686,0,0,0,0
1374,2686,0,0,0,0
1375,2687,0,0,0,0
1376,2688,0,0,0,0
1377,2689,0,0,0,0
1378,2690,0,0,0,0
1379,2691,0,0,0,0
1380,2692,0,0,0,0
1381,2693,0,0,0,0
1382,2694,0,0,0,0
1383,2695,0,0,0,0
1384,2696,0,0,0,0
1385,2697,0,0,0,0
1386,2698,0,0,0,0
1387,2699,0,0,0,0
1388,2700,0,0,0,0
1389,2701,0,0,0,0
1389,2702,0,0,0,0
1390,2703,0,0,0,0
1391,2704,0,0,0,0
1392,2705,0,0,0,0
1392,2706,0,0,0,0
1393,2707,0,0,0,0
1394,2708,0,0,0,0
1394,2709,0,0,0,0
1394,2710,0,0,0,0
1395,2711,0,0,0,0
1396,2712,0,0,0,0
1397,2713,0,0,0,0
1397,2714,0,0,0,0
1398,2715,0,0,0,0
1398,2716,0,0,0,0
1398,2717,0,0,0,0
1399,2718,0,0,0,0
1400,2719,0,0,0,0
1401,2720,0,0,0,0
1402,2721,0,0,0,0
1402,2722,0,0,0,0
1402,2723,0,0,0,0
1403,2724,0,0,0,0
1404,2724,0,0,0,0
1405,2725,0,0,0,0
1406,2726,0,0,0,0
1407,2727,0,0,0,0
1408,2728,0,0,0,0
1409,2729,0,0,0,0
1410,2730,0,0,0,0
1411,2731,0,0,0,0
1412,2732,0,0,0,0
1413,2733,0,0,0,0
1414,2734,0,0,0,0
1415,2735,0,0,0,0
1415,2736,0,0,0,0
1415,2737,0,0,0,0
1415,2738,0,0,0,0
1415,2739,0,0,0,0
1415,2740,0,0,0,0
1415,2741,0,0,0,0
1416,2742,0,0,0,0
1417,2743,0,0,0,0
1418,2744,0,0,0,0
1419,2745,0,0,0,0
1420,2746,0,0,0,0
1421,2747,0,0,0,0
1422,2748,0,0,0,0
1422,2749,0,0,0,0
1422,2750,0,0,0,0
1423,2751,0,0,0,0
1424,2752,0,0,0,0
1424,2753,0,0,0,0
1424,2754,0,0,0,0
1424,2755,0,0,0,0
1424,2756,0,0,0,0
1424,2756,0,0,0,0
1424,2757,0,0,0,0
1424,2757,0,0,0,0
1424,2757,0,0,0,0
1425,2758,0,0,0,0
1426,2759,0,0,0,0
1427,2760,0,0,0,0
1428,2761,0,0,0,0
1428,2762,0,0,0,0
1428,2763,0,0,0,0
1428,2764,0,0,0,0
1428,2765,0,0,0,0
1428,2766,0,0,0,0
1428,2767,0,0,0,0
1428,2768,0,0,0,0
1428,2769,0,0,0,0
1428,2769,0,0,0,0
1428,2770,0,0,0,0
1428,2771,0,0,0,0
1429,2772,0,0,0,0
1430,2773,0,0,0,0
1430,2774,0,0,0,0
1430,2775,0,0,0,0
1430,2776,0,0,0,0
1430,2777,0,0,0,0
1430,2778,0,0,0,0
1430,2779,0,0,0,0
1430,2780,0,0,0,0
1430,2781,0,0,0,0
1430,2782,0,0,0,0
1431,2783,0,0,0,0
1432,2784,0,0,0,0
1433,2785,0,0,0,0
1434,2786,0,0,0,0
1435,2787,0,0,0,0
1436,2788,0,0,0,0
1437,2789,0,0,0,0
1438,2790,0,0,0,0
1439,2791,0,0,0,0
1440,2792,0,0,0,0
1441,2793,0,0,0,0
1442,2794,0,0,0,0
1443,2795,0,0,0,0
1444,2795,0,0,0,0
1445,2796,0,0,0,0
1446,2797,0,0,0,0
1447,2798,0,0,0,0
1448,2799,0,0,0,0
1448,2800,0,0,0,0
1448,2801,0,0,0,0
1448,2802,0,0,0,0
1448,2802,0,0,0,0
1448,2803,0,0,0,0
1448,2804,0,0,0,0
1448,2805,0,0,0,0
1448,2806,0,0,0,0
1448,2807,0,0,0,0
1448,2808,0,0,0,0
1448,2809,0,0,0,0
1448,2810,0,0,0,0
1448,2811,0,0,0,0
1448,2812,0,0,0,0
1448,2813,0,0,0,0
1449,2814,0,0,0,0
1449,2814,0,0,0,0
1450,2815,0,0,0,0
1450,2816,0,0,0,0
1451,2817,0,0,0,0
1452,2818,0,0,0,0
1452,2819,0,0,0,0
1452,2820,0,0,0,0
1452,2820,0,0,0,0
1452,2821,0,0,0,0
1453,2822,0,0,0,0
1453,2822,0,0,0,0
1454,2823,0,0,0,0
1454,2824,0,0,0,0
1455,2825,0,0,0,0
1456,2826,0,0,0,0
1456,2827,0,0,0,0
1456,2827,0,0,0,0
1456,2828,0,0,0,0
1456,2829,0,0,0,0
1457,2830,0,0,0,0
1458,2831,0,0,0,0
1459,2832,0,0,0,0
1460,2833,0,0,0,0
1461,2834,0,0,0,0
1461,2835,0,0,0,0
1461,2836,0,0,0,0
1461,2837,0,0,0,0
1461,2838,0,0,0,0
1461,2839,0,0,0,0
1461,2840,0,0,0,0
1461,2841,0,0,0,0
1462,2842,0,0,0,0
1463,2842,0,0,0,0
1464,2843,0,0,0,0
1465,2844,0,0,0,0
1466,2845,0,0,0,0
1467,2846,0,0,0,0
1468,2847,0,0,0,0
1469,2848,0,0,0,0
1470,2849,0,0,0,0
1471,2850,0,0,0,0
1472,2851,0,0,0,0
1472,2851,0,0,0,0
1473,2852,0,0,0,0
1473,2853,0,0,0,0
1474,2854,0,0,0,0
1475,2855,0,0,0,0
1476,2856,0,0,0,0
1477,2857,0,0,0,0
1478,2858,0,0,0,0
1479,2859,0,0,0,0
1480,2860,0,0,0,0
1481,2861,0,0,0,0
1481,2862,0,0,0,0
1482,2863,0,0,0,0
1483,2864,0,0,0,0
1483,2865,0,0,0,0
1483,2866,0,0,0,0
1483,2867,0,0,0,0
1483,2868,0,0,0,0
1483,2869,0,0,0,0
1483,2870,0,0,0,0
1484,2871,0,0,0,0
1485,2872,0,0,0,0
1486,2873,0,0,0,0
1487,2874,0,0,0,0
1488,2875,0,0,0,0
1489,2876,0,0,0,0
1489,2877,0,0,0,0
1490,2878,0,0,0,0
1491,2879,0,0,0,0
1492,2880,0,0,0,0
1493,2881,0,0,0,0
1493,2882,0,0,0,0
1494,2883,0,0,0,0
1495,2884,0,0,0,0
1496,2885,0,0,0,0
1497,2886,0,0,0,0
1497,2887,0,0,0,0
1497,2888,0,0,0,0
1497,2889,0,0,0,0
1497,2890,0,0,0,0
1497,2891,0,0,0,0
1497,2892,0,0,0,0
1497,2893,0,0,0,0
1497,2894,0,0,0,0
1497,2894,0,0,0,0
1497,2894,0,0,0,0
1497,2895,0,0,0,0
1497,2896,0,0,0,0
1497,2897,0,0,0,0
1498,2898,0,0,0,0
1499,2899,0,0,0,0
1500,2900,0,0,0,0
1501,2901,0,0,0,0
1502,2902,0,0,0,0
1503,2903,0,0,0,0
1504,2904,0,0,0,0
1505,2905,0,0,0,0
1506,2906,0,0,0,0
1507,2907,0,0,0,0
1508,2908,0,0,0,0
1509,2909,0,0,0,0
1510,2910,0,0,0,0
1511,2911,0,0,0,0
1512,2912,0,0,0,0
1513,2912,0,0,0,0
1514,2912,0,0,0,0
1515,2913,0,0,0,0
1516,2914,0,0,0,0
1517,2915,0,0,0,0
1518,2916,0,0,0,0
1519,2917,0,0,0,0
1520,2918,0,0,0,0
1521,2919,0,0,0,0
1522,2920,0,0,0,0
1523,2921,0,0,0,0
1524,2922,0,0,0,0
1525,2923,0,0,0,0
1526,2924,0,0,0,0
1527,2925,0,0,0,0
1527,2926,0,0,0,0
1527,2927,0,0,0,0
1527,2928,0,0,0,0
1527,2929,0,0,0,0
1527,2930,0,0,0,0
1527,2931,0,0,0,0
1528,2932,0,0,0,0
1528,2933,0,0,0,0
1529,2934,0,0,0,0
1530,2935,0,0,0,0
1531,2936,0,0,0,0
1531,2937,0,0,0,0
1532,2938,0,0,0,0
1533,2939,0,0,0,0
1534,2940,0,0,0,0
1534,2941,0,0,0,0
1535,2942,0,0,0,0
1536,2943,0,0,0,0
1537,2944,0,0,0,0
1537,2944,0,0,0,0
1538,2945,0,0,0,0
1539,2946,0,0,0,0
1539,2946,0,0,0,0
1540,2946,0,0,0,0
1541,2947,0,0,0,0
1542,2948,0,0,0,0
1543,2948,0,0,0,0
1544,2949,0,0,0,0
1544,2950,0,0,0,0
1544,2951,0,0,0,0
1544,2952,0,0,0,0
1544,2953,0,0,0,0
1544,2954,0,0,0,0
1544,2955,0,0,0,0
1544,2956,0,0,0,0
1544,2957,0,0,0,0
1544,2957,0,0,0,0
1544,2957,0,0,0,0
1544,2957,0,0,0,0
1544,2957,0,0,0,0
1544,2957,0,0,0,0
1544,2957,0,0,0,0
1544,2958,0,0,0,0
1544,2959,0,0,0,0
1544,2960,0,0,0,0
1545,2961,0,0,0,0
1545,2962,0,0,0,0
1546,2963,0,0,0,0
1547,2964,0,0,0,0
1548,2965,0,0,0,0
1549,2966,0,0,0,0
1550,2967,0,0,0,0
1551,2968,0,0,0,0
1552,2969,0,0,0,0
1552,2970,0,0,0,0
1552,2971,0,0,0,0
1553,2972,0,0,0,0
1554,2973,0,0,0,0
1554,2974,0,0,0,0
1555,2975,0,0,0,0
1555,2976,0,0,0,0
1555,2977,0,0,0,0
1556,2978,0,0,0,0
1557,2979,0,0,0,0
1558,2980,0,0,0,0
1559,2981,0,0,0,0
1560,2982,0,0,0,0
1560,2983,0,0,0,0
1561,2984,0,0,0,0
1561,2985,0,0,0,0
1562,2986,0,0,0,0
1563,2987,0,0,0,0
1564,2988,0,0,0,0
1565,2989,0,0,0,0
1566,2990,0,0,0,0
1567,2991,0,0,0,0
1567,2992,0,0,0,0
1567,2993,0,0,0,0
1567,2994,0,0,0,0
1567,2995,0,0,0,0
1567,2996,0,0,0,0
1568,2997,0,0,0,0
1569,2998,0,0,0,0
1569,2999,0,0,0,0
1569,3000,0,0,0,0
1569,3001,0,0,0,0
1569,3002,0,0,0,0
1569,3003,0,0,0,0
1569,3004,0,0,0,0
1570,3005,0,0,0,0
1571,3006,0,0,0,0
1571,3006,0,0,0,0
1572,3007,0,0,0,0
1572,3008,0,0,0,0
1572,3009,0,0,0,0
1572,3010,0,0,0,0
1572,3011,0,0,0,0
1572,3012,0,0,0,0
1572,3013,0,0,0,0
1572,3014,0,0,0,0
1572,3015,0,0,0,0
1572,3016,0,0,0,0
1572,3017,0,0,0,0
1572,3018,0,0,0,0
1572,3019,0,0,0,0
1572,3020,0,0,0,0
1572,3021,0,0,0,0
1572,3022,0,0,0,0
1572,3023,0,0,0,0
1573,3024,0,0,0,0
1574,3025,0,0,0,0
1574,3026,0,0,0,0
1574,3027,0,0,0,0
1574,3028,0,0,0,0
1574,3029,0,0,0,0
1574,3029,0,0,0,0
1574,3030,0,0,0,0
1574,3031,0,0,0,0
1575,3032,0,0,0,0
1576,3033,0,0,0,0
1577,3033,0,0,0,0
1578,3034,0,0,0,0
1579,3035,0,0,0,0
1580,3036,0,0,0,0
1581,3037,0,0,0,0
1582,3038,0,0,0,0
1583,3038,0,0,0,0
1584,3039,0,0,0,0
1585,3040,0,0,0,0
1586,3041,0,0,0,0
1587,3041,0,0,0,0
1588,3042,0,0,0,0
1589,3043,0,0,0,0
1590,3044,0,0,0,0
1591,3045,0,0,0,0
1592,3046,0,0,0,0
1593,3047,0,0,0,0
1594,3048,0,0,0,0
1595,3048,0,0,0,0
1596,3049,0,0,0,0
1597,3050,0,0,0,0
1598,3051,0,0,0,0
1599,3052,0,0,0,0
1600,3053,0,0,0,0
1600,3053,0,0,0,0
1600,3054,0,0,0,0
1600,3054,0,0,0,0
1601,3055,0,0,0,0
1601,3056,0,0,0,0
1601,3057,0,0,0,0
1601,3057,0,0,0,0
1602,3058,0,0,0,0
1602,3059,0,0,0,0
1602,3060,0,0,0,0
1602,3061,0,0,0,0
1603,3062,0,0,0,0
1603,3063,0,0,0,0
1603,3064,0,0,0,0
1604,3065,0,0,0,0
1604,3066,0,0,0,0
1604,3067,0,0,0,0
1605,3068,0,0,0,0
1605,3069,0,0,0,0
1606,3070,0,0,0,0
1606,3071,0,0,0,0
1606,3072,0,0,0,0
1606,3073,0,0,0,0
1607,3074,0,0,0,0
1608,3075,0,0,0,0
1608,3076,0,0,0,0
1609,3077,0,0,0,0
1610,3078,0,0,0,0
1610,3079,0,0,0,0
1610,3080,0,0,0,0
1610,3081,0,0,0,0
1610,3082,0,0,0,0
1610,3083,0,0,0,0
1610,3084,0,0,0,0
1610,3085,0,0,0,0
1610,3086,0,0,0,0
1610,3087,0,0,0,0
1610,3088,0,0,0,0
1610,3089,0,0,0,0
1610,3089,0,0,0,0
1610,3090,0,0,0,0
1610,3091,0,0,0,0
1610,3091,0,0,0,0
1610,3091,0,0,0,0
1610,3092,0,0,0,0
1610,3093,0,0,0,0
1610,3093,0,0,0,0
1610,3093,0,0,0,0
1611,3094,0,0,0,0
1612,3095,0,0,0,0
1613,3096,0,0,0,0
1613,3097,0,0,0,0
1614,3098,0,0,0,0
1615,3099,0,0,0,0
1616,3100,0,0,0,0
1617,3101,0,0,0,0
1618,3101,0,0,0,0
1619,3102,0,0,0,0
1620,3103,0,0,0,0
1620,3104,0,0,0,0
1620,3105,0,0,0,0
1620,3106,0,0,0,0
1620,3107,0,0,0,0
1620,3108,0,0,0,0
1621,3109,0,0,0,0
1622,3110,0,0,0,0
1622,3111,0,0,0,0
1623,3112,0,0,0,0
1624,3113,0,0,0,0
1625,3114,0,0,0,0
1626,3115,0,0,0,0
1627,3116,0,0,0,0
1628,3117,0,0,0,0
1628,3118,0,0,0,0
1628,3119,0,0,0,0
1628,3120,0,0,0,0
1628,3120,0,0,0,0
1628,3121,0,0,0,0
1629,3122,0,0,0,0
1630,3123,0,0,0,0
1631,3124,0,0,0,0
1632,3125,0,0,0,0
1632,3125,0,0,0,0
1632,3125,0,0,0,0
1633,3126,0,0,0,0
1634,3127,0,0,0,0
1635,3128,0,0,0,0
1635,3129,0,0,0,0
1636,3130,0,0,0,0
1637,3131,0,0,0,0
1638,3132,0,0,0,0
1639,3133,0,0,0,0
1639,3134,0,0,0,0
1639,3135,0,0,0,0
1639,3136,0,0,0,0
1639,3137,0,0,0,0
1639,3138,0,0,0,0
1639,3139,0,0,0,0
1639,3140,0,0,0,0
1639,3141,0,0,0,0
1639,3142,0,0,0,0
1640,3143,0,0,0,0
1641,3144,0,0,0,0
1641,3145,0,0,0,0
1642,3146,0,0,0,0
1643,3147,0,0,0,0
1644,3148,0,0,0,0
1645,3149,0,0,0,0
1646,3150,0,0,0,0
1647,3151,0,0,0,0
1647,3151,0,0,0,0
1648,3152,0,0,0,0
1649,3153,0,0,0,0
1650,3154,0,0,0,0
1651,3155,0,0,0,0
1651,3156,0,0,0,0
1652,3157,0,0,0,0
1653,3158,0,0,0,0
1654,3159,0,0,0,0
1655,3160,0,0,0,0
1656,3161,0,0,0,0
1657,3162,0,0,0,0
1658,3163,0,0,0,0
1659,3164,0,0,0,0
1660,3165,0,0,0,0
1661,3166,0,0,0,0
1662,3167,0,0,0,0
1663,3168,0,0,0,0
1664,3169,0,0,0,0
1665,3170,0,0,0,0
1666,3171,0,0,0,0
1667,3172,0,0,0,0
1668,3173,0,0,0,0
1669,3174,0,0,0,0
1669,3175,0,0,0,0
1670,3176,0,0,0,0
1671,3177,0,0,0,0
1672,3177,0,0,0,0
1672,3178,0,0,0,0
1673,3179,0,0,0,0
1674,3180,0,0,0,0
1675,3181,0,0,0,0
1676,3182,0,0,0,0
1676,3182,0,0,0,0
1677,3183,0,0,0,0
1678,3184,0,0,0,0
1679,3185,0,0,0,0
1680,3186,0,0,0,0
1680,3187,0,0,0,0
1680,3188,0,0,0,0
1680,3189,0,0,0,0
1681,3190,0,0,0,0
1682,3191,0,0,0,0
1682,3192,0,0,0,0
1683,3193,0,0,0,0
1684,3194,0,0,0,0
1685,3195,0,0,0,0
1686,3196,0,0,0,0
1687,3197,0,0,0,0
1688,3198,0,0,0,0
1689,3199,0,0,0,0
1690,3200,0,0,0,0
1691,3201,0,0,0,0
1691,3201,0,0,0,0
1691,3201,0,0,0,0
1691,3202,0,0,0,0
1691,3203,0,0,0,0
1691,3203,0,0,0,0
1691,3203,0,0,0,0
1691,3204,0,0,0,0
1692,3205,0,0,0,0
1693,3206,0,0,0,0
1694,3207,0,0,0,0
1695,3208,0,0,0,0
1696,3209,0,0,0,0
1697,3210,0,0,0,0
1698,3211,0,0,0,0
1699,3212,0,0,0,0
1700,3213,0,0,0,0
1701,3214,0,0,0,0
1702,3214,0,0,0,0
1703,3215,0,0,0,0
1704,3216,0,0,0,0
1704,3216,0,0,0,0
1705,3216,0,0,0,0
1706,3217,0,0,0,0
1707,3218,0,0,0,0
1707,3219,0,0,0,0
1708,3220,0,0,0,0
1709,3221,0,0,0,0
1709,3222,0,0,0,0
1709,3223,0,0,0,0
1709,3224,0,0,0,0
1709,3225,0,0,0,0
1710,3226,0,0,0,0
1711,3227,0,0,0,0
1711,3228,0,0,0,0
1712,3229,0,0,0,0
1713,3230,0,0,0,0
1714,3231,0,0,0,0
1715,3232,0,0,0,0
1716,3233,0,0,0,0
1716,3233,0,0,0,0
1717,3234,0,0,0,0
1718,3235,0,0,0,0
1719,3236,0,0,0,0
1719,3237,0,0,0,0
1719,3237,0,0,0,0
1719,3238,0,0,0,0
1719,3239,0,0,0,0
1719,3240,0,0,0,0
1719,3241,0,0,0,0
1719,3242,0,0,0,0
1719,3243,0,0,0,0
1719,3244,0,0,0,0
1720,3245,0,0,0,0
1721,3246,0,0,0,0
1722,3247,0,0,0,0
1722,3248,0,0,0,0
1722,3249,0,0,0,0
1723,3250,0,0,0,0
1724,3251,0,0,0,0
1724,3252,0,0,0,0
1725,3253,0,0,0,0
1725,3253,0,0,0,0
1726,3253,0,0,0,0
1726,3254,0,0,0,0
1726,3255,0,0,0,0
1726,3255,0,0,0,0
1727,3256,0,0,0,0
1728,3257,0,0,0,0
1729,3258,0,0,0,0
1729,3259,0,0,0,0
1729,3260,0,0,0,0
1729,3261,0,0,0,0
1729,3262,0,0,0,0
1730,3263,0,0,0,0
1731,3264,0,0,0,0
1732,3265,0,0,0,0
1732,3266,0,0,0,0
1733,3267,0,0,0,0
1734,3268,0,0,0,0
1735,3269,0,0,0,0
1736,3269,0,0,0,0
1736,3269,0,0,0,0
1736,3269,0,0,0,0
1737,3270,0,0,0,0
1738,3271,0,0,0,0
1738,3272,0,0,0,0
1738,3272,0,0,0,0
1738,3273,0,0,0,0
1738,3274,0,0,0,0
1738,3274,0,0,0,0
1738,3275,0,0,0,0
1738,3276,0,0,0,0
1738,3277,0,0,0,0
1738,3278,0,0,0,0
1738,3279,0,0,0,0
1738,3280,0,0,0,0
1738,3281,0,0,0,0
1738,3281,0,0,0,0
1738,3282,0,0,0,0
1738,3283,0,0,0,0
1738,3284,0,0,0,0
1738,3285,0,0,0,0
1738,3286,0,0,0,0
1739,3287,0,0,0,0
1739,3288,0,0,0,0
1739,3289,0,0,0,0
1739,3290,0,0,0,0
1739,3291,0,0,0,0
1739,3292,0,0,0,0
1739,3292,0,0,0,0
1739,3293,0,0,0,0
1739,3294,0,0,0,0
1739,3295,0,0,0,0
1740,3296,0,0,0,0
1741,3297,0,0,0,0
1742,3298,0,0,0,0
1742,3299,0,0,0,0
1743,3300,0,0,0,0
1743,3301,0,0,0,0
1743,3302,0,0,0,0
1743,3303,0,0,0,0
1743,3304,0,0,0,0
1743,3305,0,0,0,0
1743,3306,0,0,0,0
1744,3307,0,0,0,0
1744,3308,0,0,0,0
1745,3309,0,0,0,0
1745,3310,0,0,0,0
1745,3311,0,0,0,0
1745,3312,0,0,0,0
1746,3313,0,0,0,0
1747,3314,0,0,0,0
1748,3315,0,0,0,0
1748,3316,0,0,0,0
1749,3317,0,0,0,0
1750,3318,0,0,0,0
1751,3319,0,0,0,0
1751,3320,0,0,0,0
1751,3321,0,0,0,0
1751,3322,0,0,0,0
1752,3323,0,0,0,0
1753,3324,0,0,0,0
1753,3324,0,0,0,0
1753,3325,0,0,0,0
1753,3326,0,0,0,0
1753,3327,0,0,0,0
1753,3328,0,0,0,0
1753,3329,0,0,0,0
1753,3330,0,0,0,0
1753,3331,0,0,0,0
1753,3331,0,0,0,0
1753,3332,0,0,0,0
1753,3333,0,0,0,0
1753,3334,0,0,0,0
1754,3335,0,0,0,0
1755,3336,0,0,0,0
1756,3337,0,0,0,0
1756,3338,0,0,0,0
1757,3339,0,0,0,0
1757,3340,0,0,0,0
1757,3341,0,0,0,0
1758,3342,0,0,0,0
1759,3343,0,0,0,0
1759,3344,0,0,0,0
1759,3344,0,0,0,0
1760,3345,0,0,0,0
1761,3346,0,0,0,0
1762,3346,0,0,0,0
1762,3347,0,0,0,0
1763,3348,0,0,0,0
1764,3349,0,0,0,0
1764,3350,0,0,0,0
1765,3351,0,0,0,0
1766,3352,0,0,0,0
1766,3353,0,0,0,0
1767,3354,0,0,0,0
1767,3355,0,0,0,0
1767,3356,0,0,0,0
1767,3357,0,0,0,0
1767,3358,0,0,0,0
1767,3359,0,0,0,0
1768,3360,0,0,0,0
1768,3361,0,0,0,0
1769,3362,0,0,0,0
1770,3363,0,0,0,0
1771,3364,0,0,0,0
1771,3364,0,0,0,0
1771,3364,0,0,0,0
1771,3365,0,0,0,0
1771,3366,0,0,0,0
1771,3367,0,0,0,0
1771,3368,0,0,0,0
1771,3369,0,0,0,0
1772,3370,0,0,0,0
1772,3371,0,0,0,0
1772,3372,0,0,0,0
1772,3373,0,0,0,0
1772,3374,0,0,0,0
1772,3375,0,0,0,0
1772,3376,0,0,0,0
1772,3377,0,0,0,0
1772,3377,0,0,0,0
1772,3378,0,0,0,0
1773,3379,0,0,0,0
1774,3380,0,0,0,0
1775,3381,0,0,0,0
1776,3382,0,0,0,0
1776,3383,0,0,0,0
1776,3384,0,0,0,0
1776,3385,0,0,0,0
1776,3386,0,0,0,0
1776,3387,0,0,0,0
1776,3388,0,0,0,0
1776,3389,0,0,0,0
1776,3390,0,0,0,0
1776,3391,0,0,0,0
1776,3392,0,0,0,0
1777,3393,0,0,0,0
1778,3394,0,0,0,0
1779,3395,0,0,0,0
1779,3396,0,0,0,0
1780,3397,0,0,0,0
1780,3398,0,0,0,0
1781,3399,0,0,0,0
1781,3400,0,0,0,0
1781,3400,0,0,0,0
1781,3400,0,0,0,0
1782,3400,0,0,0,0
1783,3401,0,0,0,0
1783,3402,0,0,0,0
1784,3403,0,0,0,0
1785,3404,0,0,0,0
1786,3405,0,0,0,0
1786,3405,0,0,0,0
1786,3405,0,0,0,0
1787,3406,0,0,0,0
1788,3407,0,0,0,0
1789,3408,0,0,0,0
1790,3409,0,0,0,0
1791,3410,0,0,0,0
1792,3411,0,0,0,0
1792,3411,0,0,0,0
1792,3411,0,0,0,0
1792,3411,0,0,0,0
1793,3412,0,0,0,0
1794,3413,0,0,0,0
1795,3414,0,0,0,0
1796,3415,0,0,0,0
1797,3416,0,0,0,0
1798,3417,0,0,0,0
1799,3418,0,0,0,0
1800,3418,0,0,0,0
1801,3419,0,0,0,0
1802,3420,0,0,0,0
1802,3421,0,0,0,0
1803,3422,0,0,0,0
1804,3423,0,0,0,0
1805,3424,0,0,0,0
1806,3425,0,0,0,0
1807,3426,0,0,0,0
1807,3427,0,0,0,0
1808,3428,0,0,0,0
1808,3429,0,0,0,0
1808,3430,0,0,0,0
1808,3431,0,0,0,0
1808,3432,0,0,0,0
1808,3433,0,0,0,0
1808,3434,0,0,0,0
1808,3435,0,0,0,0
1808,3436,0,0,0,0
1809,3437,0,0,0,0
1810,3438,0,0,0,0
1811,3439,0,0,0,0
1811,3440,0,0,0,0
1812,3441,0,0,0,0
1813,3442,0,0,0,0
1814,3443,0,0,0,0
1815,3444,0,0,0,0
1815,3444,0,0,0,0
1816,3445,0,0,0,0
1816,3445,0,0,0,0
1817,3446,0,0,0,0
1817,3447,0,0,0,0
1817,3448,0,0,0,0
1818,3448,0,0,0,0
1819,3449,0,0,0,0
1819,3450,0,0,0,0
1819,3450,0,0,0,0
1819,3451,0,0,0,0
1819,3452,0,0,0,0
1819,3453,0,0,0,0
1819,3454,0,0,0,0
1819,3455,0,0,0,0
1819,3456,0,0,0,0
1819,3457,0,0,0,0
1819,3458,0,0,0,0
1819,3459,0,0,0,0
1819,3460,0,0,0,0
1820,3461,0,0,0,0
1821,3462,0,0,0,0
1821,3463,0,0,0,0
1821,3464,0,0,0,0
1822,3465,0,0,0,0
1822,3465,0,0,0,0
1822,3466,0,0,0,0
1822,3467,0,0,0,0
1823,3468,0,0,0,0
1824,3469,0,0,0,0
1824,3469,0,0,0,0
1824,3469,0,0,0,0
1824,3469,0,0,0,0
1824,3469,0,0,0,0
1824,3469,0,0,0,0
1824,3469,0,0,0,0
1824,3469,0,0,0,0
1824,3469,0,0,0,0
1824,3469,0,0,0,0
1824,3469,0,0,0,0
1824,3469,0,0,0,0
1824,3469,0,0,0,0
1825,3470,0,0,0,0
1825,3471,0,0,0,0
1825,3472,0,0,0,0
1825,3473,0,0,0,0
1825,3474,0,0,0,0
1825,3475,0,0,0,0
1825,3476,0,0,0,0
1825,3477,0,0,0,0
1825,3478,0,0,0,0
1825,3479,0,0,0,0
1826,3480,0,0,0,0
1827,3481,0,0,0,0
1828,3482,0,0,0,0
1829,3483,0,0,0,0
1830,3484,0,0,0,0
1830,3485,0,0,0,0
1831,3486,0,0,0,0
1832,3487,0,0,0,0
1833,3488,0,0,0,0
1834,3489,0,0,0,0
1834,3490,0,0,0,0
1834,3491,0,0,0,0
1834,3492,0,0,0,0
1835,3493,0,0,0,0
1835,3493,0,0,0,0
1835,3494,0,0,0,0
1835,3495,0,0,0,0
1835,3496,0,0,0,0
1835,3497,0,0,0,0
1835,3498,0,0,0,0
1835,3499,0,0,0,0
1835,3500,0,0,0,0
1835,3501,0,0,0,0
1835,3502,0,0,0,0
1835,3503,0,0,0,0
1835,3504,0,0,0,0
1835,3505,0,0,0,0
1835,3506,0,0,0,0
1835,3507,0,0,0,0
1836,3508,0,0,0,0
1837,3509,0,0,0,0
1838,3510,0,0,0,0
1838,3510,0,0,0,0
1838,3510,0,0,0,0
1838,3511,0,0,0,0
1838,3512,0,0,0,0
1838,3513,0,0,0,0
1838,3514,0,0,0,0
1838,3514,0,0,0,0
1838,3515,0,0,0,0
1839,3516,0,0,0,0
1840,3517,0,0,0,0
1841,3518,0,0,0,0
1842,3519,0,0,0,0
1843,3520,0,0,0,0
1844,3521,0,0,0,0
1845,3522,0,0,0,0
1846,3523,0,0,0,0
1847,3524,0,0,0,0
1847,3525,0,0,0,0
1847,3525,0,0,0,0
1847,3526,0,0,0,0
1847,3527,0,0,0,0
1847,3528,0,0,0,0
1847,3529,0,0,0,0
1847,3530,0,0,0,0
1847,3531,0,0,0,0
1847,3532,0,0,0,0
1847,3533,0,0,0,0
1847,3534,0,0,0,0
1847,3535,0,0,0,0
1847,3536,0,0,0,0
1847,3537,0,0,0,0
1847,3538,0,0,0,0
1848,3539,0,0,0,0
1849,3540,0,0,0,0
1850,3541,0,0,0,0
1850,3542,0,0,0,0
1851,3543,0,0,0,0
1851,3544,0,0,0,0
1852,3545,0,0,0,0
1852,3546,0,0,0,0
1853,3547,0,0,0,0
1854,3548,0,0,0,0
1854,3549,0,0,0,0
1855,3550,0,0,0,0
1855,3550,0,0,0,0
1856,3551,0,0,0,0
1856,3552,0,0,0,0
1856,3553,0,0,0,0
1857,3554,0,0,0,0
1858,3555,0,0,0,0
1859,3556,0,0,0,0
1860,3557,0,0,0,0
1860,3558,0,0,0,0
1860,3559,0,0,0,0
1861,3560,0,0,0,0
1862,3561,0,0,0,0
1863,3562,0,0,0,0
1863,3563,0,0,0,0
1864,3564,0,0,0,0
1864,3565,0,0,0,0
1865,3566,0,0,0,0
1866,3567,0,0,0,0
1866,3568,0,0,0,0
1867,3569,0,0,0,0
1868,3570,0,0,0,0
1869,3571,0,0,0,0
1870,3572,0,0,0,0
1870,3573,0,0,0,0
1870,3574,0,0,0,0
1870,3575,0,0,0,0
1870,3576,0,0,0,0
1870,3577,0,0,0,0
1870,3578,0,0,0,0
1870,3579,0,0,0,0
1870,3580,0,0,0,0
1870,3581,0,0,0,0
1870,3582,0,0,0,0
1871,3583,0,0,0,0
1871,3583,0,0,0,0
1871,3584,0,0,0,0
1872,3585,0,0,0,0
1872,3585,0,0,0,0
1872,3586,0,0,0,0
1872,3586,0,0,0,0
1872,3587,0,0,0,0
1873,3588,0,0,0,0
1873,3589,0,0,0,0
1874,3590,0,0,0,0
1875,3590,0,0,0,0
1876,3591,0,0,0,0
1877,3592,0,0,0,0
1878,3593,0,0,0,0
1879,3594,0,0,0,0
1879,3595,0,0,0,0
1880,3596,0,0,0,0
1880,3597,0,0,0,0
1880,3598,0,0,0,0
1881,3599,0,0,0,0
1882,3600,0,0,0,0
1883,3601,0,0,0,0
1883,3602,0,0,0,0
1884,3603,0,0,0,0
1885,3604,0,0,0,0
1886,3605,0,0,0,0
1887,3606,0,0,0,0
1887,3607,0,0,0,0
1888,3608,0,0,0,0
1889,3609,0,0,0,0
1890,3610,0,0,0,0
1891,3611,0,0,0,0
1892,3612,0,0,0,0
1893,3613,0,0,0,0
1894,3614,0,0,0,0
1894,3615,0,0,0,0
1895,3616,0,0,0,0
1895,3617,0,0,0,0
1895,3618,0,0,0,0
1895,3619,0,0,0,0
1895,3620,0,0,0,0
1895,3621,0,0,0,0
1895,3622,0,0,0,0
1896,3623,0,0,0,0
1897,3624,0,0,0,0
1897,3625,0,0,0,0
1897,3626,0,0,0,0
1897,3627,0,0,0,0
1897,3628,0,0,0,0
1898,3629,0,0,0,0
1898,3630,0,0,0,0
1898,3631,0,0,0,0
1898,3632,0,0,0,0
1898,3633,0,0,0,0
1899,3634,0,0,0,0
1899,3635,0,0,0,0
1899,3636,0,0,0,0
1899,3637,0,0,0,0
1899,3638,0,0,0,0
1899,3639,0,0,0,0
1899,3640,0,0,0,0
1899,3641,0,0,0,0
1899,3642,0,0,0,0
1899,3643,0,0,0,0
1899,3644,0,0,0,0
1899,3645,0,0,0,0
1899,3646,0,0,0,0
1899,3647,0,0,0,0
1899,3648,0,0,0,0
1899,3649,0,0,0,0
1899,3650,0,0,0,0
1900,3651,0,0,0,0
1900,3652,0,0,0,0
1900,3653,0,0,0,0
1900,3654,0,0,0,0
1900,3655,0,0,0,0
1900,3656,0,0,0,0
1900,3657,0,0,0,0
1901,3658,0,0,0,0
1902,3658,0,0,0,0
1903,3659,0,0,0,0
1903,3660,0,0,0,0
1904,3661,0,0,0,0
1904,3661,0,0,0,0
1905,3662,0,0,0,0
1905,3662,0,0,0,0
1905,3662,0,0,0,0
1905,3663,0,0,0,0
1906,3664,0,0,0,0
1907,3665,0,0,0,0
1908,3666,0,0,0,0
1909,3667,0,0,0,0
1910,3668,0,0,0,0
1911,3669,0,0,0,0
1912,3670,0,0,0,0
1913,3671,0,0,0,0
1914,3672,0,0,0,0
1915,3673,0,0,0,0
1915,3674,0,0,0,0
1916,3675,0,0,0,0
1917,3676,0,0,0,0
1918,3677,0,0,0,0
1918,3678,0,0,0,0
1918,3679,0,0,0,0
1918,3680,0,0,0,0
1918,3680,0,0,0,0
1918,3681,0,0,0,0
1918,3682,0,0,0,0
1918,3683,0,0,0,0
1918,3684,0,0,0,0
1918,3685,0,0,0,0
1919,3686,0,0,0,0
1920,3687,0,0,0,0
1920,3688,0,0,0,0
1920,3689,0,0,0,0
1920,3690,0,0,0,0
1920,3691,0,0,0,0
1920,3692,0,0,0,0
1921,3693,0,0,0,0
1922,3694,0,0,0,0
1923,3695,0,0,0,0
1923,3695,0,0,0,0
1923,3695,0,0,0,0
1924,3696,0,0,0,0
1924,3697,0,0,0,0
1924,3698,0,0,0,0
1924,3699,0,0,0,0
1924,3700,0,0,0,0
1924,3701,0,0,0,0
1924,3702,0,0,0,0
1925,3703,0,0,0,0
1926,3704,0,0,0,0
1927,3705,0,0,0,0
1927,3706,0,0,0,0
1928,3707,0,0,0,0
1929,3708,0,0,0,0
1929,3709,0,0,0,0
1929,3710,0,0,0,0
1930,3711,0,0,0,0
1930,3712,0,0,0,0
1930,3713,0,0,0,0
1930,3714,0,0,0,0
1931,3714,0,0,0,0
1931,3715,0,0,0,0
1931,3716,0,0,0,0
1931,3717,0,0,0,0
1931,3718,0,0,0,0
1931,3719,0,0,0,0
1931,3720,0,0,0,0
1931,3721,0,0,0,0
1931,3722,0,0,0,0
1931,3723,0,0,0,0
1931,3724,0,0,0,0
1931,3725,0,0,0,0
1931,3726,0,0,0,0
1931,3727,0,0,0,0
1931,3728,0,0,0,0
1932,3729,0,0,0,0
1932,3730,0,0,0,0
1932,3731,0,0,0,0
1932,3732,0,0,0,0
1932,3733,0,0,0,0
1932,3734,0,0,0,0
1932,3735,0,0,0,0
1932,3736,0,0,0,0
1932,3737,0,0,0,0
1932,3738,0,0,0,0
1932,3739,0,0,0,0
1932,3740,0,0,0,0
1933,3741,0,0,0,0
1934,3742,0,0,0,0
1935,3743,0,0,0,0
1936,3744,0,0,0,0
1937,3745,0,0,0,0
1938,3746,0,0,0,0
1939,3747,0,0,0,0
1940,3748,0,0,0,0
1941,3749,0,0,0,0
1942,3750,0,0,0,0
1943,3751,0,0,0,0
1944,3751,0,0,0,0
1945,3752,0,0,0,0
1946,3753,0,0,0,0
1947,3754,0,0,0,0
1948,3755,0,0,0,0
1949,3756,0,0,0,0
1950,3757,0,0,0,0
1951,3758,0,0,0,0
1952,3759,0,0,0,0
1953,3760,0,0,0,0
1954,3761,0,0,0,0
1955,3762,0,0,0,0
1956,3763,0,0,0,0
1957,3764,0,0,0,0
1958,3764,0,0,0,0
1959,3765,0,0,0,0
1960,3766,0,0,0,0
1960,3767,0,0,0,0
1961,3768,0,0,0,0
1962,3769,0,0,0,0
1963,3770,0,0,0,0
1963,3771,0,0,0,0
1963,3772,0,0,0,0
1963,3773,0,0,0,0
1963,3774,0,0,0,0
1963,3775,0,0,0,0
1963,3776,0,0,0,0
1963,3777,0,0,0,0
1963,3778,0,0,0,0
1963,3779,0,0,0,0
1963,3780,0,0,0,0
1963,3781,0,0,0,0
1963,3782,0,0,0,0
1963,3783,0,0,0,0
1964,3784,0,0,0,0
1964,3785,0,0,0,0
1964,3786,0,0,0,0
1964,3787,0,0,0,0
1964,3788,0,0,0,0
1964,3789,0,0,0,0
1964,3790,0,0,0,0
1964,3791,0,0,0,0
1964,3792,0,0,0,0
1964,3792,0,0,0,0
1964,3793,0,0,0,0
1964,3794,0,0,0,0
1965,3795,0,0,0,0
1966,3796,0,0,0,0
1967,3797,0,0,0,0
1968,3798,0,0,0,0
1969,3799,0,0,0,0
1970,3800,0,0,0,0
1971,3801,0,0,0,0
1972,3802,0,0,0,0
1972,3803,0,0,0,0
1972,3804,0,0,0,0
1972,3805,0,0,0,0
1972,3806,0,0,0,0
1972,3807,0,0,0,0
1972,3808,0,0,0,0
1972,3809,0,0,0,0
1972,3810,0,0,0,0
1972,3811,0,0,0,0
1972,3812,0,0,0,0
1972,3813,0,0,0,0
1972,3814,0,0,0,0
1972,3815,0,0,0,0
1973,3816,0,0,0,0
1974,3817,0,0,0,0
1975,3818,0,0,0,0
1975,3818,0,0,0,0
1976,3819,0,0,0,0
1977,3820,0,0,0,0
1978,3821,0,0,0,0
1979,3821,0,0,0,0
1980,3822,0,0,0,0
1981,3823,0,0,0,0
1982,3824,0,0,0,0
1983,3825,0,0,0,0
1984,3826,0,0,0,0
1985,3827,0,0,0,0
1986,3828,0,0,0,0
1986,3828,0,0,0,0
1987,3829,0,0,0,0
1988,3830,0,0,0,0
1989,3831,0,0,0,0
1990,3832,0,0,0,0
1991,3833,0,0,0,0
1992,3834,0,0,0,0
1992,3835,0,0,0,0
1993,3835,0,0,0,0
1994,3836,0,0,0,0
1995,3836,0,0,0,0
1996,3837,0,0,0,0
1997,3838,0,0,0,0
1998,3839,0,0,0,0
1998,3839,0,0,0,0
1999,3840,0,0,0,0
2000,3841,0,0,0,0
2001,3842,0,0,0,0
2002,3843,0,0,0,0
2002,3844,0,0,0,0
2002,3845,0,0,0,0
2002,3846,0,0,0,0
2002,3847,0,0,0,0
2002,3848,0,0,0,0
2002,3849,0,0,0,0
2003,3850,0,0,0,0
2004,3851,0,0,0,0
2004,3852,0,0,0,0
2004,3853,0,0,0,0
2004,3854,0,0,0,0
2004,3855,0,0,0,0
2004,3856,0,0,0,0
2004,3857,0,0,0,0
2004,3858,0,0,0,0
2005,3859,0,0,0,0
2006,3860,0,0,0,0
2007,3861,0,0,0,0
2007,3862,0,0,0,0
2007,3863,0,0,0,0
2007,3864,0,0,0,0
2007,3865,0,0,0,0
2007,3866,0,0,0,0
2007,3867,0,0,0,0
2007,3868,0,0,0,0
2008,3869,0,0,0,0
2009,3870,0,0,0,0
2009,3871,0,0,0,0
2010,3872,0,0,0,0
2011,3873,0,0,0,0
2012,3874,0,0,0,0
2013,3875,0,0,0,0
2013,3876,0,0,0,0
2014,3877,0,0,0,0
2015,3877,0,0,0,0
2016,3878,0,0,0,0
2017,3879,0,0,0,0
2017,3880,0,0,0,0
2017,3881,0,0,0,0
2017,3881,0,0,0,0
2017,3882,0,0,0,0
2018,3883,0,0,0,0
2019,3884,0,0,0,0
2019,3885,0,0,0,0
2020,3886,0,0,0,0
2021,3887,0,0,0,0
2022,3888,0,0,0,0
2023,3889,0,0,0,0
2024,3890,0,0,0,0
2025,3891,0,0,0,0
2026,3892,0,0,0,0
2026,3893,0,0,0,0
2026,3894,0,0,0,0
2026,3895,0,0,0,0
2026,3895,0,0,0,0
2026,3896,0,0,0,0
2026,3897,0,0,0,0
2026,3898,0,0,0,0
2027,3899,0,0,0,0
2028,3900,0,0,0,0
2028,3900,0,0,0,0
2028,3901,0,0,0,0
2029,3902,0,0,0,0
2030,3903,0,0,0,0
2031,3904,0,0,0,0
2032,3905,0,0,0,0
2033,3906,0,0,0,0
2034,3907,0,0,0,0
2035,3908,0,0,0,0
2035,3909,0,0,0,0
2036,3910,0,0,0,0
2037,3911,0,0,0,0
2038,3912,0,0,0,0
2039,3913,0,0,0,0
2039,3914,0,0,0,0
2039,3915,0,0,0,0
2039,3916,0,0,0,0
2039,3917,0,0,0,0
2040,3918,0,0,0,0
2041,3919,0,0,0,0
2042,3920,0,0,0,0
2042,3921,0,0,0,0
2042,3922,0,0,0,0
2042,3923,0,0,0,0
2042,3924,0,0,0,0
2042,3925,0,0,0,0
2042,3926,0,0,0,0
2043,3927,0,0,0,0
2044,3928,0,0,0,0
2044,3929,0,0,0,0
2044,3930,0,0,0,0
2044,3931,0,0,0,0
2044,3932,0,0,0,0
2044,3933,0,0,0,0
2044,3933,0,0,0,0
2044,3934,0,0,0,0
2045,3935,0,0,0,0
2046,3936,0,0,0,0
2047,3937,0,0,0,0
2047,3938,0,0,0,0
2047,3939,0,0,0,0
2047,3940,0,0,0,0
2048,3941,0,0,0,0
2049,3942,0,0,0,0
2050,3943,0,0,0,0
2051,3944,0,0,0,0
2052,3945,0,0,0,0
2053,3946,0,0,0,0
2054,3947,0,0,0,0
2055,3948,0,0,0,0
2056,3949,0,0,0,0
2057,3950,0,0,0,0
2058,3951,0,0,0,0
2059,3952,0,0,0,0
2060,3953,0,0,0,0
2061,3954,0,0,0,0
2062,3955,0,0,0,0
2063,3956,0,0,0,0
2064,3957,0,0,0,0
2064,3958,0,0,0,0
2064,3959,0,0,0,0
2064,3960,0,0,0,0
2064,3961,0,0,0,0
2065,3962,0,0,0,0
2066,3963,0,0,0,0
2066,3964,0,0,0,0
2067,3965,0,0,0,0
2068,3966,0,0,0,0
2069,3967,0,0,0,0
2069,3967,0,0,0,0
2070,3968,0,0,0,0
2070,3969,0,0,0,0
2070,3970,0,0,0,0
2070,3971,0,0,0,0
2070,3972,0,0,0,0
2071,3973,0,0,0,0
2072,3974,0,0,0,0
2073,3975,0,0,0,0
2074,3976,0,0,0,0
2075,3977,0,0,0,0
2075,3978,0,0,0,0
2076,3979,0,0,0,0
2077,3980,0,0,0,0
2078,3981,0,0,0,0
2079,3982,0,0,0,0
2080,3983,0,0,0,0
2081,3984,0,0,0,0
2082,3985,0,0,0,0
2082,3986,0,0,0,0
2083,3987,0,0,0,0
2084,3988,0,0,0,0
2085,3989,0,0,0,0
2086,3990,0,0,0,0
2087,3991,0,0,0,0
2087,3992,0,0,0,0
2087,3993,0,0,0,0
2087,3994,0,0,0,0
2087,3994,0,0,0,0
2088,3995,0,0,0,0
2088,3996,0,0,0,0
2089,3997,0,0,0,0
2090,3997,0,0,0,0
2091,3998,0,0,0,0
2092,3999,0,0,0,0
2092,4000,0,0,0,0
2092,4001,0,0,0,0
2092,4002,0,0,0,0
2092,4003,0,0,0,0
2092,4004,0,0,0,0
2092,4005,0,0,0,0
2093,4006,0,0,0,0
2093,4007,0,0,0,0
2093,4008,0,0,0,0
2093,4009,0,0,0,0
2094,4010,0,0,0,0
2095,4011,0,0,0,0
2096,4012,0,0,0,0
2097,4013,0,0,0,0
2098,4014,0,0,0,0
2098,4015,0,0,0,0
2098,4016,0,0,0,0
2098,4017,0,0,0,0
2098,4018,0,0,0,0
2098,4019,0,0,0,0
2098,4020,0,0,0,0
2098,4021,0,0,0,0
2098,4021,0,0,0,0
2098,4022,0,0,0,0
2098,4023,0,0,0,0
2098,4024,0,0,0,0
2098,4025,0,0,0,0
2098,4026,0,0,0,0
2098,4027,0,0,0,0
2099,4028,0,0,0,0
2100,4029,0,0,0,0
2101,4030,0,0,0,0
2101,4031,0,0,0,0
2101,4032,0,0,0,0
2101,4033,0,0,0,0
2101,4034,0,0,0,0
2102,4035,0,0,0,0
2102,4036,0,0,0,0
2102,4037,0,0,0,0
2102,4037,0,0,0,0
2102,4038,0,0,0,0
2102,4039,0,0,0,0
2102,4040,0,0,0,0
2102,4041,0,0,0,0
2102,4041,0,0,0,0
2102,4042,0,0,0,0
2102,4043,0,0,0,0
2102,4044,0,0,0,0
2102,4045,0,0,0,0
2102,4046,0,0,0,0
2102,4047,0,0,0,0
2102,4048,0,0,0,0
2102,4049,0,0,0,0
2102,4050,0,0,0,0
2102,4051,0,0,0,0
2102,4052,0,0,0,0
2102,4053,0,0,0,0
2102,4054,0,0,0,0
2103,4055,0,0,0,0
2104,4056,0,0,0,0
2105,4057,0,0,0,0
2106,4058,0,0,0,0
2106,4059,0,0,0,0
2107,4060,0,0,0,0
2108,4061,0,0,0,0
2108,4062,0,0,0,0
2108,4063,0,0,0,0
2108,4064,0,0,0,0
2109,4065,0,0,0,0
2109,4066,0,0,0,0
2109,4067,0,0,0,0
2110,4068,0,0,0,0
2110,4069,0,0,0,0
2111,4070,0,0,0,0
2112,4071,0,0,0,0
2112,4072,0,0,0,0
2112,4073,0,0,0,0
2112,4074,0,0,0,0
2113,4075,0,0,0,0
2113,4076,0,0,0,0
2113,4077,0,0,0,0
2114,4078,0,0,0,0
2115,4079,0,0,0,0
2116,4080,0,0,0,0
2117,4081,0,0,0,0
2117,4082,0,0,0,0
2117,4083,0,0,0,0
2118,4083,0,0,0,0
2119,4084,0,0,0,0
2120,4085,0,0,0,0
2120,4085,0,0,0,0
2121,4086,0,0,0,0
2121,4086,0,0,0,0
2122,4087,0,0,0,0
2123,4088,0,0,0,0
2123,4089,0,0,0,0
2123,4090,0,0,0,0
2123,4091,0,0,0,0
2123,4092,0,0,0,0
2123,4093,0,0,0,0
2123,4094,0,0,0,0
2124,4095,0,0,0,0
2125,4096,0,0,0,0
2126,4097,0,0,0,0
2127,4098,0,0,0,0
2128,4099,0,0,0,0
2129,4100,0,0,0,0
2129,4101,0,0,0,0
2129,4102,0,0,0,0
2130,4103,0,0,0,0
2131,4104,0,0,0,0
2132,4105,0,0,0,0
2133,4106,0,0,0,0
2134,4107,0,0,0,0
2134,4108,0,0,0,0
2134,4108,0,0,0,0
2134,4109,0,0,0,0
2135,4110,0,0,0,0
2136,4111,0,0,0,0
2136,4112,0,0,0,0
2136,4113,0,0,0,0
2136,4113,0,0,0,0
2137,4113,0,0,0,0
2138,4113,0,0,0,0
2138,4113,0,0,0,0
2138,4113,0,0,0,0
2139,4114,0,0,0,0
2140,4115,0,0,0,0
2141,4115,0,0,0,0
2141,4115,0,0,0,0
2141,4115,0,0,0,0
2142,4116,0,0,0,0
2143,4117,0,0,0,0
2144,4118,0,0,0,0
2145,4119,0,0,0,0
2146,4120,0,0,0,0
2147,4121,0,0,0,0
2147,4121,0,0,0,0
2147,4122,0,0,0,0
2148,4123,0,0,0,0
2148,4124,0,0,0,0
2148,4125,0,0,0,0
2149,4126,0,0,0,0
2150,4127,0,0,0,0
2150,4128,0,0,0,0
2151,4129,0,0,0,0
2152,4130,0,0,0,0
2152,4130,0,0,0,0
2152,4130,0,0,0,0
2153,4131,0,0,0,0
2154,4132,0,0,0,0
2154,4133,0,0,0,0
2155,4134,0,0,0,0
2155,4135,0,0,0,0
2156,4136,0,0,0,0
2157,4137,0,0,0,0
2158,4138,0,0,0,0
2158,4139,0,0,0,0
2158,4139,0,0,0,0
2159,4140,0,0,0,0
2160,4141,0,0,0,0
2161,4142,0,0,0,0
2162,4143,0,0,0,0
2163,4144,0,0,0,0
2164,4145,0,0,0,0
2165,4146,0,0,0,0
2165,4147,0,0,0,0
2166,4148,0,0,0,0
2167,4149,0,0,0,0
2167,4150,0,0,0,0
2167,4151,0,0,0,0
2168,4152,0,0,0,0
2169,4153,0,0,0,0
2169,4154,0,0,0,0
2170,4155,0,0,0,0
2171,4156,0,0,0,0
2172,4157,0,0,0,0
2173,4158,0,0,0,0
2174,4159,0,0,0,0
2174,4160,0,0,0,0
2174,4161,0,0,0,0
2174,4162,0,0,0,0
2174,4163,0,0,0,0
2174,4163,0,0,0,0
2174,4164,0,0,0,0
2175,4165,0,0,0,0
2175,4165,0,0,0,0
2175,4166,0,0,0,0
2175,4167,0,0,0,0
2175,4168,0,0,0,0
2175,4169,0,0,0,0
2175,4170,0,0,0,0
2175,4171,0,0,0,0
2175,4172,0,0,0,0
2175,4173,0,0,0,0
2175,4174,0,0,0,0
2175,4175,0,0,0,0
2175,4176,0,0,0,0
2175,4177,0,0,0,0
2175,4178,0,0,0,0
2175,4179,0,0,0,0
2175,4180,0,0,0,0
2175,4180,0,0,0,0
2175,4181,0,0,0,0
2175,4182,0,0,0,0
2175,4183,0,0,0,0
2175,4184,0,0,0,0
2176,4185,0,0,0,0
2176,4186,0,0,0,0
2176,4187,0,0,0,0
2176,4188,0,0,0,0
2176,4189,0,0,0,0
2176,4189,0,0,0,0
2176,4190,0,0,0,0
2176,4191,0,0,0,0
2177,4192,0,0,0,0
2178,4193,0,0,0,0
2179,4194,0,0,0,0
2179,4194,0,0,0,0
2180,4195,0,0,0,0
2181,4196,0,0,0,0
2181,4196,0,0,0,0
2182,4197,0,0,0,0
2182,4197,0,0,0,0
2183,4198,0,0,0,0
2184,4199,0,0,0,0
2185,4200,0,0,0,0
2186,4201,0,0,0,0
2186,4202,0,0,0,0
2187,4203,0,0,0,0
2188,4204,0,0,0,0
2189,4205,0,0,0,0
2190,4206,0,0,0,0
2190,4207,0,0,0,0
2191,4208,0,0,0,0
2191,4209,0,0,0,0
2192,4210,0,0,0,0
2193,4211,0,0,0,0
2194,4212,0,0,0,0
2195,4213,0,0,0,0
2196,4214,0,0,0,0
2197,4215,0,0,0,0
2198,4216,0,0,0,0
2199,4217,0,0,0,0
2200,4218,0,0,0,0
2200,4219,0,0,0,0
2200,4220,0,0,0,0
2200,4221,0,0,0,0
2200,4222,0,0,0,0
2200,4223,0,0,0,0
2201,4224,0,0,0,0
2202,4225,0,0,0,0