startdate,enddate,location,eventstatus,organizer
1,1,-1,0,-1
2,2,-1,0,-1
3,3,-1,0,-1
4,4,-1,0,-1
5,5,-1,0,-1
6,6,-1,0,-1
7,7,-1,0,-1
8,8,-1,0,-1
9,9,-1,0,-1
10,10,-1,0,-1
11,11,-1,0,-1
12,12,-1,0,-1
13,13,-1,0,-1
14,14,-1,0,-1
15,15,-1,0,-1
16,16,-1,0,-1
17,17,-1,0,-1
18,18,-1,0,-1
19,19,-1,0,-1
20,20,-1,0,-1
21,21,-1,0,-1
22,22,-1,0,-1
23,23,-1,0,-1
24,24,-1,0,-1
25,25,-1,0,-1
26,26,-1,0,-1
27,27,-1,0,-1
28,28,-1,0,-1
29,29,-1,0,-1
30,30,-1,1,-1
31,31,-1,1,-1
32,32,-1,1,1
33,33,-1,1,2
34,34,-1,1,-1
35,35,-1,1,3
36,36,-1,1,-1
37,37,-1,1,-1
38,38,-1,1,4
39,39,-1,1,-1
40,40,-1,1,-1
41,41,-1,1,-1
42,42,-1,1,-1
43,43,-1,1,-1
44,44,-1,1,5
45,45,-1,1,6
46,46,-1,1,-1
47,47,-1,1,-1
48,48,-1,1,-1
49,49,-1,1,7
50,50,-1,1,-1
51,51,-1,1,8
52,52,-1,1,-1
53,53,-1,1,-1
54,54,-1,1,-1
55,55,-1,1,-1
56,56,-1,1,-1
57,57,-1,1,-1
58,58,-1,1,-1
59,59,-1,1,-1
60,60,-1,1,-1
61,61,-1,1,9
62,62,-1,1,-1
63,63,-1,1,-1
64,64,-1,1,-1
65,65,-1,1,10
66,66,-1,1,-1
67,67,-1,1,-1
68,68,-1,1,-1
69,69,-1,1,-1
70,70,-1,1,-1
71,71,-1,1,-1
72,72,-1,1,-1
73,73,-1,1,-1
74,74,-1,1,-1
75,75,-1,1,11
76,76,-1,1,-1
77,77,-1,1,-1
78,78,-1,1,-1
79,79,-1,1,12
80,80,-1,1,-1
81,81,-1,1,13
82,82,-1,1,-1
83,83,-1,1,14
84,84,-1,1,15
85,85,-1,1,16
86,86,-1,1,-1
87,87,-1,1,-1
88,88,-1,1,17
89,89,-1,1,18
90,90,-1,1,-1
91,91,-1,1,19
92,92,-1,1,-1
93,93,-1,1,-1
94,94,-1,1,-1
95,95,-1,1,-1
96,96,-1,1,-1
97,97,-1,1,-1
98,98,-1,1,-1
99,99,-1,1,-1
100,100,-1,1,20
101,101,-1,1,-1
102,102,-1,1,-1
103,103,-1,1,-1
104,104,-1,1,-1
105,105,-1,1,-1
106,106,-1,1,-1
107,107,-1,1,-1
108,108,-1,1,-1
109,109,-1,1,21
110,110,-1,1,22
111,111,-1,1,-1
112,112,-1,1,23
113,113,-1,1,-1
114,114,-1,1,-1
115,115,-1,1,24
116,116,-1,1,25
117,117,-1,1,26
118,118,-1,1,-1
119,119,-1,1,-1
120,120,-1,1,-1
121,121,-1,1,-1
122,122,-1,1,-1
123,123,-1,1,27
124,124,-1,1,28
125,125,-1,1,-1
126,126,-1,1,-1
127,127,-1,1,29
128,128,-1,1,-1
129,129,-1,1,-1
130,130,-1,1,30
131,131,-1,1,-1
132,132,-1,1,-1
133,133,-1,1,-1
134,134,-1,1,-1
135,135,-1,1,-1
136,136,-1,1,-1
137,137,-1,1,-1
138,138,-1,1,-1
139,139,-1,1,-1
140,140,-1,1,-1
141,141,-1,1,-1
142,142,-1,1,-1
143,143,-1,1,-1
144,144,-1,1,-1
145,145,-1,1,31
146,146,-1,1,-1
147,147,-1,1,-1
148,148,-1,1,-1
149,149,-1,1,-1
150,150,-1,1,-1
151,151,-1,1,-1
152,152,-1,1,-1
153,153,-1,1,-1
154,154,-1,1,32
155,155,-1,1,-1
156,156,-1,1,-1
157,157,-1,1,33
158,158,-1,1,-1
159,159,-1,1,-1
160,160,-1,1,34
161,161,-1,1,-1
162,162,-1,1,-1
163,163,-1,1,-1
164,164,-1,1,-1
165,165,-1,1,-1
166,166,-1,1,35
167,167,-1,1,-1
168,168,-1,1,36
169,169,-1,1,-1
170,170,-1,1,-1
171,171,-1,1,37
172,172,-1,1,38
173,173,-1,1,-1
174,174,-1,1,-1
175,175,-1,1,-1
176,176,-1,1,39
177,177,-1,1,-1
178,178,-1,1,40
179,179,-1,1,-1
180,180,-1,1,41
181,181,-1,1,42
182,182,-1,1,-1
183,183,-1,1,43
184,184,-1,1,-1
185,185,-1,1,44
186,186,-1,1,-1
187,187,-1,1,-1
188,188,-1,1,-1
189,189,-1,1,45
190,190,-1,1,-1
191,191,-1,1,46
192,192,-1,1,-1
193,193,-1,1,-1
194,194,-1,1,-1
195,195,-1,1,47
196,196,-1,1,48
197,197,-1,1,49
198,198,-1,1,-1
199,199,-1,1,-1
200,200,-1,1,-1
201,201,-1,1,-1
202,202,-1,1,-1
203,203,-1,1,-1
204,204,-1,1,50
205,205,-1,1,-1
206,206,-1,1,-1
207,207,-1,1,51
208,208,-1,1,-1
209,209,-1,1,52
210,210,-1,1,-1
211,211,-1,1,53
212,212,-1,1,54
213,213,-1,1,-1
214,214,-1,1,-1
215,215,-1,1,55
216,216,-1,1,56
217,217,-1,1,-1
218,218,-1,1,-1
219,219,-1,1,57
220,220,-1,1,58
221,221,-1,1,59
222,222,-1,1,60
223,223,-1,1,-1
224,224,-1,1,-1
225,225,-1,1,-1
226,226,-1,1,-1
227,227,-1,1,-1
228,228,-1,1,61
229,229,-1,1,62
230,230,-1,1,63
231,231,-1,1,-1
232,232,-1,1,-1
233,233,-1,1,-1
234,234,-1,1,-1
235,235,-1,1,64
236,236,-1,1,-1
237,237,-1,1,65
238,238,-1,1,66
239,239,-1,1,-1
240,240,-1,1,67
241,241,-1,1,-1
242,242,-1,1,-1
243,243,-1,1,-1
244,244,-1,1,68
245,245,-1,1,-1
246,246,-1,1,69
247,247,-1,1,70
248,248,-1,1,-1
249,249,-1,1,-1
250,250,-1,1,71
251,251,-1,1,72
252,252,-1,1,-1
253,253,-1,1,-1
254,254,-1,1,-1
255,255,-1,1,-1
256,256,-1,1,-1
257,257,-1,1,-1
258,258,-1,1,-1
259,259,-1,1,-1
260,260,-1,1,72
261,261,-1,1,-1
262,262,-1,1,73
263,263,-1,1,-1
264,264,-1,1,-1
265,265,-1,1,-1
266,266,-1,1,74
267,267,-1,1,75
268,268,-1,1,-1
269,269,-1,1,-1
270,270,-1,1,-1
271,271,-1,1,-1
272,272,-1,1,76
273,273,-1,1,-1
274,274,-1,1,-1
275,275,-1,1,77
276,276,-1,1,-1
277,277,-1,1,78
278,278,-1,1,-1
279,279,-1,1,-1
280,280,-1,1,-1
281,281,-1,1,-1
282,282,-1,1,-1
283,283,-1,1,-1
-1,-1,-1,1,-1
284,284,-1,1,79
285,285,-1,1,80
286,286,-1,1,-1
287,287,-1,1,81
288,288,-1,1,-1
289,289,-1,1,-1
290,290,-1,1,-1
291,291,-1,1,-1
292,292,-1,1,-1
293,293,-1,1,-1
294,294,-1,1,82
295,295,-1,1,83
296,296,-1,1,84
297,297,-1,1,85
298,298,-1,1,-1
299,299,-1,1,86
300,300,-1,1,87
301,301,-1,1,-1
302,302,-1,1,88
303,303,-1,1,89
304,304,-1,1,-1
305,305,-1,1,-1
306,306,-1,1,-1
307,307,-1,1,90
308,308,-1,1,-1
309,309,-1,1,91
310,310,-1,1,-1
311,311,-1,1,-1
312,312,-1,1,-1
313,313,-1,1,92
314,314,-1,1,93
315,315,-1,1,94
316,316,-1,1,95
317,317,-1,1,-1
318,318,-1,1,96
319,319,-1,1,97
320,320,-1,1,-1
321,321,-1,1,98
322,322,-1,1,-1
323,323,-1,1,-1
324,324,-1,1,-1
325,325,-1,1,99
326,326,-1,1,-1
327,327,-1,1,-1
328,328,-1,1,100
329,329,-1,1,-1
330,330,-1,1,101
331,331,-1,1,102
332,332,-1,1,-1
333,333,-1,1,-1
334,334,-1,1,-1
335,335,-1,1,103
336,336,-1,1,104
337,337,-1,1,105
338,338,-1,1,106
339,339,-1,1,-1
340,340,-1,1,107
341,341,-1,1,-1
342,342,-1,1,-1
343,343,-1,1,108
344,344,-1,1,109
345,345,-1,1,110
346,346,-1,1,111
347,347,-1,1,112
348,348,-1,1,-1
349,349,-1,1,-1
350,350,-1,1,-1
351,351,-1,1,-1
352,352,-1,1,-1
353,353,-1,1,-1
354,354,-1,1,-1
355,355,-1,1,113
356,356,-1,1,-1
357,357,-1,1,114
358,358,-1,1,115
359,359,-1,1,-1
360,360,-1,1,-1
361,361,-1,1,-1
362,362,-1,1,-1
363,363,-1,1,-1
364,364,-1,1,116
365,365,-1,1,117
366,366,-1,1,118
367,367,-1,1,-1
368,368,-1,1,-1
369,369,-1,1,119
370,370,-1,1,-1
371,371,-1,1,-1
372,372,-1,1,120
373,373,-1,1,-1
374,374,-1,1,121
375,375,-1,1,-1
376,376,-1,1,-1
377,377,-1,1,122
378,378,-1,1,-1
379,379,-1,1,-1
380,380,-1,1,-1
381,381,-1,1,-1
382,382,-1,1,123
383,383,-1,1,124
384,384,-1,1,-1
385,385,-1,1,125
386,386,-1,1,126
387,387,-1,1,127
388,388,-1,1,128
389,389,-1,1,129
390,390,-1,1,-1
391,391,-1,1,130
392,392,-1,1,-1
393,393,-1,1,131
394,394,-1,1,-1
395,395,-1,1,-1
396,396,-1,1,132
397,397,-1,1,-1
398,398,-1,1,133
399,399,-1,1,-1
400,400,-1,1,-1
401,401,-1,1,-1
402,402,-1,1,-1
403,403,-1,1,134
404,404,-1,1,-1
405,405,-1,1,135
406,406,-1,1,-1
407,407,-1,1,-1
408,408,-1,1,-1
409,409,-1,1,-1
410,410,-1,1,-1
411,411,-1,1,136
412,412,-1,1,137
413,413,-1,1,138
414,414,-1,1,139
415,415,-1,1,140
416,416,-1,1,-1
417,417,-1,1,-1
418,418,-1,1,-1
419,419,-1,1,-1
420,420,-1,1,-1
421,421,-1,1,-1
421,421,-1,1,-1
421,421,-1,1,-1
422,422,-1,1,-1
423,423,-1,1,-1
424,424,-1,1,-1
425,425,-1,1,141
426,426,-1,1,142
427,427,-1,1,143
428,428,-1,1,144
429,429,-1,1,145
430,430,-1,1,146
431,431,-1,1,-1
432,432,-1,1,-1
433,433,-1,1,-1
434,434,-1,1,-1
435,435,-1,1,-1
436,436,-1,1,-1
437,437,-1,1,-1
438,438,-1,1,-1
439,439,-1,1,147
440,440,-1,1,-1
441,441,-1,1,148
442,442,-1,1,-1
443,443,-1,1,-1
444,444,-1,1,-1
445,445,-1,1,-1
446,446,-1,1,-1
447,447,-1,1,-1
448,448,-1,1,-1
449,449,-1,1,-1
450,450,-1,1,-1
451,451,-1,1,-1
452,452,-1,1,149
453,453,-1,1,-1
454,454,-1,1,-1
455,455,-1,1,150
456,456,-1,1,151
457,457,-1,1,152
458,458,-1,1,-1
459,459,-1,1,-1
460,460,-1,1,-1
461,461,-1,1,-1
462,462,-1,1,-1
463,463,-1,1,-1
464,464,-1,1,-1
464,464,-1,1,-1
465,465,-1,1,-1
466,466,-1,1,-1
467,467,-1,1,-1
468,468,-1,1,-1
469,469,-1,1,-1
470,470,-1,1,-1
471,471,-1,1,-1
472,472,-1,1,-1
473,473,-1,1,-1
474,474,-1,1,-1
475,475,-1,1,-1
476,476,-1,1,-1
477,477,-1,1,-1
478,478,-1,1,-1
479,479,-1,1,-1
480,480,-1,1,-1
481,481,-1,1,-1
482,482,-1,1,153
483,483,-1,1,154
484,484,-1,1,155
485,485,-1,1,-1
486,486,-1,1,156
487,487,-1,1,-1
488,488,-1,1,157
489,489,-1,1,158
490,490,-1,1,-1
491,491,-1,1,-1
492,492,-1,1,-1
493,493,-1,1,-1
494,494,-1,1,159
495,495,-1,1,160
496,496,-1,1,-1
497,497,-1,1,-1
498,498,-1,1,161
499,499,-1,1,-1
500,500,-1,1,-1
501,501,-1,1,-1
502,502,-1,1,162
503,503,-1,1,163
504,504,-1,1,164
505,505,-1,1,-1
506,506,-1,1,165
507,507,-1,1,-1
508,508,-1,1,-1
509,509,-1,1,-1
510,510,-1,1,-1
511,511,-1,1,-1
512,512,-1,1,-1
513,513,-1,1,-1
514,514,-1,1,-1
515,515,-1,1,-1
516,516,-1,1,166
517,517,-1,1,-1
518,518,-1,1,-1
519,519,-1,1,-1
520,520,-1,1,-1
521,521,-1,1,167
522,522,-1,1,-1
523,523,-1,1,-1
524,524,-1,1,168
525,525,-1,1,169
526,526,-1,1,-1
527,527,-1,1,-1
528,528,-1,1,170
529,529,-1,1,171
530,530,-1,1,-1
531,531,-1,1,-1
532,532,-1,1,-1
533,533,-1,1,172
534,534,-1,1,173
535,535,-1,1,-1
536,536,-1,1,-1
537,537,-1,1,-1
538,538,-1,1,-1
539,539,-1,1,-1
540,540,-1,1,174
541,541,-1,1,-1
542,542,-1,1,175
543,543,-1,1,-1
544,544,-1,1,-1
545,545,-1,1,-1
546,546,-1,1,-1
547,547,-1,1,176
548,548,-1,1,-1
549,549,-1,1,177
550,550,-1,1,-1
551,551,-1,1,-1
552,552,-1,1,-1
553,553,-1,1,-1
554,554,-1,1,178
555,555,-1,1,179
556,556,-1,1,-1
557,557,-1,1,180
558,558,-1,1,181
559,559,-1,1,-1
560,560,-1,1,-1
561,561,-1,1,-1
562,562,-1,1,182
563,563,-1,1,-1
564,564,-1,1,-1
565,565,-1,1,183
566,566,-1,1,184
567,567,-1,1,185
568,568,-1,1,-1
569,569,-1,1,-1
570,570,-1,1,-1
571,571,-1,1,186
572,572,-1,1,-1
573,573,-1,1,-1
574,574,-1,1,-1
575,575,-1,1,187
576,576,-1,1,188
577,577,-1,1,189
578,578,-1,1,190
579,579,-1,1,-1
580,580,-1,1,-1
581,581,-1,1,191
582,582,-1,1,-1
583,583,-1,1,-1
584,584,-1,1,192
585,585,-1,1,-1
586,586,-1,1,-1
587,587,-1,1,-1
588,588,-1,1,-1
589,589,-1,1,193
590,590,-1,1,194
591,591,-1,1,195
592,592,-1,1,-1
593,593,-1,1,-1
594,594,-1,1,-1
595,595,-1,1,196
596,596,-1,1,-1
597,597,-1,1,-1
598,598,-1,1,-1
599,599,-1,1,197
600,600,-1,1,198
601,601,-1,1,-1
602,602,-1,1,-1
603,603,-1,1,199
604,604,-1,1,200
605,605,-1,1,-1
606,606,-1,1,201
607,607,-1,1,-1
608,608,-1,1,-1
609,609,-1,1,-1
610,610,-1,1,-1
611,611,-1,1,-1
612,612,-1,1,-1
613,613,-1,1,202
614,614,-1,1,-1
615,615,-1,1,-1
616,616,-1,1,203
617,617,-1,1,204
618,618,-1,1,205
619,619,-1,1,206
620,620,-1,1,207
621,621,-1,1,-1
622,622,-1,1,-1
623,623,-1,1,-1
624,624,-1,1,-1
625,625,-1,1,-1
626,626,-1,1,-1
627,627,-1,1,-1
628,628,-1,1,-1
629,629,-1,1,-1
630,630,-1,1,-1
631,631,-1,1,-1
632,632,-1,1,-1
633,633,-1,1,-1
634,634,-1,1,-1
635,635,-1,1,208
636,636,-1,1,-1
637,637,-1,1,-1
638,638,-1,1,209
639,639,-1,1,-1
640,640,-1,1,210
641,641,-1,1,211
642,642,-1,1,-1
643,643,-1,1,212
644,644,-1,1,-1
645,645,-1,1,-1
646,646,-1,1,213
647,647,-1,1,-1
648,648,-1,1,-1
649,649,-1,1,-1
650,650,-1,1,-1
651,651,-1,1,-1
652,652,-1,1,214
653,653,-1,1,-1
654,654,-1,1,215
655,655,-1,1,216
656,656,-1,1,217
657,657,-1,1,-1
658,658,-1,1,-1
659,659,-1,1,218
660,660,-1,1,-1
661,661,-1,1,-1
662,662,-1,1,-1
663,663,-1,1,-1
664,664,-1,1,-1
665,665,-1,1,-1
666,666,-1,1,219
667,667,-1,1,-1
668,668,-1,1,220
669,669,-1,1,-1
670,670,-1,1,221
671,671,-1,1,222
672,672,-1,1,-1
673,673,-1,1,223
674,674,-1,1,-1
675,675,-1,1,-1
676,676,-1,1,224
677,677,-1,1,-1
678,678,-1,1,-1
679,679,-1,1,225
680,680,-1,1,226
681,681,-1,1,-1
682,682,-1,1,-1
683,683,-1,1,-1
684,684,-1,1,227
685,685,-1,1,-1
686,686,-1,1,-1
687,687,-1,1,228
688,688,-1,1,-1
689,689,-1,1,229
690,690,-1,1,230
691,691,-1,1,231
692,692,-1,1,-1
693,693,-1,1,232
694,694,-1,1,233
695,695,-1,1,234
696,696,-1,1,-1
697,697,-1,1,-1
698,698,-1,1,-1
699,699,-1,1,235
700,700,-1,1,-1
701,701,-1,1,-1
702,702,-1,1,-1
703,703,-1,1,-1
704,704,-1,1,-1
705,705,-1,1,-1
706,706,-1,1,236
707,707,-1,1,-1
708,708,-1,1,-1
709,709,-1,1,-1
710,710,-1,1,-1
711,711,-1,1,-1
712,712,-1,1,-1
713,713,-1,1,-1
714,714,-1,1,-1
715,715,-1,1,-1
716,716,-1,1,-1
717,717,-1,1,-1
718,718,-1,1,-1
719,719,-1,1,-1
720,720,-1,1,-1
721,721,-1,1,-1
722,722,-1,1,-1
723,723,-1,1,237
724,724,-1,1,-1
725,725,-1,1,238
726,726,-1,1,239
727,727,-1,1,-1
728,728,-1,1,240
729,729,-1,1,-1
730,730,-1,1,-1
731,731,-1,1,-1
732,732,-1,1,-1
733,733,-1,1,240
734,734,-1,1,-1
735,735,-1,1,241
736,736,-1,1,-1
737,737,-1,1,-1
738,738,-1,1,-1
739,739,-1,1,-1
740,740,-1,1,-1
741,741,-1,1,-1
742,742,-1,1,-1
743,743,-1,1,-1
744,744,-1,1,-1
745,745,-1,1,-1
746,746,-1,1,-1
747,747,-1,1,-1
748,748,-1,1,-1
749,749,-1,1,-1
750,750,-1,1,-1
751,751,-1,1,-1
752,752,-1,1,-1
753,753,-1,1,-1
754,754,-1,1,242
755,755,-1,1,-1
756,756,-1,1,-1
757,757,-1,1,-1
758,758,-1,1,-1
759,759,-1,1,243
760,760,-1,1,244
761,761,-1,1,245
762,762,-1,1,-1
763,763,-1,1,-1
764,764,-1,1,-1
765,765,-1,1,-1
766,766,-1,1,-1
767,767,-1,1,-1
768,768,-1,1,-1
769,769,-1,1,246
770,770,-1,1,-1
771,771,-1,1,247
772,772,-1,1,-1
773,773,-1,1,248
774,774,-1,1,249
775,775,-1,1,-1
776,776,-1,1,-1
777,777,-1,1,-1
778,778,-1,1,-1
779,779,-1,1,250
780,780,-1,1,-1
781,781,-1,1,251
782,782,-1,1,-1
783,783,-1,1,-1
784,784,-1,1,-1
785,785,-1,1,-1
786,786,-1,1,-1
787,787,-1,1,-1
788,788,-1,1,-1
789,789,-1,1,252
790,790,-1,1,-1
791,791,-1,1,-1
792,792,-1,1,-1
793,793,-1,1,-1
794,794,-1,1,-1
795,795,-1,1,-1
796,796,-1,1,-1
797,797,-1,1,-1
798,798,-1,1,253
799,799,-1,1,254
800,800,-1,1,255
801,801,-1,1,256
802,802,-1,1,-1
803,803,-1,1,-1
804,804,-1,1,-1
805,805,-1,1,257
806,806,-1,1,258
807,807,-1,1,-1
808,808,-1,1,-1
809,809,-1,1,259
810,810,-1,1,260
811,811,-1,1,261
812,812,-1,1,-1
813,813,-1,1,-1
814,814,-1,1,-1
815,815,-1,1,-1
816,816,-1,1,-1
817,817,-1,1,-1
818,818,-1,1,-1
819,819,-1,1,-1
819,820,-1,1,-1
820,821,-1,1,-1
821,822,-1,1,-1
822,823,-1,1,-1
823,824,-1,1,-1
824,825,-1,1,-1
825,826,-1,1,-1
826,827,-1,1,-1
827,828,-1,1,-1
828,829,-1,1,-1
829,830,-1,1,-1
830,831,-1,1,-1
830,831,-1,1,-1
831,832,-1,1,-1
832,833,-1,1,-1
833,834,-1,1,-1
834,835,-1,1,262
835,836,-1,1,-1
836,837,-1,1,263
837,838,-1,1,-1
838,839,-1,1,264
839,840,-1,1,-1
840,841,-1,1,-1
841,842,-1,1,265
842,843,-1,1,-1
843,844,-1,1,-1
844,845,-1,1,266
845,846,-1,1,-1
846,847,-1,1,267
847,848,-1,1,268
848,849,-1,1,269
849,850,-1,1,270
850,851,-1,1,271
851,852,-1,1,-1
852,853,-1,1,-1
853,854,-1,1,-1
854,855,-1,1,-1
855,856,-1,1,-1
856,857,-1,1,-1
857,858,-1,1,-1
858,859,-1,1,-1
859,860,-1,1,272
860,861,-1,1,-1
861,862,-1,1,273
862,863,-1,1,274
863,864,-1,1,-1
864,865,-1,1,-1
865,866,-1,1,-1
866,867,-1,1,275
867,868,-1,1,-1
868,869,-1,1,-1
869,870,-1,1,-1
870,871,-1,1,-1
871,872,-1,1,276
872,873,-1,1,277
873,874,-1,1,-1
874,875,-1,1,-1
875,876,-1,1,-1
876,877,-1,1,-1
877,878,-1,1,-1
878,879,-1,1,-1
879,880,-1,1,-1
880,881,-1,1,-1
881,882,-1,1,-1
882,883,-1,1,278
883,884,-1,1,279
884,885,-1,1,-1
885,886,-1,1,-1
886,887,-1,1,280
887,888,-1,1,281
888,889,-1,1,282
889,890,-1,1,-1
890,891,-1,1,283
891,892,-1,1,284
892,893,-1,1,-1
893,894,-1,1,-1
894,895,-1,1,285
895,896,-1,1,286
896,897,-1,1,-1
897,898,-1,1,287
898,899,-1,1,-1
899,900,-1,1,-1
900,901,-1,1,-1
901,902,-1,1,-1
902,903,-1,1,288
903,904,-1,1,-1
904,905,-1,1,-1
905,906,-1,1,-1
906,907,-1,1,-1
907,908,-1,1,-1
908,909,-1,1,289
909,910,-1,1,290
910,911,-1,1,-1
911,912,-1,1,-1
912,913,-1,1,-1
913,914,-1,1,291
914,915,-1,1,-1
915,916,-1,1,292
916,917,-1,1,-1
917,918,-1,1,293
918,919,-1,1,294
919,920,-1,1,-1
920,921,-1,1,-1
921,922,-1,1,295
922,923,-1,1,296
923,924,-1,1,297
924,925,-1,1,-1
925,926,-1,1,298
926,927,-1,1,-1
927,928,-1,1,-1
928,929,-1,1,-1
929,930,-1,1,-1
930,931,-1,1,-1
931,932,-1,1,-1
932,933,-1,1,-1
933,934,-1,1,-1
934,935,-1,1,299
935,936,-1,1,300
936,937,-1,1,-1
937,938,-1,1,301
938,939,-1,1,-1
939,940,-1,1,302
940,941,-1,1,-1
941,942,-1,1,-1
942,943,-1,1,-1
943,944,-1,1,303
944,945,-1,1,304
945,946,-1,1,-1
946,947,-1,1,-1
947,948,-1,1,305
948,949,-1,1,-1
949,950,-1,1,-1
950,951,-1,1,-1
951,952,-1,1,-1
952,953,-1,1,-1
953,954,-1,1,306
954,955,-1,1,307
955,956,-1,1,-1
956,957,-1,1,-1
957,958,-1,1,-1
958,959,-1,1,308
959,960,-1,1,309
960,961,-1,1,310
961,962,-1,1,-1
962,963,-1,1,311
963,964,-1,1,312
964,965,-1,1,-1
965,966,-1,1,-1
966,967,-1,1,-1
967,968,-1,1,-1
968,969,-1,1,-1
969,970,-1,1,-1
970,971,-1,1,313
971,972,-1,1,-1
972,973,-1,1,-1
973,974,-1,1,314
974,975,-1,1,315
975,976,-1,1,-1
976,977,-1,1,-1
977,978,-1,1,316
978,979,-1,1,-1
979,980,-1,1,-1
980,981,-1,1,-1
981,982,-1,1,-1
982,983,-1,1,317
983,984,-1,1,-1
984,985,-1,1,-1
985,986,-1,1,318
986,987,-1,1,-1
987,988,-1,1,319
988,989,-1,1,-1
989,990,-1,1,-1
990,991,-1,1,-1
991,992,-1,1,-1
992,993,-1,1,320
993,994,-1,1,321
994,995,-1,1,-1
995,996,-1,1,322
996,997,-1,1,323
997,998,-1,1,-1
998,999,-1,1,-1
999,1000,-1,1,-1
1000,1001,-1,1,-1
1001,1002,-1,1,324
1002,1003,-1,1,-1
1003,1004,-1,1,-1
1004,1005,-1,1,-1
1005,1006,-1,1,-1
1006,1007,-1,1,325
1007,1008,-1,1,-1
1008,1009,-1,1,326
1009,1010,-1,1,327
1010,1011,-1,1,-1
1011,1012,-1,1,328
1012,1013,-1,1,-1
1013,1014,-1,1,-1
1014,1015,-1,1,-1
1015,1016,-1,1,-1
1016,1017,-1,1,-1
1017,1018,-1,1,-1
1018,1019,-1,1,329
1019,1020,-1,1,-1
1020,1021,-1,1,-1
1021,1022,-1,1,-1
1022,1023,-1,1,330
1023,1024,-1,1,-1
1024,1025,-1,1,-1
1025,1026,-1,1,331
1026,1027,-1,1,-1
1027,1028,-1,1,332
1028,1029,-1,1,333
1029,1030,-1,1,334
1030,1031,-1,1,-1
1031,1032,-1,1,-1
1032,1033,-1,1,335
1033,1034,-1,1,-1
1034,1035,-1,1,-1
1035,1036,-1,1,-1
1036,1037,-1,1,-1
1037,1038,-1,1,-1
1038,1039,-1,1,-1
1039,1040,-1,1,-1
1040,1041,-1,1,-1
1041,1042,-1,1,336
1042,1043,-1,1,-1
1043,1044,-1,1,-1
1044,1045,-1,1,-1
1045,1046,-1,1,337
1046,1047,-1,1,-1
1047,1048,-1,1,-1
1048,1049,-1,1,338
1049,1050,-1,1,339
1050,1051,-1,1,-1
1051,1052,-1,1,340
1052,1053,-1,1,-1
1053,1054,-1,1,-1
1054,1055,-1,1,-1
1055,1056,-1,1,-1
1056,1057,-1,1,-1
1057,1058,-1,1,-1
1058,1059,-1,1,-1
1059,1060,-1,1,-1
1060,1061,-1,1,-1
1061,1062,-1,1,-1
1062,1063,-1,1,-1
1063,1064,-1,1,-1
1064,1065,-1,1,-1
1065,1066,-1,1,-1
1066,1067,-1,1,-1
1067,1068,-1,1,341
1068,1069,-1,1,342
1069,1070,-1,1,-1
1070,1071,-1,1,343
1071,1072,-1,1,-1
1072,1073,-1,1,344
1073,1074,-1,1,-1
1074,1075,-1,1,-1
1075,1076,-1,1,345
1076,1077,-1,1,-1
1077,1078,-1,1,-1
1078,1079,-1,1,346
1079,1080,-1,1,-1
1080,1081,-1,1,347
1081,1082,-1,1,-1
1082,1083,-1,1,-1
1083,1084,-1,1,-1
1084,1085,-1,1,-1
1085,1086,-1,1,-1
1086,1087,-1,1,348
1087,1088,-1,1,349
1088,1089,-1,1,-1
1089,1090,-1,1,-1
1090,1091,-1,1,350
1091,1092,-1,1,-1
1092,1093,-1,1,351
1093,1094,-1,1,-1
1094,1095,-1,1,352
1095,1096,-1,1,-1
1096,1097,-1,1,353
1097,1098,-1,1,354
1098,1099,-1,1,-1
1099,1100,-1,1,355
1100,1101,-1,1,356
1101,1102,-1,1,-1
1102,1103,-1,1,357
1103,1104,-1,1,358
1104,1105,-1,1,-1
1105,1106,-1,1,-1
1106,1107,-1,1,359
1107,1108,-1,1,360
1108,1109,-1,1,361
1109,1110,-1,1,362
1110,1111,-1,1,-1
1111,1112,-1,1,-1
1112,1113,-1,1,-1
1113,1114,-1,1,-1
1114,1115,-1,1,-1
1115,1116,-1,1,-1
1116,1117,-1,1,-1
1117,1118,-1,1,363
1118,1119,-1,1,-1
1119,1120,-1,1,364
1120,1121,-1,1,-1
1121,1122,-1,1,-1
1122,1123,-1,1,-1
1123,1124,-1,1,-1
1124,1125,-1,1,-1
1125,1126,-1,1,-1
1126,1127,-1,1,-1
1127,1128,-1,1,-1
1128,1129,-1,1,-1
1129,1130,-1,1,-1
1130,1131,-1,1,365
1131,1132,-1,1,-1
1132,1133,-1,1,-1
1133,1134,-1,1,-1
1134,1135,-1,1,-1
1135,1136,-1,1,-1
1136,1137,-1,1,366
1137,1138,-1,1,-1
1138,1139,-1,1,-1
1139,1140,-1,1,-1
1140,1141,-1,1,-1
1141,1142,-1,1,-1
1142,1143,-1,1,367
1143,1144,-1,1,368
1144,1145,-1,1,-1
1145,1146,-1,1,369
1146,1147,-1,1,-1
1147,1148,-1,1,370
1148,1149,-1,1,-1
1149,1150,-1,1,-1
1150,1151,-1,1,-1
1151,1152,-1,1,371
1152,1153,-1,1,372
1153,1154,-1,1,373
1154,1155,-1,1,374
1155,1156,-1,1,375
1156,1157,-1,1,376
1157,1158,-1,1,-1
1158,1159,-1,1,-1
1159,1160,-1,1,377
1160,1161,-1,1,378
1161,1162,-1,1,-1
1162,1163,-1,1,-1
1163,1164,-1,1,-1
1164,1165,-1,1,379
1165,1166,-1,1,380
1166,1167,-1,1,-1
1167,1168,-1,1,381
1168,1169,-1,1,382
1169,1170,-1,1,-1
1170,1171,-1,1,-1
1171,1172,-1,1,383
1172,1173,-1,1,384
1173,1174,-1,1,-1
1174,1175,-1,1,385
1175,1176,-1,1,-1
1176,1177,-1,1,386
1177,1178,-1,1,387
1178,1179,-1,1,-1
1179,1180,-1,1,-1
1180,1181,-1,1,-1
1181,1182,-1,1,-1
1182,1183,-1,1,388
1183,1184,-1,1,-1
1184,1185,-1,1,-1
1185,1186,-1,1,389
1186,1187,-1,1,-1
1187,1188,-1,1,-1
1188,1189,-1,1,390
1189,1190,-1,1,391
1190,1191,-1,1,392
1191,1192,-1,1,-1
1192,1193,-1,1,-1
1193,1194,-1,1,393
1194,1195,-1,1,-1
1195,1196,-1,1,-1
1196,1197,-1,1,-1
1197,1198,-1,1,394
1198,1199,-1,1,-1
1199,1200,-1,1,-1
1200,1201,-1,1,-1
1201,1202,-1,1,-1
1202,1203,-1,1,-1
1203,1204,-1,1,-1
1204,1205,-1,1,-1
1205,1206,-1,1,-1
1206,1207,-1,1,-1
1207,1208,-1,1,-1
1208,1209,-1,1,395
1209,1210,-1,1,-1
1210,1211,-1,1,396
1211,1212,-1,1,-1
1212,1213,-1,1,-1
1213,1214,-1,1,-1
1214,1215,-1,1,-1
1215,1216,-1,1,-1
1216,1217,-1,1,-1
1217,1218,-1,1,397
1218,1219,-1,1,398
1219,1220,-1,1,-1
1220,1221,-1,1,399
1221,1222,-1,1,400
1222,1223,-1,1,-1
1223,1224,-1,1,-1
1224,1225,-1,1,-1
1225,1226,-1,1,-1
1226,1227,-1,1,401
1227,1228,-1,1,-1
1228,1229,-1,1,402
1229,1230,-1,1,-1
1230,1231,-1,1,-1
1231,1232,-1,1,403
1232,1233,-1,1,-1
1233,1234,-1,1,-1
1234,1235,-1,1,404
1235,1236,-1,1,-1
1236,1237,-1,1,-1
1237,1238,-1,1,-1
1238,1239,-1,1,-1
1239,1240,-1,1,405
1240,1241,-1,1,406
1241,1242,-1,1,-1
1242,1243,-1,1,407
1243,1244,-1,1,408
1244,1245,-1,1,-1
1245,1246,-1,1,-1
1246,1247,-1,1,409
1247,1248,-1,1,-1
1248,1249,-1,1,410
1249,1250,-1,1,-1
1250,1251,-1,1,-1
1251,1252,-1,1,411
1252,1253,-1,1,-1
1253,1254,-1,1,-1
1254,1255,-1,1,412
1255,1256,-1,1,-1
1256,1257,-1,1,413
1257,1258,-1,1,414
1258,1259,-1,1,-1
1259,1260,-1,1,-1
1260,1261,-1,1,415
1261,1262,-1,1,416
1262,1263,-1,1,-1
1263,1264,-1,1,417
1264,1265,-1,1,-1
1265,1266,-1,1,418
1266,1267,-1,1,-1
1267,1268,-1,1,-1
1268,1269,-1,1,-1
1269,1270,-1,1,-1
1270,1271,-1,1,419
1271,1272,-1,1,-1
1272,1273,-1,1,-1
1273,1274,-1,1,-1
1274,1275,-1,1,-1
1275,1276,-1,1,-1
1276,1277,-1,1,-1
1277,1278,-1,1,-1
1278,1279,-1,1,-1
1279,1280,-1,1,-1
1280,1281,-1,1,-1
1281,1282,-1,1,-1
1282,1283,-1,1,-1
1283,1284,-1,1,-1
1284,1285,-1,1,420
1285,1286,-1,1,421
1286,1287,-1,1,422
1287,1288,-1,1,423
1288,1289,-1,1,-1
1289,1290,-1,1,-1
1290,1291,-1,1,-1
1291,1292,-1,1,424
1292,1293,-1,1,-1
1293,1294,-1,1,425
1294,1295,-1,1,426
1295,1296,-1,1,427
1296,1297,-1,1,-1
1297,1298,-1,1,-1
1298,1299,-1,1,-1
1299,1300,-1,1,-1
1300,1301,-1,1,-1
1301,1302,-1,1,428
1302,1303,-1,1,429
1303,1304,-1,1,430
1304,1305,-1,1,431
1305,1306,-1,1,-1
1306,1307,-1,1,-1
1307,1308,-1,1,-1
1308,1309,-1,1,-1
1309,1310,-1,1,432
1310,1311,-1,1,-1
1311,1312,-1,1,-1
1312,1313,-1,1,-1
1313,1314,-1,1,-1
1314,1315,-1,1,-1
1315,1316,-1,1,433
1316,1317,-1,1,-1
1317,1318,-1,1,-1
1318,1319,-1,1,-1
1319,1320,-1,1,-1
1320,1321,-1,1,-1
1321,1322,-1,1,-1
1322,1323,-1,1,434
1323,1324,-1,1,-1
1324,1325,-1,1,-1
1325,1326,-1,1,435
1326,1327,-1,1,-1
1327,1328,-1,1,436
1328,1329,-1,1,-1
1329,1330,-1,1,-1
1330,1331,-1,1,-1
1331,1332,-1,1,-1
1332,1333,-1,1,437
1333,1334,-1,1,-1
1334,1335,-1,1,-1
1335,1336,-1,1,-1
1336,1337,-1,1,-1
1337,1338,-1,1,438
1338,1339,-1,1,-1
1339,1340,-1,1,-1
1340,1341,-1,1,439
1341,1342,-1,1,440
1342,1343,-1,1,441
1343,1344,-1,1,442
1344,1345,-1,1,443
1345,1346,-1,1,-1
1346,1347,-1,1,-1
1347,1348,-1,1,-1
1348,1349,-1,1,444
1349,1350,-1,1,445
1350,1351,-1,1,446
1351,1352,-1,1,447
1352,1353,-1,1,-1
1353,1354,-1,1,448
1354,1355,-1,1,-1
1355,1356,-1,1,449
1356,1357,-1,1,-1
1357,1358,-1,1,450
1358,1359,-1,1,451
1359,1360,-1,1,-1
1360,1361,-1,1,-1
1361,1362,-1,1,-1
1362,1363,-1,1,-1
1363,1364,-1,1,-1
1364,1365,-1,1,452
1365,1366,-1,1,-1
1366,1367,-1,1,-1
1367,1368,-1,1,453
1368,1369,-1,1,454
1369,1370,-1,1,-1
1370,1371,-1,1,455
1371,1372,-1,1,-1
1372,1373,-1,1,456
1373,1374,-1,1,-1
1374,1375,-1,1,-1
1375,1376,-1,1,-1
1376,1377,-1,1,-1
1377,1378,-1,1,-1
1378,1379,-1,1,-1
1379,1380,-1,1,457
1380,1381,-1,1,-1
1381,1382,-1,1,-1
1382,1383,-1,1,-1
1383,1384,-1,1,-1
1384,1385,-1,1,-1
1385,1386,-1,1,458
1386,1387,-1,1,-1
1387,1388,-1,1,459
1388,1389,-1,1,-1
1389,1390,-1,1,-1
1390,1391,-1,1,-1
1391,1392,-1,1,460
1392,1393,-1,1,461
1393,1394,-1,1,462
1394,1395,-1,1,-1
1395,1396,-1,1,463
1396,1397,-1,1,-1
1397,1398,-1,1,-1
1398,1399,-1,1,-1
1399,1400,-1,1,464
1400,1401,-1,1,-1
1401,1402,-1,1,-1
1402,1403,-1,1,-1
1403,1404,-1,1,465
1404,1405,-1,1,466
1405,1406,-1,1,467
1406,1407,-1,1,-1
1407,1408,-1,1,468
1408,1409,-1,1,469
1409,1410,-1,1,-1
1410,1411,-1,1,470
1411,1412,-1,1,-1
1412,1413,-1,1,-1
1413,1414,-1,1,-1
1414,1415,-1,1,-1
1415,1416,-1,1,471
1416,1417,-1,1,-1
1417,1418,-1,1,-1
1418,1419,-1,1,472
1419,1420,-1,1,473
1420,1421,-1,1,-1
1421,1422,-1,1,-1
1422,1423,-1,1,-1
1423,1424,-1,1,-1
1424,1425,-1,1,474
1425,1426,-1,1,475
1426,1427,-1,1,-1
1427,1428,-1,1,-1
1428,1429,-1,1,476
1429,1430,-1,1,477
1430,1431,-1,1,478
1431,1432,-1,1,-1
1432,1433,-1,1,-1
1433,1434,-1,1,479
1434,1435,-1,1,480
1435,1436,-1,1,481
1436,1437,-1,1,482
1437,1438,-1,1,-1
1438,1439,-1,1,483
1439,1440,-1,1,-1
1440,1441,-1,1,-1
1441,1442,-1,1,-1
1442,1443,-1,1,-1
1443,1444,-1,1,-1
1444,1445,-1,1,484
1445,1446,-1,1,-1
1446,1447,-1,1,-1
1447,1448,-1,1,-1
1448,1449,-1,1,-1
1449,1450,-1,1,485
1450,1451,-1,1,-1
1451,1452,-1,1,-1
1452,1453,-1,1,486
1453,1454,-1,1,-1
1454,1455,-1,1,487
1455,1456,-1,1,-1
1456,1457,-1,1,488
1457,1458,-1,1,-1
1458,1459,-1,1,489
1459,1460,-1,1,-1
1460,1461,-1,1,-1
1461,1462,-1,1,490
1462,1463,-1,1,-1
1463,1464,-1,1,-1
1464,1465,-1,1,-1
1465,1466,-1,1,-1
1466,1467,-1,1,-1
1467,1468,-1,1,-1
1468,1469,-1,1,-1
1469,1470,-1,1,-1
1470,1471,-1,1,-1
1471,1472,-1,1,-1
1472,1473,-1,1,-1
1473,1474,-1,1,-1
1474,1475,-1,1,-1
1475,1476,-1,1,-1
1476,1477,-1,1,-1
1477,1478,-1,1,-1
1478,1479,-1,1,-1
1479,1480,-1,1,491
1480,1481,-1,1,-1
1481,1482,-1,1,-1
1482,1483,-1,1,492
1483,1484,-1,1,-1
1484,1485,-1,1,-1
1485,1486,-1,1,-1
1486,1487,-1,1,-1
1487,1488,-1,1,493
1488,1489,-1,1,494
1489,1490,-1,1,495
1490,1491,-1,1,-1
1491,1492,-1,1,-1
1492,1493,-1,1,-1
1493,1494,-1,1,-1
1494,1495,-1,1,-1
1495,1496,-1,1,-1
1496,1497,-1,1,496
1497,1498,-1,1,497
1498,1499,-1,1,-1
1499,1500,-1,1,-1
1500,1501,-1,1,-1
1501,1502,-1,1,-1
1502,1503,-1,1,-1
1503,1504,-1,1,498
1504,1505,-1,1,-1
1505,1506,-1,1,-1
1506,1507,-1,1,-1
1507,1508,-1,1,499
1508,1509,-1,1,500
1509,1510,-1,1,-1
1510,1511,-1,1,-1
1511,1512,-1,1,501
1512,1513,-1,1,-1
1513,1514,-1,1,-1
1514,1515,-1,1,502
1515,1516,-1,1,-1
1516,1517,-1,1,-1
1517,1518,-1,1,503
1518,1519,-1,1,-1
1519,1520,-1,1,-1
1520,1521,-1,1,-1
1521,1522,-1,1,-1
1522,1523,-1,1,504
1523,1524,-1,1,-1
1524,1525,-1,1,-1
1525,1526,-1,1,-1
1526,1527,-1,1,-1
1527,1528,-1,1,-1
1528,1529,-1,1,-1
1529,1530,-1,1,-1
1530,1531,-1,1,-1
1531,1532,-1,1,-1
1532,1533,-1,1,505
1533,1534,-1,1,-1
1534,1535,-1,1,506
1535,1536,-1,1,507
1536,1537,-1,1,508
1537,1538,-1,1,-1
1538,1539,-1,1,-1
1539,1540,-1,1,509
1540,1541,-1,1,510
1541,1542,-1,1,-1
1542,1543,-1,1,511
1543,1544,-1,1,-1
1544,1545,-1,1,-1
1545,1546,-1,1,512
1546,1547,-1,1,513
1547,1548,-1,1,514
1548,1549,-1,1,-1
1549,1550,-1,1,515
1550,1551,-1,1,-1
1551,1552,-1,1,-1
1552,1553,-1,1,-1
1553,1554,-1,1,516
1554,1555,-1,1,-1
1555,1556,-1,1,517
1556,1557,-1,1,518
1557,1558,-1,1,-1
1558,1559,-1,1,-1
1559,1560,-1,1,-1
1560,1561,-1,1,519
1561,1562,-1,1,-1
1562,1563,-1,1,-1
1563,1564,-1,1,-1
1564,1565,-1,1,-1
1565,1566,-1,1,-1
1566,1567,-1,1,-1
1567,1568,-1,1,-1
1568,1569,-1,1,520
1569,1570,-1,1,-1
1570,1571,-1,1,-1
1571,1572,-1,1,521
1572,1573,-1,1,-1
1573,1574,-1,1,-1
1574,1575,-1,1,522
1575,1576,-1,1,-1
1576,1577,-1,1,-1
1577,1578,-1,1,-1
1578,1579,-1,1,523
1579,1580,-1,1,524
1580,1581,-1,1,-1
1581,1582,-1,1,-1
1582,1583,-1,1,-1
1583,1584,-1,1,-1
1584,1585,-1,1,-1
1585,1586,-1,1,525
1586,1587,-1,1,-1
1587,1588,-1,1,-1
1588,1589,-1,1,-1
1589,1590,-1,1,526
1590,1591,-1,1,-1
1591,1592,-1,1,527
1592,1593,-1,1,528
1593,1594,-1,1,-1
1594,1595,-1,1,-1
1595,1596,-1,1,-1
1596,1597,-1,1,-1
1597,1598,-1,1,-1
1598,1599,-1,1,-1
1599,1600,-1,1,529
1600,1601,-1,1,-1
1601,1602,-1,1,530
1602,1603,-1,1,-1
1603,1604,-1,1,-1
1604,1605,-1,1,531
1605,1606,-1,1,-1
1606,1607,-1,1,532
1607,1608,-1,1,-1
1608,1609,-1,1,-1
1609,1610,-1,1,-1
1610,1611,-1,1,-1
1611,1612,-1,1,533
1612,1613,-1,1,534
1613,1614,-1,1,-1
1614,1615,-1,1,-1
1615,1616,-1,1,-1
1616,1617,-1,1,-1
1617,1618,-1,1,-1
1618,1619,-1,1,535
1619,1620,-1,1,-1
1620,1621,-1,1,-1
1621,1622,-1,1,-1
1622,1623,-1,1,536
1623,1624,-1,1,537
1624,1625,-1,1,538
1625,1626,-1,1,-1
1626,1627,-1,1,539
1627,1628,-1,1,-1
1628,1629,-1,1,-1
1629,1630,-1,1,-1
1630,1631,-1,1,-1
1631,1632,-1,1,540
1632,1633,-1,1,-1
1633,1634,-1,1,541
1634,1635,-1,1,-1
1635,1636,-1,1,542
1636,1637,-1,1,-1
1637,1638,-1,1,-1
1638,1639,-1,1,543
1639,1640,-1,1,-1
1640,1641,-1,1,544
1641,1642,-1,1,-1
1642,1643,-1,1,-1
1643,1644,-1,1,545
1644,1645,-1,1,-1
1645,1646,-1,1,546
1646,1647,-1,1,-1
1647,1648,-1,1,-1
1648,1649,-1,1,547
1649,1650,-1,1,-1
1650,1651,-1,1,-1
1651,1652,-1,1,-1
1652,1653,-1,1,-1
1653,1654,-1,1,-1
1654,1655,-1,1,-1
1655,1656,-1,1,-1
1656,1657,-1,1,548
1657,1658,-1,1,-1
1658,1659,-1,1,-1
1659,1660,-1,1,549
1660,1661,-1,1,550
1661,1662,-1,1,551
1662,1663,-1,1,552
1663,1664,-1,1,-1
1664,1665,-1,1,-1
1665,1666,-1,1,-1
1666,1667,-1,1,553
1667,1668,-1,1,-1
1668,1669,-1,1,-1
1669,1670,-1,1,-1
1670,1671,-1,1,-1
1671,1672,-1,1,554
1672,1673,-1,1,-1
1673,1674,-1,1,-1
1674,1675,-1,1,-1
1675,1676,-1,1,-1
1676,1677,-1,1,555
1677,1678,-1,1,556
1678,1679,-1,1,-1
1679,1680,-1,1,-1
1680,1681,-1,1,557
1681,1682,-1,1,558
1682,1683,-1,1,-1
1683,1684,-1,1,-1
1684,1685,-1,1,559
1685,1686,-1,1,560
1686,1687,-1,1,561
1687,1688,-1,1,-1
1688,1689,-1,1,-1
1689,1690,-1,1,-1
1690,1691,-1,1,562
1691,1692,-1,1,-1
1692,1693,-1,1,-1
1693,1694,-1,1,563
1694,1695,-1,1,-1
1695,1696,-1,1,-1
1696,1697,-1,1,-1
1697,1698,-1,1,-1
1698,1699,-1,1,-1
1699,1700,-1,1,-1
1700,1701,-1,1,-1
1701,1702,-1,1,-1
1702,1703,-1,1,-1
1703,1704,-1,1,-1
1704,1705,-1,1,-1
1705,1706,-1,1,-1
1706,1707,-1,1,-1
1707,1708,-1,1,-1
1707,1708,-1,1,-1
1708,1709,-1,1,-1
1709,1710,-1,1,-1
1710,1711,-1,1,-1
1711,1712,-1,1,-1
1712,1713,-1,1,-1
1713,1714,-1,1,-1
1714,1715,-1,1,-1
1715,1716,-1,1,-1
1716,1717,-1,1,-1
1717,1718,-1,1,-1
1718,1719,-1,1,-1
1719,1720,-1,1,-1
1720,1721,-1,1,-1
1721,1722,-1,1,-1
1722,1723,-1,1,-1
1723,1724,-1,1,-1
1724,1725,-1,1,-1
1725,1726,-1,1,-1
1726,1727,-1,1,-1
1727,1728,-1,1,-1
1728,1729,-1,1,-1
1729,1730,-1,1,564
1730,1731,-1,1,565
1731,1732,-1,1,566
1732,1733,-1,1,-1
1733,1734,-1,1,-1
1734,1735,-1,1,567
1735,1736,-1,1,568
1736,1737,-1,1,-1
1737,1738,-1,1,-1
1738,1739,-1,1,-1
1739,1740,-1,1,569
1740,1741,-1,1,-1
1741,1742,-1,1,570
1742,1743,-1,1,-1
1743,1744,-1,1,571
1744,1745,-1,1,572
1745,1746,-1,1,-1
1746,1747,-1,1,-1
1747,1748,-1,1,573
1748,1749,-1,1,-1
1749,1750,-1,1,-1
1750,1751,-1,1,-1
1751,1752,-1,1,574
1752,1753,-1,1,-1
1753,1754,-1,1,575
1754,1755,-1,1,576
1755,1756,-1,1,577
1756,1757,-1,1,578
1757,1758,-1,1,-1
1758,1759,-1,1,579
1759,1760,-1,1,-1
1760,1761,-1,1,-1
1761,1762,-1,1,580
1762,1763,-1,1,581
1763,1764,-1,1,582
1764,1765,-1,1,583
1765,1766,-1,1,-1
1766,1767,-1,1,-1
1767,1768,-1,1,584
1768,1769,-1,1,-1
1769,1770,-1,1,585
1770,1771,-1,1,586
1771,1772,-1,1,-1
1772,1773,-1,1,-1
1773,1774,-1,1,-1
1774,1775,-1,1,-1
1775,1776,-1,1,587
1776,1777,-1,1,-1
1777,1778,-1,1,588
1778,1779,-1,1,589
1779,1780,-1,1,-1
1780,1781,-1,1,590
1781,1782,-1,1,-1
1782,1783,-1,1,-1
1783,1784,-1,1,591
1784,1785,-1,1,-1
1785,1786,-1,1,-1
1786,1787,-1,1,-1
1787,1788,-1,1,592
1788,1789,-1,1,-1
1789,1790,-1,1,-1
1790,1791,-1,1,-1
1791,1792,-1,1,-1
1792,1793,-1,1,-1
1793,1794,-1,1,-1
1794,1795,-1,1,-1
1795,1796,-1,1,-1
1796,1797,-1,1,-1
1797,1798,-1,1,-1
1798,1799,-1,1,593
1799,1800,-1,1,-1
1800,1801,-1,1,-1
1801,1802,-1,1,594
1802,1803,-1,1,595
1803,1804,-1,1,-1
1804,1805,-1,1,-1
1805,1806,-1,1,596
1806,1807,-1,1,-1
1807,1808,-1,1,597
1808,1809,-1,1,-1
1809,1810,-1,1,-1
1810,1811,-1,1,-1
1811,1812,-1,1,598
1812,1813,-1,1,599
1813,1814,-1,1,-1
1814,1815,-1,1,-1
1815,1816,-1,1,-1
1816,1817,-1,1,-1
1817,1818,-1,1,-1
1818,1819,-1,1,600
1819,1820,-1,1,-1
1820,1821,-1,1,601
1821,1822,-1,1,-1
1822,1823,-1,1,-1
1823,1824,-1,1,-1
1824,1825,-1,1,-1
1825,1826,-1,1,602
1826,1827,-1,1,-1
1827,1828,-1,1,603
1828,1829,-1,1,-1
1829,1830,-1,1,-1
1830,1831,-1,1,604
1831,1832,-1,1,-1
1832,1833,-1,1,-1
1833,1834,-1,1,-1
1834,1835,-1,1,-1
1835,1836,-1,1,-1
1836,1837,-1,1,-1
1837,1838,-1,1,-1
1838,1839,-1,1,605
1839,1840,-1,1,-1
1840,1841,-1,1,606
1841,1842,-1,1,-1
1842,1843,-1,1,-1
1843,1844,-1,1,607
1844,1845,-1,1,-1
1845,1846,-1,1,-1
1846,1847,-1,1,-1
1847,1848,-1,1,-1
1848,1849,-1,1,-1
1849,1850,-1,1,-1
1850,1851,-1,1,608
1851,1852,-1,1,-1
1852,1853,-1,1,-1
1853,1854,-1,1,-1
1854,1855,-1,1,609
1855,1856,-1,1,610
1856,1857,-1,1,-1
1857,1858,-1,1,-1
1858,1859,-1,1,-1
1859,1860,-1,1,611
1860,1861,-1,1,-1
1861,1862,-1,1,612
1862,1863,-1,1,-1
1863,1864,-1,1,613
1864,1865,-1,1,-1
1865,1866,-1,1,614
1866,1867,-1,1,-1
1867,1868,-1,1,-1
1868,1869,-1,1,-1
1869,1870,-1,1,-1
1870,1871,-1,1,-1
1871,1872,-1,1,-1
1872,1873,-1,1,615
1873,1874,-1,1,616
1874,1875,-1,1,-1
1875,1876,-1,1,-1
1876,1877,-1,1,-1
1877,1878,-1,1,-1
1878,1879,-1,1,617
1879,1880,-1,1,-1
1880,1881,-1,1,618
1881,1882,-1,1,-1
1882,1883,-1,1,-1
1883,1884,-1,1,-1
1884,1885,-1,1,619
1885,1886,-1,1,-1
1886,1887,-1,1,620
1887,1888,-1,1,621
1888,1889,-1,1,622
1889,1890,-1,1,-1
1890,1891,-1,1,623
1891,1892,-1,1,624
1892,1893,-1,1,-1
1893,1894,-1,1,-1
1894,1895,-1,1,-1
1895,1896,-1,1,-1
1896,1897,-1,1,-1
1897,1898,-1,1,-1
1898,1899,-1,1,625
1899,1900,-1,1,-1
1900,1901,-1,1,-1
1901,1902,-1,1,-1
1902,1903,-1,1,-1
1903,1904,-1,1,626
1904,1905,-1,1,627
1905,1906,-1,1,-1
1906,1907,-1,1,-1
1907,1908,-1,1,628
1908,1909,-1,1,-1
1909,1910,-1,1,-1
1910,1911,-1,1,-1
1911,1912,-1,1,-1
1912,1913,-1,1,-1
1913,1914,-1,1,-1
1914,1915,-1,1,-1
1915,1916,-1,1,-1
1916,1917,-1,1,-1
1917,1918,-1,1,-1
1918,1919,-1,1,-1
1919,1920,-1,1,-1
1920,1921,-1,1,629
1921,1922,-1,1,-1
1922,1923,-1,1,630
1923,1924,-1,1,631
1924,1925,-1,1,632
1925,1926,-1,1,-1
1926,1927,-1,1,-1
1927,1928,-1,1,633
1928,1929,-1,1,-1
1929,1930,-1,1,-1
1930,1931,-1,1,-1
1931,1932,-1,1,634
1932,1933,-1,1,635
1933,1934,-1,1,636
1934,1935,-1,1,637
1935,1936,-1,1,-1
1936,1937,-1,1,638
1937,1938,-1,1,639
1938,1939,-1,1,640
1939,1940,-1,1,-1
1940,1941,-1,1,-1
1941,1942,-1,1,641
1942,1943,-1,1,642
1943,1944,-1,1,-1
1944,1945,-1,1,-1
1945,1946,-1,1,643
1946,1947,-1,1,644
1947,1948,-1,1,-1
1948,1949,-1,1,-1
1949,1950,-1,1,-1
1950,1951,-1,1,645
1951,1952,-1,1,-1
1952,1953,-1,1,646
1953,1954,-1,1,647
1954,1955,-1,1,-1
1955,1956,-1,1,-1
1956,1957,-1,1,-1
1957,1958,-1,1,-1
1958,1959,-1,1,-1
1959,1960,-1,1,648
1960,1961,-1,1,649
1961,1962,-1,1,650
1962,1963,-1,1,-1
1963,1964,-1,1,-1
1964,1965,-1,1,651
1965,1966,-1,1,652
1966,1967,-1,1,653
1967,1968,-1,1,-1
1968,1969,-1,1,-1
1969,1970,-1,1,654
1970,1971,-1,1,-1
1971,1972,-1,1,-1
1972,1973,-1,1,-1
1973,1974,-1,1,-1
1974,1975,-1,1,-1
1975,1976,-1,1,-1
1976,1977,-1,1,655
1977,1978,-1,1,656
1978,1979,-1,1,657
1979,1980,-1,1,-1
1980,1981,-1,1,-1
1981,1982,-1,1,658
1982,1983,-1,1,659
1983,1984,-1,1,-1
1984,1985,-1,1,660
1985,1986,-1,1,661
1986,1987,-1,1,-1
1987,1988,-1,1,662
1988,1989,-1,1,663
1989,1990,-1,1,664
1990,1991,-1,1,-1
1991,1992,-1,1,665
1992,1993,-1,1,666
1993,1994,-1,1,-1
1994,1995,-1,1,-1
1995,1996,-1,1,667
1996,1997,-1,1,-1
1997,1998,-1,1,-1
1998,1999,-1,1,-1
1999,2000,-1,1,668
2000,2001,-1,1,-1
2001,2002,-1,1,669
2002,2003,-1,1,670
2003,2004,-1,1,671
2004,2005,-1,1,-1
2005,2006,-1,1,-1
2006,2007,-1,1,-1
2007,2008,-1,1,-1
2008,2009,-1,1,-1
2009,2010,-1,1,-1
2010,2011,-1,1,-1
2011,2012,-1,1,-1
2012,2013,-1,1,672
2013,2014,-1,1,-1
2014,2015,-1,1,-1
2015,2016,-1,1,673
2016,2017,-1,1,674
2017,2018,-1,1,675
2018,2019,-1,1,676
2019,2020,-1,1,677
2020,2021,-1,1,678
2021,2022,-1,1,-1
2022,2023,-1,1,-1
2023,2024,-1,1,-1
2024,2025,-1,1,-1
2025,2026,-1,1,-1
2026,2027,-1,1,-1
2027,2028,-1,1,-1
2028,2029,-1,1,-1
2029,2030,-1,1,-1
2030,2031,-1,1,-1
2031,2032,-1,1,679
2032,2033,-1,1,680
2033,2034,-1,1,-1
2034,2035,-1,1,681
2035,2036,-1,1,682
2036,2037,-1,1,-1
2037,2038,-1,1,-1
2038,2039,-1,1,-1
2039,2040,-1,1,683
2040,2041,-1,1,-1
2041,2042,-1,1,-1
2042,2043,-1,1,684
2043,2044,-1,1,685
2044,2045,-1,1,-1
2045,2046,-1,1,686
2046,2047,-1,1,687
2047,2048,-1,1,-1
2048,2049,-1,1,688
2049,2050,-1,1,689
2050,2051,-1,1,-1
2051,2052,-1,1,-1
2052,2053,-1,1,690
2053,2054,-1,1,691
2054,2055,-1,1,-1
2055,2056,-1,1,-1
2056,2057,-1,1,692
2057,2058,-1,1,-1
2058,2059,-1,1,693
2059,2060,-1,1,694
2060,2061,-1,1,695
2061,2062,-1,1,-1
2062,2063,-1,1,-1
2063,2064,-1,1,-1
2064,2065,-1,1,-1
2065,2066,-1,1,696
2066,2067,-1,1,-1
2067,2068,-1,1,697
2068,2069,-1,1,698
2069,2070,-1,1,-1
2070,2071,-1,1,-1
2071,2072,-1,1,-1
2072,2073,-1,1,-1
2073,2074,-1,1,-1
2074,2075,-1,1,-1
2075,2076,-1,1,699
2076,2077,-1,1,-1
2077,2078,-1,1,700
2078,2079,-1,1,-1
2079,2080,-1,1,-1
2080,2081,-1,1,-1
2081,2082,-1,1,701
2082,2083,-1,1,702
2083,2084,-1,1,-1
2084,2085,-1,1,703
2085,2086,-1,1,-1
2086,2087,-1,1,-1
2087,2088,-1,1,-1
2088,2089,-1,1,704
2089,2090,-1,1,-1
2090,2091,-1,1,-1
2091,2092,-1,1,-1
2092,2093,-1,1,705
2093,2094,-1,1,-1
2094,2095,-1,1,-1
2095,2096,-1,1,706
2096,2097,-1,1,-1
2097,2098,-1,1,707
2098,2099,-1,1,-1
2099,2100,-1,1,708
2100,2101,-1,1,709
2101,2102,-1,1,-1
2102,2103,-1,1,-1
2103,2104,-1,1,710
2104,2105,-1,1,-1
2105,2106,-1,1,711
2106,2107,-1,1,-1
2107,2108,-1,1,-1
2108,2109,-1,1,712
2109,2110,-1,1,-1
2110,2111,-1,1,713
2111,2112,-1,1,-1
2112,2113,-1,1,-1
2113,2114,-1,1,714
2114,2115,-1,1,715
2115,2116,-1,1,716
2116,2117,-1,1,717
2117,2118,-1,1,718
2118,2119,-1,1,719
2119,2120,-1,1,720
2120,2121,-1,1,-1
2121,2122,-1,1,721
2122,2123,-1,1,-1
2123,2124,-1,1,-1
2124,2125,-1,1,722
2125,2126,-1,1,723
2126,2127,-1,1,-1
2127,2128,-1,1,724
2128,2129,-1,1,-1
2129,2130,-1,1,-1
2130,2131,-1,1,-1
2131,2132,-1,1,-1
2132,2133,-1,1,-1
2133,2134,-1,1,725
2134,2135,-1,1,726
2135,2136,-1,1,727
2136,2137,-1,1,728
2137,2138,-1,1,-1
2138,2139,-1,1,729
2139,2140,-1,1,-1
2140,2141,-1,1,730
2141,2142,-1,1,731
2142,2143,-1,1,-1
2143,2144,-1,1,-1
2144,2145,-1,1,-1
2145,2146,-1,1,-1
2146,2147,-1,1,-1
2147,2148,-1,1,732
2148,2149,-1,1,-1
2149,2150,-1,1,-1
2150,2151,-1,1,733
2151,2152,-1,1,-1
2152,2153,-1,1,-1
2153,2154,-1,1,-1
2154,2155,-1,1,734
2155,2156,-1,1,-1
2156,2157,-1,1,-1
2157,2158,-1,1,735
2158,2159,-1,1,-1
2159,2160,-1,1,-1
2160,2161,-1,1,736
2161,2162,-1,1,-1
2162,2163,-1,1,-1
2163,2164,-1,1,-1
2164,2165,-1,1,737
2165,2166,-1,1,738
2166,2167,-1,1,-1
2167,2168,-1,1,739
2168,2169,-1,1,-1
2169,2170,-1,1,740
2170,2171,-1,1,-1
2171,2172,-1,1,-1
2172,2173,-1,1,741
2173,2174,-1,1,-1
2174,2175,-1,1,-1
2175,2176,-1,1,742
2176,2177,-1,1,743
2177,2178,-1,1,744
2178,2179,-1,1,745
2179,2180,-1,1,-1
2180,2181,-1,1,-1
2181,2182,-1,1,-1
2182,2183,-1,1,-1
2183,2184,-1,1,746
2184,2185,-1,1,747
2185,2186,-1,1,748
2186,2187,-1,1,-1
2187,2188,-1,1,-1
2188,2189,-1,1,749
2189,2190,-1,1,-1
2190,2191,-1,1,750
2191,2192,-1,1,-1
2192,2193,-1,1,-1
2193,2194,-1,1,751
-1,-1,-1,1,-1
2194,2195,-1,1,752
2195,2196,-1,1,-1
2196,2197,-1,1,753
2197,2198,-1,1,754
2198,2199,-1,1,755
2199,2200,-1,1,-1
2200,2201,-1,1,-1
2201,2202,-1,1,-1
2202,2203,-1,1,-1
2203,2204,-1,1,756
2204,2205,-1,1,757
2205,2206,-1,1,758
2206,2207,-1,1,-1
2207,2208,-1,1,759
2208,2209,-1,1,-1
2209,2210,-1,1,760
2210,2211,-1,1,-1
2211,2212,-1,1,-1
2212,2213,-1,1,-1
2213,2214,-1,1,-1
2214,2215,-1,1,761
2215,2216,-1,1,-1
2216,2217,-1,1,-1
2217,2218,-1,1,-1
2218,2219,-1,1,-1
2219,2220,-1,1,762
2220,2221,-1,1,-1
2221,2222,-1,1,-1
2222,2223,-1,1,763
2223,2224,-1,1,764
2224,2225,-1,1,-1
2225,2226,-1,1,765
2226,2227,-1,1,766
2227,2228,-1,1,-1
2228,2229,-1,1,-1
2229,2230,-1,1,-1
2230,2231,-1,1,767
2231,2232,-1,1,-1
2232,2233,-1,1,768
2233,2234,-1,1,769
2234,2235,-1,1,-1
2235,2236,-1,1,-1
2236,2237,-1,1,770
2237,2238,-1,1,771
2238,2239,-1,1,-1
2239,2240,-1,1,-1
2240,2241,-1,1,772
2241,2242,-1,1,773
2242,2243,-1,1,774
2243,2244,-1,1,775
2244,2245,-1,1,-1
2245,2246,-1,1,-1
2246,2247,-1,1,776
2247,2248,-1,1,777
2248,2249,-1,1,-1
2249,2250,-1,1,778
2250,2251,-1,1,779
2251,2252,-1,1,-1
2252,2253,-1,1,-1
2253,2254,-1,1,780
2254,2255,-1,1,780
2255,2256,-1,1,781
2256,2257,-1,1,-1
2257,2258,-1,1,-1
2258,2259,-1,1,-1
2259,2260,-1,1,-1
2260,2261,-1,1,-1
2261,2262,-1,1,-1
2262,2263,-1,1,-1
2263,2264,-1,1,782
2264,2265,-1,1,783
2265,2266,-1,1,-1
2266,2267,-1,1,784
2267,2268,-1,1,785
2268,2269,-1,1,-1
2269,2270,-1,1,786
2270,2271,-1,1,-1
2271,2272,-1,1,-1
2272,2273,-1,1,-1
2273,2274,-1,1,787
2274,2275,-1,1,-1
2275,2276,-1,1,788
2276,2277,-1,1,-1
2277,2278,-1,1,-1
2278,2279,-1,1,-1
2279,2280,-1,1,789
2280,2281,-1,1,790
2281,2282,-1,1,791
2282,2283,-1,1,-1
2283,2284,-1,1,-1
2284,2285,-1,1,792
2285,2286,-1,1,-1
2286,2287,-1,1,793
2287,2288,-1,1,794
2288,2289,-1,1,795
2289,2290,-1,1,-1
2290,2291,-1,1,-1
2291,2292,-1,1,-1
2292,2293,-1,1,-1
2293,2294,-1,1,796
2294,2295,-1,1,-1
2295,2296,-1,1,797
2296,2297,-1,1,798
2297,2298,-1,1,-1
2298,2299,-1,1,-1
2299,2300,-1,1,-1
2300,2301,-1,1,-1
2301,2302,-1,1,799
2302,2303,-1,1,800
2303,2304,-1,1,-1
2304,2305,-1,1,801
2305,2306,-1,1,-1
2306,2307,-1,1,802
2307,2308,-1,1,-1
2308,2309,-1,1,-1
2309,2310,-1,1,803
2310,2311,-1,1,-1
2311,2312,-1,1,804
2312,2313,-1,1,-1
2313,2314,-1,1,805
2314,2315,-1,1,-1
2315,2316,-1,1,-1
2316,2317,-1,1,-1
2317,2318,-1,1,-1
2318,2319,-1,1,-1
2319,2320,-1,1,806
2320,2321,-1,1,-1
2321,2322,-1,1,807
2322,2323,-1,1,808
2323,2324,-1,1,809
2324,2325,-1,1,810
2325,2326,-1,1,811
2326,2327,-1,1,-1
2327,2328,-1,1,812
2328,2329,-1,1,-1
2329,2330,-1,1,-1
2330,2331,-1,1,813
2331,2332,-1,1,-1
2332,2333,-1,1,-1
2333,2334,-1,1,-1
2334,2335,-1,1,-1
2335,2336,-1,1,-1
2336,2337,-1,1,-1
2337,2338,-1,1,-1
2338,2339,-1,1,-1
2339,2340,-1,1,-1
2340,2341,-1,1,-1
2341,2342,-1,1,814
2342,2343,-1,1,-1
2343,2344,-1,1,-1
2344,2345,-1,1,-1
2345,2346,-1,1,-1
2346,2347,-1,1,-1
2347,2348,-1,1,-1
2348,2349,-1,1,815
2349,2350,-1,1,-1
2350,2351,-1,1,816
2351,2352,-1,1,817
2352,2353,-1,1,-1
2353,2354,-1,1,-1
2354,2355,-1,1,-1
2355,2356,-1,1,818
2356,2357,-1,1,-1
2357,2358,-1,1,-1
2358,2359,-1,1,-1
2359,2360,-1,1,-1
2360,2361,-1,1,-1
2361,2362,-1,1,-1
2362,2363,-1,1,819
2363,2364,-1,1,-1
2364,2365,-1,1,820
2365,2366,-1,1,-1
2366,2367,-1,1,-1
2367,2368,-1,1,-1
2368,2369,-1,1,-1
2369,2370,-1,1,821
2370,2371,-1,1,822
2371,2372,-1,1,-1
2372,2373,-1,1,823
2373,2374,-1,1,824
2374,2375,-1,1,825
2375,2376,-1,1,826
2376,2377,-1,1,-1
2377,2378,-1,1,-1
2378,2379,-1,1,-1
2379,2380,-1,1,827
2380,2381,-1,1,-1
2381,2382,-1,1,828
2382,2383,-1,1,829
2383,2384,-1,1,-1
2384,2385,-1,1,830
2385,2386,-1,1,831
2386,2387,-1,1,832
2387,2388,-1,1,-1
2388,2389,-1,1,833
2389,2390,-1,1,834
2390,2391,-1,1,-1
2391,2392,-1,1,-1
2392,2393,-1,1,-1
2393,2394,-1,1,-1
2394,2395,-1,1,835
2395,2396,-1,1,-1
2396,2397,-1,1,836
2397,2398,-1,1,-1
2398,2399,-1,1,-1
2399,2400,-1,1,-1
2400,2401,-1,1,-1
2401,2402,-1,1,-1
2402,2403,-1,1,-1
2403,2404,-1,1,-1
2404,2405,-1,1,-1
2405,2406,-1,1,-1
2406,2407,-1,1,-1
2407,2408,-1,1,-1
2408,2409,-1,1,-1
2409,2410,-1,1,837
2410,2411,-1,1,-1
2411,2412,-1,1,838
2412,2413,-1,1,-1
2413,2414,-1,1,839
2414,2415,-1,1,840
2415,2416,-1,1,841
2416,2417,-1,1,842
2417,2418,-1,1,-1
2418,2419,-1,1,-1
2419,2420,-1,1,843
2420,2421,-1,1,-1
2421,2422,-1,1,-1
2422,2423,-1,1,-1
2423,2424,-1,1,844
2424,2425,-1,1,845
2425,2426,-1,1,846
2426,2427,-1,1,847
2427,2428,-1,1,-1
2428,2429,-1,1,-1
2429,2430,-1,1,-1
2430,2431,-1,1,-1
2431,2432,-1,1,848
2432,2433,-1,1,849
2433,2434,-1,1,-1
2434,2435,-1,1,850
2435,2436,-1,1,-1
2436,2437,-1,1,851
2437,2438,-1,1,852
2438,2439,-1,1,-1
2439,2440,-1,1,-1
2440,2441,-1,1,853
2441,2442,-1,1,-1
2442,2443,-1,1,854
2443,2444,-1,1,855
2444,2445,-1,1,-1
2445,2446,-1,1,-1
2446,2447,-1,1,-1
2447,2448,-1,1,856
2448,2449,-1,1,-1
2449,2450,-1,1,-1
2450,2451,-1,1,-1
2451,2452,-1,1,-1
2452,2453,-1,1,-1
2453,2454,-1,1,857
2454,2455,-1,1,-1
2455,2456,-1,1,858
2456,2457,-1,1,859
2457,2458,-1,1,860
2458,2459,-1,1,-1
2459,2460,-1,1,-1
2460,2461,-1,1,-1
2461,2462,-1,1,861
2462,2463,-1,1,862
2463,2464,-1,1,-1
2464,2465,-1,1,-1
2465,2466,-1,1,863
2466,2467,-1,1,864
2467,2468,-1,1,-1
2468,2469,-1,1,865
2469,2470,-1,1,-1
2470,2471,-1,1,-1
2471,2472,-1,1,866
2472,2473,-1,1,867
2473,2474,-1,1,-1
2474,2475,-1,1,868
2475,2476,-1,1,869
2476,2477,-1,1,-1
2477,2478,-1,1,-1
2478,2479,-1,1,870
2479,2480,-1,1,-1
2480,2481,-1,1,-1
2481,2482,-1,1,-1
2482,2483,-1,1,871
2483,2484,-1,1,-1
2484,2485,-1,1,-1
2485,2486,-1,1,872
2486,2487,-1,1,-1
2487,2488,-1,1,-1
2488,2489,-1,1,-1
2489,2490,-1,1,873
2490,2491,-1,1,874
2491,2492,-1,1,875
2492,2493,-1,1,876
2493,2494,-1,1,877
2494,2495,-1,1,-1
2495,2496,-1,1,878
2496,2497,-1,1,879
2497,2498,-1,1,-1
2498,2499,-1,1,-1
2499,2500,-1,1,880
2500,2501,-1,1,-1
2501,2502,-1,1,881
2502,2503,-1,1,882
2503,2504,-1,1,883
2504,2505,-1,1,-1
2505,2506,-1,1,-1
2506,2507,-1,1,884
2507,2508,-1,1,-1
2508,2509,-1,1,-1
2509,2510,-1,1,-1
2510,2511,-1,1,-1
2511,2512,-1,1,885
2512,2513,-1,1,-1
2513,2514,-1,1,-1
2514,2515,-1,1,886
2515,2516,-1,1,-1
2516,2517,-1,1,887
2517,2518,-1,1,-1
2518,2519,-1,1,-1
2519,2520,-1,1,-1
2520,2521,-1,1,888
2521,2522,-1,1,-1
2522,2523,-1,1,-1
2523,2524,-1,1,889
2524,2525,-1,1,-1
2525,2526,-1,1,-1
2526,2527,-1,1,-1
2527,2528,-1,1,890
2528,2529,-1,1,-1
2529,2530,-1,1,-1
2530,2531,-1,1,891
2531,2532,-1,1,-1
2532,2533,-1,1,-1
2533,2534,-1,1,892
2534,2535,-1,1,-1
2535,2536,-1,1,-1
2536,2537,-1,1,-1
2537,2538,-1,1,893
2538,2539,-1,1,-1
2539,2540,-1,1,-1
2540,2541,-1,1,-1
2541,2542,-1,1,894
2542,2543,-1,1,895
2543,2544,-1,1,-1
2544,2545,-1,1,-1
2545,2546,-1,1,896
2546,2547,-1,1,-1
2547,2548,-1,1,-1
2548,2549,-1,1,-1
2549,2550,-1,1,897
2550,2551,-1,1,-1
2551,2552,-1,1,-1
2552,2553,-1,1,-1
2553,2554,-1,1,-1
2554,2555,-1,1,898
2555,2556,-1,1,-1
2556,2557,-1,1,-1
2557,2558,-1,1,-1
2558,2559,-1,1,-1
2559,2560,-1,1,-1
2560,2561,-1,1,-1
2561,2562,-1,1,-1
2562,2563,-1,1,899
2563,2564,-1,1,-1
2564,2565,-1,1,900
2565,2566,-1,1,901
2566,2567,-1,1,-1
2567,2568,-1,1,902
2568,2569,-1,1,903
2569,2570,-1,1,-1
2570,2571,-1,1,-1
2571,2572,-1,1,904
2572,2573,-1,1,905
2573,2574,-1,1,-1
2574,2575,-1,1,-1
2575,2576,-1,1,-1
2576,2577,-1,1,-1
2577,2578,-1,1,906
2578,2579,-1,1,-1
2579,2580,-1,1,-1
2580,2581,-1,1,907
2581,2582,-1,1,908
2582,2583,-1,1,909
2583,2584,-1,1,-1
2584,2585,-1,1,-1
2585,2586,-1,1,-1
2586,2587,-1,1,910
2587,2588,-1,1,911
2588,2589,-1,1,-1
2589,2590,-1,1,912
2590,2591,-1,1,-1
2591,2592,-1,1,-1
2592,2593,-1,1,-1
2593,2594,-1,1,-1
2594,2595,-1,1,-1
2595,2596,-1,1,-1
2596,2597,-1,1,-1
2597,2598,-1,1,-1
2598,2599,-1,1,-1
2599,2600,-1,1,-1
2600,2601,-1,1,-1
2601,2602,-1,1,-1
2602,2603,-1,1,-1
2603,2604,-1,1,-1
2604,2605,-1,1,-1
2605,2606,-1,1,-1
2606,2607,-1,1,-1
2607,2608,-1,1,913
2608,2609,-1,1,-1
2609,2610,-1,1,-1
2610,2611,-1,1,-1
2611,2612,-1,1,914
2612,2613,-1,1,-1
2613,2614,-1,1,-1
2614,2615,-1,1,915
2615,2616,-1,1,-1
2616,2617,-1,1,-1
2617,2618,-1,1,916
2618,2619,-1,1,-1
2619,2620,-1,1,917
2620,2621,-1,1,918
2621,2622,-1,1,919
2622,2623,-1,1,920
2623,2624,-1,1,-1
2624,2625,-1,1,-1
2625,2626,-1,1,-1
2626,2627,-1,1,921
2627,2628,-1,1,922
2628,2629,-1,1,-1
2629,2630,-1,1,-1
2630,2631,-1,1,923
2631,2632,-1,1,-1
2632,2633,-1,1,-1
2633,2634,-1,1,-1
2634,2635,-1,1,-1
2635,2636,-1,1,-1
2636,2637,-1,1,-1
2637,2638,-1,1,924
2638,2639,-1,1,-1
2639,2640,-1,1,925
2640,2641,-1,1,926
2641,2642,-1,1,-1
2642,2643,-1,1,-1
2643,2644,-1,1,-1
2644,2645,-1,1,-1
2645,2646,-1,1,927
2646,2647,-1,1,-1
2647,2648,-1,1,-1
2648,2649,-1,1,-1
2649,2650,-1,1,928
2650,2651,-1,1,929
2651,2652,-1,1,-1
2652,2653,-1,1,930
2653,2654,-1,1,-1
2654,2655,-1,1,-1
2655,2656,-1,1,-1
2656,2657,-1,1,-1
2657,2658,-1,1,931
2658,2659,-1,1,932
2659,2660,-1,1,933
2660,2661,-1,1,934
2661,2662,-1,1,-1
2662,2663,-1,1,-1
2663,2664,-1,1,935
2664,2665,-1,1,936
2665,2666,-1,1,937
2666,2667,-1,1,-1
2667,2668,-1,1,-1
2668,2669,-1,1,-1
2669,2670,-1,1,-1
2670,2671,-1,1,-1
2671,2672,-1,1,-1
2672,2673,-1,1,938
2673,2674,-1,1,-1
2674,2675,-1,1,-1
2675,2676,-1,1,-1
2676,2677,-1,1,939
2677,2678,-1,1,-1
2678,2679,-1,1,-1
2679,2680,-1,1,-1
2680,2681,-1,1,-1
2681,2682,-1,1,-1
2682,2683,-1,1,-1
2683,2684,-1,1,-1
2684,2685,-1,1,940
2685,2686,-1,1,-1
2686,2687,-1,1,-1
2687,2688,-1,1,-1
2688,2689,-1,1,-1
2689,2690,-1,1,-1
2690,2691,-1,1,941
2691,2692,-1,1,942
2692,2693,-1,1,-1
2693,2694,-1,1,-1
2694,2695,-1,1,943
2695,2696,-1,1,944
2696,2697,-1,1,-1
2697,2698,-1,1,-1
2698,2699,-1,1,945
2699,2700,-1,1,-1
2700,2701,-1,1,946
2701,2702,-1,1,947
2702,2703,-1,1,948
2703,2704,-1,1,-1
2704,2705,-1,1,-1
2705,2706,-1,1,-1
2706,2707,-1,1,949
2707,2708,-1,1,950
2708,2709,-1,1,-1
2709,2710,-1,1,951
2710,2711,-1,1,-1
2711,2712,-1,1,-1
2712,2713,-1,1,-1
2713,2714,-1,1,952
2714,2715,-1,1,953
2715,2716,-1,1,954
2716,2717,-1,1,-1
2717,2718,-1,1,-1
2718,2719,-1,1,-1
2719,2720,-1,1,-1
2720,2721,-1,1,-1
2721,2722,-1,1,-1
2722,2723,-1,1,-1
2723,2724,-1,1,-1
2724,2725,-1,1,-1
2725,2726,-1,1,955
2726,2727,-1,1,-1
2727,2728,-1,1,956
2728,2729,-1,1,-1
2729,2730,-1,1,957
2730,2731,-1,1,958
2731,2732,-1,1,-1
2732,2733,-1,1,-1
2733,2734,-1,1,-1
2734,2735,-1,1,959
2735,2736,-1,1,-1
2736,2737,-1,1,960
2737,2738,-1,1,-1
2738,2739,-1,1,-1
2739,2740,-1,1,-1
2740,2741,-1,1,-1
2741,2742,-1,1,-1
2742,2743,-1,1,-1
2743,2744,-1,1,961
2744,2745,-1,1,-1
2745,2746,-1,1,-1
2746,2747,-1,1,962
2747,2748,-1,1,963
2748,2749,-1,1,-1
2749,2750,-1,1,964
2750,2751,-1,1,965
2751,2752,-1,1,966
2752,2753,-1,1,967
2753,2754,-1,1,968
2754,2755,-1,1,-1
2755,2756,-1,1,969
2756,2757,-1,1,970
2757,2758,-1,1,971
2758,2759,-1,1,-1
2759,2760,-1,1,972
2760,2761,-1,1,-1
2761,2762,-1,1,973
2762,2763,-1,1,974
2763,2764,-1,1,-1
2764,2765,-1,1,975
2765,2766,-1,1,-1
2766,2767,-1,1,-1
2766,2767,-1,1,-1
2767,2768,-1,1,-1
2768,2769,-1,1,-1
2769,2770,-1,1,-1
2770,2771,-1,1,-1
2771,2772,-1,1,-1
2772,2773,-1,1,-1
2773,2774,-1,1,-1
2774,2775,-1,1,976
2775,2776,-1,1,977
2776,2777,-1,1,978
2777,2778,-1,1,-1
2778,2779,-1,1,-1
2779,2780,-1,1,979
2780,2781,-1,1,-1
2781,2782,-1,1,980
2782,2783,-1,1,-1
2783,2784,-1,1,-1
2784,2785,-1,1,-1
2785,2786,-1,1,-1
2786,2787,-1,1,981
2787,2788,-1,1,982
2788,2789,-1,1,-1
2789,2790,-1,1,-1
2790,2791,-1,1,983
2791,2792,-1,1,984
2792,2793,-1,1,985
2793,2794,-1,1,986
2794,2795,-1,1,-1
2795,2796,-1,1,-1
2796,2797,-1,1,-1
2797,2798,-1,1,-1
2798,2799,-1,1,987
2799,2800,-1,1,988
2800,2801,-1,1,-1
2801,2802,-1,1,989
2802,2803,-1,1,990
2803,2804,-1,1,-1
2804,2805,-1,1,-1
2805,2806,-1,1,-1
2806,2807,-1,1,991
2807,2808,-1,1,-1
2808,2809,-1,1,992
2809,2810,-1,1,-1
2810,2811,-1,1,-1
2811,2812,-1,1,-1
2812,2813,-1,1,-1
2813,2814,-1,1,-1
2814,2815,-1,1,-1
2815,2816,-1,1,-1
2816,2817,-1,1,-1
2817,2818,-1,1,-1
2818,2819,-1,1,-1
2819,2820,-1,1,-1
2820,2821,-1,1,-1
2821,2822,-1,1,-1
2822,2823,-1,1,-1
2823,2824,-1,1,-1
2824,2825,-1,1,-1
2825,2826,-1,1,-1
2826,2827,-1,1,993
2827,2828,-1,1,994
2828,2829,-1,1,995
2829,2830,-1,1,996
2830,2831,-1,1,-1
2831,2832,-1,1,-1
2832,2833,-1,1,997
2833,2834,-1,1,-1
2834,2835,-1,1,998
2835,2836,-1,1,-1
2836,2837,-1,1,-1
2837,2838,-1,1,999
2838,2839,-1,1,1000
2839,2840,-1,1,1001
2840,2841,-1,1,-1
2841,2842,-1,1,-1
2842,2843,-1,1,-1
2843,2844,-1,1,1002
2844,2845,-1,1,1003
2845,2846,-1,1,1004
2846,2847,-1,1,-1
2847,2848,-1,1,-1
2848,2849,-1,1,-1
2849,2850,-1,1,-1
2850,2851,-1,1,-1
2851,2852,-1,1,1005
2852,2853,-1,1,1006
2853,2854,-1,1,-1
2854,2855,-1,1,-1
2855,2856,-1,1,-1
2856,2857,-1,1,-1
2857,2858,-1,1,-1
2858,2859,-1,1,-1
2859,2860,-1,1,1007
2860,2861,-1,1,-1
2861,2862,-1,1,-1
2862,2863,-1,1,-1
2863,2864,-1,1,1008
2864,2865,-1,1,-1
2865,2866,-1,1,1009
2866,2867,-1,1,-1
2867,2868,-1,1,1010
2868,2869,-1,1,-1
2869,2870,-1,1,1011
2870,2871,-1,1,-1
2871,2872,-1,1,1012
2872,2873,-1,1,-1
2873,2874,-1,1,1013
2874,2875,-1,1,-1
2875,2876,-1,1,-1
2876,2877,-1,1,-1
2877,2878,-1,1,-1
2878,2879,-1,1,-1
2879,2880,-1,1,-1
2880,2881,-1,1,1014
2881,2882,-1,1,-1
2882,2883,-1,1,1015
2883,2884,-1,1,1016
2884,2885,-1,1,1017
2885,2886,-1,1,-1
2886,2887,-1,1,-1
2887,2888,-1,1,-1
2888,2889,-1,1,-1
2889,2890,-1,1,-1
2890,2891,-1,1,-1
2891,2892,-1,1,-1
2892,2893,-1,1,-1
2893,2894,-1,1,-1
2894,2895,-1,1,-1
2895,2896,-1,1,-1
2896,2897,-1,1,-1
2897,2898,-1,1,1018
2898,2899,-1,1,1019
2899,2900,-1,1,-1
2900,2901,-1,1,1020
2901,2902,-1,1,-1
2902,2903,-1,1,-1
2903,2904,-1,1,-1
2904,2905,-1,1,1021
2905,2906,-1,1,-1
2906,2907,-1,1,-1
2907,2908,-1,1,-1
2908,2909,-1,1,-1
2909,2910,-1,1,-1
2910,2911,-1,1,-1
2911,2912,-1,1,-1
2912,2913,-1,1,-1
2913,2914,-1,1,-1
2914,2915,-1,1,-1
2914,2916,-1,1,-1
2915,2917,-1,1,-1
2916,2918,-1,1,-1
2917,2919,-1,1,-1
2918,2920,-1,1,-1
2919,2921,-1,1,1022
2920,2922,-1,1,1023
2921,2923,-1,1,-1
2922,2924,-1,1,-1
2923,2925,-1,1,-1
2924,2926,-1,1,-1
2925,2927,-1,1,-1
2926,2928,-1,1,1024
2927,2929,-1,1,-1
2928,2930,-1,1,1025
2929,2931,-1,1,-1
2930,2932,-1,1,-1
2931,2933,-1,1,1026
2932,2934,-1,1,-1
2933,2935,-1,1,1027
2934,2936,-1,1,-1
2935,2937,-1,1,-1
2936,2938,-1,1,-1
2937,2939,-1,1,-1
2938,2940,-1,1,-1
2939,2941,-1,1,1028
2940,2942,-1,1,1029
2941,2943,-1,1,-1
2942,2944,-1,1,-1
2943,2945,-1,1,1030
2944,2946,-1,1,-1
2945,2947,-1,1,-1
2946,2948,-1,1,1031
2947,2949,-1,1,1032
2948,2950,-1,1,1033
2949,2951,-1,1,1034
2950,2952,-1,1,-1
2951,2953,-1,1,1035
2952,2954,-1,1,1036
2953,2955,-1,1,1037
2954,2956,-1,1,-1
2955,2957,-1,1,1038
2956,2958,-1,1,1039
2957,2959,-1,1,1040
2958,2960,-1,1,-1
2959,2961,-1,1,-1
2960,2962,-1,1,-1
2961,2963,-1,1,-1
2962,2964,-1,1,-1
2963,2965,-1,1,-1
2964,2966,-1,1,1041
2965,2967,-1,1,1042
2966,2968,-1,1,1043
2967,2969,-1,1,1044
2968,2970,-1,1,-1
2969,2971,-1,1,-1
2970,2972,-1,1,-1
2971,2973,-1,1,-1
2972,2974,-1,1,-1
2973,2975,-1,1,-1
2974,2976,-1,1,-1
2975,2977,-1,1,1045
2976,2978,-1,1,-1
2977,2979,-1,1,-1
2978,2980,-1,1,1046
2979,2981,-1,1,1047
2980,2982,-1,1,1048
2981,2983,-1,1,-1
2982,2984,-1,1,-1
2983,2985,-1,1,-1
2984,2986,-1,1,-1
2985,2987,-1,1,-1
2986,2988,-1,1,-1
2987,2989,-1,1,-1
2988,2990,-1,1,-1
2989,2991,-1,1,-1
2990,2992,-1,1,-1
2991,2993,-1,1,-1
2992,2994,-1,1,-1
2993,2995,-1,1,-1
2994,2996,-1,1,-1
2995,2997,-1,1,-1
2996,2998,-1,1,1049
2997,2999,-1,1,-1
2998,3000,-1,1,1050
2999,3001,-1,1,-1
3000,3002,-1,1,-1
3001,3003,-1,1,1051
3002,3004,-1,1,-1
3003,3005,-1,1,-1
3004,3006,-1,1,-1
3005,3007,-1,1,-1
3006,3008,-1,1,1052
3007,3009,-1,1,-1
3008,3010,-1,1,-1
3009,3011,-1,1,-1
3010,3012,-1,1,1053
3011,3013,-1,1,-1
3012,3014,-1,1,1054
3013,3015,-1,1,1055
3014,3016,-1,1,1056
3015,3017,-1,1,-1
3016,3018,-1,1,1057
3017,3019,-1,1,1058
3018,3020,-1,1,-1
3019,3021,-1,1,-1
3020,3022,-1,1,-1
3021,3023,-1,1,1059
3022,3024,-1,1,-1
3023,3025,-1,1,-1
3024,3026,-1,1,-1
3025,3027,-1,1,1060
3026,3028,-1,1,1061
3027,3029,-1,1,1062
3028,3030,-1,1,-1
3029,3031,-1,1,-1
3030,3032,-1,1,-1
3031,3033,-1,1,-1
3032,3034,-1,1,1063
3033,3035,-1,1,-1
3034,3036,-1,1,1064
3035,3037,-1,1,1065
3036,3038,-1,1,1066
3037,3039,-1,1,1067
3038,3040,-1,1,1068
3039,3041,-1,1,-1
3040,3042,-1,1,-1
3041,3043,-1,1,-1
3042,3044,-1,1,-1
3043,3045,-1,1,1069
3044,3046,-1,1,1070
3045,3047,-1,1,1071
3046,3048,-1,1,-1
3047,3049,-1,1,-1
3048,3050,-1,1,-1
3049,3051,-1,1,-1
3050,3052,-1,1,-1
3051,3053,-1,1,1072
3052,3054,-1,1,-1
3053,3055,-1,1,1073
3054,3056,-1,1,-1
3055,3057,-1,1,-1
3056,3058,-1,1,-1
3057,3059,-1,1,1074
3058,3060,-1,1,-1
3059,3061,-1,1,1075
3060,3062,-1,1,-1
3061,3063,-1,1,-1
3062,3064,-1,1,1076
3063,3065,-1,1,-1
3064,3066,-1,1,-1
3065,3067,-1,1,-1
3066,3068,-1,1,-1
3067,3069,-1,1,-1
3068,3070,-1,1,-1
3069,3071,-1,1,1077
3070,3072,-1,1,1078
3071,3073,-1,1,-1
3072,3074,-1,1,-1
3073,3075,-1,1,-1
3074,3076,-1,1,-1
3075,3077,-1,1,1079
3076,3078,-1,1,-1
3077,3079,-1,1,-1
3078,3080,-1,1,-1
3079,3081,-1,1,-1
3080,3082,-1,1,-1
3081,3083,-1,1,1080
3082,3084,-1,1,-1
3083,3085,-1,1,1081
3084,3086,-1,1,-1
3085,3087,-1,1,-1
3086,3088,-1,1,-1
3087,3089,-1,1,-1
3088,3090,-1,1,1082
3089,3091,-1,1,-1
3090,3092,-1,1,-1
3091,3093,-1,1,1083
3092,3094,-1,1,-1
3093,3095,-1,1,-1
3094,3096,-1,1,1084
3095,3097,-1,1,-1
3096,3098,-1,1,-1
3097,3099,-1,1,1085
3098,3100,-1,1,1086
3099,3101,-1,1,-1
3100,3102,-1,1,-1
3101,3103,-1,1,-1
3102,3104,-1,1,-1
3103,3105,-1,1,1087
3104,3106,-1,1,-1
3105,3107,-1,1,-1
3106,3108,-1,1,-1
3107,3109,-1,1,1088
3108,3110,-1,1,-1
3109,3111,-1,1,-1
3110,3112,-1,1,1089
3111,3113,-1,1,1090
3112,3114,-1,1,1091
3113,3115,-1,1,1092
3114,3116,-1,1,-1
3115,3117,-1,1,-1
3116,3118,-1,1,1093
3117,3119,-1,1,-1
3118,3120,-1,1,1094
3119,3121,-1,1,1095
3120,3122,-1,1,-1
3121,3123,-1,1,-1
3122,3124,-1,1,-1
3123,3125,-1,1,1096
3124,3126,-1,1,-1
3125,3127,-1,1,-1
3126,3128,-1,1,1097
3127,3129,-1,1,-1
3128,3130,-1,1,1098
3129,3131,-1,1,-1
3130,3132,-1,1,-1
3131,3133,-1,1,-1
3132,3134,-1,1,-1
3133,3135,-1,1,-1
3134,3136,-1,1,-1
3135,3137,-1,1,-1
3136,3138,-1,1,-1
3137,3139,-1,1,-1
3138,3140,-1,1,1099
3139,3141,-1,1,-1
3140,3142,-1,1,-1
3141,3143,-1,1,-1
3142,3144,-1,1,-1
3143,3145,-1,1,1100
3144,3146,-1,1,1101
3145,3147,-1,1,1102
3146,3148,-1,1,-1
3147,3149,-1,1,-1
3148,3150,-1,1,1103
3149,3151,-1,1,-1
3150,3152,-1,1,-1
3151,3153,-1,1,-1
3152,3154,-1,1,-1
3153,3155,-1,1,-1
3154,3156,-1,1,-1
3155,3157,-1,1,-1
3156,3158,-1,1,1104
3157,3159,-1,1,-1
3158,3160,-1,1,-1
3159,3161,-1,1,1105
3160,3162,-1,1,1106
3161,3163,-1,1,1107
3162,3164,-1,1,-1
3163,3165,-1,1,-1
3164,3166,-1,1,-1
3165,3167,-1,1,-1
3166,3168,-1,1,1108
3167,3169,-1,1,-1
3168,3170,-1,1,-1
3169,3171,-1,1,1109
3170,3172,-1,1,-1
3171,3173,-1,1,1110
3172,3174,-1,1,-1
3173,3175,-1,1,-1
3174,3176,-1,1,1111
3175,3177,-1,1,-1
3176,3178,-1,1,-1
3177,3179,-1,1,-1
3178,3180,-1,1,1112
3179,3181,-1,1,1113
3180,3182,-1,1,1114
3181,3183,-1,1,-1
3182,3184,-1,1,-1
3183,3185,-1,1,-1
3184,3186,-1,1,-1
3185,3187,-1,1,-1
3186,3188,-1,1,-1
3187,3189,-1,1,-1
3188,3190,-1,1,-1
3189,3191,-1,1,-1
3190,3192,-1,1,1115
3191,3193,-1,1,1116
3192,3194,-1,1,-1
3193,3195,-1,1,-1
3194,3196,-1,1,-1
3195,3197,-1,1,-1
3196,3198,-1,1,-1
3197,3199,-1,1,-1
3198,3200,-1,1,-1
3199,3201,-1,1,1117
3200,3202,-1,1,1118
3201,3203,-1,1,-1
3202,3204,-1,1,1119
3203,3205,-1,1,1120
3204,3206,-1,1,-1
3205,3207,-1,1,-1
3206,3208,-1,1,-1
3207,3209,-1,1,1121
3208,3210,-1,1,-1
3209,3211,-1,1,-1
3210,3212,-1,1,-1
3211,3213,-1,1,1122
3212,3214,-1,1,-1
3213,3215,-1,1,1123
3214,3216,-1,1,-1
3215,3217,-1,1,1124
3216,3218,-1,1,-1
3217,3219,-1,1,-1
3218,3220,-1,1,-1
3219,3221,-1,1,-1
3220,3222,-1,1,-1
3221,3223,-1,1,-1
3222,3224,-1,1,1125
3223,3225,-1,1,1126
3224,3226,-1,1,-1
3225,3227,-1,1,-1
3226,3228,-1,1,-1
3227,3229,-1,1,-1
3228,3230,-1,1,-1
3229,3231,-1,1,-1
3230,3232,-1,1,1127
3231,3233,-1,1,-1
3232,3234,-1,1,-1
3233,3235,-1,1,-1
3234,3236,-1,1,-1
3235,3237,-1,1,-1
3236,3238,-1,1,-1
3237,3239,-1,1,1128
3238,3240,-1,1,1129
3239,3241,-1,1,-1
3240,3242,-1,1,-1
3241,3243,-1,1,-1
3242,3244,-1,1,1130
3243,3245,-1,1,-1
3244,3246,-1,1,-1
3245,3247,-1,1,-1
3246,3248,-1,1,-1
3247,3249,-1,1,1131
3248,3250,-1,1,-1
3249,3251,-1,1,1132
3250,3252,-1,1,1133
3251,3253,-1,1,1134
3252,3254,-1,1,-1
3253,3255,-1,1,-1
3254,3256,-1,1,-1
3255,3257,-1,1,-1
3256,3258,-1,1,-1
3257,3259,-1,1,1135
3258,3260,-1,1,-1
3259,3261,-1,1,1136
3260,3262,-1,1,-1
3261,3263,-1,1,1137
3262,3264,-1,1,-1
3263,3265,-1,1,-1
3264,3266,-1,1,1138
3265,3267,-1,1,-1
3266,3268,-1,1,-1
3267,3269,-1,1,1139
3268,3270,-1,1,1139
3269,3271,-1,1,1140
3270,3272,-1,1,1141
3271,3273,-1,1,-1
3272,3274,-1,1,-1
3273,3275,-1,1,1142
3274,3276,-1,1,1143
3275,3277,-1,1,1144
3276,3278,-1,1,-1
3277,3279,-1,1,-1
3278,3280,-1,1,-1
3279,3281,-1,1,1145
3280,3282,-1,1,-1
3281,3283,-1,1,1146
3282,3284,-1,1,1147
3283,3285,-1,1,-1
3284,3286,-1,1,-1
3285,3287,-1,1,-1
3286,3288,-1,1,1148
3287,3289,-1,1,-1
3288,3290,-1,1,-1
3289,3291,-1,1,-1
3290,3292,-1,1,-1
3291,3293,-1,1,-1
3292,3294,-1,1,1149
3293,3295,-1,1,-1
3294,3296,-1,1,1150
3295,3297,-1,1,1151
3296,3298,-1,1,-1
3297,3299,-1,1,-1
3298,3300,-1,1,1152
3299,3301,-1,1,-1
3300,3302,-1,1,-1
3301,3303,-1,1,-1
3302,3304,-1,1,-1
3303,3305,-1,1,-1
3304,3306,-1,1,-1
3305,3307,-1,1,-1
3306,3308,-1,1,-1
3307,3309,-1,1,-1
3308,3310,-1,1,-1
3309,3310,-1,1,-1
3310,3311,-1,1,-1
3311,3312,-1,1,-1
3312,3313,-1,1,-1
3313,3314,-1,1,-1
3314,3315,-1,1,-1
3315,3316,-1,1,-1
3316,3317,-1,1,-1
3317,3318,-1,1,1153
3318,3319,-1,1,-1
3319,3320,-1,1,-1
3320,3321,-1,1,-1
3321,3322,-1,1,-1
3322,3323,-1,1,-1
3323,3324,-1,1,-1
3324,3325,-1,1,1154
3325,3326,-1,1,1155
3326,3327,-1,1,-1
3327,3328,-1,1,-1
3328,3329,-1,1,-1
3329,3330,-1,1,1156
3330,3331,-1,1,1157
3331,3332,-1,1,1158
3332,3333,-1,1,1159
3333,3334,-1,1,1160
3334,3335,-1,1,1161
3335,3336,-1,1,-1
3336,3337,-1,1,-1
3337,3338,-1,1,-1
3338,3339,-1,1,-1
3339,3340,-1,1,-1
3340,3341,-1,1,-1
3341,3342,-1,1,-1
3342,3343,-1,1,-1
3343,3344,-1,1,1162
3344,3345,-1,1,-1
3345,3346,-1,1,1163
3346,3347,-1,1,1164
3347,3348,-1,1,-1
3348,3349,-1,1,-1
3349,3350,-1,1,-1
3350,3351,-1,1,1165
3351,3352,-1,1,-1
3352,3353,-1,1,1166
3353,3354,-1,1,1167
3354,3355,-1,1,-1
3355,3356,-1,1,1168
3356,3357,-1,1,-1
3357,3358,-1,1,1169
3358,3359,-1,1,-1
3359,3360,-1,1,-1
3360,3361,-1,1,1170
3361,3362,-1,1,-1
3362,3363,-1,1,-1
3363,3364,-1,1,-1
3364,3365,-1,1,1171
3365,3366,-1,1,1172
3366,3367,-1,1,-1
3367,3368,-1,1,-1
3368,3369,-1,1,-1
3369,3370,-1,1,-1
3370,3371,-1,1,-1
3371,3372,-1,1,-1
3372,3373,-1,1,-1
3373,3374,-1,1,-1
3374,3375,-1,1,1173
3375,3376,-1,1,1174
3376,3377,-1,1,-1
3377,3378,-1,1,-1
3378,3379,-1,1,1175
3379,3380,-1,1,-1
3380,3381,-1,1,-1
3381,3382,-1,1,1176
3382,3383,-1,1,1177
3383,3384,-1,1,-1
3384,3385,-1,1,-1
3385,3386,-1,1,1178
3386,3387,-1,1,-1
3387,3388,-1,1,1179
3388,3389,-1,1,-1
3389,3390,-1,1,-1
3390,3391,-1,1,1180
3391,3392,-1,1,-1
3392,3393,-1,1,-1
3393,3394,-1,1,-1
3394,3395,-1,1,-1
3395,3396,-1,1,1181
3396,3397,-1,1,1182
3397,3398,-1,1,-1
3398,3399,-1,1,-1
3399,3400,-1,1,1183
3400,3401,-1,1,-1
3401,3402,-1,1,1184
3402,3403,-1,1,-1
3403,3404,-1,1,-1
3404,3405,-1,1,1185
3405,3406,-1,1,-1
3406,3407,-1,1,1186
3407,3408,-1,1,1187
3408,3409,-1,1,1188
3409,3410,-1,1,-1
3410,3411,-1,1,-1
3411,3412,-1,1,-1
3412,3413,-1,1,1189
3413,3414,-1,1,1190
3414,3415,-1,1,-1
3415,3416,-1,1,1191
3416,3417,-1,1,-1
3417,3418,-1,1,-1
3418,3419,-1,1,-1
3419,3420,-1,1,1192
3420,3421,-1,1,1193
3421,3422,-1,1,-1
3422,3423,-1,1,-1
3423,3424,-1,1,-1
3424,3425,-1,1,-1
3425,3426,-1,1,-1
3426,3427,-1,1,1194
3427,3428,-1,1,1195
3428,3429,-1,1,1196
3429,3430,-1,1,-1
3430,3431,-1,1,1197
3431,3432,-1,1,1198
3432,3433,-1,1,-1
3433,3434,-1,1,1199
3434,3435,-1,1,-1
3435,3436,-1,1,-1
3436,3437,-1,1,1200
3437,3438,-1,1,-1
3438,3439,-1,1,1201
3439,3440,-1,1,-1
3440,3441,-1,1,-1
3441,3442,-1,1,-1
3442,3443,-1,1,1202
3443,3444,-1,1,-1
3444,3445,-1,1,-1
3445,3446,-1,1,-1
3446,3447,-1,1,-1
3447,3448,-1,1,-1
3448,3449,-1,1,-1
3449,3450,-1,1,1203
3450,3451,-1,1,-1
3451,3452,-1,1,-1
3452,3453,-1,1,-1
3453,3454,-1,1,-1
3454,3455,-1,1,-1
3455,3456,-1,1,-1
3456,3457,-1,1,-1
3457,3458,-1,1,1204
3458,3459,-1,1,-1
3459,3460,-1,1,-1
3460,3461,-1,1,-1
3461,3462,-1,1,-1
3462,3463,-1,1,-1
3463,3464,-1,1,-1
3464,3465,-1,1,1205
3465,3466,-1,1,-1
3466,3467,-1,1,-1
3467,3468,-1,1,-1
3468,3469,-1,1,1206
3469,3470,-1,1,1207
3470,3471,-1,1,-1
3471,3472,-1,1,-1
3472,3473,-1,1,-1
3473,3474,-1,1,-1
3474,3475,-1,1,1208
3475,3476,-1,1,1209
3476,3477,-1,1,-1
3477,3478,-1,1,-1
3478,3479,-1,1,-1
3479,3480,-1,1,1210
3480,3481,-1,1,1211
3481,3482,-1,1,-1
3482,3483,-1,1,1212
3483,3484,-1,1,-1
3484,3485,-1,1,1213
3485,3486,-1,1,-1
3486,3487,-1,1,1214
3487,3488,-1,1,-1
3488,3489,-1,1,1215
3489,3490,-1,1,1216
3490,3491,-1,1,1217
3491,3492,-1,1,1218
3492,3493,-1,1,1219
3493,3494,-1,1,1220
3494,3495,-1,1,1221
3495,3496,-1,1,-1
3496,3497,-1,1,1222
3497,3498,-1,1,1223
3498,3499,-1,1,-1
3499,3500,-1,1,-1
3500,3501,-1,1,-1
3501,3502,-1,1,-1
3502,3503,-1,1,-1
3503,3504,-1,1,1224
3504,3505,-1,1,-1
3505,3506,-1,1,1225
3506,3507,-1,1,1226
3507,3508,-1,1,-1
3508,3509,-1,1,-1
3509,3510,-1,1,-1
3510,3511,-1,1,-1
3511,3512,-1,1,-1
3512,3513,-1,1,-1
3513,3514,-1,1,-1
3514,3515,-1,1,-1
3515,3516,-1,1,1227
3516,3517,-1,1,-1
3517,3518,-1,1,1228
3518,3519,-1,1,1229
3519,3520,-1,1,1230
3520,3521,-1,1,-1
3521,3522,-1,1,-1
3522,3523,-1,1,-1
3523,3524,-1,1,-1
3524,3525,-1,1,-1
3525,3526,-1,1,1231
3526,3527,-1,1,1232
3527,3528,-1,1,-1
3528,3529,-1,1,1233
3529,3530,-1,1,-1
3530,3531,-1,1,1234
3531,3532,-1,1,-1
3532,3533,-1,1,1235
3533,3534,-1,1,-1
3534,3535,-1,1,-1
3535,3536,-1,1,-1
3536,3537,-1,1,-1
3537,3538,-1,1,-1
3538,3539,-1,1,1236
3539,3540,-1,1,1237
3540,3541,-1,1,-1
-1,-1,-1,1,-1
3541,3542,-1,1,-1
3542,3543,-1,1,-1
3543,3544,-1,1,1238
3544,3545,-1,1,1239
3545,3546,-1,1,1240
3546,3547,-1,1,-1
3547,3548,-1,1,1241
3548,3549,-1,1,-1
3549,3550,-1,1,-1
3550,3551,-1,1,1242
3551,3552,-1,1,-1
3552,3553,-1,1,1243
3553,3554,-1,1,-1
3554,3555,-1,1,-1
3555,3556,-1,1,1244
3556,3557,-1,1,-1
3557,3558,-1,1,1245
3558,3559,-1,1,-1
3559,3560,-1,1,1246
3560,3561,-1,1,1247
3561,3562,-1,1,1248
3562,3563,-1,1,1249
3563,3564,-1,1,-1
3564,3565,-1,1,1250
3565,3566,-1,1,-1
3566,3567,-1,1,-1
3567,3568,-1,1,-1
3568,3569,-1,1,1251
3569,3570,-1,1,-1
3570,3571,-1,1,-1
3571,3572,-1,1,1252
3572,3573,-1,1,-1
3573,3574,-1,1,-1
3574,3575,-1,1,1253
3575,3576,-1,1,1254
3576,3577,-1,1,-1
3577,3578,-1,1,1255
3578,3579,-1,1,-1
3579,3580,-1,1,1256
3580,3581,-1,1,1257
3581,3582,-1,1,1258
3582,3583,-1,1,1259
3583,3584,-1,1,-1
3584,3585,-1,1,1260
3585,3586,-1,1,1261
3586,3587,-1,1,1262
3587,3588,-1,1,-1
3588,3589,-1,1,1263
3589,3590,-1,1,1264
3590,3591,-1,1,-1
3591,3592,-1,1,-1
3592,3593,-1,1,-1
3593,3594,-1,1,-1
3594,3595,-1,1,1265
3595,3596,-1,1,-1
3596,3597,-1,1,-1
3597,3598,-1,1,-1
3598,3599,-1,1,1266
3599,3600,-1,1,-1
3600,3601,-1,1,1267
3601,3602,-1,1,-1
3602,3603,-1,1,-1
3603,3604,-1,1,-1
3604,3605,-1,1,-1
3605,3606,-1,1,1268
3606,3607,-1,1,1269
3607,3608,-1,1,1270
3608,3609,-1,1,-1
3609,3610,-1,1,-1
3610,3611,-1,1,-1
3611,3612,-1,1,1271
3612,3613,-1,1,-1
3613,3614,-1,1,-1
3614,3615,-1,1,1272
3615,3616,-1,1,-1
3616,3617,-1,1,-1
3617,3618,-1,1,-1
3618,3619,-1,1,-1
3619,3620,-1,1,-1
3620,3621,-1,1,1273
3621,3622,-1,1,-1
3622,3623,-1,1,-1
3623,3624,-1,1,-1
3624,3625,-1,1,1274
3625,3626,-1,1,-1
3626,3627,-1,1,1275
3627,3628,-1,1,1276
3628,3629,-1,1,1277
3629,3630,-1,1,1278
3630,3631,-1,1,-1
3631,3632,-1,1,1279
3632,3633,-1,1,-1
3633,3634,-1,1,-1
3634,3635,-1,1,1280
3635,3636,-1,1,1281
3636,3637,-1,1,-1
3637,3638,-1,1,-1
3638,3639,-1,1,-1
3639,3640,-1,1,-1
3640,3641,-1,1,1282
3641,3642,-1,1,-1
3642,3643,-1,1,-1
3643,3644,-1,1,1283
3644,3645,-1,1,-1
3645,3646,-1,1,-1
3646,3647,-1,1,1284
3647,3648,-1,1,-1
3648,3649,-1,1,-1
3649,3650,-1,1,-1
3650,3651,-1,1,-1
3651,3652,-1,1,-1
3652,3653,-1,1,1285
3653,3654,-1,1,1286
3654,3655,-1,1,-1
3655,3656,-1,1,1287
3656,3657,-1,1,-1
3657,3658,-1,1,-1
3658,3659,-1,1,-1
3659,3660,-1,1,1288
3660,3661,-1,1,-1
3661,3662,-1,1,-1
3662,3663,-1,1,1289
3663,3664,-1,1,-1
3664,3665,-1,1,1290
3665,3666,-1,1,1291
3666,3667,-1,1,1292
3667,3668,-1,1,-1
3668,3669,-1,1,-1
3669,3670,-1,1,1293
3670,3671,-1,1,-1
3671,3672,-1,1,-1
3672,3673,-1,1,-1
3673,3674,-1,1,-1
3674,3675,-1,1,1294
3675,3676,-1,1,-1
3676,3677,-1,1,-1
3677,3678,-1,1,-1
3678,3679,-1,1,1295
3679,3680,-1,1,1296
3680,3681,-1,1,-1
3681,3682,-1,1,1297
3682,3683,-1,1,1298
3683,3684,-1,1,-1
3684,3685,-1,1,-1
3685,3686,-1,1,-1
3686,3687,-1,1,-1
3687,3688,-1,1,-1
3688,3689,-1,1,-1
3689,3690,-1,1,-1
3690,3691,-1,1,1299
3691,3692,-1,1,1300
3692,3693,-1,1,-1
3693,3694,-1,1,-1
3694,3695,-1,1,-1
3695,3696,-1,1,1301
3696,3697,-1,1,1302
3697,3698,-1,1,1303
3698,3699,-1,1,1304
3699,3700,-1,1,1304
3700,3701,-1,1,-1
3701,3702,-1,1,1305
3702,3703,-1,1,-1
3703,3704,-1,1,-1
3704,3705,-1,1,1306
3705,3706,-1,1,1307
3706,3707,-1,1,-1
3707,3708,-1,1,1308
3708,3709,-1,1,1309
3709,3710,-1,1,-1
3710,3711,-1,1,-1
3711,3712,-1,1,-1
3712,3713,-1,1,-1
3713,3714,-1,1,1310
3714,3715,-1,1,-1
3715,3716,-1,1,-1
3716,3717,-1,1,-1
3717,3718,-1,1,-1
3718,3719,-1,1,-1
3719,3720,-1,1,-1
3720,3721,-1,1,1311
3721,3722,-1,1,1312
3722,3723,-1,1,-1
3723,3724,-1,1,-1
3724,3725,-1,1,1313
3725,3726,-1,1,-1
3726,3727,-1,1,1314
3727,3728,-1,1,1315
3728,3729,-1,1,-1
3729,3730,-1,1,-1
3730,3731,-1,1,-1
3731,3732,-1,1,1316
3732,3733,-1,1,-1
3733,3734,-1,1,1317
3734,3735,-1,1,-1
3735,3736,-1,1,-1
3736,3737,-1,1,-1
3737,3738,-1,1,-1
3738,3739,-1,1,-1
3739,3740,-1,1,-1
3740,3741,-1,1,1318
3741,3742,-1,1,1319
3742,3743,-1,1,1320
3743,3744,-1,1,-1
3744,3745,-1,1,-1
3745,3746,-1,1,1321
3746,3747,-1,1,-1
3747,3748,-1,1,-1
3748,3749,-1,1,-1
3749,3750,-1,1,-1
3750,3751,-1,1,-1
3751,3752,-1,1,1322
3752,3753,-1,1,1323
3753,3754,-1,1,-1
3754,3755,-1,1,1324
3755,3756,-1,1,1325
3756,3757,-1,1,-1
3757,3758,-1,1,1326
3758,3759,-1,1,1327
3759,3760,-1,1,1328
3760,3761,-1,1,1329
3761,3762,-1,1,-1
3762,3763,-1,1,-1
3763,3764,-1,1,-1
3764,3765,-1,1,-1
3765,3766,-1,1,-1
3766,3767,-1,1,1330
3767,3768,-1,1,1331
3768,3769,-1,1,1332
3769,3770,-1,1,-1
3770,3771,-1,1,1333
3771,3772,-1,1,-1
3772,3773,-1,1,1334
3773,3774,-1,1,-1
3774,3775,-1,1,1335
3775,3776,-1,1,1336
3776,3777,-1,1,1337
3777,3778,-1,1,1338
3778,3779,-1,1,1339
3779,3780,-1,1,-1
3780,3781,-1,1,-1
3781,3782,-1,1,-1
3782,3783,-1,1,1340
3783,3784,-1,1,-1
3784,3785,-1,1,-1
3785,3786,-1,1,-1
3786,3787,-1,1,-1
3787,3788,-1,1,1341
3788,3789,-1,1,-1
3789,3790,-1,1,1342
3790,3791,-1,1,-1
3791,3792,-1,1,1343
3792,3793,-1,1,1344
3793,3794,-1,1,1345
3794,3795,-1,1,-1
3795,3796,-1,1,1346
3796,3797,-1,1,-1
3797,3798,-1,1,-1
3798,3799,-1,1,1347
3799,3800,-1,1,-1
3800,3801,-1,1,-1
3801,3802,-1,1,1348
3802,3803,-1,1,1349
3803,3804,-1,1,1350
3804,3805,-1,1,-1
3805,3806,-1,1,-1
3806,3807,-1,1,1351
3807,3808,-1,1,-1
3808,3809,-1,1,-1
3809,3810,-1,1,-1
3810,3811,-1,1,1352
3811,3812,-1,1,-1
3812,3813,-1,1,1353
3813,3814,-1,1,1354
3814,3815,-1,1,-1
3815,3816,-1,1,-1
3816,3817,-1,1,-1
3817,3818,-1,1,-1
3818,3819,-1,1,-1
3819,3820,-1,1,-1
3820,3821,-1,1,-1
3821,3822,-1,1,-1
3822,3823,-1,1,-1
3823,3824,-1,1,1355
3824,3825,-1,1,1356
3825,3826,-1,1,-1
3826,3827,-1,1,-1
3827,3828,-1,1,1357
3828,3829,-1,1,1358
3829,3830,-1,1,-1
3830,3831,-1,1,1359
3831,3832,-1,1,-1
3832,3833,-1,1,1360
3833,3834,-1,1,1361
3834,3835,-1,1,1362
3835,3836,-1,1,1363
3836,3837,-1,1,-1
3837,3838,-1,1,-1
3838,3839,-1,1,1364
3839,3840,-1,1,-1
3840,3841,-1,1,1365
3841,3842,-1,1,1366
3842,3843,-1,1,-1
3843,3844,-1,1,-1
3844,3845,-1,1,-1
3845,3846,-1,1,1367
3846,3847,-1,1,-1
3847,3848,-1,1,-1
3848,3849,-1,1,-1
3849,3850,-1,1,1368
3850,3851,-1,1,-1
3851,3852,-1,1,-1
3852,3853,-1,1,-1
3853,3854,-1,1,-1
3854,3855,-1,1,1369
3855,3856,-1,1,-1
3856,3857,-1,1,-1
3857,3858,-1,1,-1
3858,3859,-1,1,1370
3859,3860,-1,1,1371
3860,3861,-1,1,1372
3861,3862,-1,1,-1
3862,3863,-1,1,-1
3863,3864,-1,1,-1
3864,3865,-1,1,-1
3865,3866,-1,1,-1
3866,3867,-1,1,1373
3867,3868,-1,1,-1
3868,3869,-1,1,1374
3869,3870,-1,1,1375
3870,3871,-1,1,1376
3871,3872,-1,1,1377
3872,3873,-1,1,1378
3873,3874,-1,1,1379
3874,3875,-1,1,-1
3875,3876,-1,1,-1
3876,3877,-1,1,1380
3877,3878,-1,1,1381
3878,3879,-1,1,1382
3879,3880,-1,1,-1
3880,3881,-1,1,-1
3881,3882,-1,1,-1
3882,3883,-1,1,-1
3883,3884,-1,1,-1
3884,3885,-1,1,-1
3885,3886,-1,1,-1
3886,3887,-1,1,-1
3887,3888,-1,1,-1
3888,3889,-1,1,-1
3889,3890,-1,1,1383
3890,3891,-1,1,-1
3891,3892,-1,1,-1
3892,3893,-1,1,-1
3893,3894,-1,1,1384
3894,3895,-1,1,1385
3895,3896,-1,1,1386
3896,3897,-1,1,1387
3897,3898,-1,1,-1
3898,3899,-1,1,-1
3899,3900,-1,1,1388
3900,3901,-1,1,-1
3901,3902,-1,1,1389
3902,3903,-1,1,-1
3903,3904,-1,1,1390
3904,3905,-1,1,-1
3905,3906,-1,1,-1
3906,3907,-1,1,-1
3907,3908,-1,1,1391
3908,3909,-1,1,-1
3909,3910,-1,1,-1
3910,3911,-1,1,-1
3911,3912,-1,1,1392
3912,3913,-1,1,-1
3913,3914,-1,1,1393
3914,3915,-1,1,1394
3915,3916,-1,1,-1
3916,3917,-1,1,1395
3917,3918,-1,1,-1
3918,3919,-1,1,-1
3919,3920,-1,1,1396
3920,3921,-1,1,-1
3921,3922,-1,1,-1
3922,3923,-1,1,1397
3923,3924,-1,1,-1
3924,3925,-1,1,-1
3925,3926,-1,1,-1
3926,3927,-1,1,-1
3927,3928,-1,1,1398
3928,3929,-1,1,-1
3929,3930,-1,1,1399
3930,3931,-1,1,-1
3931,3932,-1,1,-1
3932,3933,-1,1,-1
3933,3934,-1,1,-1
3934,3935,-1,1,-1
3935,3936,-1,1,-1
3936,3937,-1,1,-1
3937,3938,-1,1,-1
3938,3939,-1,1,1400
3939,3940,-1,1,1401
3940,3941,-1,1,-1
3941,3942,-1,1,-1
3942,3943,-1,1,-1
3943,3944,-1,1,-1
3944,3945,-1,1,-1
3945,3946,-1,1,-1
3946,3947,-1,1,-1
3947,3948,-1,1,-1
3948,3949,-1,1,-1
3949,3950,-1,1,-1
3950,3951,-1,1,-1
3951,3952,-1,1,-1
3952,3953,-1,1,-1
3953,3954,-1,1,-1
3954,3955,-1,1,-1
3955,3956,-1,1,-1
3956,3957,-1,1,-1
3957,3958,-1,1,-1
3958,3959,-1,1,-1
3959,3960,-1,1,1402
3960,3961,-1,1,-1
3961,3962,-1,1,1403
3962,3963,-1,1,1404
3963,3964,-1,1,-1
3964,3965,-1,1,-1
3965,3966,-1,1,-1
3966,3967,-1,1,-1
3967,3968,-1,1,1405
3968,3969,-1,1,-1
3969,3970,-1,1,-1
3970,3971,-1,1,-1
3971,3972,-1,1,-1
3972,3973,-1,1,-1
3973,3974,-1,1,1406
3974,3975,-1,1,-1
3975,3976,-1,1,-1
3976,3977,-1,1,-1
3977,3978,-1,1,-1
3978,3979,-1,1,-1
3979,3980,-1,1,1407
3980,3981,-1,1,1408
3981,3982,-1,1,1409
3982,3983,-1,1,-1
3983,3984,-1,1,-1
3984,3985,-1,1,1410
3985,3986,-1,1,1411
3986,3987,-1,1,1412
3987,3988,-1,1,-1
3988,3989,-1,1,1413
3989,3990,-1,1,-1
3990,3991,-1,1,-1
3991,3992,-1,1,-1
3992,3993,-1,1,1414
3993,3994,-1,1,-1
3994,3995,-1,1,1415
3995,3996,-1,1,1416
3996,3997,-1,1,-1
3997,3998,-1,1,-1
3998,3999,-1,1,-1
3999,4000,-1,1,-1
4000,4001,-1,1,1417
4001,4002,-1,1,1418
4002,4003,-1,1,-1
4003,4004,-1,1,1419
4004,4005,-1,1,-1
4005,4006,-1,1,1420
4006,4007,-1,1,-1
4007,4008,-1,1,1421
4008,4009,-1,1,1422
4009,4010,-1,1,1423
4010,4011,-1,1,-1
4011,4012,-1,1,1424
4012,4013,-1,1,-1
4013,4014,-1,1,1425
4014,4015,-1,1,-1
4015,4016,-1,1,1426
4016,4017,-1,1,1427
4017,4018,-1,1,-1
4018,4019,-1,1,-1
4019,4020,-1,1,-1
4020,4021,-1,1,1428
4021,4022,-1,1,-1
4022,4023,-1,1,-1
4023,4024,-1,1,1429
4024,4025,-1,1,-1
4025,4026,-1,1,-1
4026,4027,-1,1,-1
4027,4028,-1,1,1430
4028,4029,-1,1,-1
4029,4030,-1,1,-1
4030,4031,-1,1,1431
4031,4032,-1,1,-1
4032,4033,-1,1,1432
4033,4034,-1,1,-1
4034,4035,-1,1,-1
4035,4036,-1,1,-1
4036,4037,-1,1,-1
4037,4038,-1,1,1433
4038,4039,-1,1,1434
4039,4040,-1,1,-1
4040,4041,-1,1,-1
4041,4042,-1,1,-1
4042,4043,-1,1,-1
4043,4044,-1,1,-1
4044,4045,-1,1,-1
4045,4046,-1,1,-1
4046,4047,-1,1,-1
4047,4048,-1,1,-1
4048,4049,-1,1,1435
4049,4050,-1,1,-1
4050,4051,-1,1,-1
4051,4052,-1,1,-1
4052,4053,-1,1,-1
4053,4054,-1,1,-1
4054,4055,-1,1,-1
4055,4056,-1,1,-1
4056,4057,-1,1,-1
4057,4058,-1,1,1436
4058,4059,-1,1,-1
4059,4060,-1,1,1437
4060,4061,-1,1,-1
4061,4062,-1,1,1438
4062,4063,-1,1,-1
4063,4064,-1,1,1439
4064,4065,-1,1,1439
4065,4066,-1,1,-1
4066,4067,-1,1,1440
4067,4068,-1,1,1441
4068,4069,-1,1,-1
4069,4070,-1,1,-1
4070,4071,-1,1,1442
4071,4072,-1,1,-1
4072,4073,-1,1,-1
4073,4074,-1,1,-1
4074,4075,-1,1,1443
4075,4076,-1,1,-1
4076,4077,-1,1,-1
4077,4078,-1,1,-1
4078,4079,-1,1,-1
4079,4080,-1,1,1444
4080,4081,-1,1,1445
4081,4082,-1,1,-1
4082,4083,-1,1,-1
4083,4084,-1,1,-1
4084,4085,-1,1,-1
4085,4086,-1,1,1446
4086,4087,-1,1,1447
4087,4088,-1,1,1448
4088,4089,-1,1,1449
4089,4090,-1,1,-1
4090,4091,-1,1,-1
4091,4092,-1,1,-1
4092,4093,-1,1,-1
4093,4094,-1,1,-1
4094,4095,-1,1,-1
4095,4096,-1,1,1450
4096,4097,-1,1,1451
4097,4098,-1,1,-1
4098,4099,-1,1,-1
4099,4100,-1,1,1452
4100,4101,-1,1,1453
4101,4102,-1,1,-1
4102,4103,-1,1,1454
4103,4104,-1,1,1455
4104,4105,-1,1,-1
4105,4106,-1,1,-1
4106,4107,-1,1,-1
4107,4108,-1,1,1456
4108,4109,-1,1,1457
4109,4110,-1,1,1458
4110,4111,-1,1,-1
4111,4112,-1,1,-1
4112,4113,-1,1,1459
4113,4114,-1,1,-1
4114,4115,-1,1,-1
4115,4116,-1,1,1460
4116,4117,-1,1,1461
4117,4118,-1,1,-1
4118,4119,-1,1,1462
4119,4120,-1,1,1463
4120,4121,-1,1,-1
4121,4122,-1,1,-1
4122,4123,-1,1,1464
4123,4124,-1,1,1465
4124,4125,-1,1,-1
4125,4126,-1,1,-1
4126,4127,-1,1,-1
4127,4128,-1,1,1466
4128,4129,-1,1,1467
4129,4130,-1,1,-1
4130,4131,-1,1,1468
4131,4132,-1,1,-1
4132,4133,-1,1,1469
4133,4134,-1,1,-1
4134,4135,-1,1,-1
4135,4136,-1,1,1470
4136,4137,-1,1,1471
4137,4138,-1,1,1472
4138,4139,-1,1,1473
4139,4140,-1,1,-1
4140,4141,-1,1,1474
4141,4142,-1,1,1475
4142,4143,-1,1,1476
4143,4144,-1,1,-1
4144,4145,-1,1,-1
4145,4146,-1,1,-1
4146,4147,-1,1,1477
4147,4148,-1,1,-1
4148,4149,-1,1,-1
4149,4150,-1,1,-1
4150,4151,-1,1,1478
4151,4152,-1,1,-1
4152,4153,-1,1,-1
4153,4154,-1,1,1479
4154,4155,-1,1,-1
4155,4156,-1,1,-1
4156,4157,-1,1,1480
4157,4158,-1,1,-1
4158,4159,-1,1,-1
4159,4160,-1,1,-1
4160,4161,-1,1,1481
4161,4162,-1,1,-1
4162,4163,-1,1,1482
4163,4164,-1,1,-1
4164,4165,-1,1,1483
4165,4166,-1,1,1484
4166,4167,-1,1,1485
4167,4168,-1,1,1486
4168,4169,-1,1,1487
4169,4170,-1,1,-1
4170,4171,-1,1,-1
4171,4172,-1,1,-1
4172,4173,-1,1,1488
4173,4174,-1,1,1489
4174,4175,-1,1,1490
4175,4176,-1,1,-1
4176,4177,-1,1,1491
4177,4178,-1,1,-1
4178,4179,-1,1,-1
4179,4180,-1,1,1492
4180,4181,-1,1,-1
4181,4182,-1,1,-1
4182,4183,-1,1,-1
4183,4184,-1,1,-1
4184,4185,-1,1,1493
4185,4186,-1,1,-1
4186,4187,-1,1,-1
4187,4188,-1,1,1494
4188,4189,-1,1,-1
4189,4190,-1,1,1495
4190,4191,-1,1,-1
4191,4192,-1,1,1496
4192,4193,-1,1,1497
4193,4194,-1,1,-1
4194,4195,-1,1,-1
4195,4196,-1,1,-1
4196,4197,-1,1,1498
4197,4198,-1,1,1499
4198,4199,-1,1,-1
4199,4200,-1,1,-1
4200,4201,-1,1,1500
4201,4202,-1,1,1501
4202,4203,-1,1,-1
4203,4204,-1,1,1502
4204,4205,-1,1,-1
4205,4206,-1,1,-1
4206,4207,-1,1,1503
4207,4208,-1,1,1504
4208,4209,-1,1,1505
4209,4210,-1,1,-1
4210,4211,-1,1,1506
4211,4212,-1,1,-1
4212,4213,-1,1,-1
4213,4214,-1,1,1507
4214,4215,-1,1,-1
4215,4216,-1,1,-1
4216,4217,-1,1,1508
4217,4218,-1,1,1509
4218,4219,-1,1,1510
4219,4220,-1,1,-1
4220,4221,-1,1,-1
4221,4222,-1,1,-1
4222,4223,-1,1,-1
4223,4224,-1,1,1511
4224,4225,-1,1,1512
4225,4226,-1,1,-1
4226,4227,-1,1,1513
4227,4228,-1,1,-1
4228,4229,-1,1,-1
4229,4230,-1,1,-1
4230,4231,-1,1,-1
4231,4232,-1,1,-1
4232,4233,-1,1,1514
4233,4234,-1,1,-1
4234,4235,-1,1,-1
4235,4236,-1,1,-1
4236,4237,-1,1,-1
4237,4238,-1,1,-1
4238,4239,-1,1,-1
4239,4240,-1,1,-1
4240,4241,-1,1,-1
4241,4242,-1,1,1515
4242,4243,-1,1,-1
4243,4244,-1,1,-1
4244,4245,-1,1,-1
4245,4246,-1,1,-1
4246,4247,-1,1,1516
4247,4248,-1,1,-1
4248,4249,-1,1,-1
4249,4250,-1,1,-1
4250,4251,-1,1,1517
4251,4252,-1,1,1518
4252,4253,-1,1,-1
4253,4254,-1,1,-1
4254,4255,-1,1,1519
4255,4256,-1,1,1520
4256,4257,-1,1,1521
4257,4258,-1,1,1522
4258,4259,-1,1,-1
4259,4260,-1,1,-1
4260,4261,-1,1,-1
4261,4262,-1,1,-1
4262,4263,-1,1,-1
4263,4264,-1,1,-1
4264,4265,-1,1,1523
4265,4266,-1,1,1524
4266,4267,-1,1,1525
4267,4268,-1,1,1526
4268,4269,-1,1,-1
4269,4270,-1,1,1527
4270,4271,-1,1,1528
4271,4272,-1,1,-1
4272,4273,-1,1,-1
4273,4274,-1,1,-1
4274,4275,-1,1,1529
4275,4276,-1,1,-1
4276,4277,-1,1,1530
4277,4278,-1,1,-1
4278,4279,-1,1,-1
4279,4280,-1,1,1531
4280,4281,-1,1,-1
4281,4282,-1,1,-1
4282,4283,-1,1,-1
4283,4284,-1,1,1532
4284,4285,-1,1,-1
4285,4286,-1,1,1533
4286,4287,-1,1,-1
4287,4288,-1,1,-1
4288,4289,-1,1,-1
4289,4290,-1,1,1534
4290,4291,-1,1,-1
4291,4292,-1,1,1535
4292,4293,-1,1,-1
4293,4294,-1,1,1536
4294,4295,-1,1,1537
4295,4296,-1,1,1538
4296,4297,-1,1,-1
4297,4298,-1,1,1539
4298,4299,-1,1,-1
4299,4300,-1,1,1540
4300,4301,-1,1,-1
4301,4302,-1,1,-1
4302,4303,-1,1,-1
4303,4304,-1,1,1541
4304,4305,-1,1,-1
4305,4306,-1,1,1542
4306,4307,-1,1,-1
4307,4308,-1,1,1543
4308,4309,-1,1,-1
4309,4310,-1,1,1544
4310,4311,-1,1,-1
4311,4312,-1,1,-1
4312,4313,-1,1,1545
4313,4314,-1,1,-1
4314,4315,-1,1,-1
4315,4316,-1,1,-1
4316,4317,-1,1,1546
4317,4318,-1,1,1547
4318,4319,-1,1,1548
4319,4320,-1,1,-1
4320,4321,-1,1,1549
4321,4322,-1,1,-1
4322,4323,-1,1,1550
4323,4324,-1,1,-1
4324,4325,-1,1,1551
4325,4326,-1,1,1552
4326,4327,-1,1,-1
4327,4328,-1,1,1553
4328,4329,-1,1,-1
4329,4330,-1,1,1554
4330,4331,-1,1,-1
4331,4332,-1,1,1555
4332,4333,-1,1,1556
4333,4334,-1,1,-1
4334,4335,-1,1,-1
4335,4336,-1,1,1557
4336,4337,-1,1,-1
4337,4338,-1,1,1558
4338,4339,-1,1,1559
4339,4340,-1,1,1560
4340,4341,-1,1,1561
4341,4342,-1,1,-1
4342,4343,-1,1,-1
4343,4344,-1,1,-1
4344,4345,-1,1,-1
4345,4346,-1,1,-1
4346,4347,-1,1,1562
4347,4348,-1,1,1563
4348,4349,-1,1,-1
4349,4350,-1,1,1564
4350,4351,-1,1,1565
4351,4352,-1,1,1566
4352,4353,-1,1,-1
4353,4354,-1,1,1567
4354,4355,-1,1,-1
4355,4356,-1,1,1568
4356,4357,-1,1,1569
4357,4358,-1,1,-1
4358,4359,-1,1,-1
4359,4360,-1,1,-1
4360,4361,-1,1,-1
4361,4362,-1,1,1570
4362,4363,-1,1,-1
4363,4364,-1,1,1571
4364,4365,-1,1,-1
4365,4366,-1,1,-1
4366,4367,-1,1,-1
4367,4368,-1,1,-1
4368,4369,-1,1,-1
4369,4370,-1,1,-1
4370,4371,-1,1,-1
4371,4372,-1,1,1572
4372,4373,-1,1,1573
4373,4374,-1,1,-1
4374,4375,-1,1,-1
4375,4376,-1,1,1574
4376,4377,-1,1,1575
4377,4378,-1,1,-1
4378,4379,-1,1,1576
4379,4380,-1,1,-1
4380,4381,-1,1,1577
4381,4382,-1,1,-1
4382,4383,-1,1,1578
4383,4384,-1,1,1579
4384,4385,-1,1,-1
4385,4386,-1,1,1580
4386,4387,-1,1,-1
4387,4388,-1,1,-1
4388,4389,-1,1,-1
4389,4390,-1,1,1581
4390,4391,-1,1,1582
4391,4392,-1,1,1583
4392,4393,-1,1,-1
4393,4394,-1,1,-1
4394,4395,-1,1,-1
4395,4396,-1,1,-1
4396,4397,-1,1,1584
4397,4398,-1,1,-1
4398,4399,-1,1,-1
4399,4400,-1,1,1585
4400,4401,-1,1,1586
4401,4402,-1,1,1587
4402,4403,-1,1,1588
4403,4404,-1,1,1589
4404,4405,-1,1,-1
4405,4406,-1,1,-1
4406,4407,-1,1,1590
4407,4408,-1,1,1591
4408,4409,-1,1,-1
4409,4410,-1,1,-1
4410,4411,-1,1,-1
4411,4412,-1,1,1592
4412,4413,-1,1,-1
4413,4414,-1,1,-1
4414,4415,-1,1,-1
4415,4416,-1,1,-1
4416,4417,-1,1,-1
4417,4418,-1,1,-1
4418,4419,-1,1,1593
4419,4420,-1,1,1594
4420,4421,-1,1,-1
4421,4422,-1,1,-1
4422,4423,-1,1,1595
4423,4424,-1,1,-1
4424,4425,-1,1,-1
4425,4426,-1,1,1596
4426,4427,-1,1,1597
4427,4428,-1,1,1598
4428,4429,-1,1,1599
4429,4430,-1,1,1599
4430,4431,-1,1,-1
4431,4432,-1,1,-1
4432,4433,-1,1,1600
4433,4434,-1,1,-1
4434,4435,-1,1,-1
4435,4436,-1,1,-1
4436,4437,-1,1,1601
4437,4438,-1,1,-1
4438,4439,-1,1,-1
4439,4440,-1,1,1602
4440,4441,-1,1,-1
4441,4442,-1,1,-1
4442,4443,-1,1,1603
4443,4444,-1,1,1604
4444,4445,-1,1,1605
4445,4446,-1,1,-1
4446,4447,-1,1,-1
4447,4448,-1,1,-1
4448,4449,-1,1,-1
4449,4450,-1,1,1606
4450,4451,-1,1,-1
4451,4452,-1,1,-1
4452,4453,-1,1,-1
4453,4454,-1,1,-1
4454,4455,-1,1,-1
4455,4456,-1,1,1607
4456,4457,-1,1,-1
4457,4458,-1,1,1608
4458,4459,-1,1,-1
4459,4460,-1,1,-1
4460,4461,-1,1,-1
4461,4462,-1,1,-1
4462,4463,-1,1,-1
4463,4464,-1,1,1609
4464,4465,-1,1,1610
4465,4466,-1,1,1611
4466,4467,-1,1,1612
4467,4468,-1,1,-1
4468,4469,-1,1,-1
4469,4470,-1,1,-1
4470,4471,-1,1,-1
4471,4472,-1,1,-1
4472,4473,-1,1,1613
4473,4474,-1,1,1614
4474,4475,-1,1,-1
4475,4476,-1,1,-1
4476,4477,-1,1,1615
4477,4478,-1,1,-1
4478,4479,-1,1,1616
4479,4480,-1,1,-1
4480,4481,-1,1,-1
4481,4482,-1,1,-1
4482,4483,-1,1,-1
4483,4484,-1,1,-1
4484,4485,-1,1,-1
4485,4486,-1,1,-1
4486,4487,-1,1,-1
4487,4488,-1,1,-1
4488,4489,-1,1,-1
4489,4490,-1,1,1617
4490,4491,-1,1,1618
4491,4492,-1,1,1619
4492,4493,-1,1,-1
4493,4494,-1,1,-1
4494,4495,-1,1,1620
4495,4496,-1,1,-1
4496,4497,-1,1,-1
4497,4498,-1,1,-1
4498,4499,-1,1,-1
4499,4500,-1,1,-1
4500,4501,-1,1,-1
4501,4502,-1,1,-1
4502,4503,-1,1,1621
4503,4504,-1,1,-1
4504,4505,-1,1,1622
4505,4506,-1,1,-1
4506,4507,-1,1,-1
4507,4508,-1,1,1623
4508,4509,-1,1,-1
4509,4510,-1,1,-1
4510,4511,-1,1,-1
4511,4512,-1,1,-1
4512,4513,-1,1,-1
4513,4514,-1,1,-1
4514,4515,-1,1,-1
4515,4516,-1,1,-1
4516,4517,-1,1,-1
4517,4518,-1,1,-1
4518,4519,-1,1,-1
4519,4520,-1,1,-1
4520,4521,-1,1,-1
4521,4522,-1,1,-1
4522,4523,-1,1,-1
4523,4524,-1,1,-1
4524,4525,-1,1,1624
4525,4526,-1,1,-1
4526,4527,-1,1,1625
4527,4528,-1,1,1626
4528,4529,-1,1,1627
4529,4530,-1,1,1628
4530,4531,-1,1,-1
4531,4532,-1,1,1629
4532,4533,-1,1,-1
4533,4534,-1,1,1630
4534,4535,-1,1,-1
4535,4536,-1,1,-1
4536,4537,-1,1,-1
4537,4538,-1,1,-1
4538,4539,-1,1,-1
4539,4540,-1,1,1631
4540,4541,-1,1,1632
4541,4542,-1,1,-1
4542,4543,-1,1,1633
4543,4544,-1,1,-1
4544,4545,-1,1,1634
4545,4546,-1,1,-1
4546,4547,-1,1,1635
4547,4548,-1,1,-1
4548,4549,-1,1,1636
4549,4550,-1,1,1637
4550,4551,-1,1,-1
4551,4552,-1,1,-1
4552,4553,-1,1,1638
4553,4554,-1,1,-1
4554,4555,-1,1,1639
4555,4556,-1,1,1640
4556,4557,-1,1,-1
4557,4558,-1,1,1641
4558,4559,-1,1,-1
4559,4560,-1,1,1642
4560,4561,-1,1,-1
4561,4562,-1,1,1643
4562,4563,-1,1,-1
4563,4564,-1,1,-1
4564,4565,-1,1,-1
4565,4566,-1,1,-1
4566,4567,-1,1,-1
4567,4568,-1,1,-1
4568,4569,-1,1,-1
4569,4570,-1,1,1644
4570,4571,-1,1,-1
4571,4572,-1,1,1645
4572,4573,-1,1,1646
4573,4574,-1,1,1647
4574,4575,-1,1,-1
4575,4576,-1,1,1648
4576,4577,-1,1,1648