startdate,location,about
0,0,0
1,0,1
2,0,2
3,0,3
4,0,3
5,0,4
6,0,5
7,0,6
8,0,7
9,0,8
10,0,9
11,0,10
12,0,11
13,0,12
14,0,13
15,0,14
16,0,15
17,0,16
18,0,17
19,0,17
20,0,18
21,0,19
22,0,20
23,0,21
24,0,22
25,0,23
26,0,24
27,0,25
28,0,26
29,0,27
30,0,28
31,0,29
32,0,30
33,0,31
34,0,32
35,0,33
36,0,34
37,0,35
38,0,36
39,0,37
40,0,38
40,0,38
41,0,39
42,0,40
43,0,41
44,0,42
45,0,43
46,0,44
47,0,45
48,0,46
49,0,47
50,0,48
51,0,49
52,0,50
53,0,51
54,0,52
55,0,53
56,0,54
57,0,55
58,0,56
59,0,57
60,0,58
61,0,59
62,0,60
63,0,61
64,0,62
65,0,63
66,0,64
67,0,65
68,0,66
69,0,67
70,0,68
71,0,69
72,0,69
73,0,70
74,0,71
75,0,72
76,0,73
77,0,74
78,0,74
79,0,75
80,0,76
81,0,77
82,0,78
83,0,79
84,0,80
85,0,81
86,0,82
87,0,83
88,0,84
89,0,85
90,0,86
91,0,87
92,0,88
93,0,89
94,0,90
95,0,91
96,0,92
97,0,93
98,0,94
99,0,95
100,0,96
101,0,97
102,0,98
103,0,99
104,0,100
105,0,101
106,0,102
107,0,103
108,0,104
109,0,105
110,0,106
111,0,107
112,0,108
113,0,109
114,0,110
115,0,111
116,0,112
117,0,113
118,0,114
119,0,115
120,0,116
121,0,117
122,0,118
123,0,119
124,0,120
125,0,121
126,0,122
127,0,123
128,0,124
129,0,125
130,0,126
131,0,127
132,0,128
133,0,129
134,0,130
135,0,131
136,0,131
137,0,131
138,0,132
139,0,133
140,0,134
141,0,135
142,0,136
143,0,137
144,0,138
145,0,139
146,0,140
147,0,141
148,0,142
149,0,142
150,0,143
151,0,144
152,0,145
153,0,146
154,0,147
155,0,148
156,0,149
157,0,150
158,0,151
159,0,152
160,0,153
161,0,154
162,0,155
163,0,156
164,0,157
165,0,158
166,0,159
167,0,160
168,0,161
169,0,162
170,0,163
171,0,163
172,0,164
173,0,165
174,0,166
175,0,167
176,0,168
177,0,169
178,0,170
179,0,171
180,0,172
181,0,173
182,0,174
183,0,175
184,0,176
185,0,177
186,0,178
187,0,179
188,0,179
189,0,180
190,0,181
191,0,182
192,0,183
193,0,184
194,0,185
195,0,186
196,0,187
197,0,188
198,0,189
199,0,190
200,0,191
201,0,192
202,0,193
203,0,194
204,0,195
205,0,196
206,0,197
206,0,197
207,0,198
208,0,198
209,0,199
210,0,200
211,0,201
212,0,202
212,0,202
213,0,203
214,0,204
215,0,205
216,0,206
217,0,207
218,0,208
219,0,209
220,0,210
221,0,211
222,0,212
223,0,213
224,0,214
225,0,215
226,0,216
227,0,217
228,0,218
229,0,219
230,0,220
231,0,221
232,0,222
232,0,222
233,0,223
234,0,224
235,0,225
236,0,226
237,0,227
238,0,228
239,0,229
240,0,230
241,0,231
242,0,232
243,0,233
244,0,234
245,0,235
246,0,236
247,0,237
248,0,238
249,0,239
250,0,240
251,0,241
252,0,242
253,0,243
254,0,244
255,0,245
256,0,246
257,0,247
258,0,248
259,0,249
260,0,250
261,0,251
262,0,252
263,0,253
264,0,254
265,0,255
266,0,256
267,0,257
268,0,258
269,0,259
270,0,260
271,0,261
272,0,262
273,0,263
274,0,264
275,0,265
276,0,265
277,0,266
278,0,267
279,0,268
280,0,269
281,0,270
282,0,271
283,0,272
284,0,273
285,0,274
286,0,275
287,0,276
288,0,277
289,0,278
290,0,279
291,0,280
292,0,281
293,0,282
294,0,283
295,0,284
296,0,285
297,0,286
298,0,287
299,0,288
300,0,289
301,0,290
302,0,291
303,0,292
304,0,293
305,0,294
306,0,295
307,0,296
308,0,297
309,0,298
310,0,299
311,0,300
311,0,300
312,0,301
313,0,302
314,0,303
315,0,304
316,0,305
317,0,306
318,0,307
319,0,308
320,0,309
321,0,310
322,0,311
323,0,312
324,0,313
325,0,314
326,0,315
327,0,316
328,0,317
329,0,318
330,0,319
331,0,320
332,0,321
333,0,322
334,0,323
335,0,324
336,0,325
337,0,326
338,0,326
339,0,327
340,0,328
341,0,329
342,0,330
343,0,331
344,0,332
345,0,333
346,0,334
347,0,335
348,0,336
349,0,337
350,0,338
351,0,339
352,0,340
353,0,341
354,0,342
355,0,343
356,0,344
357,0,345
358,0,346
359,0,347
360,0,348
361,0,349
362,0,350
363,0,351
364,0,352
365,0,353
366,0,354
367,0,355
368,0,356
369,0,357
370,0,358
371,0,359
372,0,360
373,0,361
374,0,362
375,0,363
376,0,364
377,0,365
378,0,366
379,0,367
380,0,368
381,0,369
382,0,370
383,0,371
384,0,372
385,0,373
386,0,374
387,0,375
388,0,376
389,0,377
390,0,378
391,0,379
392,0,380
393,0,381
394,0,382
395,0,383
396,0,384
397,0,385
398,0,386
399,0,387
400,0,388
401,0,389
402,0,390
403,0,391
404,0,392
405,0,392
406,0,393
407,0,394
408,0,395
409,0,396
410,0,397
411,0,398
412,0,399
413,0,400
414,0,401
415,0,402
416,0,403
417,0,404
418,0,405
419,0,406
420,0,407
421,0,408
422,0,409
423,0,410
424,0,411
425,0,412
426,0,413
427,0,414
428,0,415
429,0,416
430,0,417
431,0,418
432,0,419
433,0,420
434,0,421
435,0,422
436,0,423
437,0,424
438,0,425
439,0,426
440,0,427
441,0,428
442,0,429
443,0,430
444,0,431
445,0,432
446,0,433
447,0,434
448,0,435
449,0,436
450,0,437
451,0,438
452,0,439
453,0,440
454,0,441
455,0,442
456,0,443
457,0,444
458,0,445
459,0,446
460,0,447
461,0,448
462,0,449
463,0,450
464,0,451
465,0,452
466,0,453
467,0,454
468,0,455
469,0,456
470,0,457
471,0,458
472,0,459
473,0,460
474,0,461
474,0,461
475,0,462
476,0,463
477,0,464
478,0,465
479,0,466
480,0,467
481,0,468
482,0,469
483,0,470
484,0,471
485,0,472
486,0,473
487,0,474
488,0,475
489,0,476
490,0,477
491,0,478
492,0,479
493,0,480
494,0,481
495,0,482
496,0,483
496,0,483
497,0,484
498,0,485
499,0,486
500,0,487
501,0,488
502,0,489
503,0,490
504,0,491
505,0,492
506,0,493
507,0,494
508,0,495
509,0,496
510,0,497
511,0,498
512,0,499
513,0,500
514,0,501
515,0,502
516,0,503
517,0,504
518,0,505
519,0,506
520,0,507
521,0,508
522,0,509
523,0,510
524,0,511
525,0,512
526,0,513
527,0,514
528,0,514
528,0,514
529,0,515
530,0,516
531,0,517
532,0,518
533,0,519
534,0,520
535,0,521
536,0,522
537,0,523
538,0,524
539,0,525
540,0,526
541,0,527
542,0,528
543,0,529
544,0,530
545,0,531
546,0,532
547,0,533
548,0,534
549,0,535
550,0,536
551,0,537
552,0,538
553,0,539
554,0,539
555,0,540
556,0,541
557,0,542
558,0,543
559,0,544
560,0,545
561,0,546
562,0,547
563,0,548
564,0,549
565,0,550
566,0,551
567,0,552
568,0,553
569,0,554
570,0,555
571,0,556
572,0,557
573,0,558
574,0,559
575,0,560
576,0,561
577,0,562
578,0,563
579,0,564
580,0,565
580,0,565
581,0,566
581,0,566
581,0,566
582,0,567
583,0,568
584,0,569
585,0,570
586,0,571
587,0,572
588,0,573
589,0,574
590,0,575
591,0,576
592,0,577
593,0,578
594,0,579
595,0,580
596,0,581
597,0,582
598,0,583
599,0,584
599,0,584
600,0,585
601,0,586
602,0,587
603,0,588
604,0,589
605,0,590
606,0,591
607,0,592
608,0,593
609,0,594
610,0,595
611,0,596
612,0,597
613,0,598
614,0,599
615,0,600
616,0,601
617,0,602
618,0,603
618,0,603
619,0,604
620,0,604
621,0,605
622,0,606
623,0,607
624,0,608
625,0,609
626,0,610
627,0,611
628,0,612
629,0,613
630,0,614
631,0,615
632,0,616
633,0,617
634,0,618
635,0,619
636,0,620
637,0,621
638,0,622
639,0,623
640,0,624
641,0,625
642,0,626
643,0,627
644,0,628
645,0,629
646,0,630
647,0,631
648,0,632
649,0,633
650,0,634
651,0,635
651,0,635
652,0,636
653,0,637
654,0,638
655,0,639
656,0,640
657,0,641
658,0,642
659,0,643
660,0,644
661,0,645
662,0,646
663,0,647
664,0,648
665,0,649
666,0,649
667,0,650
668,0,651
669,0,652
670,0,653
671,0,654
672,0,655
673,0,656
673,0,657
674,0,658
675,0,659
676,0,660
677,0,661
678,0,662
679,0,663
680,0,664
681,0,665
682,0,666
683,0,667
684,0,668
685,0,669
686,0,670
687,0,671
688,0,672
689,0,673
690,0,674
691,0,675
692,0,676
693,0,677
694,0,678
695,0,679
696,0,680
697,0,681
698,0,681
699,0,682
700,0,683
701,0,683
702,0,684
703,0,685
704,0,686
705,0,687
706,0,688
707,0,689
708,0,690
709,0,691
710,0,692
711,0,693
712,0,694
713,0,695
714,0,696
715,0,697
716,0,698
717,0,699
718,0,700
719,0,701
720,0,702
721,0,703
722,0,704
723,0,705
724,0,706
725,0,707
726,0,708
727,0,709
727,0,709
728,0,710
729,0,711
730,0,712
731,0,713
731,0,713
732,0,714
733,0,715
734,0,716
735,0,717
736,0,718
736,0,718
737,0,719
738,0,720
739,0,721
740,0,722
741,0,723
742,0,724
743,0,725
744,0,726
745,0,727
746,0,728
747,0,729
748,0,730
749,0,731
750,0,732
751,0,733
752,0,734
753,0,735
754,0,736
755,0,737
756,0,738
757,0,739
758,0,740
759,0,741
760,0,742
761,0,743
762,0,744
763,0,745
764,0,746
765,0,747
766,0,748
767,0,749
768,0,750
769,0,751
770,0,752
771,0,753
772,0,754
773,0,755
774,0,756
775,0,756
776,0,757
777,0,758
778,0,759
779,0,760
780,0,761
781,0,762
782,0,763
783,0,764
784,0,765
785,0,766
786,0,767
787,0,768
788,0,769
789,0,770
790,0,770
791,0,771
792,0,772
793,0,773
794,0,774
795,0,775
796,0,776
797,0,777
798,0,778
799,0,779
800,0,780
801,0,781
802,0,782
803,0,783
804,0,784
805,0,785
806,0,786
807,0,787
808,0,788
809,0,789
810,0,790
811,0,791
812,0,792
813,0,793
814,0,794
815,0,795
816,0,796
817,0,797
818,0,798
818,0,798
819,0,799
820,0,800
821,0,800
821,0,800
822,0,801
823,0,802
824,0,803
825,0,804
826,0,805
827,0,806
828,0,807
829,0,808
830,0,809
831,0,809
832,0,810
833,0,811
834,0,812
835,0,813
836,0,814
837,0,815
838,0,816
839,0,817
840,0,818
841,0,819
841,0,819
842,0,820
843,0,821
844,0,822
845,0,823
846,0,824
846,0,824
847,0,825
848,0,826
849,0,827
850,0,827
851,0,828
852,0,829
853,0,830
854,0,831
855,0,832
856,0,832
857,0,833
858,0,834
859,0,835
860,0,836
861,0,837
862,0,838
863,0,839
864,0,840
865,0,841
866,0,842
867,0,843
868,0,844
868,0,844
869,0,845
870,0,846
871,0,847
872,0,848
873,0,849
874,0,850
875,0,851
876,0,852
877,0,853
878,0,854
879,0,855
880,0,855
881,0,856
881,0,856
882,0,857
883,0,858
884,0,859
885,0,860
886,0,861
887,0,861
888,0,862
889,0,863
890,0,864
891,0,865
892,0,866
893,0,867
894,0,868
895,0,869
896,0,870
897,0,871
898,0,872
899,0,873
900,0,874
901,0,875
902,0,876
903,0,877
904,0,878
905,0,879
906,0,880
907,0,881
908,0,882
909,0,883
910,0,884
911,0,885
912,0,886
913,0,887
914,0,888
915,0,889
916,0,890
917,0,891
918,0,892
919,0,893
920,0,894
921,0,895
922,0,896
923,0,897
924,0,898
925,0,899
926,0,900
927,0,901
928,0,902
929,0,903
930,0,904
931,0,905
932,0,906
933,0,907
934,0,908
935,0,909
936,0,910
937,0,911
938,0,912
939,0,913
940,0,914
941,0,915
942,0,916
943,0,917
944,0,918
945,0,919
946,0,920
947,0,921
948,0,922
949,0,923
950,0,923
951,0,923
952,0,924
953,0,925
954,0,926
955,0,927
956,0,928
957,0,929
958,0,930
959,0,931
960,0,932
961,0,933
962,0,934
963,0,935
964,0,936
965,0,937
966,0,938
967,0,938
968,0,939
969,0,940
970,0,941
971,0,942
972,0,943
973,0,944
974,0,945
975,0,946
976,0,947
977,0,948
978,0,948
979,0,948
980,0,949
981,0,950
982,0,951
983,0,952
984,0,953
985,0,954
986,0,955
987,0,956
988,0,957
989,0,958
990,0,959
991,0,960
992,0,961
993,0,962
994,0,963
995,0,964
996,0,965
997,0,966
997,0,966
998,0,967
999,0,968
1000,0,969
1001,0,970
1002,0,971
1002,0,971
1003,0,972
1004,0,973
1005,0,974
1006,0,975
1007,0,976
1008,0,977
1009,0,978
1010,0,979
1011,0,980
1012,0,981
1013,0,982
1014,0,983
1015,0,984
1016,0,985
1017,0,986
1018,0,987
1019,0,988
1020,0,989
1021,0,990
1022,0,991
1023,0,992
1024,0,993
1025,0,994
1026,0,995
1027,0,996
1028,0,997
1029,0,998
1030,0,999
1031,0,1000
1032,0,1001
1033,0,1002
1034,0,1003
1035,0,1004
1036,0,1005
1037,0,1006
1038,0,1007
1039,0,1008
1040,0,1009
1041,0,1010
1042,0,1011
1043,0,1012
1044,0,1013
1045,0,1014
1046,0,1015
1047,0,1016
1048,0,1017
1049,0,1018
1050,0,1019
1051,0,1020
1051,0,1020
1052,0,1021
1053,0,1022
1054,0,1023
1055,0,1024
1056,0,1025
1057,0,1026
1058,0,1027
1059,0,1028
1060,0,1029
1060,0,1029
1061,0,1029
1062,0,1030
1063,0,1031
1064,0,1032
1065,0,1033
1066,0,1034
1067,0,1035
1068,0,1036
1069,0,1037
1070,0,1038
1071,0,1039
1072,0,1040
1073,0,1041
1074,0,1042
1075,0,1043
1076,0,1044
1077,0,1045
1078,0,1046
1079,0,1047
1080,0,1048
1081,0,1049
1082,0,1050
1083,0,1051
1084,0,1052
1085,0,1053
1086,0,1054
1087,0,1055
1088,0,1056
1089,0,1057
1090,0,1058
1091,0,1059
1092,0,1060
1093,0,1061
1094,0,1062
1095,0,1063
1096,0,1064
1097,0,1065
1098,0,1066
1099,0,1067
1100,0,1068
1101,0,1069
1102,0,1070
1103,0,1071
1104,0,1072
1105,0,1073
1106,0,1074
1107,0,1075
1108,0,1076
1109,0,1077
1110,0,1078
1111,0,1079
1112,0,1080
1113,0,1081
1114,0,1082
1115,0,1083
1116,0,1084
1117,0,1085
1118,0,1086
1119,0,1087
1120,0,1088
1121,0,1089
1122,0,1090
1123,0,1091
1124,0,1092
1125,0,1093
1126,0,1094
1127,0,1095
1128,0,1096
1129,0,1097
1130,0,1098
1131,0,1099
1132,0,1100
1133,0,1101
1134,0,1102
1135,0,1103
1136,0,1104
1137,0,1105
1138,0,1106
1139,0,1107
1140,0,1108
1141,0,1109
1142,0,1110
1143,0,1111
1144,0,1112
1145,0,1113
1146,0,1114
1147,0,1115
1148,0,1116
1149,0,1117
1150,0,1118
1151,0,1119
1152,0,1120
1153,0,1121
1154,0,1122
1155,0,1123
1156,0,1124
1157,0,1125
1158,0,1126
1159,0,1127
1160,0,1128
1161,0,1129
1162,0,1130
1163,0,1131
1164,0,1132
1165,0,1133
1166,0,1134
1167,0,1135
1168,0,1136
1169,0,1137
1170,0,1138
1171,0,1139
1172,0,1140
1173,0,1141
1174,0,1142
1175,0,1142
1176,0,1143
1177,0,1144
1178,0,1145
1179,0,1146
1180,0,1147
1181,0,1148
1182,0,1149
1183,0,1150
1184,0,1151
1185,0,1152
1186,0,1153
1187,0,1154
1188,0,1155
1189,0,1156
1190,0,1157
1191,0,1158
1192,0,1159
1193,0,1160
1194,0,1161
1195,0,1162
1196,0,1163
1197,0,1164
1198,0,1165
1199,0,1166
1200,0,1167
1201,0,1168
1202,0,1169
1203,0,1170
1204,0,1171
1205,0,1172
1206,0,1173
1207,0,1174
1208,0,1175
1209,0,1176
1210,0,1177
1211,0,1178
1212,0,1179
1213,0,1180
1214,0,1181
1215,0,1182
1216,0,1183
1217,0,1184
1218,0,1185
1218,0,1185
1219,0,1186
1220,0,1187
1221,0,1188
1222,0,1189
1223,0,1190
1224,0,1191
1225,0,1192
1226,0,1193
1227,0,1194
1228,0,1195
1229,0,1196
1230,0,1197
1231,0,1198
1232,0,1199
1233,0,1200
1234,0,1201
1235,0,1202
1236,0,1203
1237,0,1204
1238,0,1205
1239,0,1206
1240,0,1207
1241,0,1208
1242,0,1209
1243,0,1210
1244,0,1211
1245,0,1212
1246,0,1213
1247,0,1214
1248,0,1215
1249,0,1216
1250,0,1217
1251,0,1218
1252,0,1218
1253,0,1219
1254,0,1220
1255,0,1220
1256,0,1221
1257,0,1222
1258,0,1223
1259,0,1224
1260,0,1225
1261,0,1226
1261,0,1226
1262,0,1227
1263,0,1228
1264,0,1229
1265,0,1230
1266,0,1231
1267,0,1232
1268,0,1233
1269,0,1234
1270,0,1235
1271,0,1236
1272,0,1237
1272,0,1237
1273,0,1238
1274,0,1239
1275,0,1240
1276,0,1241
1277,0,1242
1278,0,1243
1279,0,1244
1280,0,1245
1281,0,1245
1282,0,1246
1283,0,1247
1284,0,1248
1285,0,1249
1286,0,1250
1287,0,1251
1288,0,1252
1289,0,1253
1290,0,1254
1291,0,1255
1292,0,1256
1293,0,1257
1294,0,1258
1295,0,1259
1296,0,1260
1297,0,1261
1298,0,1262
1299,0,1263
1300,0,1263
1301,0,1264
1302,0,1265
1303,0,1266
1304,0,1267
1305,0,1268
1306,0,1269
1307,0,1270
1308,0,1271
1309,0,1272
1310,0,1273
1311,0,1274
1312,0,1275
1313,0,1276
1314,0,1277
1315,0,1278
1316,0,1279
1317,0,1280
1318,0,1281
1319,0,1282
1320,0,1283
1321,0,1284
1321,0,1284
1322,0,1285
1323,0,1286
1324,0,1287
1325,0,1288
1326,0,1289
1326,0,1289
1327,0,1290
1328,0,1291
1329,0,1292
1330,0,1293
1331,0,1294
1332,0,1295
1333,0,1296
1334,0,1297
1335,0,1298
1336,0,1299
1337,0,1300
1338,0,1301
1339,0,1302
1340,0,1303
1341,0,1304
1342,0,1305
1343,0,1306
1344,0,1307
1345,0,1308
1346,0,1309
1347,0,1310
1348,0,1310
1349,0,1311
1350,0,1312
1351,0,1313
1352,0,1314
1353,0,1315
1353,0,1315
1354,0,1316
1355,0,1317
1356,0,1318
1357,0,1319
1358,0,1320
1359,0,1321
1360,0,1322
1361,0,1323
1362,0,1324
1363,0,1325
1364,0,1326
1364,0,1326
1365,0,1327
1366,0,1328
1367,0,1329
1368,0,1330
1369,0,1331
1370,0,1332
1371,0,1333
1372,0,1334
1373,0,1335
1374,0,1336
1375,0,1337
1376,0,1338
1377,0,1339
1378,0,1340
1379,0,1341
1380,0,1342
1381,0,1343
1382,0,1344
1383,0,1345
1384,0,1346
1385,0,1347
1386,0,1348
1387,0,1349
1388,0,1350
1389,0,1351
1390,0,1352
1391,0,1353
1392,0,1354
1393,0,1355
1394,0,1356
1394,0,1356
1395,0,1357
1396,0,1358
1397,0,1359
1398,0,1360
1399,0,1361
1400,0,1362
1401,0,1363
1402,0,1363
1403,0,1364
1404,0,1365
1405,0,1366
1406,0,1367
1407,0,1368
1408,0,1369
1409,0,1370
1410,0,1371
1411,0,1372
1412,0,1373
1413,0,1374
1414,0,1375
1415,0,1376
1416,0,1377
1417,0,1378
1418,0,1379
1419,0,1380
1419,0,1380
1420,0,1381
1421,0,1382
1422,0,1383
1423,0,1384
1424,0,1385
1425,0,1386
1426,0,1387
1427,0,1388
1428,0,1389
1429,0,1390
1430,0,1391
1431,0,1392
1432,0,1393
1433,0,1394
1434,0,1395
1435,0,1396
1436,0,1397
1437,0,1398
1438,0,1399
1439,0,1400
1440,0,1401
1441,0,1402
1442,0,1403
1443,0,1404
1444,0,1405
1445,0,1406
1446,0,1407
1447,0,1408
1448,0,1409
1449,0,1410
1450,0,1411
1451,0,1412
1452,0,1413
1453,0,1414
1454,0,1415
1455,0,1416
1456,0,1417
1457,0,1418
1458,0,1419
1459,0,1420
1460,0,1421
1461,0,1422
1462,0,1423
1463,0,1424
1464,0,1425
1465,0,1426
1466,0,1427
1467,0,1428
1468,0,1429
1469,0,1430
1470,0,1431
1471,0,1432
1472,0,1433
1473,0,1434
1474,0,1435
1475,0,1436
1476,0,1437
1477,0,1438
1478,0,1439
1479,0,1440
1480,0,1441
1481,0,1442
1482,0,1443
1483,0,1444
1484,0,1445
1485,0,1446
1486,0,1447
1487,0,1448
1488,0,1449
1489,0,1450
1490,0,1451
1491,0,1452
1492,0,1453
1493,0,1454
1494,0,1455
1495,0,1455
1496,0,1456
1497,0,1457
1498,0,1458
1499,0,1459
1500,0,1460
1501,0,1461
1502,0,1462
1503,0,1463
1504,0,1464
1505,0,1465
1506,0,1466
1507,0,1467
1508,0,1468
1509,0,1469
1510,0,1470
1511,0,1471
1512,0,1472
1513,0,1473
1514,0,1474
1515,0,1475
1516,0,1476
1517,0,1477
1518,0,1478
1519,0,1479
1520,0,1480
1521,0,1481
1522,0,1482
1523,0,1483
1524,0,1484
1525,0,1485
1526,0,1486
1527,0,1487
1528,0,1488
1529,0,1489
1530,0,1490
1531,0,1491
1531,0,1491
1532,0,1492
1533,0,1493
1534,0,1494
1535,0,1495
1536,0,1496
1537,0,1497
1538,0,1498
1539,0,1499
1540,0,1500
1541,0,1501
1542,0,1502
1543,0,1503
1543,0,1503
1544,0,1504
1545,0,1505
1546,0,1505
1547,0,1506
1548,0,1507
1549,0,1508
1550,0,1509
1551,0,1510
1552,0,1511
1553,0,1512
1554,0,1513
1555,0,1514
1556,0,1514
1557,0,1515
1558,0,1516
1559,0,1516
1560,0,1517
1561,0,1518
1562,0,1519
1563,0,1520
1564,0,1521
1565,0,1522
1566,0,1523
1567,0,1524
1568,0,1525
1569,0,1526
1570,0,1527
1571,0,1528
1572,0,1529
1573,0,1530
1574,0,1531
1575,0,1532
1576,0,1533
1577,0,1534
1578,0,1535
1578,0,1535
1579,0,1536
1580,0,1537
1581,0,1538
1582,0,1539
1583,0,1540
1584,0,1541
1585,0,1542
1586,0,1543
1587,0,1544
1588,0,1544
1589,0,1545
1590,0,1546
1591,0,1547
1592,0,1548
1593,0,1549
1593,0,1549
1594,0,1550
1595,0,1551
1596,0,1552
1597,0,1553
1598,0,1554
1599,0,1555
1600,0,1556
1601,0,1557
1602,0,1558
1603,0,1559
1604,0,1560
1605,0,1561
1606,0,1562
1607,0,1563
1608,0,1564
1609,0,1565
1610,0,1566
1611,0,1567
1612,0,1568
1613,0,1569
1614,0,1570
1615,0,1571
1616,0,1572
1617,0,1573
1618,0,1574
1619,0,1575
1620,0,1576
1621,0,1577
1622,0,1578
1623,0,1579
1624,0,1580
1625,0,1581
1626,0,1582
1627,0,1583
1628,0,1584
1629,0,1585
1630,0,1586
1631,0,1587
1632,0,1588
1633,0,1589
1634,0,1590
1635,0,1591
1636,0,1592
1637,0,1593
1638,0,1594
1639,0,1595
1640,0,1596
1641,0,1597
1642,0,1598
1643,0,1599
1644,0,1600
1645,0,1601
1646,0,1602
1647,0,1603
1648,0,1604
1649,0,1605
1650,0,1606
1651,0,1607
1652,0,1608
1653,0,1609
1654,0,1610
1655,0,1611
1656,0,1612
1657,0,1613
1658,0,1614
1659,0,1615
1660,0,1616
1661,0,1617
1662,0,1618
1663,0,1619
1664,0,1620
1665,0,1621
1666,0,1622
1667,0,1623
1668,0,1624
1669,0,1625
1670,0,1626
1671,0,1627
1672,0,1628
1673,0,1629
1674,0,1630
1675,0,1631
1676,0,1632
1677,0,1633
1678,0,1634
1679,0,1635
1680,0,1636
1681,0,1637
1682,0,1638
1683,0,1638
1684,0,1639
1685,0,1640
1686,0,1641
1687,0,1642
1688,0,1643
1689,0,1644
1689,0,1644
1690,0,1645
1691,0,1646
1692,0,1647
1693,0,1648
1694,0,1649
1695,0,1649
1696,0,1650
1697,0,1651
1698,0,1652
1699,0,1653
1700,0,1654
1701,0,1655
1702,0,1656
1703,0,1657
1704,0,1658
1705,0,1659
1706,0,1660
1707,0,1661
1708,0,1662
1709,0,1663
1710,0,1664
1711,0,1665
1712,0,1666
1713,0,1667
1714,0,1668
1715,0,1669
1716,0,1670
1717,0,1671
1718,0,1672
1719,0,1673
1720,0,1674
1721,0,1675
1722,0,1675
1723,0,1676
1724,0,1677
1725,0,1677
1726,0,1678
1727,0,1679
1728,0,1680
1729,0,1681
1730,0,1682
1731,0,1683
1731,0,1683
1732,0,1684
1733,0,1685
1734,0,1686
1735,0,1687
1736,0,1688
1737,0,1689
1738,0,1690
1739,0,1691
1740,0,1692
1741,0,1693
1741,0,1693
1742,0,1694
1743,0,1695
1743,0,1695
1744,0,1696
1745,0,1697
1746,0,1698
1747,0,1699
1748,0,1700
1749,0,1701
1750,0,1702
1751,0,1703
1752,0,1704
1753,0,1705
1754,0,1706
1755,0,1707
1756,0,1708
1757,0,1709
1758,0,1710
1759,0,1711
1760,0,1712
1761,0,1713
1762,0,1714
1763,0,1715
1764,0,1716
1765,0,1717
1766,0,1718
1767,0,1719
1768,0,1720
1769,0,1721
1770,0,1722
1771,0,1723
1772,0,1724
1773,0,1725
1774,0,1726
1775,0,1727
1776,0,1728
1777,0,1729
1778,0,1730
1779,0,1731
1780,0,1732
1781,0,1733
1782,0,1734
1783,0,1735
1784,0,1736
1785,0,1737
1786,0,1738
1787,0,1739
1788,0,1740
1789,0,1741
1790,0,1742
1791,0,1743
1792,0,1744
1793,0,1745
1794,0,1746
1795,0,1747
1796,0,1748
1797,0,1749
1798,0,1750
1799,0,1751
1800,0,1752
1801,0,1753
1801,0,1753
1802,0,1754
1803,0,1755
1804,0,1756
1805,0,1757
1806,0,1758
1807,0,1759
1808,0,1760
1809,0,1761
1810,0,1762
1811,0,1763
1812,0,1764
1813,0,1765
1814,0,1766
1815,0,1767
1816,0,1768
1817,0,1769
1818,0,1770
1819,0,1771
1820,0,1772
1821,0,1773
1822,0,1774
1823,0,1775
1824,0,1776
1825,0,1777
1826,0,1778
1827,0,1779
1828,0,1780
1829,0,1781
1830,0,1782
1831,0,1783
1832,0,1784
1833,0,1785
1833,0,1785
1834,0,1786
1835,0,1787
1836,0,1788
1837,0,1789
1838,0,1790
1839,0,1791
1840,0,1792
1841,0,1793
1842,0,1794
1843,0,1795
1844,0,1796
1845,0,1797
1846,0,1797
1846,0,1797
1847,0,1798
1848,0,1799
1849,0,1800
1850,0,1801
1851,0,1802
1852,0,1803
1853,0,1804
1854,0,1805
1855,0,1806
1856,0,1807
1857,0,1808
1858,0,1809
1859,0,1810
1860,0,1811
1861,0,1812
1862,0,1813
1863,0,1814
1864,0,1815
1865,0,1816
1865,0,1816
1866,0,1817
1867,0,1818
1868,0,1818
1869,0,1819
1870,0,1820
1871,0,1821
1872,0,1822
1873,0,1823
1874,0,1824
1875,0,1825
1876,0,1826
1877,0,1827
1878,0,1828
1879,0,1829
1880,0,1830
1881,0,1831
1882,0,1832
1883,0,1833
1884,0,1834
1885,0,1835
1886,0,1836
1887,0,1837
1888,0,1838
1889,0,1839
1890,0,1840
1890,0,1840
1891,0,1841
1892,0,1842
1893,0,1843
1894,0,1844
1895,0,1845
1896,0,1846
1897,0,1847
1898,0,1848
1899,0,1849
1900,0,1850
1901,0,1851
1902,0,1852
1903,0,1853
1904,0,1854
1905,0,1855
1906,0,1856
1907,0,1857
1908,0,1858
1909,0,1859
1910,0,1860
1911,0,1861
1912,0,1862
1913,0,1863
1914,0,1864
1915,0,1865
1916,0,1866
1917,0,1867
1918,0,1868
1919,0,1869
1920,0,1870
1921,0,1871
1922,0,1872
1923,0,1873
1924,0,1874
1925,0,1875
1926,0,1876
1927,0,1877
1928,0,1878
1929,0,1879
1930,0,1880
1931,0,1881
1932,0,1882
1933,0,1883
1934,0,1884
1935,0,1885
1936,0,1886
1937,0,1887
1938,0,1888
1939,0,1889
1940,0,1890
1941,0,1891
1941,0,1891
1942,0,1892
1943,0,1893
1944,0,1894
1945,0,1895
1946,0,1896
1947,0,1897
1948,0,1898
1949,0,1899
1950,0,1900
1951,0,1901
1952,0,1902
1953,0,1903
1954,0,1904
1955,0,1905
1956,0,1906
1957,0,1907
1958,0,1908
1959,0,1909
1960,0,1910
1961,0,1911
1962,0,1912
1963,0,1913
1964,0,1914
1965,0,1915
1966,0,1916
1967,0,1917
1968,0,1918
1969,0,1919
1970,0,1920
1971,0,1921
1972,0,1922
1973,0,1923
1974,0,1924
1975,0,1925
1976,0,1926
1977,0,1927
1978,0,1928
1979,0,1929
1980,0,1930
1981,0,1931
1982,0,1932
1983,0,1933
1984,0,1934
1985,0,1935
1986,0,1936
1987,0,1937
1988,0,1938
1989,0,1939
1990,0,1939
1991,0,1940
1992,0,1941
1992,0,1941
1993,0,1942
1994,0,1943
1995,0,1944
1996,0,1945
1997,0,1946
1998,0,1947
1999,0,1948
2000,0,1949
2001,0,1949
2002,0,1950
2003,0,1951
2004,0,1952
2005,0,1953
2006,0,1954
2007,0,1955
2008,0,1956
2009,0,1957
2010,0,1958
2011,0,1959
2012,0,1960
2012,0,1960
2013,0,1961
2014,0,1962
2015,0,1963
2016,0,1964
2017,0,1965
2018,0,1966
2019,0,1967
2020,0,1968
2021,0,1969
2022,0,1970
2023,0,1971
2024,0,1972
2025,0,1973
2026,0,1974
2027,0,1975
2028,0,1976
2029,0,1977
2030,0,1977
2031,0,1978
2032,0,1979
2033,0,1980
2034,0,1981
2035,0,1982
2036,0,1983
2037,0,1984
2038,0,1985
2039,0,1986
2040,0,1987
2041,0,1988
2042,0,1989
2043,0,1990
2044,0,1991
2045,0,1992
2046,0,1993
2047,0,1994
2048,0,1995
2049,0,1996
2050,0,1997
2051,0,1998
2052,0,1999
2053,0,2000
2054,0,2001
2055,0,2002
2056,0,2003
2057,0,2004
2058,0,2005
2059,0,2006
2060,0,2007
2061,0,2008
2062,0,2009
2063,0,2010
2064,0,2011
2065,0,2012
2066,0,2013
2067,0,2014
2068,0,2015
2069,0,2016
2070,0,2017
2071,0,2017
2072,0,2018
2073,0,2019
2074,0,2020
2075,0,2021
2076,0,2022
2077,0,2023
2078,0,2024
2079,0,2025
2080,0,2026
2081,0,2027
2082,0,2028
2083,0,2029
2084,0,2030
2085,0,2031
2086,0,2032
2087,0,2033
2088,0,2034
2089,0,2035
2090,0,2036
2091,0,2037
2092,0,2038
2093,0,2039
2094,0,2040
2095,0,2041
2096,0,2042
2097,0,2043
2098,0,2044
2099,0,2045
2100,0,2046
2101,0,2047
2101,0,2047
2102,0,2048
2103,0,2049
2104,0,2050
2105,0,2051
2106,0,2052
2107,0,2053
2108,0,2054
2109,0,2055
2110,0,2056
2111,0,2056
2112,0,2057
2113,0,2057
2114,0,2058
2115,0,2059
2116,0,2060
2117,0,2061
2118,0,2062
2119,0,2063
2120,0,2064
2121,0,2065
2122,0,2066
2123,0,2067
2124,0,2068
2125,0,2069
2126,0,2070
2127,0,2071
2128,0,2072
2129,0,2073
2130,0,2074
2131,0,2075
2132,0,2076
2133,0,2077
2134,0,2078
2135,0,2079
2136,0,2080
2137,0,2081
2138,0,2081
2139,0,2082
2140,0,2083
2141,0,2084
2142,0,2085
2143,0,2086
2144,0,2087
2145,0,2088
2146,0,2089
2147,0,2090
2148,0,2090
2149,0,2091
2150,0,2092
2151,0,2093
2152,0,2094
2153,0,2095
2154,0,2096
2155,0,2097
2156,0,2098
2157,0,2099
2158,0,2100
2159,0,2100
2160,0,2101
2161,0,2102
2162,0,2103
2163,0,2104
2164,0,2105
2165,0,2106
2166,0,2107
2167,0,2108
2168,0,2109
2169,0,2110
2170,0,2111
2171,0,2112
2172,0,2112
2173,0,2113
2174,0,2114
2175,0,2115
2176,0,2116
2177,0,2117
2178,0,2118
2179,0,2119
2180,0,2120
2181,0,2121
2182,0,2122
2183,0,2123
2184,0,2124
2185,0,2125
2186,0,2126
2187,0,2127
2188,0,2128
2189,0,2129
2190,0,2130
2191,0,2131
2192,0,2132
2193,0,2133
2194,0,2134
2195,0,2135
2196,0,2136
2197,0,2137
2198,0,2138
2199,0,2139
2200,0,2140
2201,0,2141
2202,0,2142
2203,0,2143
2204,0,2144
2205,0,2145
2206,0,2146
2207,0,2147
2208,0,2148
2209,0,2149
2210,0,2150
2211,0,2151
2212,0,2152
2213,0,2153
2214,0,2154
2214,0,2154
2215,0,2155
2216,0,2156
2217,0,2157
2218,0,2158
2219,0,2159
2220,0,2160
2221,0,2161
2222,0,2162
2223,0,2163
2224,0,2164
2225,0,2165
2226,0,2166
2227,0,2167
2228,0,2168
2229,0,2169
2230,0,2170
2231,0,2171
2232,0,2172
2233,0,2173
2234,0,2174
2235,0,2175
2236,0,2176
2237,0,2177
2238,0,2177
2239,0,2178
2239,0,2178
2240,0,2179
2241,0,2180
2242,0,2181
2243,0,2182
2244,0,2183
2245,0,2184
2246,0,2185
2247,0,2186
2248,0,2187
2249,0,2188
2250,0,2189
2251,0,2190
2252,0,2191
2253,0,2192
2254,0,2193
2254,0,2193
2255,0,2194
2256,0,2195
2257,0,2196
2258,0,2197
2259,0,2198
2259,0,2198
2260,0,2199
2261,0,2200
2262,0,2201
2263,0,2202
2264,0,2203
2265,0,2204
2266,0,2205
2267,0,2206
2268,0,2207
2269,0,2208
2270,0,2209
2271,0,2210
2272,0,2211
2273,0,2212
2274,0,2213
2275,0,2214
2276,0,2215
2277,0,2216
2278,0,2217
2279,0,2218
2280,0,2219
2281,0,2220
2282,0,2221
2283,0,2222
2284,0,2223
2285,0,2224
2286,0,2225
2287,0,2226
2288,0,2227
2289,0,2228
2290,0,2229
2291,0,2230
2292,0,2231
2293,0,2232
2294,0,2233
2295,0,2234
2296,0,2235
2297,0,2236
2298,0,2237
2299,0,2238
2300,0,2239
2301,0,2240
2302,0,2241
2303,0,2242
2304,0,2243
2305,0,2244
2306,0,2245
2307,0,2246
2308,0,2247
2309,0,2248
2310,0,2249
2311,0,2250
2312,0,2251
2313,0,2252
2314,0,2253
2315,0,2254
2316,0,2255
2317,0,2256
2318,0,2257
2319,0,2258
2320,0,2259
2321,0,2260
2322,0,2261
2323,0,2262
2324,0,2263
2325,0,2264
2326,0,2265
2327,0,2266
2328,0,2267
2329,0,2268
2329,0,2268
2330,0,2269
2331,0,2270
2332,0,2271
2333,0,2272
2334,0,2273
2335,0,2274
2336,0,2275
2337,0,2276
2338,0,2277
2339,0,2278
2340,0,2279
2341,0,2280
2342,0,2281
2343,0,2282
2344,0,2283
2345,0,2284
2346,0,2285
2347,0,2286
2348,0,2287
2349,0,2288
2350,0,2289
2351,0,2290
2352,0,2291
2353,0,2292
2354,0,2293
2355,0,2294
2356,0,2295
2357,0,2296
2358,0,2297
2359,0,2298
2360,0,2299
2361,0,2300
2362,0,2301
2363,0,2302
2364,0,2303
2365,0,2304
2366,0,2305
2367,0,2306
2368,0,2307
2369,0,2308
2370,0,2309
2371,0,2310
2372,0,2311
2373,0,2312
2374,0,2313
2375,0,2314
2376,0,2315
2377,0,2316
2378,0,2317
2379,0,2318
2380,0,2319
2381,0,2320
2382,0,2321
2383,0,2322
2384,0,2322
2385,0,2323
2386,0,2324
2387,0,2325
2388,0,2326
2389,0,2327
2390,0,2328
2391,0,2329
2392,0,2329
2393,0,2330
2394,0,2331
2395,0,2332
2396,0,2333
2397,0,2334
2398,0,2335
2399,0,2336
2400,0,2337
2401,0,2338
2402,0,2339
2403,0,2340
2404,0,2341
2405,0,2342
2406,0,2343
2407,0,2344
2408,0,2345
2409,0,2346
2410,0,2347
2411,0,2348
2412,0,2349
2413,0,2350
2414,0,2351
2415,0,2352
2416,0,2353
2417,0,2354
2418,0,2355
2419,0,2356
2420,0,2357
2421,0,2358
2422,0,2359
2423,0,2360
2424,0,2361
2425,0,2362
2426,0,2363
2427,0,2364
2428,0,2365
2429,0,2366
2430,0,2367
2431,0,2368
2432,0,2369
2433,0,2370
2434,0,2371
2435,0,2372
2436,0,2373
2437,0,2374
2438,0,2375
2439,0,2376
2440,0,2377
2441,0,2378
2442,0,2379
2443,0,2380
2444,0,2381
2445,0,2382
2446,0,2383
2447,0,2384
2448,0,2385
2449,0,2386
2450,0,2387
2451,0,2388
2452,0,2389
2453,0,2390
2454,0,2391
2455,0,2392
2456,0,2393
2457,0,2394
2458,0,2395
2459,0,2396
2460,0,2397
2461,0,2398
2462,0,2399
2463,0,2400
2464,0,2401
2465,0,2402
2466,0,2403
2467,0,2404
2468,0,2405
2469,0,2406
2470,0,2407
2471,0,2408
2472,0,2409
2473,0,2410
2474,0,2411
2475,0,2412
2476,0,2413
2477,0,2414
2478,0,2415
2479,0,2416
2480,0,2417
2481,0,2418
2481,0,2418
2482,0,2419
2483,0,2420
2484,0,2421
2485,0,2422
2486,0,2423
2487,0,2424
2488,0,2425
2489,0,2426
2490,0,2427
2491,0,2428
2492,0,2429
2493,0,2430
2494,0,2431
2495,0,2432
2496,0,2433
2497,0,2434
2498,0,2435
2499,0,2436
2500,0,2437
2501,0,2438
2502,0,2439
2503,0,2440
2504,0,2441
2505,0,2442
2506,0,2443
2507,0,2444
2508,0,2445
2509,0,2446
2510,0,2447
2511,0,2448
2511,0,2448
2512,0,2449
2513,0,2450
2514,0,2451
2515,0,2451
2516,0,2452
2517,0,2453
2518,0,2454
2519,0,2455
2520,0,2456
2521,0,2457
2522,0,2458
2523,0,2459
2524,0,2460
2525,0,2461
2526,0,2462
2527,0,2463
2528,0,2464
2529,0,2465
2530,0,2466
2531,0,2467
2532,0,2468
2533,0,2469
2534,0,2470
2535,0,2471
2536,0,2472
2537,0,2473
2538,0,2474
2539,0,2475
2540,0,2476
2541,0,2477
2542,0,2478
2543,0,2479
2544,0,2480
2545,0,2481
2546,0,2482
2547,0,2483
2548,0,2484
2549,0,2485
2550,0,2486
2551,0,2487
2552,0,2488
2552,0,2488
2553,0,2489
2554,0,2490
2555,0,2491
2556,0,2491
2557,0,2492
2558,0,2493
2559,0,2494
2560,0,2495
2561,0,2496
2562,0,2497
2563,0,2498
2564,0,2499
2565,0,2500
2566,0,2501
2567,0,2502
2568,0,2503
2569,0,2504
2570,0,2505
2571,0,2506
2572,0,2507
2573,0,2508
2574,0,2509
2575,0,2510
2576,0,2511
2577,0,2512
2578,0,2513
2579,0,2514
2580,0,2515
2581,0,2516
2582,0,2517
2583,0,2518
2584,0,2519
2585,0,2520
2586,0,2521
2587,0,2522
2588,0,2523
2589,0,2524
2590,0,2525
2591,0,2526
2592,0,2527
2593,0,2528
2594,0,2529
2595,0,2530
2596,0,2530
2597,0,2531
2598,0,2532
2599,0,2533
2600,0,2534
2601,0,2535
2602,0,2536
2603,0,2537
2604,0,2538
2605,0,2539
2606,0,2540
2607,0,2541
2608,0,2542
2609,0,2543
2610,0,2544
2611,0,2545
2612,0,2546
2613,0,2547
2614,0,2548
2615,0,2549
2616,0,2550
2617,0,2551
2618,0,2552
2619,0,2553
2620,0,2554
2621,0,2555
2622,0,2556
2623,0,2557
2624,0,2558
2625,0,2559
2626,0,2560
2627,0,2561
2628,0,2562
2629,0,2563
2630,0,2564
2631,0,2565
2632,0,2566
2633,0,2567
2634,0,2568
2635,0,2569
2636,0,2570
2637,0,2571
2638,0,2572
2639,0,2573
2640,0,2574
2641,0,2575
2642,0,2576
2642,0,2576
2643,0,2577
2644,0,2578
2645,0,2579
2646,0,2580
2647,0,2581
2648,0,2582
2649,0,2583
2650,0,2584
2651,0,2585
2652,0,2586
2653,0,2587
2654,0,2587
2655,0,2588
2656,0,2589
2657,0,2590
2658,0,2591
2659,0,2592
2660,0,2593
2661,0,2594
2662,0,2595
2663,0,2596
2664,0,2597
2665,0,2598
2666,0,2599
2666,0,2599
2667,0,2600
2668,0,2601
2669,0,2602
2670,0,2603
2671,0,2604
2672,0,2605
2673,0,2606
2674,0,2607
2675,0,2608
2676,0,2609
2677,0,2610
2678,0,2611
2679,0,2612
2680,0,2613
2681,0,2614
2682,0,2615
2683,0,2616
2684,0,2617
2685,0,2618
2686,0,2619
2687,0,2620
2688,0,2621
2689,0,2622
2690,0,2623
2691,0,2624
2692,0,2625
2693,0,2626
2694,0,2627
2695,0,2628
2696,0,2629
2697,0,2630
2698,0,2631
2699,0,2632
2700,0,2633
2701,0,2634
2702,0,2635
2703,0,2636
2704,0,2637
2705,0,2638
2706,0,2639
2707,0,2640
2708,0,2641
2709,0,2642
2710,0,2643
2711,0,2644
2712,0,2645
2713,0,2646
2714,0,2647
2715,0,2647
2716,0,2648
2717,0,2649
2718,0,2650
2719,0,2651
2720,0,2651
2721,0,2652
2722,0,2653
2722,0,2653
2723,0,2654
2724,0,2655
2725,0,2656
2726,0,2657
2727,0,2658
2728,0,2659
2729,0,2660
2729,0,2660
2730,0,2661
2731,0,2662
2732,0,2663
2733,0,2664
2734,0,2665
2735,0,2666
2736,0,2667
2737,0,2668
2738,0,2669
2739,0,2670
2740,0,2671
2741,0,2672
2742,0,2673
2743,0,2674
2744,0,2675
2745,0,2676
2746,0,2677
2747,0,2678
2748,0,2679
2749,0,2680
2750,0,2681
2751,0,2682
2752,0,2683
2753,0,2684
2754,0,2685
2755,0,2686
2756,0,2687
2757,0,2688
2758,0,2689
2759,0,2690
2760,0,2691
2761,0,2692
2761,0,2692
2762,0,2693
2763,0,2694
2764,0,2695
2765,0,2696
2766,0,2697
2767,0,2698
2768,0,2699
2769,0,2700
2770,0,2701
2771,0,2702
2772,0,2703
2773,0,2704
2774,0,2705
2775,0,2706
2776,0,2707
2777,0,2708
2778,0,2709
2779,0,2710
2780,0,2711
2781,0,2712
2782,0,2713
2783,0,2714
2783,0,2714
2784,0,2715
2785,0,2716
2786,0,2717
2787,0,2718
2788,0,2719
2789,0,2720
2790,0,2721
2791,0,2722
2791,0,2722
2792,0,2723
2793,0,2724
2794,0,2725
2795,0,2726
2796,0,2727
2797,0,2728
2798,0,2729
2799,0,2730
2800,0,2731
2801,0,2732
2802,0,2733
2803,0,2734
2804,0,2735
2805,0,2736
2806,0,2737
2807,0,2738
2808,0,2739
2809,0,2740
2810,0,2741
2811,0,2742
2812,0,2743
2813,0,2744
2814,0,2745
2815,0,2746
2816,0,2747
2817,0,2748
2818,0,2749
2819,0,2750
2820,0,2751
2821,0,2752
2822,0,2753
2823,0,2754
2824,0,2755
2825,0,2756
2826,0,2757
2827,0,2758
2828,0,2759
2829,0,2760
2830,0,2761
2831,0,2762
2832,0,2763
2833,0,2764
2834,0,2765
2835,0,2766
2836,0,2767
2837,0,2768
2838,0,2769
2839,0,2770
2840,0,2771
2841,0,2772
2842,0,2773
2843,0,2774
2844,0,2775
2845,0,2776
2846,0,2777
2847,0,2777
2848,0,2778
2849,0,2779
2850,0,2780
2851,0,2781
2852,0,2782
2853,0,2783
2854,0,2784
2855,0,2785
2856,0,2786
2857,0,2787
2858,0,2788
2859,0,2789
2860,0,2790
2860,0,2790
2861,0,2791
2862,0,2792
2863,0,2793
2864,0,2794
2864,0,2794
2865,0,2795
2866,0,2796
2867,0,2797
2868,0,2798
2869,0,2799
2870,0,2800
2871,0,2801
2872,0,2802
2873,0,2803
2874,0,2804
2875,0,2805
2876,0,2806
2877,0,2807
2878,0,2808
2879,0,2809
2880,0,2810
2881,0,2811
2882,0,2812
2883,0,2813
2884,0,2814
2885,0,2815
2886,0,2816
2887,0,2817
2888,0,2818
2889,0,2819
2889,0,2819
2890,0,2820
2891,0,2821
2892,0,2822
2893,0,2823
2894,0,2824
2895,0,2825
2896,0,2826
2897,0,2827
2897,0,2827
2898,0,2828
2899,0,2828
2900,0,2829
2901,0,2830
2902,0,2831
2903,0,2832
2904,0,2833
2905,0,2834
2906,0,2835
2907,0,2836
2908,0,2837
2909,0,2838
2910,0,2839
2911,0,2840
2912,0,2841
2913,0,2842
2914,0,2843
2915,0,2844
2916,0,2845
2917,0,2846
2918,0,2847
2919,0,2848
2920,0,2849
2921,0,2850
2922,0,2851
2922,0,2851
2923,0,2852
2924,0,2853
2925,0,2853
2926,0,2854
2927,0,2855
2928,0,2856
2929,0,2857
2930,0,2858
2931,0,2858
2932,0,2859
2933,0,2860
2934,0,2861
2935,0,2862
2936,0,2863
2937,0,2864
2938,0,2865
2939,0,2866
2940,0,2867
2941,0,2868
2942,0,2869
2943,0,2870
2944,0,2871
2945,0,2872
2946,0,2873
2947,0,2874
2948,0,2875
2949,0,2876
2950,0,2877
2951,0,2878
2952,0,2879
2953,0,2880
2954,0,2881
2955,0,2882
2956,0,2882
2957,0,2883
2958,0,2884
2959,0,2885
2960,0,2886
2961,0,2887
2962,0,2888
2963,0,2889
2964,0,2890
2965,0,2891
2966,0,2892
2967,0,2893
2968,0,2894
2969,0,2895
2970,0,2896
2971,0,2897
2972,0,2898
2973,0,2899
2974,0,2900
2975,0,2901
2976,0,2902
2977,0,2902
2978,0,2903
2979,0,2904
2980,0,2905
2981,0,2906
2982,0,2907
2983,0,2908
2984,0,2909
2985,0,2910
2986,0,2911
2987,0,2912
2988,0,2913
2989,0,2914
2990,0,2915
2991,0,2916
2992,0,2917
2993,0,2918
2994,0,2919
2995,0,2920
2996,0,2921
2997,0,2922
2998,0,2923
2999,0,2924
3000,0,2925
3001,0,2926
3002,0,2927
3003,0,2928
3004,0,2929
3005,0,2930
3006,0,2931
3007,0,2932
3008,0,2933
3009,0,2933
3010,0,2934
3011,0,2935
3012,0,2936
3013,0,2937
3014,0,2938
3015,0,2939
3016,0,2940
3017,0,2941
3018,0,2942
3019,0,2942
3020,0,2943
3021,0,2944
3022,0,2945
3023,0,2945
3024,0,2946
3025,0,2947
3025,0,2947
3026,0,2948
3027,0,2949
3028,0,2950
3029,0,2951
3030,0,2952
3031,0,2953
3032,0,2954
3033,0,2955
3034,0,2956
3035,0,2957
3036,0,2958
3037,0,2959
3038,0,2960
3039,0,2961
3040,0,2962
3041,0,2963
3042,0,2964
3043,0,2965
3044,0,2966
3044,0,2966
3045,0,2967
3046,0,2968
3047,0,2969
3048,0,2970
3049,0,2971
3050,0,2972
3051,0,2973
3052,0,2974
3053,0,2975
3054,0,2976
3055,0,2977
3056,0,2978
3056,0,2978
3057,0,2979
3058,0,2980
3059,0,2980
3060,0,2981
3061,0,2982
3062,0,2982
3063,0,2983
3064,0,2984
3065,0,2985
3066,0,2986
3067,0,2987
3068,0,2988
3069,0,2988
3070,0,2989
3071,0,2990
3072,0,2991
3073,0,2992
3074,0,2993
3075,0,2994
3076,0,2995
3077,0,2996
3078,0,2997
3079,0,2998
3080,0,2999
3080,0,2999
3081,0,3000
3082,0,3001
3083,0,3002
3084,0,3003
3085,0,3004
3086,0,3005
3087,0,3006
3088,0,3007
3089,0,3008
3090,0,3009
3091,0,3010
3092,0,3011
3093,0,3012
3094,0,3013
3095,0,3014
3096,0,3015
3097,0,3016
3098,0,3017
3099,0,3018
3100,0,3019
3101,0,3020
3102,0,3021
3103,0,3022
3104,0,3023
3105,0,3024
3106,0,3025
3107,0,3026
3108,0,3027
3109,0,3028
3110,0,3029
3111,0,3030
3112,0,3031
3113,0,3032
3114,0,3033
3115,0,3034
3116,0,3035
3117,0,3036
3118,0,3037
3119,0,3038
3120,0,3039
3121,0,3040
3122,0,3041
3123,0,3042
3124,0,3043
3125,0,3044
3126,0,3045
3127,0,3046
3128,0,3047
3129,0,3048
3130,0,3049
3131,0,3050
3131,0,3050
3132,0,3051
3133,0,3052
3134,0,3053
3135,0,3054
3136,0,3055
3137,0,3056
3138,0,3057
3139,0,3058
3140,0,3058
3141,0,3059
3142,0,3060
3143,0,3061
3144,0,3062
3145,0,3063
3146,0,3064
3147,0,3065
3148,0,3066
3149,0,3067
3150,0,3068
3151,0,3069
3152,0,3070
3153,0,3071
3154,0,3072
3155,0,3073
3156,0,3074
3157,0,3075
3158,0,3076
3159,0,3077
3160,0,3078
3161,0,3079
3162,0,3080
3163,0,3081
3164,0,3082
3165,0,3083
3166,0,3084
3167,0,3085
3167,0,3085
3168,0,3086
3169,0,3087
3170,0,3088
3171,0,3089
3172,0,3090
3173,0,3091
3174,0,3092
3175,0,3093
3176,0,3094
3177,0,3095
3178,0,3096
3179,0,3097
3180,0,3098
3181,0,3099
3182,0,3100
3183,0,3101
3184,0,3102
3185,0,3103
3186,0,3104
3187,0,3105
3188,0,3106
3189,0,3107
3190,0,3108
3191,0,3109
3192,0,3110
3193,0,3111
3194,0,3112
3195,0,3113
3196,0,3114
3197,0,3115
3198,0,3116
3199,0,3117
3200,0,3118
3201,0,3119
3202,0,3120
3203,0,3121
3204,0,3122
3205,0,3123
3206,0,3124
3207,0,3125
3208,0,3126
3209,0,3127
3210,0,3128
3210,0,3128
3211,0,3129
3212,0,3130
3213,0,3131
3214,0,3132
3215,0,3133
3216,0,3134
3217,0,3135
3218,0,3136
3219,0,3137
3220,0,3138
3221,0,3139
3222,0,3140
3223,0,3141
3224,0,3142
3225,0,3143
3226,0,3144
3227,0,3145
3228,0,3146
3229,0,3147
3230,0,3148
3231,0,3149
3232,0,3150
3233,0,3151
3234,0,3152
3235,0,3153
3236,0,3154
3237,0,3155
3238,0,3156
3239,0,3156
3240,0,3157
3241,0,3158
3242,0,3159
3243,0,3160
3244,0,3161
3245,0,3162
3246,0,3163
3247,0,3164
3248,0,3165
3249,0,3166
3250,0,3167
3250,0,3167
3251,0,3168
3252,0,3169
3253,0,3170
3254,0,3171
3255,0,3172
3256,0,3173
3257,0,3174
3258,0,3175
3259,0,3176
3260,0,3177
3261,0,3177
3262,0,3178
3263,0,3179
3264,0,3180
3265,0,3181
3266,0,3182
3267,0,3183
3268,0,3184
3269,0,3185
3270,0,3186
3271,0,3186
3272,0,3186
3273,0,3186
3274,0,3187
3275,0,3188
3276,0,3189
3277,0,3190
3278,0,3191
3279,0,3192
3280,0,3192
3281,0,3193
3282,0,3194
3283,0,3195
3284,0,3195
3285,0,3196
3286,0,3197
3287,0,3198
3288,0,3199
3289,0,3200
3290,0,3201
3291,0,3202
3292,0,3203
3293,0,3204
3294,0,3205
3295,0,3206
3296,0,3207
3297,0,3208
3298,0,3209
3299,0,3210
3299,0,3210
3300,0,3211
3300,0,3211
3301,0,3212
3302,0,3213
3303,0,3214
3304,0,3215
3305,0,3216
3306,0,3217
3307,0,3218
3308,0,3219
3309,0,3220
3310,0,3221
3311,0,3222
3312,0,3223
3313,0,3224
3314,0,3225
3315,0,3226
3316,0,3227
3317,0,3228
3318,0,3229
3319,0,3230
3320,0,3231
3321,0,3232
3322,0,3233
3323,0,3234
3324,0,3235
3325,0,3236
3326,0,3237
3327,0,3238
3328,0,3239
3329,0,3240
3330,0,3241
3331,0,3242
3332,0,3243
3333,0,3244
3334,0,3245
3335,0,3246
3336,0,3247
3337,0,3248
3338,0,3249
3339,0,3250
3339,0,3250
3340,0,3251
3341,0,3252
3342,0,3253
3343,0,3254
3344,0,3255
3345,0,3256
3346,0,3257
3347,0,3258
3348,0,3259
3349,0,3260
3349,0,3260
3350,0,3261
3351,0,3262
3352,0,3263
3353,0,3264
3354,0,3265
3355,0,3266
3356,0,3267
3357,0,3268
3358,0,3269
3359,0,3270
3360,0,3270
3361,0,3271
3362,0,3272
3363,0,3273
3363,0,3273
3364,0,3274
3365,0,3275
3366,0,3276
3367,0,3277
3368,0,3278
3369,0,3279
3370,0,3280
3371,0,3281
3372,0,3282
3373,0,3283
3374,0,3284
3375,0,3285
3376,0,3286
3377,0,3287
3378,0,3288
3379,0,3289
3380,0,3290
3381,0,3291
3382,0,3292
3383,0,3293
3384,0,3294
3385,0,3295
3386,0,3296
3387,0,3297
3388,0,3298
3389,0,3299
3390,0,3300
3391,0,3301
3392,0,3302
3393,0,3303
3394,0,3304
3395,0,3305
3396,0,3306
3397,0,3307
3398,0,3308
3399,0,3309
3400,0,3310
3401,0,3311
3402,0,3312
3403,0,3313
3404,0,3314
3405,0,3315
3406,0,3316
3407,0,3317
3408,0,3318
3409,0,3319
3409,0,3319
3410,0,3320
3411,0,3321
3412,0,3322
3412,0,3322
3413,0,3323
3413,0,3323
3414,0,3324
3415,0,3325
3416,0,3326
3417,0,3327
3417,0,3327
3418,0,3328
3419,0,3329
3420,0,3330
3421,0,3331
3422,0,3332
3423,0,3333
3424,0,3334
3425,0,3335
3426,0,3336
3427,0,3337
3428,0,3337
3429,0,3338
3430,0,3339
3431,0,3340
3432,0,3341
3433,0,3342
3434,0,3343
3435,0,3344
3436,0,3345
3437,0,3346
3438,0,3347
3439,0,3348
3440,0,3349
3441,0,3350
3442,0,3351
3443,0,3352
3444,0,3353
3445,0,3354
3446,0,3355
3447,0,3356
3448,0,3357
3449,0,3358
3450,0,3359
3451,0,3360
3452,0,3361
3453,0,3362
3454,0,3363
3455,0,3364
3456,0,3365
3457,0,3366
3458,0,3367
3459,0,3368
3460,0,3369
3461,0,3370
3462,0,3371
3463,0,3372
3464,0,3372
3465,0,3372
3466,0,3373
3467,0,3374
3468,0,3375
3469,0,3376
3470,0,3377
3471,0,3378
3472,0,3379
3473,0,3380
3474,0,3381
3475,0,3382
3476,0,3383
3477,0,3384
3478,0,3385
3479,0,3386
3480,0,3387
3481,0,3388
3482,0,3389
3483,0,3390
3484,0,3391
3485,0,3392
3485,0,3392
3486,0,3393
3487,0,3394
3488,0,3395
3489,0,3396
3490,0,3397
3491,0,3398
3492,0,3399
3493,0,3400
3494,0,3401
3495,0,3402
3496,0,3403
3497,0,3404
3498,0,3404
3499,0,3405
3500,0,3406
3501,0,3407
3502,0,3408
3503,0,3409
3504,0,3410
3505,0,3411
3506,0,3412
3507,0,3413
3508,0,3414
3509,0,3415
3510,0,3416
3511,0,3417
3512,0,3418
3513,0,3419
3514,0,3420
3515,0,3421
3516,0,3422
3517,0,3423
3518,0,3424
3519,0,3425
3520,0,3426
3521,0,3427
3521,0,3427
3522,0,3428
3523,0,3429
3524,0,3430
3525,0,3431
3526,0,3432
3527,0,3433
3528,0,3434
3529,0,3435
3530,0,3436
3531,0,3437
3532,0,3438
3533,0,3439
3534,0,3440
3535,0,3441
3536,0,3442
3537,0,3443
3538,0,3443
3539,0,3443
3540,0,3444
3540,0,3444
3541,0,3445
3542,0,3446
3543,0,3446
3544,0,3447
3545,0,3447
3546,0,3448
3547,0,3449
3548,0,3450
3549,0,3451
3550,0,3452
3551,0,3453
3552,0,3454
3553,0,3455
3554,0,3456
3555,0,3457
3556,0,3458
3557,0,3459
3558,0,3460
3559,0,3461
3560,0,3462
3561,0,3463
3562,0,3464
3563,0,3465
3564,0,3466
3565,0,3467
3566,0,3468
3567,0,3469
3568,0,3470
3569,0,3471
3570,0,3472
3571,0,3473
3572,0,3474
3573,0,3475
3574,0,3476
3575,0,3477
3576,0,3478
3577,0,3479
3578,0,3480
3578,0,3480
3579,0,3481
3580,0,3482
3581,0,3483
3582,0,3484
3583,0,3485
3584,0,3486
3585,0,3487
3586,0,3488
3587,0,3489
3588,0,3490
3589,0,3491
3590,0,3492
3591,0,3493
3592,0,3494
3593,0,3495
3594,0,3496
3595,0,3497
3596,0,3498
3597,0,3499
3598,0,3500
3599,0,3501
3600,0,3502
3601,0,3503
3602,0,3504
3603,0,3505
3603,0,3505
3604,0,3506
3605,0,3507
3606,0,3508
3607,0,3509
3608,0,3510
3608,0,3510
3609,0,3511
3610,0,3512
3611,0,3513
3612,0,3514
3613,0,3515
3614,0,3516
3615,0,3517
3616,0,3518
3617,0,3519
3618,0,3520
3619,0,3521
3620,0,3522
3621,0,3523
3622,0,3524
3623,0,3525
3624,0,3526
3625,0,3527
3626,0,3528
3627,0,3529
3628,0,3530
3629,0,3531
3630,0,3532
3631,0,3533
3632,0,3534
3633,0,3535
3634,0,3536
3635,0,3537
3636,0,3538
3637,0,3539
3638,0,3540
3639,0,3541
3640,0,3542
3641,0,3543
3642,0,3544
3643,0,3545
3644,0,3546
3645,0,3547
3646,0,3548
3647,0,3549
3648,0,3550
3649,0,3551
3650,0,3552
3651,0,3553
3652,0,3554
3653,0,3555
3653,0,3555
3654,0,3556
3655,0,3557
3656,0,3558
3657,0,3559
3657,0,3559
3658,0,3560
3659,0,3561
3660,0,3562
3661,0,3563
3662,0,3564
3663,0,3565
3664,0,3566
3665,0,3567
3666,0,3568
3667,0,3569
3668,0,3570
3669,0,3571
3670,0,3571
3671,0,3572
3672,0,3573
3673,0,3574
3674,0,3575
3674,0,3575
3675,0,3576
3676,0,3577
3677,0,3578
3678,0,3579
3679,0,3580
3680,0,3581
3681,0,3582
3682,0,3583
3683,0,3584
3684,0,3585
3685,0,3586
3686,0,3587
3687,0,3587
3688,0,3588
3689,0,3589
3690,0,3590
3691,0,3591
3692,0,3592
3693,0,3593
3694,0,3594
3695,0,3595
3696,0,3596
3697,0,3597
3698,0,3598
3699,0,3599
3700,0,3600
3701,0,3601
3702,0,3602
3703,0,3603
3704,0,3604
3705,0,3605
3706,0,3606
3707,0,3607
3708,0,3608
3709,0,3609
3710,0,3610
3711,0,3611
3712,0,3612
3713,0,3613
3714,0,3614
3715,0,3615
3716,0,3616
3717,0,3617
3718,0,3618
3719,0,3619
3720,0,3620
3721,0,3621
3722,0,3622
3723,0,3623
3724,0,3624
3725,0,3625
3726,0,3626
3727,0,3627
3728,0,3628
3729,0,3629
3730,0,3630
3731,0,3631
3732,0,3632
3733,0,3633
3734,0,3634
3735,0,3635
3736,0,3636
3737,0,3637
3738,0,3638
3739,0,3639
3740,0,3640
3741,0,3641
3742,0,3642
3743,0,3643
3744,0,3644
3745,0,3645
3746,0,3646
3747,0,3647
3748,0,3648
3749,0,3649
3750,0,3650
3751,0,3650
3752,0,3651
3753,0,3652
3754,0,3653
3755,0,3654
3756,0,3655
3757,0,3656
3758,0,3657
3759,0,3658
3760,0,3659
3761,0,3660
3762,0,3661
3763,0,3662
3764,0,3663
3765,0,3664
3766,0,3665
3767,0,3666
3768,0,3667
3769,0,3668
3770,0,3669
3771,0,3670
3772,0,3671
3773,0,3672
3774,0,3673
3775,0,3674
3776,0,3675
3777,0,3676
3778,0,3677
3779,0,3678
3780,0,3679
3781,0,3680
3782,0,3681
3783,0,3682
3784,0,3683
3785,0,3684
3786,0,3684
3787,0,3685
3788,0,3686
3789,0,3687
3790,0,3688
3791,0,3689
3792,0,3690
3793,0,3691
3794,0,3692
3795,0,3693
3796,0,3694
3797,0,3695
3798,0,3696
3799,0,3697
3800,0,3698
3801,0,3699
3802,0,3700
3803,0,3701
3804,0,3702
3805,0,3703
3806,0,3704
3807,0,3705
3808,0,3706
3809,0,3707
3810,0,3708
3811,0,3709
3812,0,3710
3813,0,3711
3814,0,3712
3815,0,3713
3816,0,3714
3817,0,3715
3818,0,3716
3819,0,3717
3820,0,3718
3821,0,3719
3822,0,3720
3823,0,3721
3824,0,3722
3825,0,3723
3826,0,3724
3827,0,3725
3828,0,3726
3829,0,3726
3830,0,3727
3831,0,3728
3832,0,3729
3833,0,3730
3834,0,3731
3835,0,3732
3836,0,3733
3837,0,3734
3838,0,3735
3839,0,3736
3840,0,3737
3841,0,3738
3842,0,3739
3843,0,3740
3844,0,3741
3845,0,3742
3846,0,3743
3847,0,3744
3848,0,3745
3849,0,3746
3850,0,3747
3851,0,3747
3851,0,3747
3852,0,3748
3853,0,3749
3854,0,3750
3854,0,3750
3855,0,3751
3856,0,3752
3857,0,3753
3858,0,3754
3859,0,3755
3860,0,3756
3861,0,3756
3862,0,3757
3863,0,3758
3864,0,3759
3865,0,3760
3866,0,3761
3867,0,3762
3868,0,3763
3869,0,3764
3870,0,3765
3871,0,3766
3872,0,3767
3873,0,3768
3874,0,3769
3875,0,3770
3876,0,3771
3877,0,3772
3878,0,3773
3879,0,3774
3880,0,3775
3881,0,3776
3882,0,3777
3883,0,3778
3884,0,3779
3885,0,3780
3886,0,3781
3887,0,3782
3888,0,3782
3889,0,3783
3890,0,3784
3891,0,3785
3891,0,3785
3892,0,3786
3893,0,3787
3894,0,3788
3895,0,3789
3896,0,3790
3897,0,3791
3898,0,3792
3899,0,3793
3900,0,3794
3901,0,3795
3902,0,3796
3903,0,3797
3904,0,3798
3905,0,3799
3906,0,3800
3907,0,3801
3908,0,3802
3909,0,3803
3910,0,3804
3911,0,3805
3912,0,3806
3913,0,3807
3914,0,3808
3915,0,3809
3916,0,3810
3917,0,3811
3918,0,3812
3919,0,3813
3920,0,3814
3921,0,3815
3922,0,3816
3923,0,3817
3924,0,3818
3925,0,3819
3926,0,3820
3927,0,3821
3928,0,3822
3929,0,3823
3930,0,3824
3931,0,3825
3932,0,3826
3933,0,3827
3934,0,3828
3935,0,3829
3936,0,3830
3937,0,3831
3938,0,3832
3939,0,3833
3940,0,3834
3941,0,3835
3942,0,3836
3943,0,3837
3944,0,3838
3945,0,3839
3946,0,3840
3947,0,3841
3948,0,3842
3949,0,3843
3950,0,3844
3951,0,3845
3952,0,3846
3953,0,3847
3954,0,3848
3955,0,3849
3956,0,3850
3957,0,3850
3958,0,3851
3959,0,3852
3960,0,3853
3961,0,3854
3962,0,3855
3963,0,3856
3964,0,3857
3965,0,3858
3966,0,3859
3966,0,3859
3967,0,3860
3968,0,3861
3969,0,3862
3970,0,3863
3970,0,3863
3971,0,3864
3972,0,3865
3973,0,3866
3974,0,3867
3975,0,3868
3976,0,3869
3977,0,3869
3978,0,3870
3979,0,3870
3980,0,3871
3981,0,3872
3982,0,3873
3983,0,3874
3984,0,3875
3985,0,3876
3986,0,3877
3987,0,3878
3988,0,3879
3989,0,3880
3990,0,3881
3991,0,3882
3992,0,3883
3993,0,3884
3993,0,3884
3994,0,3885
3995,0,3886
3996,0,3887
3997,0,3888
3998,0,3889
3999,0,3890
4000,0,3891
4001,0,3892
4002,0,3893
4003,0,3894
4004,0,3895
4005,0,3896
4006,0,3897
4007,0,3898
4008,0,3899
4009,0,3900
4010,0,3901
4011,0,3902
4012,0,3903
4013,0,3904
4014,0,3905
4015,0,3906
4016,0,3907
4017,0,3908
4018,0,3909
4019,0,3910
4020,0,3911
4021,0,3912
4022,0,3913
4023,0,3914
4024,0,3915
4025,0,3916
4026,0,3917
4027,0,3918
4028,0,3919
4029,0,3920
4030,0,3921
4031,0,3922
4032,0,3923
4033,0,3924
4034,0,3925
4035,0,3926
4036,0,3927
4037,0,3928
4038,0,3929
4038,0,3929
4039,0,3930
4040,0,3931
4040,0,3931
4041,0,3932
4042,0,3933
4043,0,3934
4044,0,3935
4045,0,3936
4046,0,3937
4047,0,3938
4048,0,3939
4049,0,3940
4050,0,3941
4051,0,3942
4052,0,3943
4053,0,3944
4054,0,3945
4055,0,3946
4056,0,3947
4057,0,3948
4058,0,3949
4059,0,3950
4060,0,3951
4061,0,3952
4062,0,3953
4063,0,3954
4064,0,3955
4065,0,3956
4066,0,3957
4067,0,3958
4068,0,3959
4069,0,3960
4069,0,3960
4070,0,3961
4071,0,3962
4072,0,3963
4073,0,3964
4074,0,3965
4075,0,3966
4076,0,3967
4077,0,3968
4078,0,3969
4079,0,3970
4080,0,3971
4081,0,3972
4082,0,3973
4083,0,3974
4084,0,3975
4085,0,3976
4086,0,3977
4087,0,3978
4088,0,3979
4089,0,3980
4090,0,3981
4091,0,3982
4092,0,3983
4093,0,3984
4094,0,3985
4095,0,3986
4096,0,3987
4097,0,3988
4098,0,3989
4099,0,3990
4100,0,3991
4101,0,3992
4102,0,3993
4103,0,3994
4104,0,3995
4105,0,3996
4106,0,3997
4107,0,3998
4108,0,3999
4109,0,4000
4110,0,4001
4111,0,4002
4112,0,4003
4113,0,4004
4114,0,4005
4115,0,4006
4116,0,4007
4117,0,4008
4118,0,4009
4119,0,4010
4120,0,4011
4121,0,4012
4122,0,4013
4123,0,4014
4124,0,4015
4125,0,4016
4126,0,4017
4127,0,4018
4128,0,4019
4129,0,4020
4130,0,4021
4131,0,4022
4132,0,4023
4133,0,4024
4134,0,4025
4135,0,4026
4136,0,4027
4137,0,4028
4138,0,4029
4139,0,4029
4140,0,4030
4141,0,4031
4142,0,4032
4143,0,4033
4144,0,4034
4145,0,4035
4146,0,4036
4147,0,4036
4148,0,4037
4149,0,4038
4150,0,4039
4151,0,4040
4152,0,4041
4153,0,4042
4154,0,4043
4155,0,4044
4156,0,4045
4157,0,4046
4158,0,4047
4159,0,4048
4160,0,4049
4161,0,4050
4162,0,4051
4163,0,4052
4164,0,4053
4165,0,4054
4166,0,4055
4167,0,4056
4168,0,4057
4169,0,4058
4170,0,4059
4171,0,4060
4172,0,4061
4173,0,4062
4174,0,4063
4175,0,4064
4176,0,4065
4177,0,4066
4178,0,4067
4179,0,4068
4180,0,4069
4180,0,4069
4181,0,4070
4182,0,4071
4183,0,4072
4184,0,4073
4185,0,4074
4186,0,4075
4187,0,4076
4188,0,4077
4189,0,4078
4190,0,4079
4191,0,4080
4192,0,4081
4193,0,4082
4194,0,4083
4195,0,4084
4196,0,4085
4197,0,4086
4198,0,4087
4199,0,4088
4200,0,4089
4201,0,4090
4202,0,4090
4203,0,4091
4204,0,4092
4205,0,4093
4206,0,4094
4207,0,4095
4208,0,4096
4209,0,4097
4210,0,4098
4211,0,4099
4211,0,4099
4212,0,4100
4213,0,4101
4214,0,4102
4215,0,4103
4216,0,4104
4217,0,4105
4218,0,4106
4219,0,4107
4220,0,4108
4221,0,4109
4222,0,4110
4223,0,4111
4224,0,4112
4225,0,4113
4226,0,4114
4226,0,4114
4227,0,4115
4228,0,4116
4229,0,4117
4230,0,4118
4231,0,4119
4232,0,4120
4232,0,4120
4232,0,4120
4233,0,4121
4234,0,4122
4235,0,4122
4236,0,4123
4237,0,4124
4238,0,4125
4239,0,4126
4240,0,4127
4241,0,4128
4242,0,4129
4243,0,4130
4244,0,4131
4245,0,4132
4245,0,4132
4246,0,4133
4247,0,4134
4248,0,4135
4249,0,4136
4250,0,4137
4251,0,4138
4252,0,4139
4253,0,4140
4254,0,4141
4255,0,4142
4256,0,4143
4257,0,4144
4258,0,4145
4259,0,4146
4260,0,4147
4261,0,4148
4262,0,4149
4263,0,4150
4264,0,4151
4265,0,4152
4266,0,4153
4267,0,4154
4268,0,4155
4269,0,4156
4270,0,4157
4271,0,4158
4272,0,4159
4273,0,4160
4274,0,4161
4275,0,4162
4276,0,4163
4277,0,4163
4278,0,4163
4279,0,4164
4280,0,4165
4281,0,4166
4282,0,4167
4283,0,4168
4284,0,4169
4285,0,4170
4286,0,4171
4287,0,4172
4288,0,4173
4289,0,4174
4290,0,4175
4291,0,4176
4292,0,4177
4293,0,4178
4294,0,4179
4295,0,4180
4296,0,4181
4297,0,4182
4298,0,4183
4299,0,4184
4300,0,4185
4301,0,4186
4302,0,4187
4303,0,4188
4304,0,4188
4305,0,4189
4306,0,4190
4307,0,4191
4308,0,4192
4309,0,4193
4310,0,4194
4311,0,4195
4312,0,4196
4312,0,4196
4313,0,4197
4314,0,4198
4315,0,4199
4316,0,4200
4317,0,4201
4318,0,4202
4319,0,4203
4320,0,4204
4321,0,4205
4322,0,4206
4322,0,4206
4323,0,4206
4324,0,4207
4325,0,4208
4326,0,4209
4327,0,4210
4328,0,4211
4329,0,4212
4330,0,4213
4331,0,4214
4332,0,4215
4333,0,4216
4334,0,4217
4335,0,4218
4336,0,4219
4337,0,4220
4338,0,4221
4339,0,4222
4340,0,4223
4341,0,4224
4342,0,4225
4343,0,4226
4344,0,4227
4345,0,4228
4346,0,4229
4347,0,4230
4348,0,4231
4349,0,4232
4350,0,4233
4351,0,4234
4352,0,4235
4353,0,4236
4354,0,4237
4355,0,4238
4356,0,4239
4357,0,4240
4358,0,4241
4359,0,4242
4359,0,4242
4360,0,4243
4361,0,4244
4362,0,4245
4362,0,4245
4363,0,4246
4364,0,4247
4365,0,4248
4366,0,4248
4367,0,4249
4368,0,4250
4369,0,4251
4370,0,4252
4371,0,4253
4372,0,4254
4373,0,4255
4374,0,4256
4375,0,4257
4376,0,4258
4377,0,4259
4378,0,4260
4379,0,4261
4380,0,4262
4381,0,4263
4382,0,4264
4383,0,4265
4384,0,4266
4385,0,4267
4386,0,4268
4387,0,4269
4388,0,4270
4389,0,4271
4390,0,4272
4391,0,4273
4392,0,4274
4393,0,4275
4394,0,4276
4395,0,4277
4396,0,4278
4397,0,4279
4398,0,4280
4399,0,4281
4400,0,4282
4401,0,4283
4402,0,4284
4403,0,4285
4404,0,4286
4405,0,4287
4406,0,4288
4407,0,4289
4408,0,4290
4409,0,4291
4410,0,4292
4411,0,4293
4412,0,4294
4413,0,4295
4414,0,4296
4415,0,4297
4416,0,4298
4417,0,4299
4418,0,4300
4419,0,4301
4420,0,4302
4421,0,4303
4422,0,4304
4423,0,4305
4424,0,4306
4425,0,4307
4426,0,4308
4427,0,4309
4428,0,4310
4429,0,4311
4430,0,4312
4431,0,4313
4432,0,4314
4433,0,4315
4434,0,4316
4435,0,4317
4436,0,4318
4437,0,4319
4438,0,4320
4439,0,4321
4439,0,4321
4440,0,4322
4441,0,4323
4442,0,4324
4443,0,4325
4444,0,4326
4445,0,4327
4446,0,4328
4447,0,4329
4448,0,4330
4449,0,4331
4450,0,4332
4451,0,4333
4452,0,4334
4453,0,4335
4454,0,4336
4455,0,4337
4456,0,4338
4457,0,4339
4458,0,4340
4459,0,4341
4460,0,4342
4461,0,4343
4462,0,4344
4463,0,4345
4464,0,4346
4465,0,4347
4466,0,4348
4467,0,4349
4468,0,4350
4469,0,4351
4470,0,4352
4471,0,4353
4472,0,4354
4473,0,4355
4474,0,4356
4475,0,4357
4476,0,4357
4477,0,4358
4478,0,4359
4479,0,4360
4480,0,4361
4481,0,4362
4482,0,4363
4483,0,4364
4484,0,4365
4485,0,4366
4486,0,4367
4487,0,4368
4488,0,4369
4489,0,4370
4490,0,4371
4491,0,4372
4492,0,4373
4493,0,4374
4494,0,4375
4495,0,4376
4496,0,4377
4497,0,4378
4498,0,4379
4499,0,4380
4500,0,4381
4501,0,4382
4502,0,4383
4503,0,4384
4504,0,4385
4505,0,4386
4506,0,4387
4507,0,4388
4508,0,4389
4509,0,4390
4510,0,4391
4511,0,4392
4512,0,4393
4513,0,4394
4514,0,4395
4515,0,4396
4516,0,4397
4517,0,4398
4518,0,4399
4519,0,4400
4520,0,4401
4521,0,4402
4522,0,4403
4523,0,4404
4524,0,4405
4525,0,4406
4526,0,4407
4527,0,4408
4528,0,4409
4529,0,4410
4530,0,4411
4530,0,4411
4531,0,4412
4532,0,4413
4533,0,4414
4534,0,4415
4535,0,4416
4536,0,4417
4537,0,4418
4538,0,4419
4539,0,4420
4540,0,4421
4541,0,4422
4542,0,4423
4543,0,4424
4544,0,4425
4545,0,4426
4546,0,4427
4547,0,4428
4548,0,4429
4549,0,4430
4550,0,4431
4551,0,4432
4552,0,4433
4553,0,4434
4554,0,4435
4555,0,4436
4556,0,4437
4557,0,4438
4558,0,4439
4559,0,4440
4560,0,4441
4561,0,4442
4562,0,4443
4563,0,4444
4564,0,4445
4565,0,4445
4566,0,4446
4567,0,4447
4568,0,4448
4569,0,4449
4570,0,4450
4571,0,4451
4572,0,4452
4573,0,4453
4574,0,4454
4575,0,4455
4576,0,4456
4577,0,4457
4578,0,4458
4579,0,4459
4580,0,4460
4581,0,4461
4582,0,4462
4583,0,4463
4584,0,4464
4585,0,4465
4586,0,4466
4587,0,4466
4588,0,4467
4589,0,4468
4590,0,4469
4591,0,4470
4592,0,4471
4593,0,4472
4594,0,4473
4595,0,4474
4596,0,4475
4597,0,4476
4598,0,4477
4599,0,4478
4600,0,4479
4601,0,4480
4602,0,4481
4603,0,4482
4604,0,4483
4605,0,4484
4606,0,4485
4607,0,4486
4608,0,4487
4609,0,4488
4610,0,4489
4611,0,4490
4612,0,4491
4613,0,4492
4614,0,4493
4615,0,4494
4616,0,4495
4617,0,4496
4618,0,4497
4619,0,4498
4620,0,4499
4621,0,4500
4622,0,4501
4623,0,4502
4624,0,4503
4625,0,4504
4626,0,4505
4627,0,4505
4628,0,4506
4629,0,4507
4630,0,4508
4631,0,4509
4632,0,4510
4633,0,4511
4634,0,4512
4635,0,4513
4636,0,4514
4637,0,4515
4638,0,4516
4639,0,4517
4640,0,4518
4641,0,4519
4642,0,4520
4643,0,4521
4644,0,4522
4645,0,4523
4646,0,4524
4647,0,4525
4648,0,4526
4649,0,4527
4650,0,4528
4651,0,4529
4652,0,4530
4653,0,4531
4654,0,4532
4655,0,4533
4656,0,4534
4657,0,4535
4658,0,4536
4659,0,4537
4660,0,4538
4661,0,4539
4662,0,4540
4663,0,4541
4664,0,4542
4665,0,4543
4666,0,4544
4667,0,4545
4668,0,4546
4669,0,4547
4670,0,4548
4671,0,4549
4672,0,4550
4673,0,4551
4674,0,4552
4675,0,4553
4676,0,4553
4677,0,4554
4678,0,4555
4679,0,4556
4680,0,4557
4681,0,4558
4682,0,4559
4683,0,4560
4684,0,4561
4685,0,4562
4686,0,4563
4687,0,4564
4688,0,4565
4689,0,4566
4690,0,4567
4691,0,4568
4692,0,4569
4693,0,4570
4694,0,4571
4695,0,4572
4696,0,4572
4697,0,4573
4698,0,4574
4699,0,4575
4700,0,4576
4701,0,4577
4702,0,4578
4703,0,4578
4704,0,4579
4705,0,4580
4706,0,4581
4707,0,4582
4708,0,4583
4709,0,4584
4710,0,4585
4711,0,4586
4712,0,4587
4713,0,4588
4714,0,4589
4715,0,4590
4716,0,4591
4717,0,4592
4718,0,4593
4719,0,4594
4720,0,4595
4721,0,4596
4722,0,4597
4723,0,4598
4724,0,4599
4725,0,4600
4726,0,4601
4727,0,4602
4728,0,4603
4729,0,4604
4730,0,4605
4731,0,4606
4732,0,4607
4733,0,4608
4734,0,4609
4735,0,4610
4736,0,4611
4737,0,4612
4738,0,4613
4739,0,4614
4740,0,4615
4741,0,4616
4742,0,4617
4743,0,4618
4744,0,4619
4745,0,4620
4746,0,4620
4747,0,4620
4748,0,4621
4749,0,4622
4750,0,4623
4751,0,4624
4752,0,4625
4753,0,4626
4754,0,4627
4755,0,4628
4756,0,4629
4757,0,4630
4758,0,4631
4759,0,4632
4760,0,4633
4761,0,4634
4762,0,4635
4762,0,4635
4763,0,4636
4764,0,4637
4765,0,4638
4766,0,4639
4767,0,4640
4768,0,4641
4769,0,4642
4770,0,4643
4771,0,4644
4772,0,4645
4773,0,4646
4774,0,4647
4775,0,4648
4776,0,4649
4777,0,4650
4778,0,4651
4779,0,4652
4780,0,4653
4780,0,4653
4780,0,4653
4781,0,4654
4782,0,4655
4783,0,4656
4784,0,4657
4785,0,4658
4786,0,4659
4787,0,4660
4788,0,4661
4789,0,4662
4790,0,4663
4791,0,4664
4792,0,4665
4793,0,4665
4794,0,4666
4795,0,4667
4796,0,4668
4797,0,4669
4798,0,4669
4799,0,4670
4800,0,4671
4801,0,4672
4802,0,4673
4803,0,4674
4804,0,4675
4805,0,4676
4806,0,4677
4807,0,4678
4808,0,4679
4809,0,4680
4810,0,4681
4811,0,4682
4812,0,4683
4813,0,4684
4814,0,4685
4815,0,4686
4816,0,4687
4817,0,4688
4818,0,4689
4819,0,4690
4820,0,4691
4821,0,4692
4822,0,4693
4823,0,4694
4824,0,4695
4825,0,4696
4826,0,4697
4827,0,4698
4828,0,4699
4829,0,4700
4830,0,4701
4831,0,4702
4832,0,4703
4833,0,4704
4834,0,4705
4835,0,4706
4836,0,4707
4837,0,4708
4838,0,4709
4839,0,4710
4840,0,4711
4841,0,4712
4842,0,4713
4843,0,4713
4844,0,4714
4845,0,4715
4846,0,4716
4847,0,4717
4848,0,4718
4849,0,4719
4850,0,4720
4851,0,4721
4852,0,4722
4853,0,4723
4854,0,4724
4855,0,4725
4856,0,4726
4857,0,4727
4858,0,4728
4859,0,4729
4860,0,4730
4861,0,4731
4862,0,4732
4863,0,4733
4864,0,4734
4865,0,4735
4866,0,4736
4867,0,4737
4868,0,4738
4868,0,4738
4869,0,4739
4870,0,4740
4871,0,4741
4872,0,4742
4873,0,4743
4874,0,4744
4875,0,4745
4876,0,4746
4877,0,4747
4878,0,4748
4879,0,4749
4880,0,4750
4881,0,4751
4882,0,4752
4883,0,4753
4884,0,4754
4885,0,4755
4886,0,4756
4887,0,4757
4888,0,4758
4889,0,4759
4890,0,4760
4891,0,4761
4892,0,4762
4893,0,4763
4894,0,4764
4895,0,4765
4896,0,4766
4897,0,4767
4898,0,4768
4899,0,4769
4900,0,4770
4901,0,4771
4902,0,4772
4903,0,4773
4904,0,4774
4905,0,4775
4906,0,4776
4907,0,4777
4908,0,4778
4909,0,4779
4910,0,4780
4911,0,4781
4912,0,4782
4913,0,4783
4914,0,4784
4915,0,4785
4916,0,4786
4917,0,4786
4918,0,4787
4919,0,4788
4920,0,4788
4921,0,4789
4922,0,4790
4923,0,4791
4924,0,4792
4924,0,4792
4925,0,4793
4926,0,4794
4927,0,4795
4928,0,4796
4929,0,4797
4930,0,4798
4931,0,4799
4932,0,4800
4933,0,4801
4934,0,4802
4935,0,4803
4936,0,4804
4937,0,4805
4938,0,4806
4939,0,4807
4940,0,4808
4941,0,4809
4942,0,4810
4943,0,4811
4944,0,4812
4945,0,4813
4946,0,4814
4947,0,4815
4948,0,4816
4949,0,4817
4950,0,4818
4951,0,4819
4952,0,4820
4953,0,4821
4954,0,4822
4955,0,4823
4956,0,4824
4957,0,4825
4958,0,4826
4959,0,4827
4960,0,4828
4961,0,4829
4962,0,4830
4963,0,4831
4964,0,4832
4965,0,4833
4966,0,4834
4967,0,4835
4968,0,4836
4969,0,4837
4970,0,4838
4971,0,4839
4972,0,4840
4973,0,4841
4974,0,4842
4975,0,4843
4976,0,4844
4977,0,4845
4978,0,4846
4979,0,4847
4980,0,4848
4981,0,4849
4982,0,4850
4983,0,4851
4984,0,4852
4985,0,4853
4986,0,4854
4987,0,4855
4988,0,4856
4989,0,4857
4990,0,4858
4991,0,4859
4992,0,4860
4993,0,4861
4994,0,4862
4995,0,4863
4996,0,4864
4997,0,4865
4998,0,4866
4999,0,4867
5000,0,4868
5001,0,4869
5002,0,4870
5003,0,4871
5004,0,4872
5005,0,4873
5006,0,4874
5007,0,4875
5008,0,4876
5009,0,4877
5010,0,4878
5011,0,4879
5012,0,4880
5013,0,4881
5014,0,4882
5015,0,4883
5016,0,4884
5017,0,4885
5018,0,4886
5019,0,4887
5020,0,4888
5021,0,4889
5022,0,4890
5023,0,4891
5024,0,4892
5025,0,4893
5026,0,4894
5027,0,4895
5028,0,4896
5029,0,4897
5030,0,4898
5031,0,4899
5032,0,4900
5033,0,4901
5034,0,4902
5035,0,4903
5036,0,4904
5037,0,4905
5038,0,4906
5039,0,4907
5040,0,4908
5041,0,4909
5042,0,4910
5043,0,4911
5044,0,4912
5045,0,4913
5046,0,4914
5047,0,4915
5048,0,4916
5049,0,4917
5050,0,4918
5051,0,4919
5052,0,4920
5053,0,4921
5054,0,4922
5055,0,4923
5056,0,4924
5057,0,4925
5058,0,4926
5059,0,4927
5060,0,4928
5061,0,4928
5062,0,4929
5063,0,4930
5064,0,4931
5065,0,4932
5066,0,4933
5067,0,4934
5068,0,4935
5069,0,4936
5070,0,4937
5071,0,4938
5072,0,4939
5073,0,4940
5074,0,4941
5075,0,4942
5076,0,4943
5077,0,4944
5078,0,4945
5079,0,4946
5080,0,4947
5081,0,4948
5082,0,4949
5083,0,4950
5084,0,4951
5085,0,4952
5086,0,4953
5087,0,4954
5088,0,4955
5089,0,4956
5090,0,4957
5091,0,4958
5092,0,4959
5093,0,4960
5094,0,4961
5095,0,4962
5096,0,4963
5096,0,4963
5097,0,4964
5098,0,4965
5099,0,4966
5100,0,4967
5101,0,4968
5102,0,4969
5103,0,4970
5104,0,4971
5105,0,4972
5106,0,4973
5107,0,4973
5108,0,4974
5109,0,4975
5110,0,4976
5111,0,4977
5112,0,4978
5113,0,4979
5114,0,4980
5115,0,4981
5116,0,4982
5117,0,4983
5118,0,4984
5119,0,4985
5120,0,4986
5121,0,4987
5122,0,4988
5123,0,4989
5124,0,4990
5125,0,4991
5126,0,4992
5127,0,4993
5128,0,4994
5129,0,4995
5130,0,4996
5131,0,4997
5132,0,4998
5133,0,4999
5134,0,5000
5135,0,5001
5136,0,5002
5137,0,5003
5138,0,5004
5139,0,5005
5140,0,5006
5141,0,5007
5142,0,5008
5143,0,5009
5144,0,5010
5145,0,5011
5145,0,5011
5146,0,5012
5147,0,5013
5148,0,5014
5149,0,5015
5150,0,5016
5151,0,5017
5152,0,5018
5153,0,5019
5154,0,5020
5155,0,5021
5156,0,5022
5157,0,5023
5157,0,5023
5158,0,5024
5159,0,5025
5160,0,5026
5161,0,5027
5162,0,5028
5163,0,5029
5164,0,5030
5165,0,5031
5166,0,5032
5167,0,5033
5168,0,5034
5169,0,5035
5170,0,5036
5171,0,5037
5172,0,5038
5173,0,5039
5174,0,5040
5175,0,5041
5176,0,5042
5177,0,5043
5178,0,5044
5179,0,5045
5180,0,5046
5181,0,5047
5182,0,5048
5182,0,5048
5183,0,5048
5184,0,5049
5185,0,5050
5185,0,5050
5186,0,5051
5187,0,5052
5188,0,5053
5189,0,5054
5190,0,5055
5191,0,5055
5192,0,5056
5193,0,5057
5194,0,5058
5194,0,5058
5195,0,5059
5196,0,5060
5197,0,5061
5198,0,5062
5199,0,5063
5200,0,5064
5201,0,5065
5202,0,5066
5203,0,5067
5204,0,5068
5205,0,5069
5206,0,5070
5207,0,5071
5208,0,5072
5209,0,5073
5210,0,5074
5211,0,5075
5212,0,5076
5213,0,5077
5214,0,5078
5215,0,5079
5216,0,5080
5217,0,5081
5217,0,5081
5218,0,5082
5219,0,5083