name,startdate,enddate
0,0,0
1,1,1
2,2,2
2,3,3
3,4,4
4,5,5
5,6,6
6,7,7
7,8,8
8,9,9
9,10,10
10,11,11
11,12,12
11,13,13
12,14,14
12,15,15
13,16,16
14,17,17
15,18,18
16,19,19
16,20,20
17,21,21
18,22,22
19,23,23
20,24,24
21,25,25
22,25,25
23,26,26
24,27,27
24,28,28
25,29,29
26,30,30
27,31,31
28,32,32
29,33,33
30,34,34
31,35,35
32,36,36
33,37,37
34,38,38
34,39,39
35,40,40
36,41,41
37,42,42
38,43,43
39,44,44
39,45,45
39,46,46
40,47,47
41,48,48
42,49,49
42,50,50
42,51,51
42,52,52
43,53,53
44,54,54
45,55,55
46,56,56
47,57,57
48,58,58
49,59,59
50,60,60
51,61,61
51,62,62
52,63,63
53,64,64
53,65,65
54,66,66
54,67,67
55,68,68
56,69,69
57,70,70
58,71,71
59,72,72
59,73,73
60,74,74
60,75,75
60,76,76
60,77,77
61,78,78
61,79,79
61,80,80
62,81,81
63,82,82
64,83,83
65,84,84
66,85,85
67,86,86
68,87,87
68,88,88
69,89,89
70,90,90
71,91,91
72,92,92
73,93,93
74,94,94
75,95,95
76,96,96
77,97,97
78,98,98
79,99,99
80,100,100
80,101,101
81,102,102
81,103,103
82,104,104
83,105,105
84,106,106
85,107,107
85,108,108
86,109,109
87,110,110
88,111,111
89,112,112
90,113,113
91,113,113
92,114,114
93,115,115
93,116,116
94,117,117
95,118,118
96,119,119
97,120,120
98,121,121
99,122,122
100,123,123
101,124,124
102,125,125
103,126,126
104,127,127
105,128,128
106,129,129
106,130,130
107,131,131
108,132,132
109,133,133
110,134,134
111,135,135
112,136,136
113,137,137
113,138,138
113,139,139
114,140,140
115,141,141
116,142,142
116,143,143
116,144,144
116,145,145
117,146,146
118,147,147
119,148,148
120,149,149
121,150,150
122,151,151
123,152,152
124,153,153
125,154,154
126,155,155
127,156,156
128,157,157
129,158,158
129,159,159
130,160,160
131,161,161
131,162,162
132,163,163
133,164,164
133,165,165
134,166,166
135,167,167
135,168,168
135,169,169
136,170,170
137,171,171
138,172,172
139,173,173
140,174,174
140,175,175
140,176,176
141,177,177
141,178,178
141,179,179
141,180,180
142,181,181
143,182,182
144,183,183
144,184,184
144,185,185
145,186,186
146,187,187
147,188,188
148,189,189
149,190,190
150,191,191
150,192,192
151,193,193
152,194,194
153,195,195
154,196,196
155,197,197
156,198,198
157,199,199
158,200,200
159,201,201
159,202,202
160,203,203
160,204,204
161,205,205
162,206,206
163,207,207
164,208,208
164,209,209
165,210,210
166,211,211
167,212,212
168,213,213
169,214,214
170,214,214
171,215,215
172,216,216
172,217,217
173,218,218
174,219,219
175,220,220
176,221,221
177,222,222
178,223,223
179,224,224
180,225,225
181,226,226
182,227,227
183,228,228
184,229,229
184,230,230
185,231,231
186,232,232
187,233,233
188,234,234
189,235,235
190,236,236
190,237,237
190,238,238
191,239,239
192,240,240
193,241,241
193,242,242
193,243,243
193,244,244
194,245,245
195,246,246
196,247,247
197,248,248
198,249,249
199,250,250
200,251,251
201,252,252
202,253,253
203,254,254
204,255,255
204,256,256
205,257,257
206,258,258
206,259,259
207,260,260
208,261,261
208,262,262
209,263,263
210,264,264
210,265,265
210,266,266
211,267,267
212,268,268
213,269,269
214,270,270
215,271,271
215,272,272
216,273,273
216,274,274
216,275,275
216,276,276
217,277,277
218,278,278
218,279,279
218,280,280
219,281,281
220,282,282
221,283,283
222,284,284
223,285,285
224,286,286
225,287,287
226,288,288
226,289,289
227,290,290
228,291,291
229,292,292
230,293,293
231,294,294
232,295,295
233,296,296
234,297,297
235,298,298
235,299,299
236,300,300
236,301,301
237,302,302
238,303,303
239,304,304
240,305,305
240,306,306
241,307,307
242,308,308
243,309,309
244,310,310
245,311,311
246,311,311
247,312,312
248,313,313
248,314,314
249,315,315
250,316,316
251,317,317
252,318,318
253,319,319
254,320,320
255,321,321
256,322,322
257,323,323
258,324,324
259,325,325
260,326,326
260,327,327
261,328,328
262,329,329
263,330,330
264,331,331
265,332,332
266,333,333
266,334,334
266,335,335
267,336,336
268,337,337
269,338,338
269,339,339
269,340,340
269,341,341
270,342,342
271,343,343
272,344,344
273,345,345
274,346,346
275,347,347
276,348,348
277,349,349
278,350,350
279,351,351
280,352,352
280,353,353
281,354,354
282,355,355
282,356,356
283,357,357
284,358,358
284,359,359
285,360,360
286,361,361
286,362,362
286,363,363
287,364,364
288,365,365
289,366,366
290,367,367
291,368,368
291,369,369
292,370,370
292,371,371
292,372,372
292,373,373
293,374,374
294,375,375
294,376,376
294,377,377
295,378,378
296,379,379
297,380,380
298,381,381
299,382,382
300,383,383
301,384,384
302,385,385
303,386,386
304,387,387
305,388,388
306,389,389
307,390,390
307,391,391
308,392,392
309,393,393
310,394,394
311,395,395
312,396,396
313,397,397
314,398,398
315,399,399
316,400,400
316,401,401
317,402,402
317,403,403
318,404,404
319,405,405
320,406,406
321,407,407
321,408,408
322,409,409
323,410,410
324,411,411
325,412,412
326,413,413
327,413,413
328,414,414
329,415,415
329,416,416
330,417,417
331,418,418
332,419,419
333,420,420
334,421,421
335,422,422
336,423,423
337,424,424
338,425,425
339,426,426
340,427,427
341,428,428
341,429,429
342,430,430
343,431,431
344,432,432
345,433,433
346,434,434
347,435,435
347,436,436
347,437,437
348,438,438
349,439,439
350,440,440
350,441,441
350,442,442
350,443,443
351,444,444
352,445,445
353,446,446
354,447,447
355,448,448
356,449,449
357,450,450
358,451,451
359,452,452
360,453,453
361,454,454
361,455,455
362,456,456
363,457,457
363,458,458
364,459,459
365,460,460
365,461,461
366,462,462
367,463,463
367,464,464
367,465,465
368,466,466
369,467,467
370,468,468
371,469,469
372,470,470
372,471,471
373,472,472
373,473,473
373,474,474
373,475,475
374,476,476
375,477,477
375,478,478
375,479,479
376,480,480
377,481,481
378,482,482
379,483,483
380,484,484
381,485,485
382,486,486
383,487,487
384,488,488
384,489,489
385,490,490
386,491,491
387,492,492
388,493,493
389,494,494
390,495,495
391,496,496
392,497,497
393,498,498
393,499,499
394,500,500
394,501,501
395,502,502
396,503,503
397,504,504
398,505,505
398,506,506
399,507,507
400,508,508
401,509,509
402,510,510
403,511,511
404,511,511
405,512,512
406,513,513
406,514,514
407,515,515
408,516,516
409,517,517
410,518,518
411,519,519
412,520,520
413,521,521
414,522,522
415,523,523
416,524,524
416,525,525
417,526,526
418,527,527
419,528,528
420,529,529
421,530,530
421,531,531
421,532,532
422,533,533
423,534,534
424,535,535
424,536,536
424,537,537
424,538,538
425,539,539
426,540,540
427,541,541
428,542,542
429,543,543
430,544,544
431,545,545
432,546,546
433,547,547
433,548,548
434,549,549
435,550,550
435,551,551
436,552,552
436,553,553
437,554,554
438,555,555
439,556,556
440,557,557
441,558,558
441,559,559
442,560,560
442,561,561
442,562,562
442,563,563
443,564,564
443,565,565
443,566,566
444,567,567
445,568,568
446,569,569
447,570,570
448,571,571
449,572,572
450,573,573
451,574,574
452,575,575
453,576,576
454,577,577
455,578,578
456,579,579
457,580,580
458,581,581
459,582,582
460,583,583
460,584,584
461,585,585
462,586,586
463,587,587
464,588,588
465,589,589
466,590,590
467,591,591
468,592,592
469,593,593
469,594,594
470,595,595
470,596,596
471,597,597
472,598,598
473,599,599
474,600,600
474,601,601
475,602,602
476,603,603
477,604,604
478,605,605
479,606,606
480,606,606
481,607,607
482,608,608
482,609,609
483,610,610
484,611,611
485,612,612
486,613,613
487,614,614
488,615,615
489,616,616
490,617,617
491,618,618
492,619,619
493,620,620
494,621,621
494,622,622
495,623,623
496,624,624
497,625,625
498,626,626
499,627,627
500,628,628
500,629,629
500,630,630
501,631,631
502,632,632
503,633,633
503,634,634
503,635,635
503,636,636
504,637,637
505,638,638
506,639,639
507,640,640
508,641,641
509,642,642
510,643,643
511,644,644
512,645,645
513,646,646
514,647,647
514,648,648
515,649,649
516,650,650
516,651,651
517,652,652
518,653,653
518,654,654
519,655,655
520,656,656
520,657,657
520,658,658
521,659,659
522,660,660
523,661,661
524,662,662
525,663,663
525,664,664
526,665,665
526,666,666
526,667,667
526,668,668
527,669,669
528,670,670
528,671,671
528,672,672
529,673,673
530,674,674
531,675,675
532,676,676
533,677,677
534,678,678
535,679,679
536,680,680
537,681,681
538,682,682
538,683,683
539,684,684
540,685,685
541,686,686
542,687,687
543,688,688
544,689,689
545,690,690
546,691,691
547,692,692
547,693,693
548,694,694
548,695,695
549,696,696
550,697,697
551,698,698
552,699,699
552,700,700
553,701,701
554,702,702
555,703,703
556,704,704
557,705,705
558,705,705
559,706,706
560,707,707
560,708,708
561,709,709
562,710,710
563,711,711
564,712,712
565,713,713
566,714,714
567,715,715
568,716,716
569,717,717
570,718,718
571,719,719
572,720,720
572,721,721
573,722,722
574,723,723
575,724,724
576,725,725
577,726,726
578,727,727
579,728,728
579,729,729
579,730,730
580,731,731
581,732,732
582,733,733
582,734,734
582,735,735
582,736,736
583,737,737
584,738,738
585,739,739
586,740,740
587,741,741
588,742,742
589,743,743
590,744,744
591,745,745
592,746,746
593,747,747
593,748,748
594,749,749
595,750,750
595,751,751
596,752,752
597,753,753
597,754,754
598,755,755
599,756,756
599,757,757
599,758,758
600,759,759
601,760,760
602,761,761
603,762,762
604,763,763
604,764,764
604,765,765
605,766,766
605,767,767
605,768,768
605,769,769
606,770,770
607,771,771
608,772,772
608,773,773
608,774,774
609,775,775
610,776,776
611,777,777
612,778,778
613,779,779
614,780,780
615,781,781
616,782,782
617,783,783
617,784,784
618,785,785
619,786,786
620,787,787
621,788,788
622,789,789
623,790,790
624,791,791
625,792,792
626,793,793
626,794,794
627,795,795
627,796,796
628,797,797
629,798,798
630,799,799
631,800,800
631,801,801
632,802,802
633,803,803
634,804,804
635,805,805
636,806,806
637,806,806
638,807,807
639,808,808
639,809,809
640,810,810
641,811,811
642,812,812
643,813,813
644,814,814
645,815,815
646,816,816
647,817,817
648,818,818
649,819,819
650,820,820
651,821,821
651,822,822
652,823,823
653,824,824
654,825,825
655,826,826
656,827,827
657,828,828
657,829,829
657,830,830
658,831,831
659,832,832
660,833,833
660,834,834
660,835,835
660,836,836
661,837,837
662,838,838
663,839,839
664,840,840
665,841,841
666,842,842
667,843,843
668,844,844
669,845,845
670,846,846
671,847,847
671,848,848
672,849,849
673,850,850
673,851,851
674,852,852
675,853,853
675,854,854
676,855,855
677,856,856
677,857,857
677,858,858
678,859,859
679,860,860
680,861,861
681,862,862
682,863,863
682,864,864
683,865,865
683,866,866
683,867,867
683,868,868
684,869,869
685,870,870
685,871,871
685,872,872
686,873,873
687,874,874
688,875,875
689,876,876
690,877,877
691,878,878
692,879,879
693,880,880
694,881,881
695,882,882
696,883,883
697,884,884
698,885,885
699,886,886
700,887,887
701,888,888
702,889,889
703,890,890
703,891,891
704,892,892
705,893,893
706,894,894
707,895,895
708,896,896
709,897,897
710,898,898
711,899,899
712,900,900
712,901,901
713,902,902
713,903,903
714,904,904
715,905,905
716,906,906
717,907,907
717,908,908
718,909,909
719,910,910
720,911,911
721,912,912
722,913,913
723,913,913
724,914,914
725,915,915
725,916,916
726,917,917
727,918,918
728,919,919
729,920,920
730,921,921
731,922,922
732,923,923
733,924,924
734,925,925
735,926,926
736,927,927
737,928,928
737,929,929
738,930,930
739,931,931
740,932,932
741,933,933
742,934,934
743,935,935
743,936,936
743,937,937
744,938,938
745,939,939
746,940,940
746,941,941
746,942,942
746,943,943
747,944,944
748,945,945
749,946,946
750,947,947
751,948,948
752,949,949
753,950,950
754,951,951
755,952,952
756,953,953
757,954,954
757,955,955
758,956,956
759,957,957
759,958,958
760,959,959
761,960,960
761,961,961
762,962,962
763,963,963
763,964,964
763,965,965
764,966,966
765,967,967
766,968,968
767,969,969
768,970,970
768,971,971
769,972,972
769,973,973
769,974,974
769,975,975
770,976,976
771,977,977
771,978,978
771,979,979
772,980,980
773,981,981
774,982,982
775,983,983
776,984,984
777,985,985
778,986,986
779,987,987
779,988,988
780,989,989
781,990,990
782,991,991
783,992,992
784,993,993
785,994,994
786,995,995
787,996,996
788,997,997
788,998,998
789,999,999
789,1000,1000
790,1001,1001
791,1002,1002
792,1003,1003
793,1004,1004
793,1005,1005
794,1006,1006
795,1007,1007
796,1008,1008
797,1009,1009
798,1010,1010
799,1010,1010
800,1011,1011
801,1012,1012
801,1013,1013
802,1014,1014
803,1015,1015
804,1016,1016
805,1017,1017
806,1018,1018
807,1019,1019
808,1020,1020
809,1021,1021
810,1022,1022
811,1023,1023
811,1024,1024
812,1025,1025
813,1026,1026
814,1027,1027
815,1028,1028
816,1029,1029
816,1030,1030
816,1031,1031
817,1032,1032
818,1033,1033
819,1034,1034
819,1035,1035
819,1036,1036
819,1037,1037
820,1038,1038
821,1039,1039
822,1040,1040
823,1041,1041
824,1042,1042
825,1043,1043
826,1044,1044
827,1045,1045
828,1046,1046
828,1047,1047
829,1048,1048
830,1049,1049
830,1050,1050
831,1051,1051
831,1052,1052
832,1053,1053
833,1054,1054
834,1055,1055
835,1056,1056
836,1057,1057
836,1058,1058
837,1059,1059
837,1060,1060
837,1061,1061
837,1062,1062
838,1063,1063
838,1064,1064
838,1065,1065
839,1066,1066
840,1067,1067
841,1068,1068
842,1069,1069
843,1070,1070
844,1071,1071
845,1072,1072
846,1073,1073
846,1074,1074
847,1075,1075
848,1076,1076
849,1077,1077
850,1078,1078
851,1079,1079
852,1080,1080
853,1081,1081
854,1082,1082
855,1083,1083
855,1084,1084
856,1085,1085
856,1086,1086
857,1087,1087
858,1088,1088
859,1089,1089
860,1090,1090
860,1091,1091
861,1092,1092
862,1093,1093
863,1094,1094
864,1095,1095
865,1096,1096
866,1096,1096
867,1097,1097
868,1098,1098
868,1099,1099
869,1100,1100
870,1101,1101
871,1102,1102
872,1103,1103
873,1104,1104
874,1105,1105
875,1106,1106
876,1107,1107
877,1108,1108
878,1109,1109
879,1110,1110
880,1111,1111
880,1112,1112
881,1113,1113
882,1114,1114
883,1115,1115
884,1116,1116
885,1117,1117
886,1118,1118
886,1119,1119
886,1120,1120
887,1121,1121
888,1122,1122
889,1123,1123
889,1124,1124
889,1125,1125
889,1126,1126
890,1127,1127
891,1128,1128
892,1129,1129
893,1130,1130
894,1131,1131
895,1132,1132
896,1133,1133
897,1134,1134
898,1135,1135
899,1136,1136
900,1137,1137
900,1138,1138
901,1139,1139
902,1140,1140
902,1141,1141
903,1142,1142
904,1143,1143
904,1144,1144
905,1145,1145
906,1146,1146
906,1147,1147
906,1148,1148
907,1149,1149
908,1150,1150
909,1151,1151
910,1152,1152
911,1153,1153
911,1154,1154
912,1155,1155
912,1156,1156
912,1157,1157
912,1158,1158
913,1159,1159
914,1160,1160
914,1161,1161
914,1162,1162
915,1163,1163
916,1164,1164
917,1165,1165
918,1166,1166
919,1167,1167
920,1168,1168
921,1169,1169
921,1170,1170
922,1171,1171
923,1172,1172
924,1173,1173
925,1174,1174
926,1175,1175
927,1176,1176
928,1177,1177
929,1178,1178
930,1179,1179
930,1180,1180
931,1181,1181
931,1182,1182
932,1183,1183
933,1184,1184
934,1185,1185
935,1186,1186
935,1187,1187
936,1188,1188
937,1189,1189
938,1190,1190
939,1191,1191
940,1192,1192
941,1192,1192
942,1193,1193
943,1194,1194
943,1195,1195
944,1196,1196
945,1197,1197
946,1198,1198
947,1199,1199
948,1200,1200
949,1201,1201
950,1202,1202
951,1203,1203
952,1204,1204
953,1205,1205
954,1206,1206
955,1207,1207
955,1208,1208
956,1209,1209
957,1210,1210
958,1211,1211
959,1212,1212
960,1213,1213
961,1214,1214
961,1215,1215
961,1216,1216
962,1217,1217
963,1218,1218
964,1219,1219
964,1220,1220
964,1221,1221
964,1222,1222
965,1223,1223
966,1224,1224
967,1225,1225
968,1226,1226
969,1227,1227
970,1228,1228
971,1229,1229
972,1230,1230
973,1231,1231
974,1232,1232
975,1233,1233
975,1234,1234
976,1235,1235
977,1236,1236
977,1237,1237
978,1238,1238
979,1239,1239
979,1240,1240
980,1241,1241
981,1242,1242
981,1243,1243
981,1244,1244
982,1245,1245
983,1246,1246
984,1247,1247
985,1248,1248
986,1249,1249
986,1250,1250
987,1251,1251
987,1252,1252
987,1253,1253
987,1254,1254
988,1255,1255
989,1256,1256
989,1257,1257
989,1258,1258
990,1259,1259
991,1260,1260
992,1261,1261
993,1262,1262
994,1263,1263
995,1264,1264
996,1265,1265
997,1266,1266
998,1267,1267
999,1268,1268
1000,1269,1269
1000,1270,1270
1001,1271,1271
1002,1272,1272
1003,1273,1273
1004,1274,1274
1005,1275,1275
1006,1276,1276
1007,1277,1277
1008,1278,1278
1009,1279,1279
1009,1280,1280
1010,1281,1281
1010,1282,1282
1011,1283,1283
1012,1284,1284
1013,1285,1285
1014,1286,1286
1014,1287,1287
1015,1288,1288
1016,1289,1289
1017,1290,1290
1018,1291,1291
1019,1292,1292
1020,1292,1292
1021,1293,1293
1022,1294,1294
1022,1295,1295
1023,1296,1296
1024,1297,1297
1025,1298,1298
1026,1299,1299
1027,1300,1300
1028,1301,1301
1029,1302,1302
1030,1303,1303
1031,1304,1304
1032,1305,1305
1033,1306,1306
1034,1307,1307
1034,1308,1308
1035,1309,1309
1036,1310,1310
1037,1311,1311
1038,1312,1312
1039,1313,1313
1040,1314,1314
1040,1315,1315
1040,1316,1316
1041,1317,1317
1042,1318,1318
1043,1319,1319
1043,1320,1320
1043,1321,1321
1043,1322,1322
1044,1323,1323
1045,1324,1324
1046,1325,1325
1047,1326,1326
1048,1327,1327
1049,1328,1328
1050,1329,1329
1051,1330,1330
1052,1331,1331
1053,1332,1332
1054,1333,1333
1054,1334,1334
1055,1335,1335
1056,1336,1336
1056,1337,1337
1057,1338,1338
1058,1339,1339
1058,1340,1340
1059,1341,1341
1060,1342,1342
1060,1343,1343
1060,1344,1344
1061,1345,1345
1062,1346,1346
1063,1347,1347
1064,1348,1348
1065,1349,1349
1065,1350,1350
1066,1351,1351
1066,1352,1352
1066,1353,1353
1066,1354,1354
1067,1355,1355
1068,1356,1356
1068,1357,1357
1068,1358,1358
1069,1359,1359
1070,1360,1360
1071,1361,1361
1072,1362,1362
1073,1363,1363
1074,1364,1364
1074,1365,1365
1075,1366,1366
1076,1367,1367
1077,1368,1368
1078,1369,1369
1079,1370,1370
1080,1371,1371
1081,1372,1372
1082,1373,1373
1083,1374,1374
1083,1375,1375
1084,1376,1376
1084,1377,1377
1085,1378,1378
1086,1379,1379
1087,1380,1380
1088,1381,1381
1088,1382,1382
1089,1383,1383
1090,1384,1384
1091,1385,1385
1092,1386,1386
1093,1387,1387
1094,1387,1387
1095,1388,1388
1096,1389,1389
1096,1390,1390
1097,1391,1391
1098,1392,1392
1099,1393,1393
1100,1394,1394
1101,1395,1395
1102,1396,1396
1103,1397,1397
1104,1398,1398
1105,1399,1399
1106,1400,1400
1107,1401,1401
1108,1402,1402
1108,1403,1403
1109,1404,1404
1110,1405,1405
1111,1406,1406
1112,1407,1407
1113,1408,1408
1114,1409,1409
1114,1410,1410
1114,1411,1411
1115,1412,1412
1116,1413,1413
1117,1414,1414
1117,1415,1415
1117,1416,1416
1117,1417,1417
1118,1418,1418
1119,1419,1419
1120,1420,1420
1121,1421,1421
1122,1422,1422
1123,1423,1423
1124,1424,1424
1125,1425,1425
1126,1426,1426
1127,1427,1427
1128,1428,1428
1128,1429,1429
1129,1430,1430
1130,1431,1431
1130,1432,1432
1131,1433,1433
1132,1434,1434
1132,1435,1435
1133,1436,1436
1134,1437,1437
1134,1438,1438
1134,1439,1439
1135,1440,1440
1136,1441,1441
1137,1442,1442
1138,1443,1443
1139,1444,1444
1139,1445,1445
1140,1446,1446
1140,1447,1447
1140,1448,1448
1140,1449,1449
1141,1450,1450
1142,1451,1451
1142,1452,1452
1142,1453,1453
1143,1454,1454
1144,1455,1455
1145,1456,1456
1146,1457,1457
1147,1458,1458
1148,1459,1459
1149,1460,1460
1150,1461,1461
1151,1462,1462
1152,1463,1463
1153,1464,1464
1154,1465,1465
1154,1466,1466
1155,1467,1467
1156,1468,1468
1157,1469,1469
1158,1470,1470
1159,1471,1471
1160,1472,1472
1161,1473,1473
1162,1474,1474
1163,1475,1475
1163,1476,1476
1164,1477,1477
1164,1478,1478
1165,1479,1479
1166,1480,1480
1167,1481,1481
1168,1482,1482
1168,1483,1483
1169,1484,1484
1170,1485,1485
1171,1486,1486
1172,1487,1487
1173,1488,1488
1174,1488,1488
1175,1489,1489
1176,1490,1490
1176,1491,1491
1177,1492,1492
1178,1493,1493
1179,1494,1494
1180,1495,1495
1181,1496,1496
1182,1497,1497
1183,1498,1498
1184,1499,1499
1185,1500,1500
1186,1501,1501
1187,1502,1502
1188,1503,1503
1188,1504,1504
1189,1505,1505
1190,1506,1506
1191,1507,1507
1192,1508,1508
1193,1509,1509
1194,1510,1510
1194,1511,1511
1194,1512,1512
1195,1513,1513
1196,1514,1514
1197,1515,1515
1197,1516,1516
1197,1517,1517
1197,1518,1518
1198,1519,1519
1199,1520,1520
1200,1521,1521
1201,1522,1522
1202,1523,1523
1203,1524,1524
1204,1525,1525
1205,1526,1526
1206,1527,1527
1207,1528,1528
1208,1529,1529
1208,1530,1530
1209,1531,1531
1210,1532,1532
1210,1533,1533
1211,1534,1534
1212,1535,1535
1212,1536,1536
1213,1537,1537
1214,1538,1538
1214,1539,1539
1214,1540,1540
1215,1541,1541
1216,1542,1542
1217,1543,1543
1218,1544,1544
1219,1545,1545
1219,1546,1546
1220,1547,1547
1220,1548,1548
1220,1549,1549
1220,1550,1550
1221,1551,1551
1222,1552,1552
1222,1553,1553
1222,1554,1554
1223,1555,1555
1224,1556,1556
1225,1557,1557
1226,1558,1558
1227,1559,1559
1228,1560,1560
1229,1561,1561
1230,1562,1562
1231,1563,1563
1232,1564,1564
1233,1565,1565
1234,1566,1566
1235,1567,1567
1236,1568,1568
1237,1569,1569
1238,1570,1570
1239,1571,1571
1240,1572,1572
1241,1573,1573
1241,1574,1574
1242,1575,1575
1243,1576,1576
1244,1577,1577
1245,1578,1578
1246,1579,1579
1247,1580,1580
1248,1581,1581
1249,1582,1582
1250,1583,1583
1250,1584,1584
1251,1585,1585
1251,1586,1586
1252,1587,1587
1253,1588,1588
1254,1589,1589
1255,1590,1590
1255,1591,1591
1256,1592,1592
1257,1593,1593
1258,1594,1594
1259,1595,1595
1260,1596,1596
1261,1596,1596
1262,1597,1597
1263,1598,1598
1263,1599,1599
1264,1600,1600
1265,1601,1601
1266,1602,1602
1267,1603,1603
1268,1604,1604
1269,1605,1605
1270,1606,1606
1271,1607,1607
1272,1608,1608
1273,1609,1609
1273,1610,1610
1274,1611,1611
1275,1612,1612
1276,1613,1613
1277,1614,1614
1278,1615,1615
1278,1616,1616
1278,1617,1617
1279,1618,1618
1280,1619,1619
1281,1620,1620
1281,1621,1621
1281,1622,1622
1281,1623,1623
1282,1624,1624
1283,1625,1625
1284,1626,1626
1285,1627,1627
1286,1628,1628
1287,1629,1629
1288,1630,1630
1289,1631,1631
1290,1632,1632
1290,1633,1633
1291,1634,1634
1292,1635,1635
1292,1636,1636
1293,1637,1637
1293,1638,1638
1294,1639,1639
1295,1640,1640
1296,1641,1641
1297,1642,1642
1298,1643,1643
1298,1644,1644
1299,1645,1645
1299,1646,1646
1299,1647,1647
1299,1648,1648
1300,1649,1649
1300,1650,1650
1300,1651,1651
1301,1652,1652
1302,1653,1653
1303,1654,1654
1304,1655,1655
1305,1656,1656
1306,1657,1657
1306,1658,1658
1307,1659,1659
1308,1660,1660
1309,1661,1661
1310,1662,1662
1311,1663,1663
1312,1664,1664
1313,1665,1665
1314,1666,1666
1315,1667,1667
1315,1668,1668
1316,1669,1669
1316,1670,1670
1317,1671,1671
1318,1672,1672
1319,1673,1673
1320,1674,1674
1320,1675,1675
1321,1676,1676
1322,1677,1677
1323,1678,1678
1324,1679,1679
1325,1680,1680
1326,1680,1680
1327,1681,1681
1328,1682,1682
1328,1683,1683
1329,1684,1684
1330,1685,1685
1331,1686,1686
1332,1687,1687
1333,1688,1688
1334,1689,1689
1335,1690,1690
1336,1691,1691
1337,1692,1692
1338,1693,1693
1339,1694,1694
1340,1695,1695
1340,1696,1696
1341,1697,1697
1342,1698,1698
1343,1699,1699
1344,1700,1700
1345,1701,1701
1346,1702,1702
1346,1703,1703
1346,1704,1704
1347,1705,1705
1348,1706,1706
1349,1707,1707
1349,1708,1708
1349,1709,1709
1349,1710,1710
1350,1711,1711
1351,1712,1712
1352,1713,1713
1353,1714,1714
1354,1715,1715
1355,1716,1716
1356,1717,1717
1357,1718,1718
1358,1719,1719
1359,1720,1720
1360,1721,1721
1360,1722,1722
1361,1723,1723
1362,1724,1724
1362,1725,1725
1363,1726,1726
1364,1727,1727
1364,1728,1728
1365,1729,1729
1366,1730,1730
1366,1731,1731
1366,1732,1732
1367,1733,1733
1368,1734,1734
1369,1735,1735
1370,1736,1736
1371,1737,1737
1371,1738,1738
1372,1739,1739
1372,1740,1740
1372,1741,1741
1372,1742,1742
1373,1743,1743
1374,1744,1744
1374,1745,1745
1374,1746,1746
1375,1747,1747
1376,1748,1748
1377,1749,1749
1378,1750,1750
1379,1751,1751
1380,1752,1752
1381,1753,1753
1382,1754,1754
1383,1755,1755
1384,1756,1756
1385,1757,1757
1386,1758,1758
1387,1759,1759
1387,1760,1760
1388,1761,1761
1389,1762,1762
1390,1763,1763
1391,1764,1764
1392,1765,1765
1393,1766,1766
1394,1767,1767
1395,1768,1768
1396,1769,1769
1396,1770,1770
1397,1771,1771
1397,1772,1772
1398,1773,1773
1399,1774,1774
1400,1775,1775
1401,1776,1776
1401,1777,1777
1402,1778,1778
1403,1779,1779
1404,1780,1780
1405,1781,1781
1406,1782,1782
1407,1782,1782
1408,1783,1783
1409,1784,1784
1409,1785,1785
1410,1786,1786
1411,1787,1787
1412,1788,1788
1413,1789,1789
1414,1790,1790
1415,1791,1791
1416,1792,1792
1417,1793,1793
1418,1794,1794
1419,1795,1795
1420,1796,1796
1421,1797,1797
1421,1798,1798
1422,1799,1799
1423,1800,1800
1424,1801,1801
1425,1802,1802
1426,1803,1803
1427,1804,1804
1427,1805,1805
1427,1806,1806
1428,1807,1807
1429,1808,1808
1430,1809,1809
1430,1810,1810
1430,1811,1811
1430,1812,1812
1431,1813,1813
1432,1814,1814
1433,1815,1815
1434,1816,1816
1435,1817,1817
1436,1818,1818
1437,1819,1819
1438,1820,1820
1439,1821,1821
1440,1822,1822
1441,1823,1823
1441,1824,1824
1442,1825,1825
1443,1826,1826
1443,1827,1827
1444,1828,1828
1445,1829,1829
1445,1830,1830
1446,1831,1831
1447,1832,1832
1447,1833,1833
1447,1834,1834
1448,1835,1835
1449,1836,1836
1450,1837,1837
1451,1838,1838
1452,1839,1839
1452,1840,1840
1453,1841,1841
1453,1842,1842
1453,1843,1843
1453,1844,1844
1454,1845,1845
1455,1846,1846
1455,1847,1847
1455,1848,1848
1456,1849,1849
1457,1850,1850
1458,1851,1851
1459,1852,1852
1460,1853,1853
1461,1854,1854
1462,1855,1855
1463,1856,1856
1464,1857,1857
1465,1858,1858
1466,1859,1859
1467,1860,1860
1468,1861,1861
1469,1862,1862
1470,1863,1863
1470,1864,1864
1471,1865,1865
1472,1866,1866
1473,1867,1867
1474,1868,1868
1475,1869,1869
1476,1870,1870
1477,1871,1871
1478,1872,1872
1479,1873,1873
1479,1874,1874
1480,1875,1875
1480,1876,1876
1481,1877,1877
1482,1878,1878
1483,1879,1879
1484,1880,1880
1484,1881,1881
1485,1882,1882
1486,1883,1883
1487,1884,1884
1488,1885,1885
1489,1886,1886
1490,1886,1886
1491,1887,1887
1492,1888,1888
1492,1889,1889
1493,1890,1890
1494,1891,1891
1495,1892,1892
1496,1893,1893
1497,1894,1894
1498,1895,1895
1499,1896,1896
1500,1897,1897
1501,1898,1898
1502,1899,1899
1503,1900,1900
1504,1901,1901
1504,1902,1902
1505,1903,1903
1506,1904,1904
1507,1905,1905
1508,1906,1906
1509,1907,1907
1510,1908,1908
1510,1909,1909
1510,1910,1910
1511,1911,1911
1512,1912,1912
1513,1913,1913
1513,1914,1914
1513,1915,1915
1513,1916,1916
1514,1917,1917
1515,1918,1918
1516,1919,1919
1517,1920,1920
1518,1921,1921
1519,1922,1922
1520,1923,1923
1521,1924,1924
1522,1925,1925
1523,1926,1926
1524,1927,1927
1524,1928,1928
1525,1929,1929
1526,1930,1930
1526,1931,1931
1527,1932,1932
1528,1933,1933
1528,1934,1934
1529,1935,1935
1530,1936,1936
1530,1937,1937
1530,1938,1938
1531,1939,1939
1532,1940,1940
1533,1941,1941
1534,1942,1942
1535,1943,1943
1535,1944,1944
1536,1945,1945
1536,1946,1946
1536,1947,1947
1536,1948,1948
1537,1949,1949
1538,1950,1950
1538,1951,1951
1538,1952,1952
1539,1953,1953
1540,1954,1954
1541,1955,1955
1542,1956,1956
1543,1957,1957
1544,1958,1958
1545,1959,1959
1546,1960,1960
1547,1961,1961
1548,1962,1962
1549,1963,1963
1550,1964,1964
1551,1965,1965
1551,1966,1966
1552,1967,1967
1553,1968,1968
1554,1969,1969
1555,1970,1970
1556,1971,1971
1557,1972,1972
1558,1973,1973
1559,1974,1974
1560,1975,1975
1560,1976,1976
1561,1977,1977
1561,1978,1978
1562,1979,1979
1563,1980,1980
1564,1981,1981
1565,1982,1982
1565,1983,1983
1566,1984,1984
1567,1985,1985
1568,1986,1986
1569,1987,1987
1570,1988,1988
1571,1988,1988
1572,1989,1989
1573,1990,1990
1573,1991,1991
1574,1992,1992
1575,1993,1993
1576,1994,1994
1577,1995,1995
1578,1996,1996
1579,1997,1997
1580,1998,1998
1581,1999,1999
1582,2000,2000
1583,2001,2001
1584,2002,2002
1585,2003,2003
1585,2004,2004
1586,2005,2005
1587,2006,2006
1588,2007,2007
1589,2008,2008
1590,2009,2009
1591,2010,2010
1591,2011,2011
1591,2012,2012
1592,2013,2013
1593,2014,2014
1594,2015,2015
1594,2016,2016
1594,2017,2017
1594,2018,2018
1595,2019,2019
1596,2020,2020
1597,2021,2021
1598,2022,2022
1599,2023,2023
1600,2024,2024
1601,2025,2025
1602,2026,2026
1603,2027,2027
1604,2028,2028
1605,2029,2029
1605,2030,2030
1606,2031,2031
1607,2032,2032
1607,2033,2033
1608,2034,2034
1609,2035,2035
1609,2036,2036
1610,2037,2037
1611,2038,2038
1611,2039,2039
1611,2040,2040
1612,2041,2041
1613,2042,2042
1614,2043,2043
1615,2044,2044
1616,2045,2045
1616,2046,2046
1617,2047,2047
1617,2048,2048
1617,2049,2049
1617,2050,2050
1618,2051,2051
1619,2052,2052
1619,2053,2053
1619,2054,2054
1620,2055,2055
1621,2056,2056
1622,2057,2057
1623,2058,2058
1624,2059,2059
1624,2060,2060
1625,2061,2061
1626,2062,2062
1627,2063,2063
1628,2064,2064
1629,2065,2065
1630,2066,2066
1631,2067,2067
1632,2068,2068
1633,2069,2069
1634,2070,2070
1634,2071,2071
1635,2072,2072
1636,2073,2073
1637,2074,2074
1638,2075,2075
1639,2076,2076
1640,2077,2077
1641,2078,2078
1642,2079,2079
1643,2080,2080
1643,2081,2081
1644,2082,2082
1644,2083,2083
1645,2084,2084
1646,2085,2085
1647,2086,2086
1648,2087,2087
1648,2088,2088
1649,2089,2089
1650,2090,2090
1651,2091,2091
1652,2092,2092
1653,2093,2093
1654,2093,2093
1655,2094,2094
1656,2095,2095
1656,2096,2096
1657,2097,2097
1658,2098,2098
1659,2099,2099
1660,2100,2100
1661,2101,2101
1662,2102,2102
1663,2103,2103
1664,2104,2104
1665,2105,2105
1666,2106,2106
1667,2107,2107
1668,2108,2108
1668,2109,2109
1669,2110,2110
1670,2111,2111
1671,2112,2112
1672,2113,2113
1673,2114,2114
1674,2115,2115
1675,2116,2116
1675,2117,2117
1675,2118,2118
1676,2119,2119
1677,2120,2120
1678,2121,2121
1678,2122,2122
1678,2123,2123
1678,2124,2124
1679,2125,2125
1680,2126,2126
1681,2127,2127
1682,2128,2128
1683,2129,2129
1684,2130,2130
1685,2131,2131
1686,2132,2132
1687,2133,2133
1688,2134,2134
1689,2135,2135
1689,2136,2136
1690,2137,2137
1691,2138,2138
1691,2139,2139
1692,2140,2140
1693,2141,2141
1693,2142,2142
1694,2143,2143
1695,2144,2144
1695,2145,2145
1695,2146,2146
1696,2147,2147
1697,2148,2148
1698,2149,2149
1699,2150,2150
1700,2151,2151
1700,2152,2152
1700,2153,2153
1701,2154,2154
1701,2155,2155
1701,2156,2156
1701,2157,2157
1702,2158,2158
1703,2159,2159
1704,2160,2160
1704,2161,2161
1704,2162,2162
1705,2163,2163
1706,2164,2164
1707,2165,2165
1708,2166,2166
1709,2167,2167
1710,2168,2168
1711,2169,2169
1712,2170,2170
1712,2171,2171
1713,2172,2172
1714,2173,2173
1715,2174,2174
1716,2175,2175
1717,2176,2176
1718,2177,2177
1719,2178,2178
1720,2179,2179
1721,2180,2180
1721,2181,2181
1722,2182,2182
1722,2183,2183
1723,2184,2184
1724,2185,2185
1725,2186,2186
1726,2187,2187
1726,2188,2188
1727,2189,2189
1728,2190,2190
1729,2191,2191
1730,2192,2192
1731,2193,2193
1732,2193,2193
1733,2194,2194
1734,2195,2195
1734,2196,2196
1735,2197,2197
1736,2198,2198
1737,2199,2199
1738,2200,2200
1739,2201,2201
1740,2202,2202
1741,2203,2203
1742,2204,2204
1743,2205,2205
1744,2206,2206
1745,2207,2207
1746,2208,2208
1746,2209,2209
1747,2210,2210
1748,2211,2211
1749,2212,2212
1750,2213,2213
1751,2214,2214
1752,2215,2215
1752,2216,2216
1752,2217,2217
1753,2218,2218
1754,2219,2219
1755,2220,2220
1755,2221,2221
1755,2222,2222
1755,2223,2223
1756,2224,2224
1757,2225,2225
1758,2226,2226
1759,2227,2227
1760,2228,2228
1761,2229,2229
1762,2230,2230
1763,2231,2231
1764,2232,2232
1765,2233,2233
1766,2234,2234
1766,2235,2235
1767,2236,2236
1768,2237,2237
1768,2238,2238
1769,2239,2239
1770,2240,2240
1770,2241,2241
1771,2242,2242
1772,2243,2243
1772,2244,2244
1772,2245,2245
1773,2246,2246
1774,2247,2247
1775,2248,2248
1776,2249,2249
1777,2250,2250
1777,2251,2251
1778,2252,2252
1778,2253,2253
1778,2254,2254
1778,2255,2255
1779,2256,2256
1780,2257,2257
1780,2258,2258
1780,2259,2259
1781,2260,2260
1782,2261,2261
1783,2262,2262
1784,2263,2263
1785,2264,2264
1786,2265,2265
1787,2266,2266
1788,2267,2267
1789,2268,2268
1790,2269,2269
1791,2270,2270
1792,2271,2271
1793,2272,2272
1794,2273,2273
1795,2274,2274
1796,2275,2275
1797,2276,2276
1798,2277,2277
1799,2278,2278
1800,2279,2279
1801,2280,2280
1802,2281,2281
1803,2282,2282
1804,2283,2283
1804,2284,2284
1805,2285,2285
1806,2286,2286
1807,2287,2287
1808,2288,2288
1809,2289,2289
1810,2290,2290
1811,2291,2291
1812,2292,2292
1813,2293,2293
1813,2294,2294
1814,2295,2295
1814,2296,2296
1815,2297,2297
1816,2298,2298
1817,2299,2299
1818,2300,2300
1818,2301,2301
1819,2302,2302
1820,2303,2303
1821,2304,2304
1822,2305,2305
1823,2306,2306
1824,2306,2306
1825,2307,2307
1826,2308,2308
1826,2309,2309
1827,2310,2310
1828,2311,2311
1829,2312,2312
1830,2313,2313
1831,2314,2314
1832,2315,2315
1833,2316,2316
1834,2317,2317
1835,2318,2318
1836,2319,2319
1837,2320,2320
1838,2321,2321
1838,2322,2322
1839,2323,2323
1840,2324,2324
1841,2325,2325
1842,2326,2326
1843,2327,2327
1844,2328,2328
1844,2329,2329
1844,2330,2330
1845,2331,2331
1846,2332,2332
1847,2333,2333
1847,2334,2334
1847,2335,2335
1847,2336,2336
1848,2337,2337
1849,2338,2338
1850,2339,2339
1851,2340,2340
1852,2341,2341
1853,2342,2342
1854,2343,2343
1855,2344,2344
1856,2345,2345
1857,2346,2346
1858,2347,2347
1858,2348,2348
1859,2349,2349
1860,2350,2350
1860,2351,2351
1861,2352,2352
1862,2353,2353
1862,2354,2354
1863,2355,2355
1864,2356,2356
1864,2357,2357
1864,2358,2358
1865,2359,2359
1866,2360,2360
1867,2361,2361
1868,2362,2362
1869,2363,2363
1869,2364,2364
1870,2365,2365
1870,2366,2366
1870,2367,2367
1870,2368,2368
1871,2369,2369
1872,2370,2370
1872,2371,2371
1872,2372,2372
1873,2373,2373
1874,2374,2374
1875,2375,2375
1876,2376,2376
1877,2377,2377
1878,2378,2378
1879,2379,2379
1880,2380,2380
1881,2381,2381
1882,2382,2382
1883,2383,2383
1884,2384,2384
1885,2385,2385
1886,2386,2386
1886,2387,2387
1887,2388,2388
1888,2389,2389
1889,2390,2390
1890,2391,2391
1891,2392,2392
1892,2393,2393
1893,2394,2394
1894,2395,2395
1895,2396,2396
1895,2397,2397
1896,2398,2398
1896,2399,2399
1897,2400,2400
1898,2401,2401
1899,2402,2402
1900,2403,2403
1900,2404,2404
1901,2405,2405
1902,2406,2406
1903,2407,2407
1904,2408,2408
1905,2409,2409
1906,2409,2409
1907,2410,2410
1908,2411,2411
1908,2412,2412
1909,2413,2413
1910,2414,2414
1911,2415,2415
1912,2416,2416
1913,2417,2417
1914,2418,2418
1915,2419,2419
1916,2420,2420
1917,2421,2421
1918,2422,2422
1918,2423,2423
1919,2424,2424
1920,2425,2425
1921,2426,2426
1922,2427,2427
1923,2428,2428
1923,2429,2429
1923,2430,2430
1924,2431,2431
1925,2432,2432
1926,2433,2433
1926,2434,2434
1926,2435,2435
1926,2436,2436
1927,2437,2437
1928,2438,2438
1929,2439,2439
1930,2440,2440
1931,2441,2441
1932,2442,2442
1933,2443,2443
1934,2444,2444
1935,2445,2445
1935,2446,2446
1936,2447,2447
1937,2448,2448
1937,2449,2449
1938,2450,2450
1938,2451,2451
1939,2452,2452
1940,2453,2453
1941,2454,2454
1942,2455,2455
1943,2456,2456
1943,2457,2457
1944,2458,2458
1944,2459,2459
1944,2460,2460
1944,2461,2461
1945,2462,2462
1945,2463,2463
1945,2464,2464
1946,2465,2465
1947,2466,2466
1948,2467,2467
1949,2468,2468
1950,2469,2469
1951,2470,2470
1951,2471,2471
1952,2472,2472
1953,2473,2473
1954,2474,2474
1955,2475,2475
1956,2476,2476
1957,2477,2477
1958,2478,2478
1959,2479,2479
1960,2480,2480
1960,2481,2481
1961,2482,2482
1961,2483,2483
1962,2484,2484
1963,2485,2485
1964,2486,2486
1965,2487,2487
1965,2488,2488
1966,2489,2489
1967,2490,2490
1968,2491,2491
1969,2492,2492
1970,2493,2493
1971,2493,2493
1972,2494,2494
1973,2495,2495
1973,2496,2496
1974,2497,2497
1975,2498,2498
1976,2499,2499
1977,2500,2500
1978,2501,2501
1979,2502,2502
1980,2503,2503
1981,2504,2504
1982,2505,2505
1983,2506,2506
1984,2507,2507
1985,2508,2508
1985,2509,2509
1986,2510,2510
1987,2511,2511
1988,2512,2512
1989,2513,2513
1990,2514,2514
1991,2515,2515
1991,2516,2516
1991,2517,2517
1992,2518,2518
1993,2519,2519
1994,2520,2520
1994,2521,2521
1994,2522,2522
1994,2523,2523
1995,2524,2524
1996,2525,2525
1997,2526,2526
1998,2527,2527
1999,2528,2528
2000,2529,2529
2001,2530,2530
2002,2531,2531
2003,2532,2532
2004,2533,2533
2005,2534,2534
2005,2535,2535
2006,2536,2536
2007,2537,2537
2007,2538,2538
2008,2539,2539
2009,2540,2540
2009,2541,2541
2010,2542,2542
2011,2543,2543
2011,2544,2544
2011,2545,2545
2012,2546,2546
2013,2547,2547
2014,2548,2548
2015,2549,2549
2016,2550,2550
2016,2551,2551
2017,2552,2552
2017,2553,2553
2017,2554,2554
2017,2555,2555
2018,2556,2556
2019,2557,2557
2019,2558,2558
2019,2559,2559
2020,2560,2560
2021,2561,2561
2022,2562,2562
2023,2563,2563
2024,2564,2564
2025,2565,2565
2025,2566,2566
2026,2567,2567
2027,2568,2568
2028,2569,2569
2029,2570,2570
2030,2571,2571
2031,2572,2572
2032,2573,2573
2033,2574,2574
2034,2575,2575
2034,2576,2576
2035,2577,2577
2035,2578,2578
2036,2579,2579
2037,2580,2580
2038,2581,2581
2039,2582,2582
2039,2583,2583
2040,2584,2584
2041,2585,2585
2042,2586,2586
2043,2587,2587
2044,2588,2588
2045,2588,2588
2046,2589,2589
2047,2590,2590
2047,2591,2591
2048,2592,2592
2049,2593,2593
2050,2594,2594
2051,2595,2595
2052,2596,2596
2053,2597,2597
2054,2598,2598
2055,2599,2599
2056,2600,2600
2057,2601,2601
2058,2602,2602
2059,2603,2603
2059,2604,2604
2060,2605,2605
2061,2606,2606
2062,2607,2607
2063,2608,2608
2064,2609,2609
2065,2610,2610
2065,2611,2611
2065,2612,2612
2066,2613,2613
2067,2614,2614
2068,2615,2615
2068,2616,2616
2068,2617,2617
2068,2618,2618
2069,2619,2619
2070,2620,2620
2071,2621,2621
2072,2622,2622
2073,2623,2623
2074,2624,2624
2075,2625,2625
2076,2626,2626
2077,2627,2627
2078,2628,2628
2079,2629,2629
2079,2630,2630
2080,2631,2631
2081,2632,2632
2081,2633,2633
2082,2634,2634
2083,2635,2635
2083,2636,2636
2084,2637,2637
2085,2638,2638
2085,2639,2639
2085,2640,2640
2086,2641,2641
2087,2642,2642
2088,2643,2643
2089,2644,2644
2090,2645,2645
2090,2646,2646
2091,2647,2647
2091,2648,2648
2091,2649,2649
2091,2650,2650
2092,2651,2651
2093,2652,2652
2093,2653,2653
2093,2654,2654
2094,2655,2655
2095,2656,2656
2096,2657,2657
2097,2658,2658
2098,2659,2659
2099,2660,2660
2100,2661,2661
2101,2662,2662
2102,2663,2663
2102,2664,2664
2103,2665,2665
2104,2666,2666
2105,2667,2667
2106,2668,2668
2107,2669,2669
2108,2670,2670
2109,2671,2671
2110,2672,2672
2111,2673,2673
2111,2674,2674
2112,2675,2675
2112,2676,2676
2113,2677,2677
2114,2678,2678
2115,2679,2679
2116,2680,2680
2116,2681,2681
2117,2682,2682
2118,2683,2683
2119,2684,2684
2120,2685,2685
2121,2686,2686
2122,2686,2686
2123,2687,2687
2124,2688,2688
2124,2689,2689
2125,2690,2690
2126,2691,2691
2127,2692,2692
2128,2693,2693
2129,2694,2694
2130,2695,2695
2131,2696,2696
2132,2697,2697
2133,2698,2698
2134,2699,2699
2135,2700,2700
2136,2701,2701
2136,2702,2702
2137,2703,2703
2138,2704,2704
2139,2705,2705
2140,2706,2706
2141,2707,2707
2142,2708,2708
2142,2709,2709
2142,2710,2710
2143,2711,2711
2144,2712,2712
2145,2713,2713
2145,2714,2714
2145,2715,2715
2145,2716,2716
2146,2717,2717
2147,2718,2718
2148,2719,2719
2149,2720,2720
2150,2721,2721
2151,2722,2722
2152,2723,2723
2153,2724,2724
2154,2725,2725
2155,2726,2726
2156,2727,2727
2156,2728,2728
2157,2729,2729
2158,2730,2730
2158,2731,2731
2159,2732,2732
2160,2733,2733
2160,2734,2734
2161,2735,2735
2162,2736,2736
2162,2737,2737
2162,2738,2738
2163,2739,2739
2164,2740,2740
2165,2741,2741
2166,2742,2742
2167,2743,2743
2167,2744,2744
2168,2745,2745
2168,2746,2746
2168,2747,2747
2168,2748,2748
2169,2749,2749
2170,2750,2750
2170,2751,2751
2170,2752,2752
2171,2753,2753
2172,2754,2754
2173,2755,2755
2174,2756,2756
2175,2757,2757
2176,2758,2758
2177,2759,2759
2178,2760,2760
2179,2761,2761
2180,2762,2762
2181,2763,2763
2182,2764,2764
2183,2765,2765
2184,2766,2766
2185,2767,2767
2186,2768,2768
2187,2769,2769
2187,2770,2770
2188,2771,2771
2189,2772,2772
2190,2773,2773
2191,2774,2774
2192,2775,2775
2193,2776,2776
2194,2777,2777
2195,2778,2778
2196,2779,2779
2196,2780,2780
2197,2781,2781
2197,2782,2782
2198,2783,2783
2199,2784,2784
2200,2785,2785
2201,2786,2786
2201,2787,2787
2202,2788,2788
2203,2789,2789
2204,2790,2790
2205,2791,2791
2206,2792,2792
2207,2792,2792
2208,2793,2793
2209,2794,2794
2209,2795,2795
2210,2796,2796
2211,2797,2797
2212,2798,2798
2213,2799,2799
2214,2800,2800
2215,2801,2801
2216,2802,2802
2217,2803,2803
2218,2804,2804
2219,2805,2805
2220,2806,2806
2221,2807,2807
2221,2808,2808
2222,2809,2809
2223,2810,2810
2224,2811,2811
2225,2812,2812
2226,2813,2813
2227,2814,2814
2227,2815,2815
2227,2816,2816
2228,2817,2817
2229,2818,2818
2230,2819,2819
2230,2820,2820
2230,2821,2821
2230,2822,2822
2231,2823,2823
2232,2824,2824
2233,2825,2825
2234,2826,2826
2235,2827,2827
2236,2828,2828
2237,2829,2829
2238,2830,2830
2239,2831,2831
2240,2832,2832
2241,2833,2833
2241,2834,2834
2242,2835,2835
2243,2836,2836
2243,2837,2837
2244,2838,2838
2245,2839,2839
2245,2840,2840
2246,2841,2841
2247,2842,2842
2247,2843,2843
2247,2844,2844
2248,2845,2845
2249,2846,2846
2250,2847,2847
2251,2848,2848
2252,2849,2849
2252,2850,2850
2253,2851,2851
2253,2852,2852
2253,2853,2853
2253,2854,2854
2254,2855,2855
2255,2856,2856
2255,2857,2857
2255,2858,2858
2256,2859,2859
2257,2860,2860
2258,2861,2861
2259,2862,2862
2260,2863,2863
2261,2864,2864
2262,2865,2865
2262,2866,2866
2263,2867,2867
2264,2868,2868
2265,2869,2869
2266,2870,2870
2267,2871,2871
2268,2872,2872
2269,2873,2873
2270,2874,2874
2271,2875,2875
2271,2876,2876
2272,2877,2877
2272,2878,2878
2273,2879,2879
2274,2880,2880
2275,2881,2881
2276,2882,2882
2276,2883,2883
2277,2884,2884
2278,2885,2885
2279,2886,2886
2280,2887,2887
2281,2888,2888
2282,2888,2888
2283,2889,2889
2284,2890,2890
2284,2891,2891
2285,2892,2892
2286,2893,2893
2287,2894,2894
2288,2895,2895
2289,2896,2896
2290,2897,2897
2291,2898,2898
2292,2899,2899
2293,2900,2900
2294,2901,2901
2295,2902,2902
2296,2903,2903
2296,2904,2904
2297,2905,2905
2298,2906,2906
2299,2907,2907
2300,2908,2908
2301,2909,2909
2302,2910,2910
2302,2911,2911
2302,2912,2912
2303,2913,2913
2304,2914,2914
2305,2915,2915
2305,2916,2916
2305,2917,2917
2305,2918,2918
2306,2919,2919
2307,2920,2920
2308,2921,2921
2309,2922,2922
2310,2923,2923
2311,2924,2924
2312,2925,2925
2313,2926,2926
2314,2927,2927
2315,2928,2928
2316,2929,2929
2316,2930,2930
2317,2931,2931
2318,2932,2932
2318,2933,2933
2319,2934,2934
2320,2935,2935
2320,2936,2936
2321,2937,2937
2322,2938,2938
2322,2939,2939
2322,2940,2940
2323,2941,2941
2324,2942,2942
2325,2943,2943
2326,2944,2944
2327,2945,2945
2327,2946,2946
2328,2947,2947
2328,2948,2948
2328,2949,2949
2328,2950,2950
2329,2951,2951
2330,2952,2952
2330,2953,2953
2330,2954,2954
2331,2955,2955
2332,2956,2956
2333,2957,2957
2334,2958,2958
2335,2959,2959
2336,2960,2960
2337,2961,2961
2338,2962,2962
2339,2963,2963
2340,2964,2964
2341,2965,2965
2342,2966,2966
2343,2967,2967
2343,2968,2968
2344,2969,2969
2345,2970,2970
2346,2971,2971
2347,2972,2972
2348,2973,2973
2349,2974,2974
2350,2975,2975
2351,2976,2976
2352,2977,2977
2352,2978,2978
2353,2979,2979
2353,2980,2980
2354,2981,2981
2355,2982,2982
2356,2983,2983
2357,2984,2984
2357,2985,2985
2358,2986,2986
2359,2987,2987
2360,2988,2988
2361,2989,2989
2362,2990,2990
2363,2990,2990
2364,2991,2991
2365,2992,2992
2365,2993,2993
2366,2994,2994
2367,2995,2995
2368,2996,2996
2369,2997,2997
2370,2998,2998
2371,2999,2999
2372,3000,3000
2373,3001,3001
2374,3002,3002
2375,3003,3003
2376,3004,3004
2377,3005,3005
2377,3006,3006
2378,3007,3007
2379,3008,3008
2380,3009,3009
2381,3010,3010
2382,3011,3011
2383,3012,3012
2383,3013,3013
2383,3014,3014
2384,3015,3015
2385,3016,3016
2386,3017,3017
2386,3018,3018
2386,3019,3019
2386,3020,3020
2387,3021,3021
2388,3022,3022
2389,3023,3023
2390,3024,3024
2391,3025,3025
2392,3026,3026
2393,3027,3027
2394,3028,3028
2395,3029,3029
2396,3030,3030
2397,3031,3031
2397,3032,3032
2398,3033,3033
2399,3034,3034
2399,3035,3035
2400,3036,3036
2401,3037,3037
2401,3038,3038
2402,3039,3039
2403,3040,3040
2403,3041,3041
2403,3042,3042
2404,3043,3043
2405,3044,3044
2406,3045,3045
2407,3046,3046
2408,3047,3047
2408,3048,3048
2409,3049,3049
2409,3050,3050
2409,3051,3051
2409,3052,3052
2410,3053,3053
2411,3054,3054
2411,3055,3055
2411,3056,3056
2412,3057,3057
2413,3058,3058
2414,3059,3059
2415,3060,3060
2416,3061,3061
2417,3062,3062
2417,3063,3063
2418,3064,3064
2419,3065,3065
2420,3066,3066
2421,3067,3067
2422,3068,3068
2423,3069,3069
2424,3070,3070
2425,3071,3071
2426,3072,3072
2426,3073,3073
2427,3074,3074
2427,3075,3075
2428,3076,3076
2429,3077,3077
2430,3078,3078
2431,3079,3079
2431,3080,3080
2432,3081,3081
2433,3082,3082
2434,3083,3083
2435,3084,3084
2436,3085,3085
2437,3085,3085
2438,3086,3086
2439,3087,3087
2439,3088,3088
2440,3089,3089
2441,3090,3090
2442,3091,3091
2443,3092,3092
2444,3093,3093
2445,3094,3094
2446,3095,3095
2447,3096,3096
2448,3097,3097
2449,3098,3098
2450,3099,3099
2451,3100,3100
2451,3101,3101
2452,3102,3102
2453,3103,3103
2454,3104,3104
2455,3105,3105
2456,3106,3106
2457,3107,3107
2457,3108,3108
2457,3109,3109
2458,3110,3110
2459,3111,3111
2460,3112,3112
2460,3113,3113
2460,3114,3114
2460,3115,3115
2461,3116,3116
2462,3117,3117
2463,3118,3118
2464,3119,3119
2465,3120,3120
2466,3121,3121
2467,3122,3122
2468,3123,3123
2469,3124,3124
2470,3125,3125
2471,3126,3126
2471,3127,3127
2472,3128,3128
2473,3129,3129
2473,3130,3130
2474,3131,3131
2475,3132,3132
2475,3133,3133
2476,3134,3134
2477,3135,3135
2477,3136,3136
2477,3137,3137
2478,3138,3138
2479,3139,3139
2480,3140,3140
2481,3141,3141
2482,3142,3142
2482,3143,3143
2483,3144,3144
2483,3145,3145
2483,3146,3146
2483,3147,3147
2484,3148,3148
2485,3149,3149
2485,3150,3150
2485,3151,3151
2486,3152,3152
2487,3153,3153
2488,3154,3154
2489,3155,3155
2490,3156,3156
2491,3157,3157
2492,3158,3158
2493,3159,3159
2494,3160,3160
2495,3161,3161
2496,3162,3162
2497,3163,3163
2498,3164,3164
2499,3165,3165
2500,3166,3166
2501,3167,3167
2502,3168,3168
2503,3169,3169
2504,3170,3170
2505,3171,3171
2506,3172,3172
2507,3173,3173
2508,3174,3174
2509,3175,3175
2510,3176,3176
2511,3177,3177
2512,3178,3178
2512,3179,3179
2513,3180,3180
2514,3181,3181
2515,3182,3182
2516,3183,3183
2517,3184,3184
2518,3185,3185
2519,3186,3186
2520,3187,3187
2521,3188,3188
2521,3189,3189
2522,3190,3190
2522,3191,3191
2523,3192,3192
2524,3193,3193
2525,3194,3194
2526,3195,3195
2526,3196,3196
2527,3197,3197
2528,3198,3198
2529,3199,3199
2530,3200,3200
2531,3201,3201
2532,3201,3201
2533,3202,3202
2534,3203,3203
2534,3204,3204
2535,3205,3205
2536,3206,3206
2537,3207,3207
2538,3208,3208
2539,3209,3209
2540,3210,3210
2541,3211,3211
2542,3212,3212
2543,3213,3213
2544,3214,3214
2545,3215,3215
2546,3216,3216
2546,3217,3217
2547,3218,3218
2548,3219,3219
2549,3220,3220
2550,3221,3221
2551,3222,3222
2552,3223,3223
2552,3224,3224
2552,3225,3225
2553,3226,3226
2554,3227,3227
2555,3228,3228
2555,3229,3229
2555,3230,3230
2555,3231,3231
2556,3232,3232
2557,3233,3233
2558,3234,3234
2559,3235,3235
2560,3236,3236
2561,3237,3237
2562,3238,3238
2563,3239,3239
2564,3240,3240
2565,3241,3241
2566,3242,3242
2566,3243,3243
2567,3244,3244
2568,3245,3245
2568,3246,3246
2569,3247,3247
2570,3248,3248
2570,3249,3249
2571,3250,3250
2572,3251,3251
2572,3252,3252
2572,3253,3253
2573,3254,3254
2574,3255,3255
2575,3256,3256
2576,3257,3257
2577,3258,3258
2577,3259,3259
2578,3260,3260
2578,3261,3261
2578,3262,3262
2578,3263,3263
2579,3264,3264
2580,3265,3265
2580,3266,3266
2580,3267,3267
2581,3268,3268
2582,3269,3269
2583,3270,3270
2584,3271,3271
2585,3272,3272
2586,3273,3273
2586,3274,3274
2587,3275,3275
2588,3276,3276
2589,3277,3277
2590,3278,3278
2591,3279,3279
2592,3280,3280
2593,3281,3281
2594,3282,3282
2595,3283,3283
2595,3284,3284
2596,3285,3285
2596,3286,3286
2597,3287,3287
2598,3288,3288
2599,3289,3289
2600,3290,3290
2600,3291,3291
2601,3292,3292
2602,3293,3293
2603,3294,3294
2604,3295,3295
2605,3296,3296
2606,3296,3296
2607,3297,3297
2608,3298,3298
2608,3299,3299
2609,3300,3300
2610,3301,3301
2611,3302,3302
2612,3303,3303
2613,3304,3304
2614,3305,3305
2615,3306,3306
2616,3307,3307
2617,3308,3308
2618,3309,3309
2618,3310,3310
2619,3311,3311
2620,3312,3312
2621,3313,3313
2622,3314,3314
2623,3315,3315
2623,3316,3316
2623,3317,3317
2624,3318,3318
2625,3319,3319
2626,3320,3320
2626,3321,3321
2626,3322,3322
2626,3323,3323
2627,3324,3324
2628,3325,3325
2629,3326,3326
2630,3327,3327
2631,3328,3328
2632,3329,3329
2633,3330,3330
2634,3331,3331
2635,3332,3332
2635,3333,3333
2636,3334,3334
2637,3335,3335
2637,3336,3336
2638,3337,3337
2638,3338,3338
2639,3339,3339
2640,3340,3340
2641,3341,3341
2642,3342,3342
2643,3343,3343
2643,3344,3344
2644,3345,3345
2644,3346,3346
2644,3347,3347
2644,3348,3348
2645,3349,3349
2645,3350,3350
2645,3351,3351
2646,3352,3352
2647,3353,3353
2648,3354,3354
2649,3355,3355
2650,3356,3356
2651,3357,3357
2652,3358,3358
2652,3359,3359
2653,3360,3360
2654,3361,3361
2655,3362,3362
2656,3363,3363
2657,3364,3364
2658,3365,3365
2659,3366,3366
2660,3367,3367
2661,3368,3368
2661,3369,3369
2662,3370,3370
2662,3371,3371
2663,3372,3372
2664,3373,3373
2665,3374,3374
2666,3375,3375
2666,3376,3376
2667,3377,3377
2668,3378,3378
2669,3379,3379
2670,3380,3380
2671,3381,3381
2672,3381,3381
2673,3382,3382
2674,3383,3383
2674,3384,3384
2675,3385,3385
2676,3386,3386
2677,3387,3387
2678,3388,3388
2679,3389,3389
2680,3390,3390
2681,3391,3391
2682,3392,3392
2683,3393,3393
2684,3394,3394
2685,3395,3395
2686,3396,3396
2686,3397,3397
2687,3398,3398
2688,3399,3399
2689,3400,3400
2690,3401,3401
2691,3402,3402
2692,3403,3403
2692,3404,3404
2692,3405,3405
2693,3406,3406
2694,3407,3407
2695,3408,3408
2695,3409,3409
2695,3410,3410
2695,3411,3411
2696,3412,3412
2697,3413,3413
2698,3414,3414
2699,3415,3415
2700,3416,3416
2701,3417,3417
2702,3418,3418
2703,3419,3419
2704,3420,3420
2705,3421,3421
2706,3422,3422
2706,3423,3423
2707,3424,3424
2708,3425,3425
2708,3426,3426
2709,3427,3427
2710,3428,3428
2710,3429,3429
2711,3430,3430
2712,3431,3431
2712,3432,3432
2712,3433,3433
2713,3434,3434
2714,3435,3435
2715,3436,3436
2716,3437,3437
2717,3438,3438
2717,3439,3439
2718,3440,3440
2718,3441,3441
2718,3442,3442
2718,3443,3443
2719,3444,3444
2720,3445,3445
2720,3446,3446
2720,3447,3447
2721,3448,3448
2722,3449,3449
2723,3450,3450
2724,3451,3451
2725,3452,3452
2726,3453,3453
2726,3454,3454
2727,3455,3455
2728,3456,3456
2729,3457,3457
2730,3458,3458
2731,3459,3459
2732,3460,3460
2733,3461,3461
2734,3462,3462
2735,3463,3463
2735,3464,3464
2736,3465,3465
2736,3466,3466
2737,3467,3467
2738,3468,3468
2739,3469,3469
2740,3470,3470
2740,3471,3471
2741,3472,3472
2742,3473,3473
2743,3474,3474
2744,3475,3475
2745,3476,3476
2746,3476,3476
2747,3477,3477
2748,3478,3478
2748,3479,3479
2749,3480,3480
2750,3481,3481
2751,3482,3482
2752,3483,3483
2753,3484,3484
2754,3485,3485
2755,3486,3486
2756,3487,3487
2757,3488,3488
2758,3489,3489
2758,3490,3490
2759,3491,3491
2760,3492,3492
2761,3493,3493
2762,3494,3494
2763,3495,3495
2763,3496,3496
2763,3497,3497
2764,3498,3498
2765,3499,3499
2766,3500,3500
2766,3501,3501
2766,3502,3502
2766,3503,3503
2767,3504,3504
2768,3505,3505
2769,3506,3506
2770,3507,3507
2771,3508,3508
2772,3509,3509
2773,3510,3510
2774,3511,3511
2775,3512,3512
2775,3513,3513
2776,3514,3514
2777,3515,3515
2777,3516,3516
2778,3517,3517
2778,3518,3518
2779,3519,3519
2780,3520,3520
2781,3521,3521
2782,3522,3522
2783,3523,3523
2783,3524,3524
2784,3525,3525
2784,3526,3526
2784,3527,3527
2784,3528,3528
2785,3529,3529
2785,3530,3530
2785,3531,3531
2786,3532,3532
2787,3533,3533
2788,3534,3534
2789,3535,3535
2790,3536,3536
2791,3537,3537
2792,3538,3538
2793,3539,3539
2794,3540,3540
2794,3541,3541
2795,3542,3542
2796,3543,3543
2797,3544,3544
2798,3545,3545
2799,3546,3546
2800,3547,3547
2801,3548,3548
2802,3549,3549
2803,3550,3550
2803,3551,3551
2804,3552,3552
2804,3553,3553
2805,3554,3554
2806,3555,3555
2807,3556,3556
2808,3557,3557
2808,3558,3558
2809,3559,3559
2810,3560,3560
2811,3561,3561
2812,3562,3562
2813,3563,3563
2814,3563,3563
2815,3564,3564
2816,3565,3565
2816,3566,3566
2817,3567,3567
2818,3568,3568
2819,3569,3569
2820,3570,3570
2821,3571,3571
2822,3572,3572
2823,3573,3573
2824,3574,3574
2825,3575,3575
2826,3576,3576
2827,3577,3577
2828,3578,3578
2828,3579,3579
2829,3580,3580
2830,3581,3581
2831,3582,3582
2832,3583,3583
2833,3584,3584
2834,3585,3585
2834,3586,3586
2834,3587,3587
2835,3588,3588
2836,3589,3589
2837,3590,3590
2837,3591,3591
2837,3592,3592
2837,3593,3593
2838,3594,3594
2839,3595,3595
2840,3596,3596
2841,3597,3597
2842,3598,3598
2843,3599,3599
2844,3600,3600
2845,3601,3601
2846,3602,3602
2847,3603,3603
2848,3604,3604
2848,3605,3605
2849,3606,3606
2850,3607,3607
2850,3608,3608
2851,3609,3609
2852,3610,3610
2852,3611,3611
2853,3612,3612
2854,3613,3613
2854,3614,3614
2854,3615,3615
2855,3616,3616
2856,3617,3617
2857,3618,3618
2858,3619,3619
2859,3620,3620
2859,3621,3621
2860,3622,3622
2860,3623,3623
2860,3624,3624
2860,3625,3625
2861,3626,3626
2862,3627,3627
2862,3628,3628
2862,3629,3629
2863,3630,3630
2864,3631,3631
2865,3632,3632
2866,3633,3633
2867,3634,3634
2868,3635,3635
2868,3636,3636
2869,3637,3637
2870,3638,3638
2871,3639,3639
2872,3640,3640
2873,3641,3641
2874,3642,3642
2875,3643,3643
2876,3644,3644
2877,3645,3645
2877,3646,3646
2878,3647,3647
2879,3648,3648
2880,3649,3649
2881,3650,3650
2881,3651,3651
2882,3652,3652
2883,3653,3653
2884,3654,3654
2885,3655,3655
2886,3656,3656
2887,3656,3656
2888,3657,3657
2889,3658,3658
2889,3659,3659
2890,3660,3660
2891,3661,3661
2892,3662,3662
2893,3663,3663
2894,3664,3664
2895,3665,3665
2896,3666,3666
2897,3667,3667
2898,3668,3668
2898,3669,3669
2899,3670,3670
2900,3671,3671
2901,3672,3672
2901,3673,3673
2901,3674,3674
2902,3675,3675
2903,3676,3676
2904,3677,3677
2904,3678,3678
2904,3679,3679
2904,3680,3680
2905,3681,3681
2906,3682,3682
2907,3683,3683
2908,3684,3684
2909,3685,3685
2910,3686,3686
2911,3687,3687
2912,3688,3688
2913,3689,3689
2913,3690,3690
2914,3691,3691
2915,3692,3692
2915,3693,3693
2916,3694,3694
2916,3695,3695
2917,3696,3696
2918,3697,3697
2919,3698,3698
2920,3699,3699
2921,3700,3700
2921,3701,3701
2922,3702,3702
2922,3703,3703
2922,3704,3704
2922,3705,3705
2923,3706,3706
2923,3707,3707
2923,3708,3708
2924,3709,3709
2925,3710,3710
2926,3711,3711
2927,3712,3712
2928,3713,3713
2928,3714,3714
2929,3715,3715
2930,3716,3716
2931,3717,3717
2932,3718,3718
2933,3719,3719
2934,3720,3720
2935,3721,3721
2936,3722,3722
2937,3723,3723
2937,3724,3724
2938,3725,3725
2938,3726,3726
2939,3727,3727
2940,3728,3728
2941,3729,3729
2942,3730,3730
2942,3731,3731
2943,3732,3732
2944,3733,3733
2945,3734,3734
2946,3735,3735
2947,3736,3736
2948,3736,3736
2949,3737,3737
2950,3738,3738
2950,3739,3739
2951,3740,3740
2952,3741,3741
2953,3742,3742
2954,3743,3743
2955,3744,3744
2956,3745,3745
2957,3746,3746
2958,3747,3747
2959,3748,3748
2960,3749,3749
2961,3750,3750
2962,3751,3751
2962,3752,3752
2963,3753,3753
2964,3754,3754
2965,3755,3755
2966,3756,3756
2967,3757,3757
2968,3758,3758
2968,3759,3759
2968,3760,3760
2969,3761,3761
2970,3762,3762
2971,3763,3763
2971,3764,3764
2971,3765,3765
2971,3766,3766
2972,3767,3767
2973,3768,3768
2974,3769,3769
2975,3770,3770
2976,3771,3771
2977,3772,3772
2978,3773,3773
2979,3774,3774
2980,3775,3775
2981,3776,3776
2982,3777,3777
2982,3778,3778
2983,3779,3779
2984,3780,3780
2984,3781,3781
2985,3782,3782
2986,3783,3783
2986,3784,3784
2987,3785,3785
2988,3786,3786
2988,3787,3787
2988,3788,3788
2989,3789,3789
2990,3790,3790
2991,3791,3791
2992,3792,3792
2993,3793,3793
2993,3794,3794
2994,3795,3795
2994,3796,3796
2994,3797,3797
2994,3798,3798
2995,3799,3799
2996,3800,3800
2996,3801,3801
2996,3802,3802
2997,3803,3803
2998,3804,3804
2999,3805,3805
3000,3806,3806
3001,3807,3807
3002,3808,3808
3003,3809,3809
3003,3810,3810
3004,3811,3811
3005,3812,3812
3006,3813,3813
3007,3814,3814
3008,3815,3815
3009,3816,3816
3010,3817,3817
3011,3818,3818
3012,3819,3819
3012,3820,3820
3013,3821,3821
3013,3822,3822
3014,3823,3823
3015,3824,3824
3016,3825,3825
3017,3826,3826
3017,3827,3827
3018,3828,3828
3019,3829,3829
3020,3830,3830
3021,3831,3831
3022,3832,3832
3023,3832,3832
3024,3833,3833
3025,3834,3834
3025,3835,3835
3026,3836,3836
3027,3837,3837
3028,3838,3838
3029,3839,3839
3030,3840,3840
3031,3841,3841
3032,3842,3842
3033,3843,3843
3034,3844,3844
3035,3845,3845
3036,3846,3846
3037,3847,3847
3037,3848,3848
3038,3849,3849
3039,3850,3850
3040,3851,3851
3041,3852,3852
3042,3853,3853
3043,3854,3854
3044,3855,3855
3044,3856,3856
3044,3857,3857
3045,3858,3858
3046,3859,3859
3047,3860,3860
3047,3861,3861
3047,3862,3862
3047,3863,3863
3048,3864,3864
3049,3865,3865
3050,3866,3866
3051,3867,3867
3052,3868,3868
3053,3869,3869
3054,3870,3870
3055,3871,3871
3056,3872,3872
3057,3873,3873
3058,3874,3874
3058,3875,3875
3059,3876,3876
3060,3877,3877
3060,3878,3878
3061,3879,3879
3062,3880,3880
3062,3881,3881
3063,3882,3882
3064,3883,3883
3064,3884,3884
3064,3885,3885
3065,3886,3886
3066,3887,3887
3067,3888,3888
3068,3889,3889
3069,3890,3890
3069,3891,3891
3069,3892,3892
3070,3893,3893
3070,3894,3894
3070,3895,3895
3070,3896,3896
3071,3897,3897
3072,3898,3898
3073,3899,3899
3073,3900,3900
3073,3901,3901
3074,3902,3902
3075,3903,3903
3076,3904,3904
3077,3905,3905
3078,3906,3906
3079,3907,3907
3080,3908,3908
3081,3909,3909
3082,3910,3910
3083,3911,3911
3084,3912,3912
3085,3913,3913
3086,3914,3914
3086,3915,3915
3087,3916,3916
3088,3917,3917
3089,3918,3918
3090,3919,3919
3091,3920,3920
3092,3921,3921
3093,3922,3922
3094,3923,3923
3095,3924,3924
3095,3925,3925
3096,3926,3926
3096,3927,3927
3097,3928,3928
3098,3929,3929
3099,3930,3930
3100,3931,3931
3100,3932,3932
3101,3933,3933
3102,3934,3934
3103,3935,3935
3104,3936,3936
3105,3937,3937
3106,3937,3937
3107,3938,3938
3108,3939,3939
3108,3940,3940
3109,3941,3941
3110,3942,3942
3111,3943,3943
3112,3944,3944
3113,3945,3945
3114,3946,3946
3115,3947,3947
3116,3948,3948
3117,3949,3949
3118,3950,3950
3119,3951,3951
3120,3952,3952
3120,3953,3953
3121,3954,3954
3122,3955,3955
3123,3956,3956
3124,3957,3957
3125,3958,3958
3126,3959,3959
3126,3960,3960
3126,3961,3961
3127,3962,3962
3128,3963,3963
3129,3964,3964
3129,3965,3965
3129,3966,3966
3129,3967,3967
3130,3968,3968
3131,3969,3969
3132,3970,3970
3133,3971,3971
3134,3972,3972
3135,3973,3973
3136,3974,3974
3137,3975,3975
3138,3976,3976
3139,3977,3977
3140,3978,3978
3140,3979,3979
3141,3980,3980
3142,3981,3981
3142,3982,3982
3143,3983,3983
3144,3984,3984
3144,3985,3985
3145,3986,3986
3146,3987,3987
3146,3988,3988
3146,3989,3989
3147,3990,3990
3148,3991,3991
3149,3992,3992
3150,3993,3993
3151,3994,3994
3151,3995,3995
3152,3996,3996
3152,3997,3997
3152,3998,3998
3152,3999,3999
3153,4000,4000
3154,4001,4001
3154,4002,4002
3154,4003,4003
3155,4004,4004
3156,4005,4005
3157,4006,4006
3158,4007,4007
3159,4008,4008
3160,4009,4009
3161,4010,4010
3162,4011,4011
3163,4012,4012
3164,4013,4013
3165,4014,4014
3166,4015,4015
3167,4016,4016
3168,4017,4017
3169,4018,4018
3170,4019,4019
3171,4020,4020
3172,4021,4021
3172,4022,4022
3173,4023,4023
3174,4024,4024
3175,4025,4025
3176,4026,4026
3177,4027,4027
3178,4028,4028
3179,4029,4029
3180,4030,4030
3181,4031,4031
3181,4032,4032
3182,4033,4033
3182,4034,4034
3183,4035,4035
3184,4036,4036
3185,4037,4037
3186,4038,4038
3186,4039,4039
3187,4040,4040
3188,4041,4041
3189,4042,4042
3190,4043,4043
3191,4044,4044
3192,4044,4044
3193,4045,4045
3194,4046,4046
3194,4047,4047
3195,4048,4048
3196,4049,4049
3197,4050,4050
3198,4051,4051
3199,4052,4052
3200,4053,4053
3201,4054,4054
3202,4055,4055
3203,4056,4056
3204,4057,4057
3204,4058,4058
3205,4059,4059
3206,4060,4060
3207,4061,4061
3208,4062,4062
3209,4063,4063
3209,4064,4064
3209,4065,4065
3210,4066,4066
3211,4067,4067
3212,4068,4068
3212,4069,4069
3212,4070,4070
3212,4071,4071
3213,4072,4072
3214,4073,4073
3215,4074,4074
3216,4075,4075
3217,4076,4076
3218,4077,4077
3219,4078,4078
3220,4079,4079
3221,4080,4080
3221,4081,4081
3222,4082,4082
3223,4083,4083
3223,4084,4084
3224,4085,4085
3224,4086,4086
3225,4087,4087
3226,4088,4088
3227,4089,4089
3228,4090,4090
3229,4091,4091
3229,4092,4092
3230,4093,4093
3230,4094,4094
3230,4095,4095
3230,4096,4096
3231,4097,4097
3231,4098,4098
3231,4099,4099
3232,4100,4100
3233,4101,4101
3234,4102,4102
3235,4103,4103
3236,4104,4104
3237,4105,4105
3237,4106,4106
3238,4107,4107
3239,4108,4108
3240,4109,4109
3241,4110,4110
3242,4111,4111
3243,4112,4112
3244,4113,4113
3245,4114,4114
3246,4115,4115
3246,4116,4116
3247,4117,4117
3247,4118,4118
3248,4119,4119
3249,4120,4120
3250,4121,4121
3251,4122,4122
3251,4123,4123
3252,4124,4124
3253,4125,4125
3254,4126,4126
3255,4127,4127
3256,4128,4128
3257,4128,4128
3258,4129,4129
3259,4130,4130
3259,4131,4131
3260,4132,4132
3261,4133,4133
3262,4134,4134
3263,4135,4135
3264,4136,4136
3265,4137,4137
3266,4138,4138
3267,4139,4139
3268,4140,4140
3269,4141,4141
3270,4142,4142
3271,4143,4143
3271,4144,4144
3272,4145,4145
3273,4146,4146
3274,4147,4147
3275,4148,4148
3276,4149,4149
3277,4150,4150
3277,4151,4151
3277,4152,4152
3278,4153,4153
3279,4154,4154
3280,4155,4155
3280,4156,4156
3280,4157,4157
3280,4158,4158
3281,4159,4159
3282,4160,4160
3283,4161,4161
3284,4162,4162
3285,4163,4163
3286,4164,4164
3287,4165,4165
3288,4166,4166
3289,4167,4167
3290,4168,4168
3291,4169,4169
3291,4170,4170
3292,4171,4171
3293,4172,4172
3293,4173,4173
3294,4174,4174
3295,4175,4175
3295,4176,4176
3296,4177,4177
3297,4178,4178
3297,4179,4179
3297,4180,4180
3298,4181,4181
3299,4182,4182
3300,4183,4183
3301,4184,4184
3302,4185,4185
3302,4186,4186
3303,4187,4187
3303,4188,4188
3303,4189,4189
3303,4190,4190
3304,4191,4191
3305,4192,4192
3305,4193,4193
3305,4194,4194
3306,4195,4195
3307,4196,4196
3308,4197,4197
3309,4198,4198
3310,4199,4199
3311,4200,4200
3311,4201,4201
3312,4202,4202
3313,4203,4203
3314,4204,4204
3315,4205,4205
3316,4206,4206
3317,4207,4207
3318,4208,4208
3319,4209,4209
3320,4210,4210
3320,4211,4211
3321,4212,4212
3321,4213,4213
3322,4214,4214
3323,4215,4215
3324,4216,4216
3325,4217,4217
3325,4218,4218
3326,4219,4219
3327,4220,4220
3328,4221,4221
3329,4222,4222
3330,4223,4223
3331,4223,4223
3332,4224,4224
3333,4225,4225
3333,4226,4226
3334,4227,4227
3335,4228,4228
3336,4229,4229
3337,4230,4230
3338,4231,4231
3339,4232,4232
3340,4233,4233
3341,4234,4234
3342,4235,4235
3343,4236,4236
3344,4237,4237
3345,4238,4238
3345,4239,4239
3346,4240,4240
3347,4241,4241
3348,4242,4242
3349,4243,4243
3350,4244,4244
3351,4245,4245
3351,4246,4246
3351,4247,4247
3352,4248,4248
3353,4249,4249
3354,4250,4250
3354,4251,4251
3354,4252,4252
3354,4253,4253
3355,4254,4254
3356,4255,4255
3357,4256,4256
3358,4257,4257
3359,4258,4258
3360,4259,4259
3361,4260,4260
3362,4261,4261
3363,4262,4262
3364,4263,4263
3365,4264,4264
3365,4265,4265
3366,4266,4266
3367,4267,4267
3367,4268,4268
3368,4269,4269
3369,4270,4270
3369,4271,4271
3370,4272,4272
3371,4273,4273
3371,4274,4274
3371,4275,4275
3372,4276,4276
3373,4277,4277
3374,4278,4278
3375,4279,4279
3376,4280,4280
3376,4281,4281
3377,4282,4282
3377,4283,4283
3377,4284,4284
3377,4285,4285
3378,4286,4286
3379,4287,4287
3379,4288,4288
3379,4289,4289
3380,4290,4290
3381,4291,4291
3382,4292,4292
3383,4293,4293
3384,4294,4294
3385,4295,4295
3386,4296,4296
3387,4297,4297
3388,4298,4298
3389,4299,4299
3390,4300,4300
3391,4301,4301
3392,4302,4302
3393,4303,4303
3394,4304,4304
3395,4305,4305
3396,4306,4306
3397,4307,4307
3398,4308,4308
3399,4309,4309
3400,4310,4310
3401,4311,4311
3402,4312,4312
3403,4313,4313
3404,4314,4314
3405,4315,4315
3405,4316,4316
3406,4317,4317
3407,4318,4318
3408,4319,4319
3409,4320,4320
3410,4321,4321
3411,4322,4322
3412,4323,4323
3413,4324,4324
3414,4325,4325
3414,4326,4326
3415,4327,4327
3415,4328,4328
3416,4329,4329
3417,4330,4330
3418,4331,4331
3419,4332,4332
3419,4333,4333
3420,4334,4334
3421,4335,4335
3422,4336,4336
3423,4337,4337
3424,4338,4338
3425,4338,4338
3426,4339,4339
3427,4340,4340
3427,4341,4341
3428,4342,4342
3429,4343,4343
3430,4344,4344
3431,4345,4345
3432,4346,4346
3433,4347,4347
3434,4348,4348
3435,4349,4349
3436,4350,4350
3437,4351,4351
3438,4352,4352
3439,4353,4353
3439,4354,4354
3440,4355,4355
3441,4356,4356
3442,4357,4357
3443,4358,4358
3444,4359,4359
3445,4360,4360
3446,4361,4361
3446,4362,4362
3446,4363,4363
3447,4364,4364
3448,4365,4365
3449,4366,4366
3449,4367,4367
3449,4368,4368
3449,4369,4369
3450,4370,4370
3451,4371,4371
3452,4372,4372
3453,4373,4373
3454,4374,4374
3455,4375,4375
3456,4376,4376
3457,4377,4377
3458,4378,4378
3459,4379,4379
3460,4380,4380
3460,4381,4381
3461,4382,4382
3462,4383,4383
3462,4384,4384
3463,4385,4385
3464,4386,4386
3464,4387,4387
3465,4388,4388
3466,4389,4389
3466,4390,4390
3466,4391,4391
3467,4392,4392
3468,4393,4393
3469,4394,4394
3470,4395,4395
3471,4396,4396
3471,4397,4397
3471,4398,4398
3472,4399,4399
3472,4400,4400
3472,4401,4401
3472,4402,4402
3473,4403,4403
3474,4404,4404
3475,4405,4405
3475,4406,4406
3475,4407,4407
3476,4408,4408
3477,4409,4409
3478,4410,4410
3479,4411,4411
3480,4412,4412
3481,4413,4413
3482,4414,4414
3482,4415,4415
3483,4416,4416
3484,4417,4417
3485,4418,4418
3486,4419,4419
3487,4420,4420
3488,4421,4421
3489,4422,4422
3490,4423,4423
3491,4424,4424
3491,4425,4425
3492,4426,4426
3492,4427,4427
3493,4428,4428
3494,4429,4429
3495,4430,4430
3496,4431,4431
3496,4432,4432
3497,4433,4433
3498,4434,4434
3499,4435,4435
3500,4436,4436
3501,4437,4437
3502,4437,4437
3503,4438,4438
3504,4439,4439
3504,4440,4440
3505,4441,4441
3506,4442,4442
3507,4443,4443
3508,4444,4444
3509,4445,4445
3510,4446,4446
3511,4447,4447
3512,4448,4448
3513,4449,4449
3514,4450,4450
3515,4451,4451
3516,4452,4452
3516,4453,4453
3517,4454,4454
3518,4455,4455
3519,4456,4456
3520,4457,4457
3521,4458,4458
3522,4459,4459
3522,4460,4460
3522,4461,4461
3523,4462,4462
3524,4463,4463
3525,4464,4464
3525,4465,4465
3525,4466,4466
3525,4467,4467
3526,4468,4468
3527,4469,4469
3528,4470,4470
3529,4471,4471
3530,4472,4472
3531,4473,4473
3532,4474,4474
3533,4475,4475
3534,4476,4476
3535,4477,4477
3536,4478,4478
3536,4479,4479
3537,4480,4480
3538,4481,4481
3538,4482,4482
3539,4483,4483
3540,4484,4484
3540,4485,4485
3541,4486,4486
3542,4487,4487
3542,4488,4488
3542,4489,4489
3543,4490,4490
3544,4491,4491
3545,4492,4492
3546,4493,4493
3547,4494,4494
3547,4495,4495
3548,4496,4496
3548,4497,4497
3548,4498,4498
3548,4499,4499
3549,4500,4500
3550,4501,4501
3550,4502,4502
3550,4503,4503
3551,4504,4504
3552,4505,4505
3553,4506,4506
3554,4507,4507
3555,4508,4508
3556,4509,4509
3557,4510,4510
3558,4511,4511
3559,4512,4512
3560,4513,4513
3560,4514,4514
3561,4515,4515
3562,4516,4516
3563,4517,4517
3564,4518,4518
3565,4519,4519
3566,4520,4520
3567,4521,4521
3568,4522,4522
3569,4523,4523
3569,4524,4524
3570,4525,4525
3570,4526,4526
3571,4527,4527
3572,4528,4528
3573,4529,4529
3574,4530,4530
3574,4531,4531
3575,4532,4532
3576,4533,4533
3577,4534,4534
3578,4535,4535
3579,4536,4536
3580,4536,4536
3581,4537,4537
3582,4538,4538
3582,4539,4539
3583,4540,4540
3584,4541,4541
3585,4542,4542
3586,4543,4543
3587,4544,4544
3588,4545,4545
3589,4546,4546
3590,4547,4547
3591,4548,4548
3592,4549,4549
3593,4550,4550
3594,4551,4551
3594,4552,4552
3595,4553,4553
3596,4554,4554
3597,4555,4555
3598,4556,4556
3599,4557,4557
3600,4558,4558
3600,4559,4559
3600,4560,4560
3601,4561,4561
3602,4562,4562
3603,4563,4563
3603,4564,4564
3603,4565,4565
3603,4566,4566
3604,4567,4567
3605,4568,4568
3606,4569,4569
3607,4570,4570
3608,4571,4571
3609,4572,4572
3610,4573,4573
3611,4574,4574
3612,4575,4575
3613,4576,4576
3614,4577,4577
3614,4578,4578
3615,4579,4579
3616,4580,4580
3616,4581,4581
3617,4582,4582
3618,4583,4583
3618,4584,4584
3619,4585,4585
3620,4586,4586
3620,4587,4587
3620,4588,4588
3621,4589,4589
3622,4590,4590
3623,4591,4591
3624,4592,4592
3625,4593,4593
3625,4594,4594
3626,4595,4595
3626,4596,4596
3626,4597,4597
3626,4598,4598
3627,4599,4599
3628,4600,4600
3628,4601,4601
3628,4602,4602
3629,4603,4603
3630,4604,4604
3631,4605,4605
3632,4606,4606
3633,4607,4607
3634,4608,4608
3635,4609,4609
3636,4610,4610
3637,4611,4611
3638,4612,4612
3639,4613,4613
3640,4614,4614
3641,4615,4615
3641,4616,4616
3642,4617,4617
3643,4618,4618
3644,4619,4619
3645,4620,4620
3646,4621,4621
3647,4622,4622
3648,4623,4623
3649,4624,4624
3650,4625,4625
3650,4626,4626
3651,4627,4627
3651,4628,4628
3652,4629,4629
3653,4630,4630
3654,4631,4631
3655,4632,4632
3655,4633,4633
3656,4634,4634
3657,4635,4635
3658,4636,4636
3659,4637,4637
3660,4638,4638
3661,4638,4638
3662,4639,4639
3663,4640,4640
3663,4641,4641
3664,4642,4642
3665,4643,4643
3666,4644,4644
3667,4645,4645
3668,4646,4646
3669,4647,4647
3670,4648,4648
3671,4649,4649
3672,4650,4650
3673,4651,4651
3673,4652,4652
3674,4653,4653
3675,4654,4654
3676,4655,4655
3677,4656,4656
3678,4657,4657
3678,4658,4658
3678,4659,4659
3679,4660,4660
3680,4661,4661
3681,4662,4662
3681,4663,4663
3681,4664,4664
3681,4665,4665
3682,4666,4666
3683,4667,4667
3684,4668,4668
3685,4669,4669
3686,4670,4670
3687,4671,4671
3688,4672,4672
3689,4673,4673
3690,4674,4674
3690,4675,4675
3691,4676,4676
3692,4677,4677
3692,4678,4678
3693,4679,4679
3693,4680,4680
3694,4681,4681
3695,4682,4682
3696,4683,4683
3697,4684,4684
3698,4685,4685
3698,4686,4686
3699,4687,4687
3699,4688,4688
3699,4689,4689
3699,4690,4690
3700,4691,4691
3700,4692,4692
3700,4693,4693
3701,4694,4694
3702,4695,4695
3703,4696,4696
3704,4697,4697
3705,4698,4698
3706,4699,4699
3707,4700,4700
3708,4701,4701
3709,4702,4702