name,startdate,enddate,image,offers
0,0,0,0,0
1,1,1,0,0
2,2,2,0,0
3,3,3,0,0
4,3,3,0,0
5,3,4,0,0
6,4,5,0,0
7,5,6,0,0
8,6,7,0,0
9,7,8,0,0
10,8,9,0,0
11,9,10,0,0
12,10,11,0,0
13,11,12,0,0
14,11,12,0,0
15,12,13,0,0
16,13,14,0,0
17,14,15,0,0
18,15,16,0,0
19,16,17,0,0
20,17,18,0,0
21,18,19,0,0
22,19,20,0,0
23,20,21,0,0
24,21,22,0,0
25,21,22,0,0
26,22,23,0,0
27,23,24,0,0
28,24,25,0,0
29,24,25,0,0
30,25,26,0,0
31,26,27,0,0
32,27,28,0,0
33,28,29,0,0
34,29,30,0,0
35,30,31,0,0
36,31,32,0,0
37,31,32,0,0
38,32,33,0,0
39,33,34,0,0
40,34,35,0,0
41,35,36,0,0
42,36,37,0,0
43,37,38,0,0
44,38,39,0,0
45,39,40,0,0
46,40,41,0,0
47,41,42,0,0
48,42,43,0,0
49,43,44,0,0
50,44,45,0,0
50,44,45,0,0
51,45,46,0,0
52,46,47,0,0
53,47,48,0,0
54,48,49,0,0
55,49,50,0,0
56,50,51,0,0
57,51,52,0,0
58,52,53,0,0
59,53,54,0,0
60,54,55,0,0
61,55,56,0,0
62,56,57,0,0
63,57,58,0,0
64,58,59,0,0
65,59,60,0,0
66,60,61,0,0
67,61,62,0,0
68,62,63,0,0
69,63,64,0,0
70,64,65,0,0
71,65,66,0,0
72,66,67,0,0
73,67,68,0,0
74,68,69,0,0
75,69,70,0,0
76,70,71,0,0
77,71,72,0,0
78,72,73,0,0
79,73,74,0,0
80,74,75,0,0
81,75,76,0,0
82,76,77,0,0
83,77,78,0,0
84,78,79,0,0
85,79,80,0,0
86,80,81,0,0
87,81,82,0,0
88,82,83,0,0
89,83,84,0,0
90,84,85,0,0
91,85,86,0,0
92,86,87,0,0
93,87,88,0,0
94,88,89,0,0
95,89,90,0,0
96,90,91,0,0
97,90,92,0,0
98,90,93,0,0
99,91,94,0,0
100,92,95,0,0
101,92,95,0,0
102,93,96,0,0
103,94,97,0,0
104,95,98,0,0
105,96,99,0,0
106,97,100,0,0
107,98,101,0,0
108,99,102,0,0
109,100,103,0,0
110,101,104,0,0
111,102,105,0,0
112,103,106,0,0
113,104,107,0,0
114,105,108,0,0
115,106,109,0,0
116,107,110,0,0
117,108,111,0,0
118,108,111,0,0
119,109,112,0,0
120,110,113,0,0
121,111,114,0,0
122,112,115,0,0
123,113,116,0,0
124,114,117,0,0
125,114,117,0,0
126,115,118,0,0
127,116,119,0,0
128,117,120,0,0
129,118,121,0,0
130,118,121,0,0
131,119,122,0,0
132,120,123,0,0
133,121,124,0,0
134,121,125,0,0
135,122,126,0,0
136,123,127,0,0
137,124,128,0,0
138,125,129,0,0
139,126,130,0,0
140,127,131,0,0
141,128,132,0,0
142,129,133,0,0
143,129,133,0,0
144,130,134,0,0
145,131,135,0,0
146,132,136,0,0
147,133,137,0,0
148,134,138,0,0
149,135,139,0,0
150,136,140,0,0
151,137,141,0,0
152,137,141,0,0
153,138,142,0,0
154,139,143,0,0
155,140,144,0,0
156,140,144,0,0
157,141,145,0,0
158,142,146,0,0
159,143,147,0,0
160,144,148,0,0
161,144,149,0,0
162,145,150,0,0
163,146,151,0,0
164,147,152,0,0
165,147,152,0,0
166,148,153,0,0
167,149,154,0,0
168,150,155,0,0
169,151,156,0,0
170,152,157,0,0
171,153,158,0,0
172,154,159,0,0
173,155,160,0,0
174,155,160,0,0
175,156,161,0,0
176,157,162,0,0
177,157,162,0,0
178,158,163,0,0
179,159,164,0,0
180,160,165,0,0
181,161,166,0,0
182,162,167,0,0
183,162,167,0,0
184,162,167,0,0
185,163,168,0,0
186,164,169,0,0
187,164,169,0,0
188,165,170,0,0
189,166,171,0,0
190,167,172,0,0
191,168,173,0,0
192,169,174,0,0
193,170,175,0,0
194,171,176,0,0
195,171,176,0,0
196,172,177,0,0
197,173,178,0,0
198,174,179,0,0
199,175,180,0,0
200,176,181,0,0
201,177,182,0,0
202,177,182,0,0
202,177,182,0,0
203,177,182,0,0
204,178,183,0,0
205,179,184,0,0
206,180,185,0,0
207,181,186,0,0
208,182,187,0,0
209,183,188,0,0
210,184,189,0,0
211,185,190,0,0
212,186,191,0,0
213,187,192,0,0
214,188,193,0,0
215,189,194,0,0
216,190,195,0,0
217,191,196,0,0
218,192,197,0,0
219,193,198,0,0
220,194,199,0,0
221,195,200,0,0
222,195,200,0,0
223,196,201,0,0
224,197,202,0,0
225,198,203,0,0
226,199,204,0,0
227,200,205,0,0
228,201,206,0,0
229,202,207,0,0
230,203,208,0,0
231,204,209,0,0
232,205,210,0,0
233,206,211,0,0
234,207,212,0,0
235,208,213,0,0
236,209,214,0,0
237,210,215,0,0
238,211,216,0,0
239,212,217,0,0
240,213,218,0,0
241,214,219,0,0
242,215,220,0,0
243,216,221,0,0
244,216,221,0,0
245,216,221,0,0
246,216,222,0,0
247,217,223,0,0
248,218,224,0,0
249,218,224,0,0
250,219,225,0,0
251,220,226,0,0
252,221,227,0,0
253,222,228,0,0
254,223,229,0,0
255,224,230,0,0
256,225,231,0,0
257,226,232,0,0
258,227,233,0,0
259,228,234,0,0
260,229,235,0,0
261,230,236,0,0
262,231,237,0,0
263,232,238,0,0
264,233,239,0,0
265,234,240,0,0
266,235,241,0,0
267,236,242,0,0
268,237,243,0,0
269,238,244,0,0
270,238,244,0,0
271,239,245,0,0
272,240,246,0,0
273,241,247,0,0
274,242,248,0,0
275,243,249,0,0
276,244,250,0,0
277,245,251,0,0
278,246,252,0,0
279,247,253,0,0
280,248,254,0,0
281,249,255,0,0
282,250,256,0,0
283,251,257,0,0
284,251,257,0,0
285,251,257,0,0
286,252,258,0,0
287,253,259,0,0
288,254,260,0,0
289,255,261,0,0
290,256,262,0,0
291,257,263,0,0
292,258,264,0,0
293,259,265,0,0
294,260,266,0,0
295,261,267,0,0
296,261,267,0,0
297,262,268,0,0
298,263,269,0,0
299,264,270,0,0
300,265,271,0,0
301,266,272,0,0
302,267,273,0,0
303,268,274,0,0
304,269,275,0,0
305,270,276,0,0
306,271,277,0,0
307,272,278,0,0
308,273,279,0,0
309,274,280,0,0
310,275,281,0,0
311,276,282,0,0
312,277,283,0,0
313,278,284,0,0
314,279,285,0,0
315,280,286,0,0
316,281,287,0,0
317,281,288,0,0
318,282,289,0,0
319,283,290,0,0
320,284,291,0,0
321,285,292,0,0
322,286,293,0,0
323,287,294,0,0
324,288,295,0,0
325,289,296,0,0
326,290,297,0,0
327,291,298,0,0
328,292,299,0,0
329,292,299,0,0
330,293,300,0,0
331,294,301,0,0
332,295,302,0,0
333,296,303,0,0
334,297,304,0,0
335,298,305,0,0
336,298,305,0,0
337,298,305,0,0
338,299,306,0,0
339,300,307,0,0
340,301,308,0,0
341,302,309,0,0
342,303,310,0,0
343,304,311,0,0
344,305,312,0,0
345,305,312,0,0
346,306,313,0,0
347,306,313,0,0
348,307,314,0,0
349,308,315,0,0
350,309,316,0,0
351,310,317,0,0
352,311,318,0,0
353,312,319,0,0
354,313,320,0,0
355,314,321,0,0
356,315,322,0,0
357,316,323,0,0
358,317,324,0,0
359,318,325,0,0
360,319,326,0,0
361,320,327,0,0
362,321,328,0,0
363,322,329,0,0
364,323,330,0,0
365,324,331,0,0
366,325,332,0,0
367,326,333,0,0
368,327,334,0,0
369,328,335,0,0
370,328,335,0,0
371,329,336,0,0
372,330,337,0,0
373,330,337,0,0
374,331,338,0,0
375,331,338,0,0
376,332,339,0,0
377,333,340,0,0
378,334,341,0,0
379,335,342,0,0
380,336,343,0,0
381,337,344,0,0
382,338,345,0,0
383,339,346,0,0
384,340,347,0,0
385,341,348,0,0
386,342,349,0,0
387,343,350,0,0
388,344,351,0,0
389,345,352,0,0
390,346,353,0,0
391,347,354,0,0
392,348,355,0,0
393,349,356,0,0
394,350,357,0,0
395,351,358,0,0
396,352,359,0,0
397,353,360,0,0
398,354,361,0,0
399,355,362,0,0
400,356,363,0,0
401,357,364,0,0
402,358,365,0,0
403,359,366,0,0
404,360,367,0,0
405,360,367,0,0
406,361,368,0,0
407,362,369,0,0
408,363,370,0,0
409,364,371,0,0
410,365,372,0,0
411,366,373,0,0
412,366,373,0,0
413,367,374,0,0
414,368,375,0,0
415,369,376,0,0
416,370,377,0,0
417,371,378,0,0
418,372,379,0,0
419,373,380,0,0
420,374,381,0,0
421,375,382,0,0
422,376,383,0,0
423,377,384,0,0
424,377,384,0,0
425,378,385,0,0
426,379,386,0,0
427,380,387,0,0
428,381,388,0,0
429,382,389,0,0
430,383,390,0,0
431,384,391,0,0
432,385,392,0,0
433,386,393,0,0
434,387,394,0,0
435,388,395,0,0
436,388,395,0,0
437,389,396,0,0
438,390,397,0,0
439,391,398,0,0
440,392,399,0,0
441,392,400,0,0
442,393,401,0,0
443,394,402,0,0
444,395,403,0,0
445,396,404,0,0
446,397,405,0,0
447,398,406,0,0
448,399,407,0,0
449,400,408,0,0
450,401,409,0,0
451,401,409,0,0
452,401,409,0,0
453,402,410,0,0
454,403,411,0,0
455,404,412,0,0
456,405,413,0,0
457,406,414,0,0
458,407,415,0,0
459,407,415,0,0
460,408,416,0,0
461,409,417,0,0
462,410,418,0,0
463,411,419,0,0
464,412,420,0,0
465,413,421,0,0
466,414,422,0,0
467,415,423,0,0
468,416,424,0,0
469,417,425,0,0
470,418,426,0,0
471,419,427,0,0
472,420,428,0,0
473,421,429,0,0
474,422,430,0,0
475,423,431,0,0
476,424,432,0,0
477,425,433,0,0
478,426,434,0,0
479,427,435,0,0
480,428,436,0,0
481,429,437,0,0
482,430,438,0,0
483,431,439,0,0
484,432,440,0,0
485,433,441,0,0
486,434,442,0,0
487,435,443,0,0
488,436,444,0,0
489,437,445,0,0
490,437,446,0,0
491,438,447,0,0
492,439,448,0,0
493,440,449,0,0
494,441,450,0,0
495,442,451,0,0
496,443,452,0,0
497,444,453,0,0
498,445,454,0,0
499,446,455,0,0
500,446,455,0,0
501,446,455,0,0
502,447,456,0,0
503,448,457,0,0
504,449,458,0,0
505,450,459,0,0
506,451,460,0,0
507,452,461,0,0
508,452,462,0,0
509,452,462,0,0
510,453,463,0,0
511,454,464,0,0
512,455,465,0,0
513,456,466,0,0
514,457,467,0,0
515,458,468,0,0
516,459,469,0,0
517,460,470,0,0
518,461,471,0,0
519,462,472,0,0
520,462,472,0,0
521,463,473,0,0
522,464,474,0,0
523,465,475,0,0
524,466,476,0,0
525,467,477,0,0
526,468,478,0,0
527,469,479,0,0
528,470,480,0,0
529,471,481,0,0
530,472,482,0,0
531,473,483,0,0
532,473,483,0,0
533,474,484,0,0
534,475,485,0,0
535,476,486,0,0
536,477,487,0,0
537,478,488,0,0
538,479,489,0,0
539,479,489,0,0
540,480,490,0,0
541,481,491,0,0
542,482,492,0,0
543,483,493,0,0
544,484,494,0,0
545,485,495,0,0
546,486,496,0,0
547,487,497,0,0
548,488,498,0,0
549,489,499,0,0
550,490,500,0,0
551,491,501,0,0
552,492,502,0,0
553,493,503,0,0
554,494,504,0,0
555,495,505,0,0
556,496,506,0,0
557,497,507,0,0
558,498,508,0,0
559,499,509,0,0
560,500,510,0,0
561,501,511,0,0
562,502,512,0,0
563,503,513,0,0
564,504,514,0,0
565,504,514,0,0
566,505,515,0,0
567,506,516,0,0
568,507,517,0,0
569,508,518,0,0
570,509,519,0,0
571,510,520,0,0
572,511,521,0,0
573,512,522,0,0
574,513,523,0,0
575,514,524,0,0
576,515,525,0,0
577,516,526,0,0
578,517,527,0,0
579,518,528,0,0
580,519,529,0,0
581,520,530,0,0
582,521,531,0,0
583,522,532,0,0
584,523,533,0,0
585,524,534,0,0
586,525,535,0,0
587,526,536,0,0
588,527,537,0,0
589,527,537,0,0
590,528,538,0,0
591,529,539,0,0
592,530,540,0,0
593,531,541,0,0
594,531,541,0,0
595,532,542,0,0
596,533,543,0,0
597,534,544,0,0
598,535,545,0,0
599,536,546,0,0
600,537,547,0,0
601,538,548,0,0
602,539,549,0,0
603,540,550,0,0
604,541,551,0,0
605,542,552,0,0
606,542,552,0,0
607,542,552,0,0
608,543,553,0,0
609,544,554,0,0
610,545,555,0,0
611,546,556,0,0
612,547,557,0,0
613,547,557,0,0
614,548,558,0,0
615,549,559,0,0
616,550,560,0,0
617,551,561,0,0
618,552,562,0,0
619,553,563,0,0
620,554,564,0,0
621,555,565,0,0
622,556,566,0,0
623,557,567,0,0
624,558,568,0,0
625,559,569,0,0
626,559,569,0,0
627,559,569,0,0
628,560,570,0,0
629,560,570,0,0
630,561,571,0,0
631,562,572,0,0
632,563,573,0,0
633,564,574,0,0
634,565,575,0,0
635,566,576,0,0
636,567,577,0,0
637,567,577,0,0
638,568,578,0,0
639,569,579,0,0
640,570,580,0,0
641,571,581,0,0
642,572,582,0,0
643,573,583,0,0
644,574,584,0,0
645,575,585,0,0
646,576,586,0,0
647,577,587,0,0
648,578,588,0,0
649,579,589,0,0
650,580,590,0,0
651,581,591,0,0
652,582,592,0,0
653,582,592,0,0
654,583,593,0,0
655,583,594,0,0
656,584,595,0,0
657,585,596,0,0
658,586,597,0,0
659,587,598,0,0
660,588,599,0,0
661,589,600,0,0
662,589,601,0,0
663,590,602,0,0
664,591,603,0,0
665,592,604,0,0
666,593,605,0,0
667,594,606,0,0
668,595,607,0,0
669,596,608,0,0
670,596,608,0,0
671,597,609,0,0
672,598,610,0,0
673,599,611,0,0
674,600,612,0,0
675,600,612,0,0
676,601,613,0,0
677,602,614,0,0
678,603,615,0,0
679,603,615,0,0
680,604,616,0,0
681,605,617,0,0
682,606,618,0,0
683,607,619,0,0
684,608,620,0,0
685,609,621,0,0
686,610,622,0,0
687,611,623,0,0
688,611,623,0,0
689,612,624,0,0
690,613,625,0,0
691,614,626,0,0
692,615,627,0,0
693,616,628,0,0
694,617,629,0,0
695,618,630,0,0
696,619,631,0,0
697,620,632,0,0
698,621,633,0,0
699,622,634,0,0
700,623,635,0,0
701,624,636,0,0
702,625,637,0,0
703,626,638,0,0
704,627,639,0,0
705,628,640,0,0
706,629,641,0,0
707,630,642,0,0
708,631,643,0,0
709,632,644,0,0
710,633,645,0,0
711,634,646,0,0
712,635,647,0,0
713,636,648,0,0
714,637,649,0,0
715,638,650,0,0
716,639,651,0,0
717,640,652,0,0
718,641,653,0,0
719,642,654,0,0
720,643,655,0,0
721,644,656,0,0
722,645,657,0,0
723,646,658,0,0
724,647,659,0,0
725,648,660,0,0
726,649,661,0,0
727,650,662,0,0
728,651,663,0,0
729,652,664,0,0
730,653,665,0,0
731,654,666,0,0
732,655,667,0,0
733,655,667,0,0
734,656,668,0,0
735,657,669,0,0
736,658,670,0,0
737,659,671,0,0
738,660,672,0,0
739,661,673,0,0
740,662,674,0,0
741,663,675,0,0
742,664,676,0,0
743,664,677,0,0
744,665,678,0,0
745,666,679,0,0
746,667,680,0,0
747,668,681,0,0
748,669,682,0,0
749,670,683,0,0
750,670,683,0,0
751,671,684,0,0
752,672,685,0,0
753,673,686,0,0
754,674,687,0,0
755,675,688,0,0
756,676,689,0,0
757,677,690,0,0
758,678,691,0,0
759,679,692,0,0
760,680,693,0,0
761,681,694,0,0
762,682,695,0,0
763,683,696,0,0
764,684,697,0,0
765,685,698,0,0
766,686,699,0,0
767,686,699,0,0
768,687,700,0,0
769,688,701,0,0
770,689,702,0,0
771,690,703,0,0
772,691,704,0,0
773,692,705,0,0
774,692,706,0,0
775,693,707,0,0
776,694,708,0,0
777,695,709,0,0
778,696,710,0,0
779,697,711,0,0
780,698,712,0,0
781,699,713,0,0
782,700,714,0,0
783,701,715,0,0
784,702,716,0,0
785,703,717,0,0
786,704,718,0,0
787,705,719,0,0
788,706,720,0,0
789,707,721,0,0
790,708,722,0,0
791,709,723,0,0
792,710,724,0,0
793,711,725,0,0
794,712,726,0,0
795,713,727,0,0
796,713,727,0,0
797,714,728,0,0
798,715,729,0,0
799,716,730,0,0
800,717,731,0,0
801,718,732,0,0
802,719,733,0,0
803,720,734,0,0
804,721,735,0,0
805,722,736,0,0
806,722,737,0,0
807,722,738,0,0
808,723,739,0,0
809,723,739,0,0
810,724,740,0,0
811,725,741,0,0
812,726,742,0,0
813,727,743,0,0
814,728,744,0,0
815,729,745,0,0
816,730,746,0,0
817,731,747,0,0
818,732,748,0,0
819,733,749,0,0
820,734,750,0,0
821,735,751,0,0
822,736,752,0,0
823,737,753,0,0
824,738,754,0,0
825,739,755,0,0
826,740,756,0,0
827,741,757,0,0
828,742,758,0,0
829,743,759,0,0
830,744,760,0,0
831,745,761,0,0
832,746,762,0,0
833,747,763,0,0
834,747,763,0,0
835,748,764,0,0
836,749,765,0,0
837,750,766,0,0
838,751,767,0,0
839,751,767,0,0
840,752,768,0,0
841,753,769,0,0
842,754,770,0,0
843,755,771,0,0
844,756,772,0,0
845,757,773,0,0
846,758,774,0,0
847,759,775,0,0
848,760,776,0,0
849,761,777,0,0
850,762,778,0,0
851,763,779,0,0
852,764,780,0,0
853,764,780,0,0
854,764,780,0,0
855,765,781,0,0
856,765,781,0,0
857,766,782,0,0
858,767,783,0,0
859,768,784,0,0
860,769,785,0,0
861,770,786,0,0
862,770,786,0,0
863,771,787,0,0
864,772,788,0,0
865,773,789,0,0
866,774,790,0,0
867,775,791,0,0
868,776,792,0,0
869,777,793,0,0
870,778,794,0,0
871,779,795,0,0
872,780,796,0,0
873,781,797,0,0
874,781,797,0,0
875,781,797,0,0
876,782,798,0,0
877,783,799,0,0
878,784,800,0,0
879,785,801,0,0
880,786,802,0,0
881,787,803,0,0
882,788,804,0,0
883,789,805,0,0
883,789,805,0,0
884,790,806,0,0
885,791,807,0,0
886,792,808,0,0
887,793,809,0,0
888,794,810,0,0
889,795,811,0,0
890,796,812,0,0
891,797,813,0,0
892,798,814,0,0
893,799,815,0,0
894,800,816,0,0
895,801,817,0,0
896,802,818,0,0
897,803,819,0,0
898,804,820,0,0
899,805,821,0,0
900,806,822,0,0
901,807,823,0,0
902,808,824,0,0
903,808,825,0,0
904,808,826,0,0
905,809,827,0,0
906,810,828,0,0
907,811,829,0,0
908,812,830,0,0
909,813,831,0,0
910,814,832,0,0
911,815,833,0,0
912,816,834,0,0
913,817,835,0,0
914,818,836,0,0
915,819,837,0,0
916,820,838,0,0
917,821,839,0,0
918,822,840,0,0
919,823,841,0,0
920,824,842,0,0
921,825,843,0,0
922,825,844,0,0
923,826,845,0,0
924,827,846,0,0
925,828,847,0,0
926,829,848,0,0
927,830,849,0,0
928,831,850,0,0
929,832,851,0,0
930,833,852,0,0
931,834,853,0,0
932,835,854,0,0
933,835,854,0,0
934,835,854,0,0
935,836,855,0,0
936,837,856,0,0
937,838,857,0,0
938,839,858,0,0
939,839,858,0,0
940,840,859,0,0
941,841,860,0,0
942,842,861,0,0
943,843,862,0,0
944,844,863,0,0
945,845,864,0,0
946,846,865,0,0
947,847,866,0,0
948,848,867,0,0
949,849,868,0,0
950,850,869,0,0
951,851,870,0,0
952,852,871,0,0
953,853,872,0,0
954,854,873,0,0
955,855,874,0,0
956,856,875,0,0
957,857,876,0,0
958,858,877,0,0
959,859,878,0,0
960,860,879,0,0
961,861,880,0,0
962,862,881,0,0
963,863,882,0,0
964,864,883,0,0
965,865,884,0,0
966,866,885,0,0
967,866,886,0,0
968,867,887,0,0
969,868,888,0,0
970,869,889,0,0
971,870,890,0,0
972,871,891,0,0
973,872,892,0,0
974,873,893,0,0
975,874,894,0,0
976,875,895,0,0
977,875,896,0,0
978,875,897,0,0
979,875,897,0,0
980,876,898,0,0
981,877,899,0,0
982,878,900,0,0
983,879,901,0,0
984,880,902,0,0
985,880,902,0,0
986,881,903,0,0
987,882,904,0,0
988,883,905,0,0
989,884,906,0,0
990,885,907,0,0
991,886,908,0,0
992,887,909,0,0
993,888,910,0,0
994,889,911,0,0
995,890,912,0,0
996,891,913,0,0
997,892,914,0,0
998,893,915,0,0
999,893,916,0,0
1000,893,916,0,0
1001,894,917,0,0
1002,895,918,0,0
1003,896,919,0,0
1004,897,920,0,0
1005,897,920,0,0
1006,897,920,0,0
1007,897,920,0,0
1008,898,921,0,0
1009,899,922,0,0
1010,900,923,0,0
1011,901,924,0,0
1012,902,925,0,0
1013,903,926,0,0
1014,904,927,0,0
1015,905,928,0,0
1016,906,929,0,0
1017,907,930,0,0
1018,908,931,0,0
1019,909,932,0,0
1020,910,933,0,0
1021,911,934,0,0
1022,912,935,0,0
1023,913,936,0,0
1024,914,937,0,0
1025,915,938,0,0
1026,916,939,0,0
1027,917,940,0,0
1028,918,941,0,0
1029,919,942,0,0
1030,919,943,0,0
1031,920,944,0,0
1032,921,945,0,0
1033,922,946,0,0
1034,923,947,0,0
1035,924,948,0,0
1036,925,949,0,0
1037,926,950,0,0
1038,926,950,0,0
1039,927,951,0,0
1040,928,952,0,0
1041,928,952,0,0
1042,929,953,0,0
1043,930,954,0,0
1044,931,955,0,0
1045,932,956,0,0
1046,933,957,0,0
1047,934,958,0,0
1048,935,959,0,0
1049,936,960,0,0
1050,937,961,0,0
1051,938,962,0,0
1052,938,962,0,0
1053,939,963,0,0
1054,940,964,0,0
1055,941,965,0,0
1056,942,966,0,0
1057,943,967,0,0
1058,944,968,0,0
1059,945,969,0,0
1060,946,970,0,0
1061,946,970,0,0
1062,947,971,0,0
1063,948,972,0,0
1064,949,973,0,0
1065,950,974,0,0
1066,951,975,0,0
1067,952,976,0,0
1068,953,977,0,0
1069,954,978,0,0
1070,955,979,0,0
1071,956,980,0,0
1072,957,981,0,0
1073,958,982,0,0
1074,959,983,0,0
1075,959,984,0,0
1076,959,985,0,0
1077,960,986,0,0
1078,961,987,0,0
1079,962,988,0,0
1080,963,989,0,0
1081,964,990,0,0
1082,965,991,0,0
1083,966,992,0,0
1084,967,993,0,0
1085,968,994,0,0
1086,969,995,0,0
1087,970,996,0,0
1088,971,997,0,0
1089,972,998,0,0
1090,972,998,0,0
1091,973,999,0,0
1092,974,1000,0,0
1093,975,1001,0,0
1094,976,1002,0,0
1095,977,1003,0,0
1096,978,1004,0,0
1097,979,1005,0,0
1098,980,1006,0,0
1099,981,1007,0,0
1100,982,1008,0,0
1101,983,1009,0,0
1102,984,1010,0,0
1103,985,1011,0,0
1104,986,1012,0,0
1105,987,1013,0,0
1106,988,1014,0,0
1107,989,1015,0,0
1108,990,1016,0,0
1109,991,1017,0,0
1110,991,1017,0,0
1111,991,1017,0,0
1112,992,1018,0,0
1113,993,1019,0,0
1114,994,1020,0,0
1115,995,1021,0,0
1116,996,1022,0,0
1117,997,1023,0,0
1118,998,1024,0,0
1119,999,1025,0,0
1120,1000,1026,0,0
1121,1001,1027,0,0
1122,1002,1028,0,0
1123,1003,1029,0,0
1124,1004,1030,0,0
1125,1005,1031,0,0
1126,1006,1032,0,0
1127,1007,1033,0,0
1128,1007,1033,0,0
1129,1008,1034,0,0
1130,1009,1035,0,0
1131,1010,1036,0,0
1132,1010,1036,0,0
1133,1011,1037,0,0
1134,1012,1038,0,0
1135,1013,1039,0,0
1136,1014,1040,0,0
1137,1015,1041,0,0
1138,1016,1042,0,0
1138,1016,1042,0,0
1139,1017,1043,0,0
1140,1018,1044,0,0
1141,1019,1045,0,0
1142,1020,1046,0,0
1143,1021,1047,0,0
1144,1022,1048,0,0
1145,1023,1049,0,0
1146,1024,1050,0,0
1147,1025,1051,0,0
1148,1026,1052,0,0
1149,1027,1053,0,0
1150,1028,1054,0,0
1151,1029,1055,0,0
1152,1030,1056,0,0
1153,1031,1057,0,0
1154,1032,1058,0,0
1155,1033,1059,0,0
1156,1034,1060,0,0
1157,1035,1061,0,0
1158,1036,1062,0,0
1159,1037,1063,0,0
1160,1038,1064,0,0
1161,1039,1065,0,0
1162,1040,1066,0,0
1163,1041,1067,0,0
1164,1042,1068,0,0
1165,1043,1069,0,0
1166,1044,1070,0,0
1167,1045,1071,0,0
1168,1046,1072,0,0
1169,1047,1073,0,0
1170,1048,1074,0,0
1171,1049,1075,0,0
1172,1050,1076,0,0
1173,1051,1077,0,0
1174,1052,1078,0,0
1175,1053,1079,0,0
1176,1053,1079,0,0
1177,1054,1080,0,0
1178,1054,1080,0,0
1179,1055,1081,0,0
1180,1056,1082,0,0
1181,1056,1082,0,0
1182,1057,1083,0,0
1183,1058,1084,0,0
1184,1059,1085,0,0
1185,1060,1086,0,0
1186,1061,1087,0,0
1187,1062,1088,0,0
1188,1063,1089,0,0
1189,1064,1090,0,0
1190,1065,1091,0,0
1191,1066,1092,0,0
1192,1067,1093,0,0
1193,1068,1094,0,0
1194,1069,1095,0,0
1195,1070,1096,0,0
1196,1071,1097,0,0
1197,1072,1098,0,0
1198,1073,1099,0,0
1199,1074,1100,0,0
1200,1075,1101,0,0
1201,1076,1102,0,0
1202,1077,1103,0,0
1203,1078,1104,0,0
1204,1078,1104,0,0
1205,1079,1105,0,0
1206,1080,1106,0,0
1207,1081,1107,0,0
1208,1081,1108,0,0
1209,1082,1109,0,0
1210,1083,1110,0,0
1211,1084,1111,0,0
1212,1085,1112,0,0
1213,1086,1113,0,0
1214,1087,1114,0,0
1215,1088,1115,0,0
1216,1089,1116,0,0
1217,1090,1117,0,0
1218,1091,1118,0,0
1219,1092,1119,0,0
1220,1093,1120,0,0
1221,1094,1121,0,0
1222,1095,1122,0,0
1223,1096,1123,0,0
1224,1097,1124,0,0
1225,1098,1125,0,0
1226,1099,1126,0,0
1227,1100,1127,0,0
1228,1101,1128,0,0
1229,1102,1129,0,0
1230,1103,1130,0,0
1231,1104,1131,0,0
1232,1105,1132,0,0
1233,1105,1133,0,0
1234,1106,1134,0,0
1235,1107,1135,0,0
1236,1108,1136,0,0
1237,1109,1137,0,0
1238,1110,1138,0,0
1239,1110,1138,0,0
1240,1111,1139,0,0
1241,1112,1140,0,0
1242,1113,1141,0,0
1243,1114,1142,0,0
1244,1115,1143,0,0
1245,1116,1144,0,0
1246,1117,1145,0,0
1247,1118,1146,0,0
1248,1119,1147,0,0
1249,1120,1148,0,0
1250,1121,1149,0,0
1251,1122,1150,0,0
1252,1122,1150,0,0
1253,1123,1151,0,0
1254,1124,1152,0,0
1255,1125,1153,0,0
1256,1125,1154,0,0
1257,1125,1155,0,0
1258,1125,1155,0,0
1259,1126,1156,0,0
1260,1127,1157,0,0
1261,1128,1158,0,0
1262,1128,1159,0,0
1263,1129,1160,0,0
1264,1130,1161,0,0
1265,1131,1162,0,0
1266,1132,1163,0,0
1267,1133,1164,0,0
1268,1133,1164,0,0
1269,1134,1165,0,0
1270,1135,1166,0,0
1271,1136,1167,0,0
1272,1136,1167,0,0
1273,1137,1168,0,0
1273,1137,1168,0,0
1274,1138,1169,0,0
1275,1138,1169,0,0
1276,1138,1169,0,0
1277,1139,1170,0,0
1278,1140,1171,0,0
1279,1141,1172,0,0
1280,1142,1173,0,0
1281,1143,1174,0,0
1282,1144,1175,0,0
1283,1145,1176,0,0
1284,1146,1177,0,0
1285,1147,1178,0,0
1286,1148,1179,0,0
1287,1149,1180,0,0
1288,1150,1181,0,0
1289,1150,1182,0,0
1290,1151,1183,0,0
1291,1152,1184,0,0
1292,1153,1185,0,0
1293,1154,1186,0,0
1294,1155,1187,0,0
1295,1156,1188,0,0
1296,1157,1189,0,0
1297,1158,1190,0,0
1298,1158,1190,0,0
1299,1159,1191,0,0
1300,1160,1192,0,0
1301,1160,1193,0,0
1302,1161,1194,0,0
1303,1162,1195,0,0
1304,1163,1196,0,0
1305,1164,1197,0,0
1306,1165,1198,0,0
1307,1166,1199,0,0
1308,1167,1200,0,0
1309,1168,1201,0,0
1310,1169,1202,0,0
1311,1170,1203,0,0
1312,1171,1204,0,0
1313,1172,1205,0,0
1314,1173,1206,0,0
1315,1174,1207,0,0
1316,1175,1208,0,0
1317,1176,1209,0,0
1318,1177,1210,0,0
1319,1178,1211,0,0
1320,1179,1212,0,0
1321,1180,1213,0,0
1322,1181,1214,0,0
1323,1181,1214,0,0
1324,1182,1215,0,0
1325,1183,1216,0,0
1326,1184,1217,0,0
1327,1184,1217,0,0
1328,1185,1218,0,0
1329,1186,1219,0,0
1330,1187,1220,0,0
1331,1188,1221,0,0
1332,1189,1222,0,0
1333,1190,1223,0,0
1334,1191,1224,0,0
1335,1192,1225,0,0
1336,1193,1226,0,0
1337,1194,1227,0,0
1338,1195,1228,0,0
1339,1196,1229,0,0
1340,1197,1230,0,0
1341,1198,1231,0,0
1342,1199,1232,0,0
1343,1200,1233,0,0
1344,1201,1234,0,0
1345,1202,1235,0,0
1346,1203,1236,0,0
1347,1204,1237,0,0
1348,1205,1238,0,0
1349,1206,1239,0,0
1350,1206,1240,0,0
1351,1206,1241,0,0
1352,1207,1242,0,0
1353,1208,1243,0,0
1354,1209,1244,0,0
1355,1210,1245,0,0
1356,1211,1246,0,0
1357,1212,1247,0,0
1358,1213,1248,0,0
1359,1214,1249,0,0
1360,1215,1250,0,0
1361,1216,1251,0,0
1362,1217,1252,0,0
1363,1218,1253,0,0
1364,1218,1253,0,0
1365,1219,1254,0,0
1366,1220,1255,0,0
1367,1221,1256,0,0
1368,1222,1257,0,0
1369,1223,1258,0,0
1370,1224,1259,0,0
1371,1225,1260,0,0
1372,1226,1261,0,0
1373,1227,1262,0,0
1374,1228,1263,0,0
1375,1229,1264,0,0
1376,1230,1265,0,0
1377,1231,1266,0,0
1378,1231,1266,0,0
1379,1232,1267,0,0
1380,1233,1268,0,0
1381,1234,1269,0,0
1382,1235,1270,0,0
1383,1236,1271,0,0
1384,1237,1272,0,0
1385,1238,1273,0,0
1386,1239,1274,0,0
1387,1240,1275,0,0
1388,1241,1276,0,0
1389,1242,1277,0,0
1390,1243,1278,0,0
1391,1244,1279,0,0
1391,1244,1279,0,0
1392,1245,1280,0,0
1393,1246,1281,0,0
1394,1247,1282,0,0
1395,1248,1283,0,0
1396,1249,1284,0,0
1397,1250,1285,0,0
1398,1251,1286,0,0
1399,1252,1287,0,0
1400,1253,1288,0,0
1401,1254,1289,0,0
1402,1255,1290,0,0
1403,1255,1290,0,0
1404,1256,1291,0,0
1405,1257,1292,0,0
1406,1258,1293,0,0
1407,1259,1294,0,0
1407,1259,1294,0,0
1408,1260,1295,0,0
1409,1261,1296,0,0
1410,1262,1297,0,0
1411,1262,1297,0,0
1412,1263,1298,0,0
1413,1264,1299,0,0
1414,1265,1300,0,0
1415,1266,1301,0,0
1416,1267,1302,0,0
1417,1267,1303,0,0
1418,1268,1304,0,0
1419,1269,1305,0,0
1420,1270,1306,0,0
1421,1271,1307,0,0
1422,1271,1307,0,0
1423,1272,1308,0,0
1424,1273,1309,0,0
1425,1274,1310,0,0
1426,1275,1311,0,0
1427,1276,1312,0,0
1428,1277,1313,0,0
1429,1278,1314,0,0
1430,1279,1315,0,0
1431,1280,1316,0,0
1432,1280,1316,0,0
1433,1281,1317,0,0
1434,1282,1318,0,0
1435,1283,1319,0,0
1436,1284,1320,0,0
1437,1284,1320,0,0
1438,1285,1321,0,0
1439,1286,1322,0,0
1440,1287,1323,0,0
1441,1288,1324,0,0
1442,1289,1325,0,0
1443,1290,1326,0,0
1444,1291,1327,0,0
1445,1292,1328,0,0
1446,1293,1329,0,0
1447,1293,1329,0,0
1448,1294,1330,0,0
1449,1295,1331,0,0
1450,1296,1332,0,0
1451,1297,1333,0,0
1452,1298,1334,0,0
1453,1298,1335,0,0
1454,1299,1336,0,0
1455,1300,1337,0,0
1456,1301,1338,0,0
1457,1302,1339,0,0
1458,1303,1340,0,0
1459,1304,1341,0,0
1460,1305,1342,0,0
1461,1306,1343,0,0
1462,1307,1344,0,0
1463,1308,1345,0,0
1464,1309,1346,0,0
1465,1310,1347,0,0
1466,1311,1348,0,0
1467,1312,1349,0,0
1468,1313,1350,0,0
1469,1314,1351,0,0
1470,1315,1352,0,0
1471,1316,1353,0,0
1472,1317,1354,0,0
1473,1318,1355,0,0
1474,1319,1356,0,0
1475,1319,1357,0,0
1476,1320,1358,0,0
1477,1321,1359,0,0
1478,1322,1360,0,0
1479,1323,1361,0,0
1480,1324,1362,0,0
1481,1325,1363,0,0
1482,1325,1363,0,0
1483,1326,1364,0,0
1484,1327,1365,0,0
1485,1328,1366,0,0
1486,1329,1367,0,0
1487,1330,1368,0,0
1488,1331,1369,0,0
1489,1332,1370,0,0
1490,1333,1371,0,0
1491,1334,1372,0,0
1492,1335,1373,0,0
1493,1336,1374,0,0
1494,1337,1375,0,0
1495,1338,1376,0,0
1496,1338,1376,0,0
1497,1339,1377,0,0
1498,1340,1378,0,0
1499,1341,1379,0,0
1500,1342,1380,0,0
1501,1343,1381,0,0
1502,1343,1381,0,0
1503,1344,1382,0,0
1504,1345,1383,0,0
1505,1346,1384,0,0
1506,1347,1385,0,0
1507,1347,1386,0,0
1508,1347,1386,0,0
1508,1347,1386,0,0
1509,1348,1387,0,0
1510,1349,1388,0,0
1511,1350,1389,0,0
1512,1351,1390,0,0
1513,1352,1391,0,0
1514,1353,1392,0,0
1515,1354,1393,0,0
1516,1355,1394,0,0
1517,1356,1395,0,0
1518,1357,1396,0,0
1519,1358,1397,0,0
1520,1359,1398,0,0
1521,1360,1399,0,0
1522,1361,1400,0,0
1523,1362,1401,0,0
1524,1363,1402,0,0
1525,1364,1403,0,0
1526,1365,1404,0,0
1527,1365,1405,0,0
1528,1366,1406,0,0
1529,1367,1407,0,0
1530,1368,1408,0,0
1531,1369,1409,0,0
1532,1370,1410,0,0
1533,1371,1411,0,0
1534,1372,1412,0,0
1535,1373,1413,0,0
1536,1374,1414,0,0
1537,1375,1415,0,0
1538,1376,1416,0,0
1539,1376,1416,0,0
1540,1377,1417,0,0
1541,1378,1418,0,0
1542,1379,1419,0,0
1543,1380,1420,0,0
1544,1381,1421,0,0
1545,1382,1422,0,0
1546,1383,1423,0,0
1547,1383,1424,0,0
1548,1384,1425,0,0
1549,1385,1426,0,0
1550,1386,1427,0,0
1551,1387,1428,0,0
1552,1388,1429,0,0
1553,1389,1430,0,0
1554,1389,1430,0,0
1555,1390,1431,0,0
1556,1391,1432,0,0
1557,1392,1433,0,0
1558,1393,1434,0,0
1559,1394,1435,0,0
1560,1395,1436,0,0
1561,1395,1436,0,0
1562,1395,1436,0,0
1563,1396,1437,0,0
1564,1397,1438,0,0
1565,1398,1439,0,0
1566,1399,1440,0,0
1567,1400,1441,0,0
1568,1401,1442,0,0
1569,1402,1443,0,0
1570,1403,1444,0,0
1571,1404,1445,0,0
1572,1405,1446,0,0
1573,1406,1447,0,0
1574,1407,1448,0,0
1575,1408,1449,0,0
1576,1409,1450,0,0
1577,1410,1451,0,0
1578,1411,1452,0,0
1579,1412,1453,0,0
1580,1413,1454,0,0
1581,1413,1455,0,0
1582,1414,1456,0,0
1583,1415,1457,0,0
1584,1416,1458,0,0
1585,1417,1459,0,0
1586,1417,1459,0,0
1587,1418,1460,0,0
1588,1419,1461,0,0
1589,1420,1462,0,0
1590,1420,1462,0,0
1591,1421,1463,0,0
1592,1422,1464,0,0
1593,1423,1465,0,0
1594,1424,1466,0,0
1595,1425,1467,0,0
1596,1426,1468,0,0
1597,1427,1469,0,0
1598,1428,1470,0,0
1599,1428,1470,0,0
1600,1429,1471,0,0
1601,1430,1472,0,0
1602,1431,1473,0,0
1603,1432,1474,0,0
1604,1433,1475,0,0
1605,1434,1476,0,0
1606,1435,1477,0,0
1607,1436,1478,0,0
1608,1437,1479,0,0
1609,1437,1480,0,0
1610,1438,1481,0,0
1611,1439,1482,0,0
1612,1440,1483,0,0
1613,1441,1484,0,0
1614,1442,1485,0,0
1615,1443,1486,0,0
1616,1444,1487,0,0
1617,1445,1488,0,0
1618,1446,1489,0,0
1619,1447,1490,0,0
1620,1448,1491,0,0
1621,1448,1491,0,0
1622,1449,1492,0,0
1623,1450,1493,0,0
1624,1451,1494,0,0
1625,1452,1495,0,0
1626,1453,1496,0,0
1627,1454,1497,0,0
1628,1455,1498,0,0
1629,1456,1499,0,0
1630,1457,1500,0,0
1631,1458,1501,0,0
1632,1458,1501,0,0
1633,1459,1502,0,0
1634,1460,1503,0,0
1635,1461,1504,0,0
1636,1462,1505,0,0
1637,1463,1506,0,0
1638,1464,1507,0,0
1639,1465,1508,0,0
1640,1466,1509,0,0
1641,1467,1510,0,0
1642,1468,1511,0,0
1643,1469,1512,0,0
1644,1470,1513,0,0
1645,1471,1514,0,0
1646,1472,1515,0,0
1647,1473,1516,0,0
1648,1474,1517,0,0
1649,1475,1518,0,0
1650,1476,1519,0,0
1651,1477,1520,0,0
1652,1478,1521,0,0
1653,1479,1522,0,0
1654,1480,1523,0,0
1655,1481,1524,0,0
1656,1482,1525,0,0
1657,1483,1526,0,0
1658,1484,1527,0,0
1659,1485,1528,0,0
1660,1486,1529,0,0
1661,1487,1530,0,0
1662,1488,1531,0,0
1663,1489,1532,0,0
1664,1490,1533,0,0
1665,1491,1534,0,0
1666,1492,1535,0,0
1667,1493,1536,0,0
1668,1494,1537,0,0
1669,1495,1538,0,0
1670,1496,1539,0,0
1671,1497,1540,0,0
1672,1498,1541,0,0
1673,1499,1542,0,0
1674,1500,1543,0,0
1675,1501,1544,0,0
1676,1501,1544,0,0
1677,1502,1545,0,0
1678,1503,1546,0,0
1679,1504,1547,0,0
1680,1504,1547,0,0
1681,1505,1548,0,0
1682,1506,1549,0,0
1683,1507,1550,0,0
1684,1508,1551,0,0
1685,1509,1552,0,0
1686,1510,1553,0,0
1687,1510,1553,0,0
1688,1511,1554,0,0
1689,1512,1555,0,0
1690,1513,1556,0,0
1691,1514,1557,0,0
1692,1515,1558,0,0
1693,1516,1559,0,0
1694,1517,1560,0,0
1695,1518,1561,0,0
1696,1519,1562,0,0
1697,1519,1563,0,0
1698,1520,1564,0,0
1699,1521,1565,0,0
1700,1522,1566,0,0
1701,1523,1567,0,0
1702,1524,1568,0,0
1703,1525,1569,0,0
1704,1526,1570,0,0
1705,1527,1571,0,0
1706,1528,1572,0,0
1707,1529,1573,0,0
1708,1530,1574,0,0
1709,1531,1575,0,0
1710,1532,1576,0,0
1711,1533,1577,0,0
1712,1534,1578,0,0
1713,1535,1579,0,0
1714,1536,1580,0,0
1715,1537,1581,0,0
1716,1537,1581,0,0
1717,1537,1581,0,0
1718,1538,1582,0,0
1719,1539,1583,0,0
1720,1540,1584,0,0
1721,1541,1585,0,0
1722,1542,1586,0,0
1723,1543,1587,0,0
1724,1544,1588,0,0
1725,1545,1589,0,0
1726,1546,1590,0,0
1727,1547,1591,0,0
1728,1548,1592,0,0
1729,1549,1593,0,0
1730,1550,1594,0,0
1731,1551,1595,0,0
1732,1552,1596,0,0
1733,1553,1597,0,0
1734,1554,1598,0,0
1735,1555,1599,0,0
1736,1555,1599,0,0
1737,1556,1600,0,0
1738,1557,1601,0,0
1739,1558,1602,0,0
1740,1559,1603,0,0
1741,1560,1604,0,0
1742,1561,1605,0,0
1743,1562,1606,0,0
1744,1562,1607,0,0
1745,1563,1608,0,0
1746,1564,1609,0,0
1747,1565,1610,0,0
1748,1566,1611,0,0
1749,1567,1612,0,0
1750,1568,1613,0,0
1751,1569,1614,0,0
1752,1570,1615,0,0
1753,1571,1616,0,0
1754,1572,1617,0,0
1755,1573,1618,0,0
1756,1574,1619,0,0
1757,1575,1620,0,0
1758,1576,1621,0,0
1759,1577,1622,0,0
1760,1578,1623,0,0
1761,1579,1624,0,0
1762,1580,1625,0,0
1763,1580,1625,0,0
1764,1580,1625,0,0
1765,1581,1626,0,0
1766,1582,1627,0,0
1767,1583,1628,0,0
1768,1584,1629,0,0
1769,1585,1630,0,0
1770,1586,1631,0,0
1771,1587,1632,0,0
1772,1588,1633,0,0
1773,1589,1634,0,0
1774,1590,1635,0,0
1775,1591,1636,0,0
1776,1592,1637,0,0
1777,1593,1638,0,0
1778,1594,1639,0,0
1779,1595,1640,0,0
1780,1596,1641,0,0
1781,1597,1642,0,0
1782,1598,1643,0,0
1783,1599,1644,0,0
1784,1600,1645,0,0
1785,1601,1646,0,0
1786,1602,1647,0,0
1787,1603,1648,0,0
1788,1604,1649,0,0
1789,1605,1650,0,0
1790,1606,1651,0,0
1791,1607,1652,0,0
1792,1608,1653,0,0
1793,1609,1654,0,0
1794,1610,1655,0,0
1795,1611,1656,0,0
1796,1612,1657,0,0
1797,1613,1658,0,0
1798,1614,1659,0,0
1799,1615,1660,0,0
1800,1616,1661,0,0
1801,1617,1662,0,0
1802,1617,1662,0,0
1803,1617,1662,0,0
1804,1618,1663,0,0
1805,1619,1664,0,0
1806,1619,1664,0,0
1807,1620,1665,0,0
1808,1621,1666,0,0
1809,1622,1667,0,0
1810,1622,1667,0,0
1811,1623,1668,0,0
1812,1624,1669,0,0
1813,1625,1670,0,0
1814,1625,1670,0,0
1815,1626,1671,0,0
1816,1627,1672,0,0
1817,1627,1672,0,0
1818,1628,1673,0,0
1819,1629,1674,0,0
1820,1629,1674,0,0
1821,1630,1675,0,0
1822,1631,1676,0,0
1823,1632,1677,0,0
1824,1633,1678,0,0
1825,1634,1679,0,0
1826,1635,1680,0,0
1827,1636,1681,0,0
1828,1637,1682,0,0
1829,1638,1683,0,0
1830,1639,1684,0,0
1831,1640,1685,0,0
1832,1641,1686,0,0
1833,1641,1686,0,0
1834,1642,1687,0,0
1835,1643,1688,0,0
1836,1644,1689,0,0
1837,1644,1690,0,0
1838,1645,1691,0,0
1839,1646,1692,0,0
1840,1647,1693,0,0
1841,1648,1694,0,0
1842,1649,1695,0,0
1843,1650,1696,0,0
1844,1651,1697,0,0
1845,1652,1698,0,0
1846,1653,1699,0,0
1847,1654,1700,0,0
1848,1655,1701,0,0
1849,1656,1702,0,0
1850,1656,1702,0,0
1851,1656,1702,0,0
1852,1657,1703,0,0
1853,1658,1704,0,0
1854,1659,1705,0,0
1855,1660,1706,0,0
1856,1661,1707,0,0
1857,1662,1708,0,0
1858,1663,1709,0,0
1859,1664,1710,0,0
1860,1665,1711,0,0
1861,1666,1712,0,0
1862,1667,1713,0,0
1863,1667,1713,0,0
1864,1668,1714,0,0
1865,1669,1715,0,0
1866,1670,1716,0,0
1867,1671,1717,0,0
1868,1672,1718,0,0
1869,1673,1719,0,0
1870,1674,1720,0,0
1871,1674,1720,0,0
1872,1675,1721,0,0
1873,1676,1722,0,0
1874,1677,1723,0,0
1875,1678,1724,0,0
1876,1678,1724,0,0
1877,1679,1725,0,0
1878,1680,1726,0,0
1879,1681,1727,0,0
1880,1682,1728,0,0
1881,1683,1729,0,0
1882,1684,1730,0,0
1883,1685,1731,0,0
1884,1686,1732,0,0
1885,1686,1733,0,0
1886,1687,1734,0,0
1887,1688,1735,0,0
1888,1689,1736,0,0
1889,1690,1737,0,0
1890,1691,1738,0,0
1891,1692,1739,0,0
1892,1693,1740,0,0
1893,1694,1741,0,0
1894,1695,1742,0,0
1895,1696,1743,0,0
1896,1697,1744,0,0
1897,1698,1745,0,0
1898,1699,1746,0,0
1899,1700,1747,0,0
1900,1701,1748,0,0
1901,1702,1749,0,0
1902,1702,1749,0,0
1903,1703,1750,0,0
1904,1704,1751,0,0
1905,1705,1752,0,0
1906,1706,1753,0,0
1907,1707,1754,0,0
1908,1708,1755,0,0
1909,1709,1756,0,0
1910,1710,1757,0,0
1911,1711,1758,0,0
1912,1712,1759,0,0
1913,1713,1760,0,0
1914,1714,1761,0,0
1915,1715,1762,0,0
1916,1716,1763,0,0
1917,1717,1764,0,0
1918,1718,1765,0,0
1919,1719,1766,0,0
1920,1720,1767,0,0
1921,1721,1768,0,0
1922,1722,1769,0,0
1923,1723,1770,0,0
1924,1723,1770,0,0
1925,1723,1770,0,0
1926,1724,1771,0,0
1927,1725,1772,0,0
1928,1726,1773,0,0
1929,1727,1774,0,0
1930,1728,1775,0,0
1931,1728,1776,0,0
1932,1729,1777,0,0
1933,1730,1778,0,0
1934,1731,1779,0,0
1935,1732,1780,0,0
1936,1733,1781,0,0
1937,1733,1781,0,0
1938,1734,1782,0,0
1939,1735,1783,0,0
1940,1736,1784,0,0
1941,1737,1785,0,0
1942,1738,1786,0,0
1943,1739,1787,0,0
1944,1740,1788,0,0
1945,1741,1789,0,0
1946,1741,1790,0,0
1947,1742,1791,0,0
1948,1742,1791,0,0
1949,1743,1792,0,0
1950,1744,1793,0,0
1951,1745,1794,0,0
1952,1746,1795,0,0
1953,1747,1796,0,0
1954,1748,1797,0,0
1955,1749,1798,0,0
1956,1750,1799,0,0
1957,1751,1800,0,0
1958,1752,1801,0,0
1959,1753,1802,0,0
1960,1754,1803,0,0
1961,1755,1804,0,0
1962,1756,1805,0,0
1963,1756,1805,0,0
1964,1757,1806,0,0
1965,1758,1807,0,0
1966,1759,1808,0,0
1967,1760,1809,0,0
1968,1761,1810,0,0
1969,1762,1811,0,0
1970,1763,1812,0,0
1971,1764,1813,0,0
1972,1765,1814,0,0
1973,1766,1815,0,0
1974,1767,1816,0,0
1975,1768,1817,0,0
1976,1769,1818,0,0
1977,1769,1818,0,0
1978,1770,1819,0,0
1979,1771,1820,0,0
1980,1772,1821,0,0
1981,1773,1822,0,0
1982,1774,1823,0,0
1983,1775,1824,0,0
1984,1776,1825,0,0
1985,1777,1826,0,0
1986,1778,1827,0,0
1987,1779,1828,0,0
1988,1780,1829,0,0
1989,1780,1830,0,0
1990,1781,1831,0,0
1991,1782,1832,0,0
1992,1783,1833,0,0
1993,1784,1834,0,0
1994,1785,1835,0,0
1995,1786,1836,0,0
1996,1787,1837,0,0
1997,1788,1838,0,0
1998,1789,1839,0,0
1999,1790,1840,0,0
2000,1791,1841,0,0
2000,1791,1841,0,0
2001,1792,1842,0,0
2002,1793,1843,0,0
2003,1794,1844,0,0
2004,1795,1845,0,0
2005,1796,1846,0,0
2006,1797,1847,0,0
2007,1798,1848,0,0
2008,1798,1849,0,0
2009,1799,1850,0,0
2010,1800,1851,0,0
2011,1801,1852,0,0
2012,1802,1853,0,0
2013,1803,1854,0,0
2014,1803,1854,0,0
2015,1804,1855,0,0
2016,1805,1856,0,0
2017,1806,1857,0,0
2018,1807,1858,0,0
2019,1808,1859,0,0
2020,1809,1860,0,0
2021,1810,1861,0,0
2022,1811,1862,0,0
2023,1812,1863,0,0
2024,1813,1864,0,0
2025,1813,1865,0,0
2026,1814,1866,0,0
2027,1814,1866,0,0
2028,1815,1867,0,0
2029,1816,1868,0,0
2030,1817,1869,0,0
2031,1818,1870,0,0
2032,1819,1871,0,0
2033,1820,1872,0,0
2034,1821,1873,0,0
2035,1822,1874,0,0
2036,1823,1875,0,0
2037,1824,1876,0,0
2038,1825,1877,0,0
2039,1826,1878,0,0
2040,1827,1879,0,0
2041,1828,1880,0,0
2042,1829,1881,0,0
2043,1830,1882,0,0
2044,1831,1883,0,0
2045,1832,1884,0,0
2046,1833,1885,0,0
2047,1834,1886,0,0
2048,1835,1887,0,0
2049,1836,1888,0,0
2050,1837,1889,0,0
2051,1838,1890,0,0
2052,1839,1891,0,0
2053,1840,1892,0,0
2054,1841,1893,0,0
2055,1842,1894,0,0
2056,1843,1895,0,0
2057,1844,1896,0,0
2058,1845,1897,0,0
2059,1846,1898,0,0
2060,1847,1899,0,0
2061,1848,1900,0,0
2062,1849,1901,0,0
2063,1849,1902,0,0
2064,1849,1903,0,0
2065,1850,1904,0,0
2066,1851,1905,0,0
2067,1852,1906,0,0
2068,1853,1907,0,0
2069,1854,1908,0,0
2070,1855,1909,0,0
2071,1856,1910,0,0
2072,1856,1911,0,0
2073,1857,1912,0,0
2074,1858,1913,0,0
2075,1859,1914,0,0
2076,1860,1915,0,0
2077,1861,1916,0,0
2078,1862,1917,0,0
2079,1863,1918,0,0
2080,1864,1919,0,0
2081,1865,1920,0,0
2082,1866,1921,0,0
2083,1867,1922,0,0
2084,1868,1923,0,0
2085,1869,1924,0,0
2086,1870,1925,0,0
2087,1871,1926,0,0
2088,1872,1927,0,0
2089,1873,1928,0,0
2090,1874,1929,0,0
2091,1875,1930,0,0
2092,1875,1930,0,0
2093,1876,1931,0,0
2094,1877,1932,0,0
2095,1878,1933,0,0
2096,1879,1934,0,0
2097,1880,1935,0,0
2098,1881,1936,0,0
2099,1882,1937,0,0
2100,1883,1938,0,0
2101,1883,1938,0,0
2102,1884,1939,0,0
2103,1885,1940,0,0
2104,1886,1941,0,0
2105,1887,1942,0,0
2106,1887,1942,0,0
2107,1888,1943,0,0
2108,1888,1943,0,0
2109,1889,1944,0,0
2110,1890,1945,0,0
2111,1891,1946,0,0
2112,1892,1947,0,0
2113,1893,1948,0,0
2114,1894,1949,0,0
2115,1895,1950,0,0
2116,1896,1951,0,0
2117,1897,1952,0,0
2118,1898,1953,0,0
2119,1899,1954,0,0
2120,1900,1955,0,0
2121,1901,1956,0,0
2122,1902,1957,0,0
2123,1903,1958,0,0
2124,1904,1959,0,0
2125,1905,1960,0,0
2126,1906,1961,0,0
2127,1907,1962,0,0
2128,1908,1963,0,0
2129,1909,1964,0,0
2130,1910,1965,0,0
2131,1910,1965,0,0
2132,1911,1966,0,0
2133,1912,1967,0,0
2134,1913,1968,0,0
2135,1914,1969,0,0
2136,1915,1970,0,0
2137,1916,1971,0,0
2138,1917,1972,0,0
2139,1918,1973,0,0
2140,1919,1974,0,0
2141,1920,1975,0,0
2142,1921,1976,0,0
2143,1922,1977,0,0
2144,1923,1978,0,0
2145,1924,1979,0,0
2146,1925,1980,0,0
2147,1926,1981,0,0
2148,1927,1982,0,0
2149,1928,1983,0,0
2150,1929,1984,0,0
2151,1930,1985,0,0
2152,1931,1986,0,0
2153,1932,1987,0,0
2154,1932,1987,0,0
2155,1932,1987,0,0
2156,1933,1988,0,0
2157,1934,1989,0,0
2158,1935,1990,0,0
2159,1936,1991,0,0
2160,1937,1992,0,0
2161,1938,1993,0,0
2162,1939,1994,0,0
2163,1940,1995,0,0
2164,1941,1996,0,0
2165,1942,1997,0,0
2166,1943,1998,0,0
2167,1944,1999,0,0
2168,1945,2000,0,0
2169,1945,2001,0,0
2170,1946,2002,0,0
2171,1947,2003,0,0
2172,1948,2004,0,0
2173,1949,2005,0,0
2174,1950,2006,0,0
2175,1951,2007,0,0
2176,1951,2007,0,0
2177,1952,2008,0,0
2178,1953,2009,0,0
2179,1954,2010,0,0
2180,1955,2011,0,0
2181,1956,2012,0,0
2182,1957,2013,0,0
2183,1958,2014,0,0
2184,1959,2015,0,0
2185,1960,2016,0,0
2186,1961,2017,0,0
2187,1962,2018,0,0
2188,1963,2019,0,0
2189,1964,2020,0,0
2190,1965,2021,0,0
2191,1966,2022,0,0
2192,1966,2022,0,0
2193,1967,2023,0,0
2194,1968,2024,0,0
2195,1969,2025,0,0
2196,1970,2026,0,0
2197,1971,2027,0,0
2198,1972,2028,0,0
2199,1973,2029,0,0
2200,1974,2030,0,0
2201,1975,2031,0,0
2202,1976,2032,0,0
2203,1977,2033,0,0
2204,1977,2033,0,0
2205,1978,2034,0,0
2206,1979,2035,0,0
2207,1980,2036,0,0
2208,1981,2037,0,0
2209,1981,2038,0,0
2210,1982,2039,0,0
2211,1983,2040,0,0
2212,1984,2041,0,0
2213,1985,2042,0,0
2214,1986,2043,0,0
2215,1987,2044,0,0
2216,1988,2045,0,0
2217,1989,2046,0,0
2218,1990,2047,0,0
2219,1991,2048,0,0
2220,1992,2049,0,0
2221,1993,2050,0,0
2222,1994,2051,0,0
2223,1994,2051,0,0
2224,1995,2052,0,0
2225,1996,2053,0,0
2226,1997,2054,0,0
2227,1998,2055,0,0
2228,1999,2056,0,0
2229,2000,2057,0,0
2230,2001,2058,0,0
2231,2002,2059,0,0
2232,2003,2060,0,0
2233,2004,2061,0,0
2234,2005,2062,0,0
2235,2006,2063,0,0
2236,2007,2064,0,0
2237,2007,2064,0,0
2238,2008,2065,0,0
2239,2009,2066,0,0
2240,2010,2067,0,0
2241,2010,2067,0,0
2242,2010,2068,0,0
2243,2011,2069,0,0
2244,2012,2070,0,0
2245,2013,2071,0,0
2246,2014,2072,0,0
2247,2015,2073,0,0
2248,2015,2073,0,0
2249,2016,2074,0,0
2250,2017,2075,0,0
2251,2018,2076,0,0
2252,2019,2077,0,0
2253,2020,2078,0,0
2254,2021,2079,0,0
2255,2022,2080,0,0
2256,2023,2081,0,0
2257,2023,2082,0,0
2258,2024,2083,0,0
2259,2025,2084,0,0
2260,2026,2085,0,0
2261,2026,2085,0,0
2262,2027,2086,0,0
2263,2028,2087,0,0
2264,2029,2088,0,0
2265,2030,2089,0,0
2266,2031,2090,0,0
2267,2032,2091,0,0
2268,2033,2092,0,0
2269,2034,2093,0,0
2270,2035,2094,0,0
2271,2036,2095,0,0
2272,2037,2096,0,0
2273,2037,2096,0,0
2274,2037,2097,0,0
2275,2038,2098,0,0
2276,2039,2099,0,0
2277,2040,2100,0,0
2278,2041,2101,0,0
2279,2042,2102,0,0
2280,2043,2103,0,0
2281,2044,2104,0,0
2282,2045,2105,0,0
2283,2046,2106,0,0
2284,2047,2107,0,0
2285,2048,2108,0,0
2286,2048,2108,0,0
2287,2049,2109,0,0
2288,2050,2110,0,0
2289,2051,2111,0,0
2290,2052,2112,0,0
2291,2053,2113,0,0
2292,2054,2114,0,0
2293,2055,2115,0,0
2294,2056,2116,0,0
2295,2057,2117,0,0
2296,2058,2118,0,0
2297,2059,2119,0,0
2298,2059,2119,0,0
2299,2060,2120,0,0
2300,2061,2121,0,0
2301,2062,2122,0,0
2302,2063,2123,0,0
2303,2064,2124,0,0
2304,2065,2125,0,0
2305,2066,2126,0,0
2306,2067,2127,0,0
2307,2068,2128,0,0
2308,2069,2129,0,0
2309,2070,2130,0,0
2310,2071,2131,0,0
2311,2072,2132,0,0
2312,2072,2132,0,0
2313,2073,2133,0,0
2314,2074,2134,0,0
2315,2075,2135,0,0
2316,2076,2136,0,0
2317,2076,2136,0,0
2318,2077,2137,0,0
2319,2078,2138,0,0
2320,2079,2139,0,0
2321,2080,2140,0,0
2322,2081,2141,0,0
2323,2082,2142,0,0
2324,2083,2143,0,0
2325,2084,2144,0,0
2326,2085,2145,0,0
2327,2086,2146,0,0
2328,2087,2147,0,0
2329,2088,2148,0,0
2330,2089,2149,0,0
2331,2089,2149,0,0
2332,2090,2150,0,0
2333,2091,2151,0,0
2334,2092,2152,0,0
2335,2093,2153,0,0
2336,2094,2154,0,0
2337,2094,2155,0,0
2338,2095,2156,0,0
2339,2096,2157,0,0
2340,2097,2158,0,0
2341,2098,2159,0,0
2342,2099,2160,0,0
2343,2100,2161,0,0
2344,2101,2162,0,0
2345,2102,2163,0,0
2346,2103,2164,0,0
2347,2104,2165,0,0
2348,2104,2165,0,0
2349,2105,2166,0,0
2350,2106,2167,0,0
2351,2107,2168,0,0
2352,2108,2169,0,0
2353,2109,2170,0,0
2354,2110,2171,0,0
2355,2111,2172,0,0
2356,2112,2173,0,0
2357,2113,2174,0,0
2358,2114,2175,0,0
2359,2115,2176,0,0
2360,2116,2177,0,0
2361,2117,2178,0,0
2362,2118,2179,0,0
2363,2119,2180,0,0
2364,2119,2180,0,0
2365,2120,2181,0,0
2366,2120,2181,0,0
2367,2121,2182,0,0
2368,2122,2183,0,0
2369,2123,2184,0,0
2370,2124,2185,0,0
2371,2125,2186,0,0
2372,2126,2187,0,0
2373,2127,2188,0,0
2374,2128,2189,0,0
2375,2129,2190,0,0
2376,2130,2191,0,0
2377,2131,2192,0,0
2378,2132,2193,0,0
2379,2133,2194,0,0
2380,2134,2195,0,0
2381,2134,2195,0,0
2382,2135,2196,0,0
2383,2136,2197,0,0
2384,2137,2198,0,0
2385,2137,2199,0,0
2386,2137,2199,0,0
2387,2138,2200,0,0
2388,2139,2201,0,0
2389,2140,2202,0,0
2390,2141,2203,0,0
2391,2142,2204,0,0
2392,2143,2205,0,0
2393,2144,2206,0,0
2394,2145,2207,0,0
2395,2146,2208,0,0
2396,2147,2209,0,0
2397,2148,2210,0,0
2398,2149,2211,0,0
2399,2149,2212,0,0
2400,2149,2213,0,0
2401,2150,2214,0,0
2402,2151,2215,0,0
2403,2152,2216,0,0
2404,2153,2217,0,0
2405,2154,2218,0,0
2406,2155,2219,0,0
2407,2156,2220,0,0
2408,2157,2221,0,0
2409,2158,2222,0,0
2410,2159,2223,0,0
2411,2159,2224,0,0
2412,2160,2225,0,0
2413,2161,2226,0,0
2414,2162,2227,0,0
2415,2163,2228,0,0
2416,2163,2228,0,0
2417,2164,2229,0,0
2418,2165,2230,0,0
2419,2166,2231,0,0
2420,2167,2232,0,0
2421,2168,2233,0,0
2422,2168,2233,0,0
2423,2169,2234,0,0
2424,2170,2235,0,0
2425,2171,2236,0,0
2426,2171,2236,0,0
2427,2172,2237,0,0
2428,2173,2238,0,0
2429,2174,2239,0,0
2430,2174,2239,0,0
2431,2175,2240,0,0
2432,2176,2241,0,0
2433,2177,2242,0,0
2434,2177,2242,0,0
2435,2178,2243,0,0
2436,2179,2244,0,0
2437,2180,2245,0,0
2438,2181,2246,0,0
2439,2182,2247,0,0
2440,2183,2248,0,0
2441,2184,2249,0,0
2442,2185,2250,0,0
2443,2186,2251,0,0
2444,2186,2251,0,0
2445,2187,2252,0,0
2446,2188,2253,0,0
2447,2189,2254,0,0
2448,2190,2255,0,0
2449,2191,2256,0,0
2450,2191,2257,0,0
2451,2192,2258,0,0
2452,2193,2259,0,0
2453,2194,2260,0,0
2454,2195,2261,0,0
2455,2196,2262,0,0
2456,2197,2263,0,0
2457,2198,2264,0,0
2458,2199,2265,0,0
2459,2200,2266,0,0
2460,2201,2267,0,0
2461,2201,2267,0,0
2462,2202,2268,0,0
2463,2203,2269,0,0
2464,2204,2270,0,0
2465,2205,2271,0,0
2466,2205,2271,0,0
2467,2206,2272,0,0
2468,2207,2273,0,0
2469,2208,2274,0,0
2470,2209,2275,0,0
2471,2210,2276,0,0
2472,2211,2277,0,0
2473,2212,2278,0,0
2474,2213,2279,0,0
2475,2214,2280,0,0
2476,2215,2281,0,0
2477,2216,2282,0,0
2478,2217,2283,0,0
2479,2217,2283,0,0
2480,2218,2284,0,0
2481,2219,2285,0,0
2482,2220,2286,0,0
2483,2220,2286,0,0
2484,2221,2287,0,0
2485,2222,2288,0,0
2486,2223,2289,0,0
2487,2224,2290,0,0
2488,2225,2291,0,0
2489,2226,2292,0,0
2490,2226,2293,0,0
2491,2227,2294,0,0
2492,2227,2294,0,0
2493,2228,2295,0,0
2494,2229,2296,0,0
2495,2229,2296,0,0
2496,2230,2297,0,0
2497,2231,2298,0,0
2498,2231,2298,0,0
2499,2232,2299,0,0
2500,2233,2300,0,0
2501,2234,2301,0,0
2502,2235,2302,0,0
2503,2236,2303,0,0
2504,2237,2304,0,0
2505,2238,2305,0,0
2506,2239,2306,0,0
2507,2240,2307,0,0
2508,2241,2308,0,0
2509,2241,2308,0,0
2510,2242,2309,0,0
2511,2243,2310,0,0
2512,2244,2311,0,0
2513,2245,2312,0,0
2514,2246,2313,0,0
2515,2247,2314,0,0
2516,2248,2315,0,0
2517,2249,2316,0,0
2518,2250,2317,0,0
2519,2251,2318,0,0
2520,2252,2319,0,0
2521,2253,2320,0,0
2522,2254,2321,0,0
2523,2254,2321,0,0
2524,2255,2322,0,0
2525,2256,2323,0,0
2526,2257,2324,0,0
2527,2258,2325,0,0
2528,2258,2325,0,0
2529,2259,2326,0,0
2530,2260,2327,0,0
2531,2261,2328,0,0
2532,2262,2329,0,0
2533,2263,2330,0,0
2534,2264,2331,0,0
2535,2265,2332,0,0
2536,2266,2333,0,0
2537,2267,2334,0,0
2538,2268,2335,0,0
2539,2269,2336,0,0
2540,2270,2337,0,0
2541,2270,2337,0,0
2542,2271,2338,0,0
2543,2272,2339,0,0
2544,2273,2340,0,0
2545,2274,2341,0,0
2546,2275,2342,0,0
2547,2276,2343,0,0
2548,2277,2344,0,0
2549,2278,2345,0,0
2550,2279,2346,0,0
2551,2280,2347,0,0
2552,2281,2348,0,0
2553,2282,2349,0,0
2554,2282,2350,0,0
2555,2282,2351,0,0
2556,2283,2352,0,0
2557,2284,2353,0,0
2558,2285,2354,0,0
2559,2286,2355,0,0
2560,2287,2356,0,0
2561,2288,2357,0,0
2562,2289,2358,0,0
2563,2290,2359,0,0
2564,2291,2360,0,0
2565,2292,2361,0,0
2566,2293,2362,0,0
2567,2294,2363,0,0
2568,2295,2364,0,0
2569,2295,2364,0,0
2570,2296,2365,0,0
2571,2297,2366,0,0
2572,2298,2367,0,0
2573,2299,2368,0,0
2574,2300,2369,0,0
2575,2301,2370,0,0
2576,2302,2371,0,0
2577,2303,2372,0,0
2578,2304,2373,0,0
2579,2305,2374,0,0
2580,2306,2375,0,0
2581,2307,2376,0,0
2582,2308,2377,0,0
2583,2309,2378,0,0
2584,2310,2379,0,0
2585,2311,2380,0,0
2586,2312,2381,0,0
2587,2313,2382,0,0
2588,2314,2383,0,0
2589,2315,2384,0,0
2590,2316,2385,0,0
2591,2316,2386,0,0
2592,2317,2387,0,0
2593,2317,2387,0,0
2594,2318,2388,0,0
2595,2319,2389,0,0
2596,2320,2390,0,0
2597,2321,2391,0,0
2598,2322,2392,0,0
2599,2323,2393,0,0
2600,2324,2394,0,0
2601,2325,2395,0,0
2602,2326,2396,0,0
2603,2327,2397,0,0
2604,2327,2397,0,0
2605,2328,2398,0,0
2606,2329,2399,0,0
2607,2329,2399,0,0
2608,2330,2400,0,0
2609,2331,2401,0,0
2610,2332,2402,0,0
2611,2333,2403,0,0
2612,2334,2404,0,0
2613,2335,2405,0,0
2614,2336,2406,0,0
2615,2337,2407,0,0
2616,2338,2408,0,0
2617,2339,2409,0,0
2618,2340,2410,0,0
2619,2341,2411,0,0
2620,2342,2412,0,0
2621,2342,2413,0,0
2622,2342,2413,0,0
2623,2343,2414,0,0
2624,2344,2415,0,0
2625,2344,2415,0,0
2626,2345,2416,0,0
2627,2346,2417,0,0
2628,2347,2418,0,0
2629,2348,2419,0,0
2630,2349,2420,0,0
2631,2350,2421,0,0
2632,2351,2422,0,0
2633,2352,2423,0,0
2634,2353,2424,0,0
2635,2354,2425,0,0
2636,2355,2426,0,0
2637,2356,2427,0,0
2638,2356,2427,0,0
2639,2357,2428,0,0
2640,2358,2429,0,0
2641,2359,2430,0,0
2642,2360,2431,0,0
2643,2361,2432,0,0
2644,2361,2433,0,0
2645,2362,2434,0,0
2646,2363,2435,0,0
2647,2364,2436,0,0
2648,2365,2437,0,0
2649,2366,2438,0,0
2650,2367,2439,0,0
2651,2368,2440,0,0
2652,2369,2441,0,0
2653,2370,2442,0,0
2654,2371,2443,0,0
2655,2372,2444,0,0
2656,2372,2444,0,0
2657,2373,2445,0,0
2658,2374,2446,0,0
2659,2375,2447,0,0
2660,2376,2448,0,0
2661,2377,2449,0,0
2662,2378,2450,0,0
2663,2379,2451,0,0
2664,2380,2452,0,0
2665,2381,2453,0,0
2666,2382,2454,0,0
2667,2383,2455,0,0
2668,2384,2456,0,0
2669,2385,2457,0,0
2670,2386,2458,0,0
2671,2387,2459,0,0
2672,2388,2460,0,0
2673,2389,2461,0,0
2674,2390,2462,0,0
2675,2391,2463,0,0
2676,2392,2464,0,0
2677,2393,2465,0,0
2678,2394,2466,0,0
2679,2394,2466,0,0
2680,2395,2467,0,0
2681,2396,2468,0,0
2682,2397,2469,0,0
2683,2397,2469,0,0
2684,2398,2470,0,0
2685,2399,2471,0,0
2686,2400,2472,0,0
2687,2401,2473,0,0
2688,2402,2474,0,0
2689,2403,2475,0,0
2690,2404,2476,0,0
2691,2405,2477,0,0
2692,2406,2478,0,0
2693,2407,2479,0,0
2694,2408,2480,0,0
2695,2409,2481,0,0
2696,2410,2482,0,0
2697,2411,2483,0,0
2698,2411,2484,0,0
2699,2412,2485,0,0
2700,2413,2486,0,0
2701,2414,2487,0,0
2702,2414,2487,0,0
2703,2415,2488,0,0
2704,2416,2489,0,0
2705,2416,2489,0,0
2706,2417,2490,0,0
2707,2418,2491,0,0
2708,2419,2492,0,0
2709,2420,2493,0,0
2710,2421,2494,0,0
2711,2421,2494,0,0
2712,2422,2495,0,0
2713,2423,2496,0,0
2714,2424,2497,0,0
2715,2424,2497,0,0
2716,2425,2498,0,0
2717,2425,2498,0,0
2718,2426,2499,0,0
2719,2427,2500,0,0
2720,2428,2501,0,0
2721,2429,2502,0,0
2722,2430,2503,0,0
2723,2431,2504,0,0
2724,2432,2505,0,0
2725,2433,2506,0,0
2726,2434,2507,0,0
2727,2435,2508,0,0
2728,2436,2509,0,0
2729,2437,2510,0,0
2730,2438,2511,0,0
2731,2439,2512,0,0
2732,2440,2513,0,0
2733,2440,2513,0,0
2734,2441,2514,0,0
2735,2442,2515,0,0
2736,2443,2516,0,0
2737,2444,2517,0,0
2738,2445,2518,0,0
2739,2446,2519,0,0
2740,2446,2519,0,0
2741,2447,2520,0,0
2742,2448,2521,0,0
2743,2449,2522,0,0
2744,2450,2523,0,0
2745,2451,2524,0,0
2746,2452,2525,0,0
2747,2453,2526,0,0
2748,2454,2527,0,0
2749,2455,2528,0,0
2750,2456,2529,0,0
2751,2457,2530,0,0
2752,2458,2531,0,0
2753,2459,2532,0,0
2754,2460,2533,0,0
2755,2461,2534,0,0
2756,2462,2535,0,0
2757,2463,2536,0,0
2758,2464,2537,0,0
2759,2465,2538,0,0
2760,2466,2539,0,0
2761,2467,2540,0,0
2762,2468,2541,0,0
2763,2469,2542,0,0
2764,2469,2542,0,0
2765,2470,2543,0,0
2766,2471,2544,0,0
2767,2472,2545,0,0
2768,2473,2546,0,0
2769,2474,2547,0,0
2770,2475,2548,0,0
2771,2476,2549,0,0
2772,2477,2550,0,0
2773,2478,2551,0,0
2774,2479,2552,0,0
2775,2480,2553,0,0
2776,2480,2553,0,0
2777,2481,2554,0,0
2778,2482,2555,0,0
2779,2483,2556,0,0
2780,2484,2557,0,0
2781,2485,2558,0,0
2782,2486,2559,0,0
2783,2486,2559,0,0
2784,2487,2560,0,0
2785,2487,2561,0,0
2786,2488,2562,0,0
2787,2489,2563,0,0
2788,2490,2564,0,0
2789,2490,2564,0,0
2790,2491,2565,0,0
2791,2492,2566,0,0
2792,2493,2567,0,0
2793,2494,2568,0,0
2794,2495,2569,0,0
2795,2495,2569,0,0
2796,2496,2570,0,0
2797,2496,2570,0,0
2798,2497,2571,0,0
2799,2498,2572,0,0
2800,2498,2572,0,0
2801,2498,2572,0,0
2802,2499,2573,0,0
2803,2500,2574,0,0
2804,2501,2575,0,0
2805,2502,2576,0,0
2806,2503,2577,0,0
2807,2504,2578,0,0
2808,2505,2579,0,0
2809,2506,2580,0,0
2810,2507,2581,0,0
2811,2508,2582,0,0
2812,2509,2583,0,0
2813,2510,2584,0,0
2814,2510,2584,0,0
2815,2511,2585,0,0
2816,2512,2586,0,0
2817,2513,2587,0,0
2818,2514,2588,0,0
2819,2515,2589,0,0
2820,2516,2590,0,0
2821,2517,2591,0,0
2822,2518,2592,0,0
2823,2519,2593,0,0
2824,2520,2594,0,0
2825,2521,2595,0,0
2826,2522,2596,0,0
2827,2523,2597,0,0
2828,2524,2598,0,0
2829,2525,2599,0,0
2830,2526,2600,0,0
2831,2527,2601,0,0
2832,2528,2602,0,0
2833,2529,2603,0,0
2834,2530,2604,0,0
2835,2531,2605,0,0
2836,2532,2606,0,0
2837,2533,2607,0,0
2838,2534,2608,0,0
2839,2535,2609,0,0
2840,2536,2610,0,0
2841,2537,2611,0,0
2842,2538,2612,0,0
2843,2539,2613,0,0
2844,2540,2614,0,0
2845,2541,2615,0,0
2846,2542,2616,0,0
2847,2543,2617,0,0
2848,2544,2618,0,0
2849,2545,2619,0,0
2850,2546,2620,0,0
2851,2547,2621,0,0
2852,2548,2622,0,0
2853,2549,2623,0,0
2854,2549,2623,0,0
2855,2550,2624,0,0
2856,2551,2625,0,0
2857,2552,2626,0,0
2858,2552,2626,0,0
2859,2553,2627,0,0
2860,2554,2628,0,0
2861,2555,2629,0,0
2862,2556,2630,0,0
2863,2557,2631,0,0
2864,2558,2632,0,0
2865,2559,2633,0,0
2866,2560,2634,0,0
2867,2561,2635,0,0
2868,2562,2636,0,0
2869,2563,2637,0,0
2870,2564,2638,0,0
2871,2565,2639,0,0
2872,2566,2640,0,0
2873,2567,2641,0,0
2874,2568,2642,0,0
2875,2569,2643,0,0
2876,2570,2644,0,0
2877,2571,2645,0,0
2878,2572,2646,0,0
2879,2573,2647,0,0
2880,2573,2647,0,0
2881,2573,2647,0,0
2882,2574,2648,0,0
2883,2575,2649,0,0
2884,2576,2650,0,0
2885,2577,2651,0,0
2885,2577,2651,0,0
2886,2578,2652,0,0
2887,2579,2653,0,0
2888,2580,2654,0,0
2889,2581,2655,0,0
2890,2582,2656,0,0
2891,2583,2657,0,0
2892,2584,2658,0,0
2893,2585,2659,0,0
2894,2586,2660,0,0
2895,2587,2661,0,0
2896,2588,2662,0,0
2897,2589,2663,0,0
2898,2590,2664,0,0
2899,2591,2665,0,0
2900,2592,2666,0,0
2901,2593,2667,0,0
2902,2594,2668,0,0
2903,2595,2669,0,0
2904,2596,2670,0,0
2905,2597,2671,0,0
2906,2597,2672,0,0
2907,2598,2673,0,0
2908,2599,2674,0,0
2909,2599,2674,0,0
2910,2600,2675,0,0
2911,2601,2676,0,0
2912,2601,2676,0,0
2913,2602,2677,0,0
2914,2603,2678,0,0
2915,2604,2679,0,0
2916,2605,2680,0,0
2917,2606,2681,0,0
2918,2607,2682,0,0
2919,2608,2683,0,0
2920,2609,2684,0,0
2921,2610,2685,0,0
2922,2611,2686,0,0
2923,2612,2687,0,0
2924,2613,2688,0,0
2925,2614,2689,0,0
2926,2615,2690,0,0
2927,2616,2691,0,0
2928,2616,2692,0,0
2929,2617,2693,0,0
2930,2618,2694,0,0
2931,2619,2695,0,0
2932,2619,2695,0,0
2933,2620,2696,0,0
2934,2621,2697,0,0
2935,2622,2698,0,0
2936,2623,2699,0,0
2937,2624,2700,0,0
2938,2625,2701,0,0
2939,2625,2701,0,0
2940,2626,2702,0,0
2941,2627,2703,0,0
2942,2628,2704,0,0
2943,2629,2705,0,0
2944,2630,2706,0,0
2945,2631,2707,0,0
2946,2632,2708,0,0
2947,2633,2709,0,0
2948,2634,2710,0,0
2949,2635,2711,0,0
2950,2635,2712,0,0
2951,2636,2713,0,0
2952,2637,2714,0,0
2953,2638,2715,0,0
2954,2639,2716,0,0
2955,2640,2717,0,0
2956,2641,2718,0,0
2957,2642,2719,0,0
2958,2643,2720,0,0
2959,2644,2721,0,0
2960,2645,2722,0,0
2961,2646,2723,0,0
2962,2647,2724,0,0
2963,2648,2725,0,0
2964,2649,2726,0,0
2965,2649,2726,0,0
2966,2650,2727,0,0
2967,2651,2728,0,0
2968,2652,2729,0,0
2969,2653,2730,0,0
2970,2654,2731,0,0
2970,2654,2731,0,0
2971,2655,2732,0,0
2972,2656,2733,0,0
2973,2657,2734,0,0
2974,2658,2735,0,0
2975,2659,2736,0,0
2976,2660,2737,0,0
2977,2660,2737,0,0
2978,2661,2738,0,0
2979,2662,2739,0,0
2980,2663,2740,0,0
2981,2664,2741,0,0
2982,2665,2742,0,0
2983,2666,2743,0,0
2984,2667,2744,0,0
2985,2668,2745,0,0
2986,2669,2746,0,0
2987,2670,2747,0,0
2988,2671,2748,0,0
2989,2672,2749,0,0
2990,2673,2750,0,0
2991,2674,2751,0,0
2992,2675,2752,0,0
2993,2676,2753,0,0
2994,2677,2754,0,0
2995,2678,2755,0,0
2996,2679,2756,0,0
2997,2680,2757,0,0
2998,2681,2758,0,0
2999,2682,2759,0,0
3000,2683,2760,0,0
3001,2684,2761,0,0
3002,2685,2762,0,0
3003,2686,2763,0,0
3004,2687,2764,0,0
3005,2687,2764,0,0
3006,2687,2764,0,0
3007,2688,2765,0,0
3008,2689,2766,0,0
3009,2690,2767,0,0
3010,2691,2768,0,0
3011,2692,2769,0,0
3012,2693,2770,0,0
3013,2694,2771,0,0
3014,2694,2772,0,0
3015,2695,2773,0,0
3016,2696,2774,0,0
3017,2697,2775,0,0
3018,2697,2775,0,0
3019,2698,2776,0,0
3020,2699,2777,0,0
3021,2699,2777,0,0
3022,2700,2778,0,0
3023,2701,2779,0,0
3024,2702,2780,0,0
3025,2703,2781,0,0
3026,2704,2782,0,0
3027,2705,2783,0,0
3028,2706,2784,0,0
3029,2707,2785,0,0
3030,2708,2786,0,0
3031,2709,2787,0,0
3032,2709,2788,0,0
3033,2710,2789,0,0
3034,2711,2790,0,0
3035,2712,2791,0,0
3036,2712,2791,0,0
3037,2713,2792,0,0
3038,2714,2793,0,0
3039,2715,2794,0,0
3040,2716,2795,0,0
3041,2717,2796,0,0
3042,2718,2797,0,0
3043,2718,2797,0,0
3044,2719,2798,0,0
3045,2720,2799,0,0
3046,2721,2800,0,0
3047,2722,2801,0,0
3048,2723,2802,0,0
3049,2724,2803,0,0
3050,2725,2804,0,0
3051,2726,2805,0,0
3052,2727,2806,0,0
3053,2728,2807,0,0
3054,2729,2808,0,0
3055,2730,2809,0,0
3056,2731,2810,0,0
3057,2732,2811,0,0
3058,2733,2812,0,0
3059,2734,2813,0,0
3060,2735,2814,0,0
3061,2736,2815,0,0
3062,2737,2816,0,0
3063,2738,2817,0,0
3064,2739,2818,0,0
3065,2740,2819,0,0
3066,2741,2820,0,0
3067,2742,2821,0,0
3068,2743,2822,0,0
3069,2744,2823,0,0
3070,2745,2824,0,0
3071,2746,2825,0,0
3072,2747,2826,0,0
3073,2748,2827,0,0
3074,2748,2827,0,0
3075,2749,2828,0,0
3076,2750,2829,0,0
3077,2751,2830,0,0
3078,2752,2831,0,0
3079,2753,2832,0,0
3080,2754,2833,0,0
3081,2755,2834,0,0
3082,2756,2835,0,0
3083,2757,2836,0,0
3084,2758,2837,0,0
3085,2759,2838,0,0
3086,2760,2839,0,0
3087,2761,2840,0,0
3088,2762,2841,0,0
3089,2763,2842,0,0
3090,2764,2843,0,0
3091,2764,2844,0,0
3092,2764,2844,0,0
3093,2765,2845,0,0
3094,2766,2846,0,0
3095,2766,2846,0,0
3096,2767,2847,0,0
3097,2768,2848,0,0
3098,2769,2849,0,0
3099,2770,2850,0,0
3100,2771,2851,0,0
3101,2772,2852,0,0
3102,2773,2853,0,0
3103,2774,2854,0,0
3104,2775,2855,0,0
3105,2776,2856,0,0
3105,2776,2856,0,0
3106,2777,2857,0,0
3107,2777,2857,0,0
3108,2778,2858,0,0
3109,2779,2859,0,0
3110,2780,2860,0,0
3111,2781,2861,0,0
3112,2781,2861,0,0
3113,2781,2862,0,0
3114,2782,2863,0,0
3115,2783,2864,0,0
3116,2784,2865,0,0
3117,2785,2866,0,0
3118,2786,2867,0,0
3119,2787,2868,0,0
3120,2788,2869,0,0
3121,2789,2870,0,0
3122,2790,2871,0,0
3123,2791,2872,0,0
3124,2792,2873,0,0
3125,2793,2874,0,0
3126,2794,2875,0,0
3127,2795,2876,0,0
3128,2796,2877,0,0
3129,2797,2878,0,0
3130,2798,2879,0,0
3131,2799,2880,0,0
3132,2800,2881,0,0
3133,2801,2882,0,0
3134,2802,2883,0,0
3135,2803,2884,0,0
3136,2804,2885,0,0
3137,2804,2886,0,0
3138,2805,2887,0,0
3139,2806,2888,0,0
3140,2807,2889,0,0
3141,2808,2890,0,0
3142,2809,2891,0,0
3143,2810,2892,0,0
3144,2811,2893,0,0
3145,2812,2894,0,0
3146,2813,2895,0,0
3147,2814,2896,0,0
3148,2815,2897,0,0
3149,2816,2898,0,0
3150,2817,2899,0,0
3151,2818,2900,0,0
3152,2819,2901,0,0
3153,2820,2902,0,0
3154,2821,2903,0,0
3155,2822,2904,0,0
3156,2823,2905,0,0
3157,2824,2906,0,0
3158,2825,2907,0,0
3159,2826,2908,0,0
3160,2827,2909,0,0
3161,2828,2910,0,0
3162,2829,2911,0,0
3163,2830,2912,0,0
3164,2831,2913,0,0
3165,2832,2914,0,0
3166,2833,2915,0,0
3167,2834,2916,0,0
3168,2835,2917,0,0
3169,2835,2917,0,0
3170,2836,2918,0,0
3171,2837,2919,0,0
3172,2838,2920,0,0
3173,2839,2921,0,0
3174,2840,2922,0,0
3175,2841,2923,0,0
3176,2842,2924,0,0
3177,2843,2925,0,0
3178,2844,2926,0,0
3179,2845,2927,0,0
3180,2846,2928,0,0
3181,2847,2929,0,0
3182,2848,2930,0,0
3183,2849,2931,0,0
3184,2849,2931,0,0
3185,2849,2931,0,0
3186,2849,2932,0,0
3187,2850,2933,0,0
3188,2851,2934,0,0
3189,2852,2935,0,0
3190,2853,2936,0,0
3191,2854,2937,0,0
3192,2855,2938,0,0
3193,2856,2939,0,0
3194,2856,2939,0,0
3195,2857,2940,0,0
3196,2858,2941,0,0
3197,2859,2942,0,0
3198,2860,2943,0,0
3199,2861,2944,0,0
3200,2862,2945,0,0
3201,2863,2946,0,0
3202,2864,2947,0,0
3203,2865,2948,0,0
3204,2866,2949,0,0
3205,2867,2950,0,0
3206,2868,2951,0,0
3207,2868,2951,0,0
3208,2868,2951,0,0
3209,2869,2952,0,0
3210,2870,2953,0,0
3211,2871,2954,0,0
3212,2872,2955,0,0
3213,2873,2956,0,0
3214,2874,2957,0,0
3215,2875,2958,0,0
3216,2876,2959,0,0
3217,2877,2960,0,0
3218,2878,2961,0,0
3219,2879,2962,0,0
3220,2880,2963,0,0
3221,2881,2964,0,0
3222,2882,2965,0,0
3223,2883,2966,0,0
3224,2884,2967,0,0
3225,2885,2968,0,0
3226,2886,2969,0,0
3227,2887,2970,0,0
3228,2888,2971,0,0
3229,2889,2972,0,0
3230,2890,2973,0,0
3231,2890,2973,0,0
3232,2891,2974,0,0
3233,2892,2975,0,0
3234,2893,2976,0,0
3235,2894,2977,0,0
3236,2895,2978,0,0
3237,2896,2979,0,0
3238,2897,2980,0,0
3239,2897,2980,0,0
3240,2898,2981,0,0
3241,2899,2982,0,0
3242,2900,2983,0,0
3243,2901,2984,0,0
3244,2902,2985,0,0
3245,2903,2986,0,0
3246,2904,2987,0,0
3247,2905,2988,0,0
3248,2906,2989,0,0
3249,2907,2990,0,0
3250,2908,2991,0,0
3251,2909,2992,0,0
3252,2910,2993,0,0
3253,2911,2994,0,0
3254,2912,2995,0,0
3255,2913,2996,0,0
3256,2914,2997,0,0
3257,2915,2998,0,0
3258,2915,2998,0,0
3259,2916,2999,0,0
3260,2917,3000,0,0
3261,2918,3001,0,0
3262,2919,3002,0,0
3263,2920,3003,0,0
3264,2921,3004,0,0
3265,2922,3005,0,0
3266,2923,3006,0,0
3267,2924,3007,0,0
3268,2925,3008,0,0
3269,2926,3009,0,0
3270,2927,3010,0,0
3271,2928,3011,0,0
3272,2929,3012,0,0
3273,2929,3012,0,0
3274,2929,3012,0,0
3275,2930,3013,0,0
3276,2931,3014,0,0
3277,2931,3014,0,0
3278,2932,3015,0,0
3279,2933,3016,0,0
3280,2934,3017,0,0
3281,2935,3018,0,0
3282,2936,3019,0,0
3283,2937,3020,0,0
3284,2938,3021,0,0
3285,2939,3022,0,0
3286,2939,3022,0,0
3287,2940,3023,0,0
3288,2941,3024,0,0
3289,2942,3025,0,0
3290,2943,3026,0,0
3291,2943,3027,0,0
3292,2944,3028,0,0
3293,2945,3029,0,0
3294,2946,3030,0,0
3295,2947,3031,0,0
3296,2948,3032,0,0
3297,2949,3033,0,0
3298,2950,3034,0,0
3299,2951,3035,0,0
3300,2952,3036,0,0
3301,2953,3037,0,0
3302,2953,3037,0,0
3303,2954,3038,0,0
3304,2955,3039,0,0
3305,2956,3040,0,0
3306,2957,3041,0,0
3307,2958,3042,0,0
3308,2959,3043,0,0
3309,2960,3044,0,0
3310,2961,3045,0,0
3311,2962,3046,0,0
3312,2963,3047,0,0
3313,2964,3048,0,0
3314,2965,3049,0,0
3315,2966,3050,0,0
3316,2967,3051,0,0
3317,2968,3052,0,0
3318,2969,3053,0,0
3319,2970,3054,0,0
3320,2971,3055,0,0
3321,2972,3056,0,0
3322,2973,3057,0,0
3323,2974,3058,0,0
3324,2975,3059,0,0
3325,2976,3060,0,0
3326,2977,3061,0,0
3327,2978,3062,0,0
3328,2979,3063,0,0
3329,2980,3064,0,0
3330,2981,3065,0,0
3331,2981,3065,0,0
3332,2982,3066,0,0
3333,2983,3067,0,0
3334,2984,3068,0,0
3335,2985,3069,0,0
3336,2986,3070,0,0
3337,2987,3071,0,0
3338,2988,3072,0,0
3339,2989,3073,0,0
3340,2990,3074,0,0
3341,2991,3075,0,0
3342,2992,3076,0,0
3343,2993,3077,0,0
3344,2994,3078,0,0
3345,2995,3079,0,0
3346,2996,3080,0,0
3347,2997,3081,0,0
3348,2997,3081,0,0
3349,2998,3082,0,0
3350,2999,3083,0,0
3351,3000,3084,0,0
3352,3001,3085,0,0
3353,3002,3086,0,0
3354,3003,3087,0,0
3355,3003,3088,0,0
3356,3004,3089,0,0
3357,3005,3090,0,0
3358,3006,3091,0,0
3359,3007,3092,0,0
3360,3008,3093,0,0
3361,3009,3094,0,0
3362,3010,3095,0,0
3363,3011,3096,0,0
3364,3012,3097,0,0
3365,3013,3098,0,0
3366,3014,3099,0,0
3367,3015,3100,0,0
3368,3016,3101,0,0
3369,3016,3101,0,0
3370,3017,3102,0,0
3371,3018,3103,0,0
3372,3019,3104,0,0
3373,3020,3105,0,0
3374,3021,3106,0,0
3375,3022,3107,0,0
3376,3023,3108,0,0
3377,3024,3109,0,0
3378,3025,3110,0,0
3379,3026,3111,0,0
3380,3027,3112,0,0
3381,3028,3113,0,0
3382,3029,3114,0,0
3383,3030,3115,0,0
3384,3031,3116,0,0
3385,3032,3117,0,0
3386,3033,3118,0,0
3387,3034,3119,0,0
3388,3035,3120,0,0
3389,3036,3121,0,0
3390,3037,3122,0,0
3391,3037,3122,0,0
3392,3038,3123,0,0
3393,3039,3124,0,0
3394,3039,3124,0,0
3395,3039,3124,0,0
3396,3040,3125,0,0
3397,3041,3126,0,0
3398,3042,3127,0,0
3399,3043,3128,0,0
3400,3044,3129,0,0
3401,3045,3130,0,0
3402,3046,3131,0,0
3403,3047,3132,0,0
3404,3048,3133,0,0
3405,3049,3134,0,0
3406,3050,3135,0,0
3407,3051,3136,0,0
3408,3051,3137,0,0
3409,3051,3137,0,0
3410,3051,3137,0,0
3411,3052,3138,0,0
3412,3053,3139,0,0
3413,3053,3139,0,0
3414,3054,3140,0,0
3415,3054,3140,0,0
3416,3055,3141,0,0
3417,3056,3142,0,0
3418,3057,3143,0,0
3419,3058,3144,0,0
3420,3059,3145,0,0
3421,3060,3146,0,0
3422,3061,3147,0,0
3423,3062,3148,0,0
3424,3063,3149,0,0
3425,3064,3150,0,0
3426,3065,3151,0,0
3427,3066,3152,0,0
3428,3067,3153,0,0
3429,3067,3153,0,0
3430,3068,3154,0,0
3431,3069,3155,0,0
3432,3070,3156,0,0
3433,3071,3157,0,0
3434,3072,3158,0,0
3435,3073,3159,0,0
3436,3074,3160,0,0
3437,3075,3161,0,0
3438,3076,3162,0,0
3439,3077,3163,0,0
3440,3078,3164,0,0
3441,3079,3165,0,0
3442,3080,3166,0,0
3443,3081,3167,0,0
3444,3082,3168,0,0
3445,3083,3169,0,0
3446,3084,3170,0,0
3447,3085,3171,0,0
3448,3086,3172,0,0
3449,3087,3173,0,0
3450,3088,3174,0,0
3451,3089,3175,0,0
3452,3090,3176,0,0
3453,3091,3177,0,0
3454,3092,3178,0,0
3455,3092,3178,0,0
3456,3092,3178,0,0
3457,3093,3179,0,0
3458,3094,3180,0,0
3459,3095,3181,0,0
3460,3096,3182,0,0
3461,3097,3183,0,0
3462,3098,3184,0,0
3463,3099,3185,0,0
3464,3100,3186,0,0
3465,3101,3187,0,0
3466,3101,3187,0,0
3467,3102,3188,0,0
3468,3103,3189,0,0
3469,3104,3190,0,0
3470,3105,3191,0,0
3471,3106,3192,0,0
3472,3107,3193,0,0
3473,3108,3194,0,0
3474,3109,3195,0,0
3475,3109,3195,0,0
3476,3110,3196,0,0
3477,3111,3197,0,0
3478,3112,3198,0,0
3479,3113,3199,0,0
3480,3114,3200,0,0
3481,3115,3201,0,0
3482,3116,3202,0,0
3483,3117,3203,0,0
3484,3118,3204,0,0
3485,3119,3205,0,0
3486,3120,3206,0,0
3487,3121,3207,0,0
3488,3122,3208,0,0
3489,3123,3209,0,0
3490,3124,3210,0,0
3491,3125,3211,0,0
3492,3125,3212,0,0
3493,3125,3213,0,0
3494,3126,3214,0,0
3495,3126,3214,0,0
3496,3127,3215,0,0
3497,3128,3216,0,0
3498,3129,3217,0,0
3499,3130,3218,0,0
3500,3131,3219,0,0
3501,3131,3219,0,0
3502,3132,3220,0,0
3503,3133,3221,0,0
3504,3133,3221,0,0
3505,3134,3222,0,0
3506,3135,3223,0,0
3507,3136,3224,0,0
3508,3137,3225,0,0
3509,3138,3226,0,0
3510,3139,3227,0,0
3511,3140,3228,0,0
3512,3141,3229,0,0
3513,3142,3230,0,0
3514,3143,3231,0,0
3515,3144,3232,0,0
3516,3145,3233,0,0
3517,3146,3234,0,0
3518,3147,3235,0,0
3519,3148,3236,0,0
3520,3149,3237,0,0
3521,3150,3238,0,0
3522,3151,3239,0,0
3523,3152,3240,0,0
3524,3153,3241,0,0
3525,3154,3242,0,0
3526,3155,3243,0,0
3527,3156,3244,0,0
3528,3157,3245,0,0
3529,3158,3246,0,0
3530,3159,3247,0,0
3531,3160,3248,0,0
3532,3161,3249,0,0
3533,3162,3250,0,0
3534,3163,3251,0,0
3535,3164,3252,0,0
3536,3165,3253,0,0
3537,3165,3253,0,0
3538,3166,3254,0,0
3539,3167,3255,0,0
3540,3168,3256,0,0
3541,3169,3257,0,0
3542,3170,3258,0,0
3543,3171,3259,0,0
3544,3172,3260,0,0
3545,3173,3261,0,0
3546,3174,3262,0,0
3547,3175,3263,0,0
3548,3175,3263,0,0
3549,3176,3264,0,0
3550,3177,3265,0,0
3551,3178,3266,0,0
3552,3179,3267,0,0
3553,3180,3268,0,0
3554,3181,3269,0,0
3555,3182,3270,0,0
3556,3183,3271,0,0
3557,3184,3272,0,0
3558,3185,3273,0,0
3559,3186,3274,0,0
3560,3187,3275,0,0
3561,3188,3276,0,0
3562,3189,3277,0,0
3563,3190,3278,0,0
3564,3191,3279,0,0
3565,3192,3280,0,0
3566,3193,3281,0,0
3567,3194,3282,0,0
3568,3195,3283,0,0
3569,3196,3284,0,0
3570,3196,3285,0,0
3571,3197,3286,0,0
3572,3198,3287,0,0
3573,3199,3288,0,0
3574,3200,3289,0,0
3575,3201,3290,0,0
3576,3202,3291,0,0
3577,3203,3292,0,0
3578,3204,3293,0,0
3579,3204,3293,0,0
3580,3205,3294,0,0
3580,3205,3294,0,0
3581,3205,3295,0,0
3582,3206,3296,0,0
3583,3207,3297,0,0
3584,3208,3298,0,0
3585,3209,3299,0,0
3586,3209,3299,0,0
3587,3210,3300,0,0
3588,3211,3301,0,0
3589,3212,3302,0,0
3590,3213,3303,0,0
3591,3214,3304,0,0
3592,3215,3305,0,0
3593,3216,3306,0,0
3594,3217,3307,0,0
3595,3218,3308,0,0
3596,3219,3309,0,0
3597,3220,3310,0,0
3598,3221,3311,0,0
3599,3222,3312,0,0
3600,3223,3313,0,0
3601,3224,3314,0,0
3602,3224,3315,0,0
3603,3225,3316,0,0
3604,3226,3317,0,0
3605,3227,3318,0,0
3606,3228,3319,0,0
3607,3229,3320,0,0
3608,3230,3321,0,0
3609,3231,3322,0,0
3610,3232,3323,0,0
3611,3233,3324,0,0
3612,3234,3325,0,0
3613,3235,3326,0,0
3614,3236,3327,0,0
3615,3237,3328,0,0
3616,3238,3329,0,0
3617,3239,3330,0,0
3618,3240,3331,0,0
3619,3241,3332,0,0
3620,3242,3333,0,0
3621,3243,3334,0,0
3622,3244,3335,0,0
3623,3245,3336,0,0
3624,3246,3337,0,0
3625,3247,3338,0,0
3626,3247,3338,0,0
3627,3248,3339,0,0
3628,3248,3340,0,0
3629,3249,3341,0,0
3630,3250,3342,0,0
3631,3251,3343,0,0
3632,3252,3344,0,0
3633,3253,3345,0,0
3634,3254,3346,0,0
3635,3255,3347,0,0
3636,3256,3348,0,0
3637,3257,3349,0,0
3638,3257,3349,0,0
3639,3258,3350,0,0
3640,3258,3351,0,0
3641,3259,3352,0,0
3642,3260,3353,0,0
3643,3261,3354,0,0
3644,3262,3355,0,0
3645,3262,3355,0,0
3646,3263,3356,0,0
3647,3264,3357,0,0
3648,3265,3358,0,0
3649,3266,3359,0,0
3650,3267,3360,0,0
3651,3267,3361,0,0
3652,3268,3362,0,0
3653,3269,3363,0,0
3654,3270,3364,0,0
3655,3271,3365,0,0
3656,3272,3366,0,0
3657,3272,3366,0,0
3658,3273,3367,0,0
3659,3274,3368,0,0
3660,3275,3369,0,0
3661,3276,3370,0,0
3662,3277,3371,0,0
3663,3278,3372,0,0
3664,3279,3373,0,0
3665,3280,3374,0,0
3666,3281,3375,0,0
3667,3282,3376,0,0
3668,3283,3377,0,0
3669,3284,3378,0,0
3670,3285,3379,0,0
3671,3286,3380,0,0
3672,3287,3381,0,0
3673,3288,3382,0,0
3674,3289,3383,0,0
3675,3290,3384,0,0
3676,3291,3385,0,0
3677,3292,3386,0,0
3678,3293,3387,0,0
3679,3294,3388,0,0
3680,3295,3389,0,0
3681,3295,3389,0,0
3681,3295,3389,0,0
3682,3296,3390,0,0
3683,3297,3391,0,0
3684,3298,3392,0,0
3685,3298,3392,0,0
3686,3298,3392,0,0
3687,3299,3393,0,0
3688,3300,3394,0,0
3689,3301,3395,0,0
3690,3302,3396,0,0
3691,3303,3397,0,0
3692,3304,3398,0,0
3693,3305,3399,0,0
3694,3306,3400,0,0
3695,3307,3401,0,0
3696,3308,3402,0,0
3697,3309,3403,0,0
3698,3310,3404,0,0
3699,3311,3405,0,0
3700,3312,3406,0,0
3701,3313,3407,0,0
3702,3314,3408,0,0
3703,3315,3409,0,0
3704,3316,3410,0,0
3705,3317,3411,0,0
3706,3318,3412,0,0
3707,3319,3413,0,0
3708,3320,3414,0,0
3709,3321,3415,0,0
3710,3322,3416,0,0
3711,3323,3417,0,0
3712,3324,3418,0,0
3713,3325,3419,0,0
3714,3325,3420,0,0
3715,3326,3421,0,0
3716,3327,3422,0,0
3717,3328,3423,0,0
3718,3329,3424,0,0
3719,3330,3425,0,0
3720,3331,3426,0,0
3721,3332,3427,0,0
3722,3333,3428,0,0
3723,3334,3429,0,0
3724,3335,3430,0,0
3725,3336,3431,0,0
3726,3337,3432,0,0
3727,3338,3433,0,0
3728,3339,3434,0,0
3729,3340,3435,0,0
3730,3341,3436,0,0
3731,3342,3437,0,0
3732,3343,3438,0,0
3733,3343,3439,0,0
3734,3344,3440,0,0
3735,3345,3441,0,0
3736,3346,3442,0,0
3737,3347,3443,0,0
3738,3348,3444,0,0
3739,3349,3445,0,0
3740,3350,3446,0,0
3741,3351,3447,0,0
3742,3352,3448,0,0
3743,3353,3449,0,0
3744,3354,3450,0,0
3745,3355,3451,0,0
3746,3356,3452,0,0
3747,3357,3453,0,0
3748,3358,3454,0,0
3749,3359,3455,0,0
3750,3360,3456,0,0
3751,3361,3457,0,0
3752,3362,3458,0,0
3753,3363,3459,0,0
3754,3364,3460,0,0
3755,3365,3461,0,0
3756,3366,3462,0,0
3757,3367,3463,0,0
3758,3368,3464,0,0
3759,3369,3465,0,0
3760,3370,3466,0,0
3761,3371,3467,0,0
3762,3372,3468,0,0
3763,3373,3469,0,0
3764,3374,3470,0,0
3765,3374,3470,0,0
3766,3374,3470,0,0
3767,3375,3471,0,0
3768,3376,3472,0,0
3769,3377,3473,0,0
3770,3378,3474,0,0
3771,3379,3475,0,0
3772,3380,3476,0,0
3773,3381,3477,0,0
3774,3382,3478,0,0
3775,3383,3479,0,0
3776,3384,3480,0,0
3777,3385,3481,0,0
3778,3385,3482,0,0
3779,3386,3483,0,0
3780,3386,3483,0,0
3781,3386,3483,0,0
3782,3387,3484,0,0
3783,3388,3485,0,0
3784,3389,3486,0,0
3785,3390,3487,0,0
3786,3390,3488,0,0
3787,3391,3489,0,0
3788,3392,3490,0,0
3789,3392,3490,0,0
3790,3393,3491,0,0
3791,3394,3492,0,0
3792,3395,3493,0,0
3793,3396,3494,0,0
3794,3397,3495,0,0
3795,3398,3496,0,0
3796,3399,3497,0,0
3797,3400,3498,0,0
3798,3401,3499,0,0
3799,3401,3499,0,0
3800,3402,3500,0,0
3801,3403,3501,0,0
3802,3404,3502,0,0
3803,3405,3503,0,0
3804,3406,3504,0,0
3805,3407,3505,0,0
3806,3408,3506,0,0
3807,3409,3507,0,0
3808,3410,3508,0,0
3809,3411,3509,0,0
3810,3412,3510,0,0
3811,3413,3511,0,0
3812,3414,3512,0,0
3813,3414,3513,0,0
3814,3415,3514,0,0
3815,3415,3514,0,0
3816,3416,3515,0,0
3817,3417,3516,0,0
3818,3418,3517,0,0
3819,3419,3518,0,0
3820,3420,3519,0,0
3821,3421,3520,0,0
3822,3422,3521,0,0
3823,3422,3522,0,0
3824,3423,3523,0,0
3825,3423,3523,0,0
3826,3423,3523,0,0
3827,3424,3524,0,0
3828,3425,3525,0,0
3829,3426,3526,0,0
3830,3427,3527,0,0
3831,3428,3528,0,0
3832,3429,3529,0,0
3833,3430,3530,0,0
3834,3431,3531,0,0
3835,3432,3532,0,0
3836,3433,3533,0,0
3837,3434,3534,0,0
3838,3435,3535,0,0
3839,3435,3535,0,0
3840,3436,3536,0,0
3841,3437,3537,0,0
3842,3438,3538,0,0
3843,3439,3539,0,0
3844,3440,3540,0,0
3845,3441,3541,0,0
3846,3442,3542,0,0
3847,3443,3543,0,0
3848,3444,3544,0,0
3849,3445,3545,0,0
3850,3445,3546,0,0
3851,3446,3547,0,0
3852,3447,3548,0,0
3853,3448,3549,0,0
3854,3449,3550,0,0
3855,3450,3551,0,0
3856,3451,3552,0,0
3857,3452,3553,0,0
3858,3453,3554,0,0
3859,3454,3555,0,0
3860,3455,3556,0,0
3861,3456,3557,0,0
3862,3457,3558,0,0
3863,3458,3559,0,0
3864,3459,3560,0,0
3865,3460,3561,0,0
3866,3461,3562,0,0
3867,3462,3563,0,0
3868,3463,3564,0,0
3869,3464,3565,0,0
3870,3465,3566,0,0
3871,3466,3567,0,0
3872,3466,3568,0,0
3873,3467,3569,0,0
3874,3468,3570,0,0
3875,3469,3571,0,0
3876,3470,3572,0,0
3877,3471,3573,0,0
3878,3472,3574,0,0
3879,3473,3575,0,0
3880,3474,3576,0,0
3881,3475,3577,0,0
3882,3476,3578,0,0
3883,3477,3579,0,0
3884,3478,3580,0,0
3885,3479,3581,0,0
3886,3480,3582,0,0
3887,3480,3582,0,0
3888,3481,3583,0,0
3889,3482,3584,0,0
3890,3483,3585,0,0
3891,3484,3586,0,0
3892,3485,3587,0,0
3893,3486,3588,0,0
3894,3487,3589,0,0
3895,3488,3590,0,0
3896,3489,3591,0,0
3897,3490,3592,0,0
3898,3491,3593,0,0
3899,3492,3594,0,0
3900,3493,3595,0,0
3901,3494,3596,0,0
3902,3495,3597,0,0
3903,3496,3598,0,0
3904,3497,3599,0,0
3905,3498,3600,0,0
3906,3499,3601,0,0
3907,3500,3602,0,0
3908,3500,3602,0,0
3909,3500,3602,0,0
3910,3500,3602,0,0
3911,3501,3603,0,0
3912,3501,3603,0,0
3913,3502,3604,0,0
3914,3503,3605,0,0
3915,3504,3606,0,0
3916,3504,3606,0,0
3917,3505,3607,0,0
3918,3506,3608,0,0
3919,3507,3609,0,0
3920,3508,3610,0,0
3921,3509,3611,0,0
3922,3510,3612,0,0
3923,3511,3613,0,0
3924,3511,3613,0,0
3925,3512,3614,0,0
3926,3513,3615,0,0
3927,3514,3616,0,0
3928,3515,3617,0,0
3929,3516,3618,0,0
3930,3517,3619,0,0
3931,3518,3620,0,0
3932,3519,3621,0,0
3933,3520,3622,0,0
3934,3520,3622,0,0
3935,3521,3623,0,0
3936,3522,3624,0,0
3937,3523,3625,0,0
3938,3524,3626,0,0
3939,3525,3627,0,0
3940,3526,3628,0,0
3941,3527,3629,0,0
3942,3528,3630,0,0
3943,3529,3631,0,0
3944,3530,3632,0,0
3945,3531,3633,0,0
3946,3532,3634,0,0
3947,3533,3635,0,0
3948,3534,3636,0,0
3949,3535,3637,0,0
3950,3536,3638,0,0
3951,3537,3639,0,0
3952,3538,3640,0,0
3953,3539,3641,0,0
3954,3540,3642,0,0
3955,3541,3643,0,0
3956,3542,3644,0,0
3957,3543,3645,0,0
3958,3544,3646,0,0
3959,3545,3647,0,0
3960,3546,3648,0,0
3961,3546,3648,0,0
3962,3547,3649,0,0
3963,3548,3650,0,0
3964,3548,3650,0,0
3965,3549,3651,0,0
3966,3549,3651,0,0
3967,3550,3652,0,0
3968,3551,3653,0,0
3969,3552,3654,0,0
3970,3553,3655,0,0
3971,3554,3656,0,0
3972,3555,3657,0,0
3973,3556,3658,0,0
3974,3556,3658,0,0
3975,3557,3659,0,0
3976,3558,3660,0,0
3977,3559,3661,0,0
3978,3560,3662,0,0
3979,3561,3663,0,0
3980,3562,3664,0,0
3981,3562,3664,0,0
3982,3563,3665,0,0
3983,3564,3666,0,0
3984,3565,3667,0,0
3985,3566,3668,0,0
3986,3567,3669,0,0
3987,3568,3670,0,0
3988,3568,3671,0,0
3989,3569,3672,0,0
3990,3570,3673,0,0
3991,3571,3674,0,0
3992,3572,3675,0,0
3993,3572,3675,0,0
3994,3573,3676,0,0
3995,3574,3677,0,0
3996,3574,3677,0,0
3997,3575,3678,0,0
3998,3576,3679,0,0
3999,3577,3680,0,0
4000,3578,3681,0,0
4001,3579,3682,0,0
4002,3580,3683,0,0
4003,3581,3684,0,0
4004,3582,3685,0,0
4005,3583,3686,0,0
4006,3583,3687,0,0
4007,3584,3688,0,0
4008,3584,3688,0,0
4009,3585,3689,0,0
4010,3586,3690,0,0
4011,3587,3691,0,0
4012,3588,3692,0,0
4013,3589,3693,0,0
4014,3590,3694,0,0
4015,3591,3695,0,0
4016,3592,3696,0,0
4017,3593,3697,0,0
4018,3594,3698,0,0
4019,3594,3698,0,0
4020,3595,3699,0,0
4021,3596,3700,0,0
4022,3597,3701,0,0
4022,3597,3701,0,0
4023,3598,3702,0,0
4024,3599,3703,0,0
4025,3600,3704,0,0
4026,3601,3705,0,0
4027,3602,3706,0,0
4028,3603,3707,0,0
4029,3604,3708,0,0
4030,3605,3709,0,0
4031,3606,3710,0,0
4032,3607,3711,0,0
4033,3608,3712,0,0
4034,3609,3713,0,0
4035,3609,3714,0,0
4036,3610,3715,0,0
4037,3611,3716,0,0
4038,3612,3717,0,0
4039,3613,3718,0,0
4040,3614,3719,0,0
4041,3615,3720,0,0
4042,3616,3721,0,0
4043,3617,3722,0,0
4044,3618,3723,0,0
4045,3619,3724,0,0
4046,3620,3725,0,0
4047,3621,3726,0,0
4048,3621,3726,0,0
4049,3622,3727,0,0
4050,3623,3728,0,0
4051,3624,3729,0,0
4052,3625,3730,0,0
4053,3626,3731,0,0
4054,3627,3732,0,0
4055,3627,3733,0,0
4056,3628,3734,0,0
4057,3629,3735,0,0
4058,3630,3736,0,0
4059,3631,3737,0,0
4060,3632,3738,0,0
4061,3633,3739,0,0
4062,3634,3740,0,0
4063,3634,3740,0,0
4064,3635,3741,0,0
4065,3636,3742,0,0
4066,3637,3743,0,0
4067,3638,3744,0,0
4068,3639,3745,0,0
4069,3640,3746,0,0
4070,3641,3747,0,0
4071,3642,3748,0,0
4072,3643,3749,0,0
4073,3643,3750,0,0
4074,3644,3751,0,0
4075,3644,3751,0,0
4076,3645,3752,0,0
4077,3646,3753,0,0
4078,3647,3754,0,0
4079,3648,3755,0,0
4080,3649,3756,0,0
4081,3650,3757,0,0
4082,3651,3758,0,0
4083,3652,3759,0,0
4084,3653,3760,0,0
4085,3653,3760,0,0
4086,3654,3761,0,0
4087,3655,3762,0,0
4088,3656,3763,0,0
4089,3657,3764,0,0
4090,3658,3765,0,0
4091,3659,3766,0,0
4092,3660,3767,0,0
4093,3661,3768,0,0
4094,3662,3769,0,0
4095,3663,3770,0,0
4096,3664,3771,0,0
4097,3665,3772,0,0
4098,3665,3772,0,0
4099,3666,3773,0,0
4100,3666,3774,0,0
4101,3667,3775,0,0
4102,3668,3776,0,0
4103,3668,3776,0,0
4104,3669,3777,0,0
4105,3669,3777,0,0
4106,3670,3778,0,0
4107,3671,3779,0,0
4108,3672,3780,0,0
4109,3673,3781,0,0
4110,3674,3782,0,0
4111,3674,3783,0,0
4112,3674,3784,0,0
4113,3675,3785,0,0
4114,3676,3786,0,0
4115,3677,3787,0,0
4116,3678,3788,0,0
4117,3679,3789,0,0
4118,3680,3790,0,0
4119,3681,3791,0,0
4120,3682,3792,0,0
4121,3683,3793,0,0
4122,3684,3794,0,0
4123,3685,3795,0,0
4124,3686,3796,0,0
4125,3687,3797,0,0
4126,3688,3798,0,0
4127,3689,3799,0,0
4128,3690,3800,0,0
4129,3691,3801,0,0
4130,3692,3802,0,0
4131,3693,3803,0,0
4132,3693,3803,0,0
4133,3694,3804,0,0
4134,3695,3805,0,0
4135,3696,3806,0,0
4136,3697,3807,0,0
4137,3698,3808,0,0
4138,3699,3809,0,0
4139,3700,3810,0,0
4140,3701,3811,0,0
4141,3702,3812,0,0
4142,3703,3813,0,0
4143,3704,3814,0,0
4144,3705,3815,0,0
4145,3706,3816,0,0
4146,3707,3817,0,0
4147,3708,3818,0,0
4148,3709,3819,0,0
4149,3710,3820,0,0
4150,3711,3821,0,0
4151,3712,3822,0,0
4152,3713,3823,0,0
4153,3714,3824,0,0
4154,3715,3825,0,0
4155,3716,3826,0,0
4156,3717,3827,0,0
4157,3718,3828,0,0
4158,3719,3829,0,0
4159,3720,3830,0,0
4160,3721,3831,0,0
4161,3721,3831,0,0
4162,3722,3832,0,0
4163,3723,3833,0,0
4164,3724,3834,0,0
4165,3724,3834,0,0
4166,3725,3835,0,0
4167,3726,3836,0,0
4168,3727,3837,0,0
4169,3728,3838,0,0
4170,3729,3839,0,0
4171,3730,3840,0,0
4172,3731,3841,0,0
4173,3732,3842,0,0
4174,3733,3843,0,0
4175,3734,3844,0,0
4176,3735,3845,0,0
4177,3736,3846,0,0
4178,3737,3847,0,0
4179,3738,3848,0,0
4180,3739,3849,0,0
4181,3740,3850,0,0
4182,3741,3851,0,0
4183,3741,3851,0,0
4184,3742,3852,0,0
4185,3743,3853,0,0
4186,3744,3854,0,0
4187,3745,3855,0,0
4188,3746,3856,0,0
4189,3747,3857,0,0
4190,3748,3858,0,0
4191,3749,3859,0,0
4192,3750,3860,0,0
4193,3751,3861,0,0
4194,3751,3862,0,0
4195,3751,3863,0,0
4196,3752,3864,0,0
4197,3753,3865,0,0
4198,3754,3866,0,0
4199,3755,3867,0,0
4200,3756,3868,0,0
4201,3757,3869,0,0
4202,3758,3870,0,0
4203,3759,3871,0,0
4204,3760,3872,0,0
4205,3761,3873,0,0
4206,3762,3874,0,0
4207,3763,3875,0,0
4208,3764,3876,0,0
4209,3765,3877,0,0
4210,3766,3878,0,0
4211,3767,3879,0,0
4212,3768,3880,0,0
4213,3769,3881,0,0
4214,3770,3882,0,0
4215,3771,3883,0,0
4216,3771,3883,0,0
4217,3772,3884,0,0
4218,3773,3885,0,0
4219,3774,3886,0,0
4220,3775,3887,0,0
4221,3776,3888,0,0
4222,3777,3889,0,0
4223,3778,3890,0,0
4224,3779,3891,0,0
4225,3780,3892,0,0
4226,3781,3893,0,0
4227,3782,3894,0,0
4228,3783,3895,0,0
4229,3784,3896,0,0
4230,3785,3897,0,0
4231,3786,3898,0,0
4232,3787,3899,0,0
4233,3788,3900,0,0
4234,3789,3901,0,0
4235,3790,3902,0,0
4236,3790,3902,0,0
4237,3791,3903,0,0
4238,3792,3904,0,0
4239,3793,3905,0,0
4240,3794,3906,0,0
4241,3795,3907,0,0
4242,3796,3908,0,0
4243,3797,3909,0,0
4244,3797,3909,0,0
4245,3798,3910,0,0
4246,3798,3910,0,0
4247,3799,3911,0,0
4248,3799,3911,0,0
4249,3800,3912,0,0
4250,3801,3913,0,0
4251,3802,3914,0,0
4252,3803,3915,0,0
4253,3804,3916,0,0
4254,3805,3917,0,0
4255,3806,3918,0,0
4256,3807,3919,0,0
4257,3808,3920,0,0
4258,3809,3921,0,0
4259,3810,3922,0,0
4260,3811,3923,0,0
4261,3812,3924,0,0
4262,3813,3925,0,0
4263,3814,3926,0,0
4264,3814,3926,0,0
4265,3815,3927,0,0
4266,3815,3927,0,0
4267,3816,3928,0,0
4268,3817,3929,0,0
4269,3818,3930,0,0
4270,3819,3931,0,0
4271,3820,3932,0,0
4272,3820,3932,0,0
4273,3820,3932,0,0
4274,3821,3933,0,0
4275,3822,3934,0,0
4276,3823,3935,0,0
4277,3824,3936,0,0
4278,3825,3937,0,0
4279,3826,3938,0,0
4280,3827,3939,0,0
4281,3828,3940,0,0
4282,3829,3941,0,0
4283,3830,3942,0,0
4284,3831,3943,0,0
4285,3832,3944,0,0
4286,3833,3945,0,0
4287,3834,3946,0,0
4288,3835,3947,0,0
4289,3836,3948,0,0
4290,3837,3949,0,0
4291,3838,3950,0,0
4292,3839,3951,0,0
4293,3840,3952,0,0
4294,3841,3953,0,0
4295,3841,3953,0,0
4296,3842,3954,0,0
4297,3843,3955,0,0
4298,3844,3956,0,0
4299,3845,3957,0,0
4300,3845,3957,0,0
4301,3846,3958,0,0
4302,3847,3959,0,0
4303,3848,3960,0,0
4304,3849,3961,0,0
4305,3850,3962,0,0
4306,3851,3963,0,0
4307,3852,3964,0,0
4308,3852,3964,0,0
4309,3853,3965,0,0
4310,3854,3966,0,0
4311,3855,3967,0,0
4312,3856,3968,0,0
4313,3857,3969,0,0
4314,3858,3970,0,0
4315,3859,3971,0,0
4316,3860,3972,0,0
4317,3861,3973,0,0
4318,3862,3974,0,0
4319,3863,3975,0,0
4320,3864,3976,0,0
4321,3865,3977,0,0
4322,3865,3977,0,0
4323,3866,3978,0,0
4324,3867,3979,0,0
4325,3867,3979,0,0
4326,3868,3980,0,0
4327,3869,3981,0,0
4328,3870,3982,0,0
4329,3870,3982,0,0
4330,3871,3983,0,0
4331,3872,3984,0,0
4332,3873,3985,0,0
4333,3874,3986,0,0
4334,3875,3987,0,0
4335,3876,3988,0,0
4336,3876,3989,0,0
4337,3877,3990,0,0
4338,3878,3991,0,0
4339,3878,3991,0,0
4340,3879,3992,0,0
4341,3880,3993,0,0
4342,3881,3994,0,0
4343,3882,3995,0,0
4344,3883,3996,0,0
4345,3884,3997,0,0
4346,3885,3998,0,0
4347,3886,3999,0,0
4348,3887,4000,0,0
4349,3888,4001,0,0
4350,3888,4001,0,0
4351,3888,4001,0,0
4352,3889,4002,0,0
4353,3890,4003,0,0
4354,3890,4003,0,0
4355,3891,4004,0,0
4356,3892,4005,0,0
4357,3893,4006,0,0
4358,3894,4007,0,0
4359,3895,4008,0,0
4360,3895,4009,0,0
4361,3896,4010,0,0
4362,3897,4011,0,0
4363,3898,4012,0,0
4364,3899,4013,0,0
4365,3900,4014,0,0
4366,3901,4015,0,0
4367,3902,4016,0,0
4368,3902,4016,0,0
4369,3903,4017,0,0
4370,3904,4018,0,0
4371,3905,4019,0,0
4372,3906,4020,0,0
4373,3907,4021,0,0
4374,3907,4021,0,0
4375,3908,4022,0,0
4376,3909,4023,0,0
4377,3910,4024,0,0
4378,3911,4025,0,0
4379,3912,4026,0,0
4380,3913,4027,0,0
4381,3914,4028,0,0
4382,3915,4029,0,0
4383,3916,4030,0,0
4384,3917,4031,0,0
4385,3918,4032,0,0
4386,3919,4033,0,0
4387,3920,4034,0,0
4388,3920,4034,0,0
4389,3921,4035,0,0
4390,3921,4035,0,0
4391,3922,4036,0,0
4392,3923,4037,0,0
4393,3923,4037,0,0
4394,3924,4038,0,0
4395,3925,4039,0,0
4396,3926,4040,0,0
4397,3927,4041,0,0
4398,3928,4042,0,0
4399,3929,4043,0,0
4400,3930,4044,0,0
4401,3931,4045,0,0
4402,3932,4046,0,0
4403,3933,4047,0,0
4404,3934,4048,0,0
4405,3934,4048,0,0
4406,3935,4049,0,0
4407,3936,4050,0,0
4408,3937,4051,0,0
4409,3938,4052,0,0
4410,3939,4053,0,0
4411,3940,4054,0,0
4412,3941,4055,0,0
4413,3941,4055,0,0
4414,3941,4055,0,0
4415,3941,4055,0,0
4416,3942,4056,0,0
4417,3943,4057,0,0
4418,3944,4058,0,0
4419,3945,4059,0,0
4420,3946,4060,0,0
4421,3947,4061,0,0
4422,3948,4062,0,0
4423,3949,4063,0,0
4424,3949,4063,0,0
4425,3949,4063,0,0
4426,3950,4064,0,0
4427,3951,4065,0,0
4428,3952,4066,0,0
4429,3952,4067,0,0
4430,3953,4068,0,0
4431,3954,4069,0,0
4432,3955,4070,0,0
4433,3956,4071,0,0
4434,3956,4072,0,0
4435,3957,4073,0,0
4436,3957,4073,0,0
4437,3958,4074,0,0
4438,3959,4075,0,0
4439,3960,4076,0,0
4440,3961,4077,0,0
4441,3962,4078,0,0
4442,3963,4079,0,0
4443,3964,4080,0,0
4444,3964,4080,0,0
4445,3965,4081,0,0
4446,3966,4082,0,0
4447,3967,4083,0,0
4448,3968,4084,0,0
4449,3969,4085,0,0
4449,3969,4085,0,0
4450,3970,4086,0,0
4451,3971,4087,0,0
4452,3972,4088,0,0
4453,3973,4089,0,0
4454,3974,4090,0,0
4455,3975,4091,0,0
4456,3976,4092,0,0
4457,3977,4093,0,0
4458,3978,4094,0,0
4459,3979,4095,0,0
4460,3980,4096,0,0
4461,3981,4097,0,0
4462,3982,4098,0,0
4463,3983,4099,0,0
4464,3984,4100,0,0
4465,3985,4101,0,0
4466,3985,4101,0,0
4467,3986,4102,0,0
4468,3987,4103,0,0
4469,3988,4104,0,0
4470,3989,4105,0,0
4471,3990,4106,0,0
4472,3991,4107,0,0
4473,3991,4108,0,0
4474,3992,4109,0,0
4475,3993,4110,0,0
4476,3994,4111,0,0
4477,3995,4112,0,0
4478,3996,4113,0,0
4479,3997,4114,0,0
4480,3998,4115,0,0
4481,3999,4116,0,0
4482,4000,4117,0,0
4483,4001,4118,0,0
4484,4001,4118,0,0
4485,4001,4118,0,0
4486,4002,4119,0,0
4487,4003,4120,0,0
4488,4004,4121,0,0
4489,4005,4122,0,0
4490,4006,4123,0,0
4491,4007,4124,0,0
4492,4008,4125,0,0
4493,4009,4126,0,0
4494,4010,4127,0,0
4495,4011,4128,0,0
4496,4012,4129,0,0
4497,4013,4130,0,0
4498,4014,4131,0,0
4499,4015,4132,0,0
4500,4016,4133,0,0
4501,4017,4134,0,0
4502,4018,4135,0,0
4503,4019,4136,0,0
4504,4020,4137,0,0
4505,4021,4138,0,0
4506,4021,4138,0,0
4507,4022,4139,0,0
4508,4023,4140,0,0
4509,4024,4141,0,0
4510,4025,4142,0,0
4511,4026,4143,0,0
4512,4026,4143,0,0
4513,4027,4144,0,0
4514,4028,4145,0,0
4515,4029,4146,0,0
4516,4030,4147,0,0
4517,4031,4148,0,0
4518,4032,4149,0,0
4519,4033,4150,0,0
4520,4034,4151,0,0
4521,4035,4152,0,0
4522,4036,4153,0,0
4523,4037,4154,0,0
4524,4038,4155,0,0
4525,4038,4155,0,0
4526,4039,4156,0,0
4527,4040,4157,0,0
4528,4041,4158,0,0
4529,4042,4159,0,0
4530,4043,4160,0,0
4531,4044,4161,0,0
4532,4045,4162,0,0
4533,4046,4163,0,0
4534,4047,4164,0,0
4535,4048,4165,0,0
4536,4049,4166,0,0
4537,4049,4166,0,0
4538,4050,4167,0,0
4539,4050,4168,0,0
4540,4051,4169,0,0
4541,4052,4170,0,0
4542,4053,4171,0,0
4543,4054,4172,0,0
4544,4055,4173,0,0
4545,4056,4174,0,0
4546,4056,4174,0,0
4547,4057,4175,0,0
4548,4058,4176,0,0
4549,4059,4177,0,0
4550,4060,4178,0,0
4551,4061,4179,0,0
4552,4062,4180,0,0
4553,4063,4181,0,0
4554,4064,4182,0,0
4555,4064,4182,0,0
4556,4065,4183,0,0
4557,4066,4184,0,0
4558,4067,4185,0,0
4559,4068,4186,0,0
4560,4069,4187,0,0
4561,4070,4188,0,0
4562,4071,4189,0,0
4563,4072,4190,0,0
4564,4073,4191,0,0
4565,4074,4192,0,0
4566,4075,4193,0,0
4567,4075,4193,0,0
4568,4076,4194,0,0
4569,4077,4195,0,0
4570,4078,4196,0,0
4571,4079,4197,0,0
4572,4080,4198,0,0
4573,4081,4199,0,0
4574,4082,4200,0,0
4575,4083,4201,0,0
4576,4084,4202,0,0
4577,4085,4203,0,0
4578,4086,4204,0,0
4579,4087,4205,0,0
4580,4088,4206,0,0
4581,4089,4207,0,0
4582,4090,4208,0,0
4583,4090,4209,0,0
4584,4091,4210,0,0
4585,4092,4211,0,0
4586,4093,4212,0,0
4587,4094,4213,0,0
4588,4095,4214,0,0
4589,4096,4215,0,0
4590,4097,4216,0,0
4591,4098,4217,0,0
4592,4099,4218,0,0
4593,4100,4219,0,0
4594,4101,4220,0,0
4595,4102,4221,0,0
4596,4103,4222,0,0
4597,4104,4223,0,0
4598,4104,4223,0,0
4599,4105,4224,0,0
4600,4106,4225,0,0
4601,4107,4226,0,0
4602,4108,4227,0,0
4603,4109,4228,0,0
4604,4110,4229,0,0
4605,4111,4230,0,0
4606,4112,4231,0,0
4607,4113,4232,0,0
4608,4114,4233,0,0
4609,4115,4234,0,0
4610,4116,4235,0,0
4611,4117,4236,0,0
4612,4118,4237,0,0
4613,4119,4238,0,0
4614,4120,4239,0,0
4615,4121,4240,0,0
4616,4122,4241,0,0
4617,4123,4242,0,0
4618,4124,4243,0,0
4619,4125,4244,0,0
4620,4126,4245,0,0
4621,4127,4246,0,0
4622,4127,4246,0,0
4623,4128,4247,0,0
4624,4128,4248,0,0
4625,4129,4249,0,0
4626,4130,4250,0,0
4627,4131,4251,0,0
4628,4132,4252,0,0
4629,4133,4253,0,0
4630,4134,4254,0,0
4631,4135,4255,0,0
4632,4135,4255,0,0
4633,4136,4256,0,0
4634,4137,4257,0,0
4635,4138,4258,0,0
4636,4139,4259,0,0
4637,4140,4260,0,0
4638,4140,4260,0,0
4639,4141,4261,0,0
4640,4142,4262,0,0
4641,4142,4262,0,0
4642,4143,4263,0,0
4643,4144,4264,0,0
4644,4145,4265,0,0
4645,4146,4266,0,0
4646,4147,4267,0,0
4647,4148,4268,0,0
4648,4149,4269,0,0
4649,4150,4270,0,0
4650,4151,4271,0,0
4651,4152,4272,0,0
4652,4153,4273,0,0
4653,4154,4274,0,0
4654,4155,4275,0,0
4655,4156,4276,0,0
4656,4157,4277,0,0
4657,4158,4278,0,0
4658,4159,4279,0,0
4659,4160,4280,0,0
4660,4161,4281,0,0
4661,4162,4282,0,0
4662,4163,4283,0,0
4663,4164,4284,0,0
4664,4165,4285,0,0
4665,4166,4286,0,0
4666,4167,4287,0,0
4667,4168,4288,0,0
4668,4169,4289,0,0
4669,4170,4290,0,0
4670,4170,4290,0,0
4671,4171,4291,0,0
4672,4172,4292,0,0
4673,4173,4293,0,0
4674,4174,4294,0,0
4675,4175,4295,0,0
4676,4175,4295,0,0
4677,4176,4296,0,0
4678,4177,4297,0,0
4679,4178,4298,0,0
4680,4179,4299,0,0
4681,4180,4300,0,0
4682,4181,4301,0,0
4683,4182,4302,0,0
4684,4183,4303,0,0
4685,4184,4304,0,0
4686,4185,4305,0,0
4686,4185,4305,0,0
4687,4186,4306,0,0
4688,4187,4307,0,0
4689,4188,4308,0,0
4690,4189,4309,0,0
4691,4190,4310,0,0
4692,4191,4311,0,0
4693,4192,4312,0,0
4694,4193,4313,0,0
4695,4194,4314,0,0
4696,4195,4315,0,0
4697,4195,4315,0,0
4698,4196,4316,0,0
4699,4197,4317,0,0
4700,4198,4318,0,0
4701,4199,4319,0,0
4702,4200,4320,0,0
4703,4201,4321,0,0
4704,4202,4322,0,0
4705,4203,4323,0,0
4706,4204,4324,0,0
4707,4204,4324,0,0
4708,4205,4325,0,0
4709,4205,4326,0,0
4710,4206,4327,0,0
4711,4207,4328,0,0
4712,4208,4329,0,0
4713,4209,4330,0,0
4714,4210,4331,0,0
4715,4211,4332,0,0
4716,4212,4333,0,0
4717,4213,4334,0,0
4718,4214,4335,0,0
4719,4215,4336,0,0
4720,4215,4337,0,0
4721,4216,4338,0,0
4722,4217,4339,0,0
4723,4218,4340,0,0
4724,4219,4341,0,0
4725,4220,4342,0,0
4726,4221,4343,0,0
4727,4222,4344,0,0
4728,4223,4345,0,0
4729,4224,4346,0,0
4730,4225,4347,0,0
4731,4226,4348,0,0
4732,4227,4349,0,0
4733,4228,4350,0,0
4734,4229,4351,0,0
4735,4230,4352,0,0
4736,4231,4353,0,0
4737,4231,4353,0,0
4738,4231,4353,0,0
4739,4231,4354,0,0
4740,4232,4355,0,0
4741,4233,4356,0,0
4742,4234,4357,0,0
4743,4235,4358,0,0
4744,4236,4359,0,0
4745,4237,4360,0,0
4746,4238,4361,0,0
4747,4239,4362,0,0
4748,4240,4363,0,0
4749,4241,4364,0,0
4750,4241,4364,0,0
4751,4242,4365,0,0
4752,4243,4366,0,0
4753,4244,4367,0,0
4754,4245,4368,0,0
4755,4246,4369,0,0
4756,4247,4370,0,0
4757,4248,4371,0,0
4758,4249,4372,0,0
4759,4250,4373,0,0
4760,4251,4374,0,0
4761,4252,4375,0,0
4762,4253,4376,0,0
4763,4254,4377,0,0
4764,4255,4378,0,0
4765,4256,4379,0,0
4766,4257,4380,0,0
4767,4258,4381,0,0
4768,4259,4382,0,0
4769,4260,4383,0,0
4770,4261,4384,0,0
4771,4262,4385,0,0
4772,4263,4386,0,0
4773,4264,4387,0,0
4774,4265,4388,0,0
4775,4266,4389,0,0
4776,4267,4390,0,0
4777,4268,4391,0,0
4778,4269,4392,0,0
4779,4270,4393,0,0
4780,4271,4394,0,0
4781,4272,4395,0,0
4782,4273,4396,0,0
4783,4274,4397,0,0
4784,4274,4397,0,0
4785,4275,4398,0,0
4786,4276,4399,0,0
4787,4277,4400,0,0
4788,4277,4401,0,0
4789,4277,4401,0,0
4790,4278,4402,0,0
4791,4279,4403,0,0
4792,4280,4404,0,0
4793,4281,4405,0,0
4794,4282,4406,0,0
4795,4283,4407,0,0
4796,4284,4408,0,0
4797,4285,4409,0,0
4798,4286,4410,0,0
4799,4287,4411,0,0
4800,4288,4412,0,0
4801,4289,4413,0,0
4802,4290,4414,0,0
4803,4290,4414,0,0
4804,4291,4415,0,0
4805,4292,4416,0,0
4806,4293,4417,0,0
4807,4294,4418,0,0
4808,4295,4419,0,0
4809,4295,4420,0,0
4810,4296,4421,0,0
4811,4297,4422,0,0
4812,4298,4423,0,0
4813,4299,4424,0,0
4814,4300,4425,0,0
4815,4301,4426,0,0
4816,4302,4427,0,0
4817,4303,4428,0,0
4818,4304,4429,0,0
4819,4305,4430,0,0
4820,4306,4431,0,0
4821,4307,4432,0,0
4822,4307,4432,0,0
4823,4308,4433,0,0
4824,4309,4434,0,0
4825,4310,4435,0,0
4826,4310,4435,0,0
4827,4311,4436,0,0
4828,4311,4437,0,0
4829,4312,4438,0,0
4830,4313,4439,0,0
4831,4314,4440,0,0
4832,4315,4441,0,0
4833,4316,4442,0,0
4834,4316,4442,0,0
4835,4317,4443,0,0
4836,4318,4444,0,0
4837,4319,4445,0,0
4838,4320,4446,0,0
4839,4321,4447,0,0
4840,4322,4448,0,0
4841,4323,4449,0,0
4842,4324,4450,0,0
4843,4325,4451,0,0
4844,4326,4452,0,0
4845,4326,4452,0,0
4846,4326,4452,0,0
4847,4327,4453,0,0
4848,4328,4454,0,0
4849,4329,4455,0,0
4850,4330,4456,0,0
4851,4331,4457,0,0
4852,4332,4458,0,0
4853,4333,4459,0,0
4854,4334,4460,0,0
4855,4335,4461,0,0
4856,4335,4461,0,0
4857,4336,4462,0,0
4858,4337,4463,0,0
4859,4338,4464,0,0
4860,4339,4465,0,0
4861,4340,4466,0,0
4862,4340,4466,0,0
4863,4341,4467,0,0
4864,4342,4468,0,0
4865,4343,4469,0,0
4866,4344,4470,0,0
4867,4345,4471,0,0
4868,4346,4472,0,0
4869,4347,4473,0,0
4870,4348,4474,0,0
4871,4349,4475,0,0
4872,4350,4476,0,0
4873,4351,4477,0,0
4874,4352,4478,0,0
4875,4353,4479,0,0
4876,4354,4480,0,0
4877,4355,4481,0,0
4878,4356,4482,0,0
4879,4356,4482,0,0
4880,4357,4483,0,0
4881,4358,4484,0,0
4882,4359,4485,0,0
4883,4360,4486,0,0
4884,4361,4487,0,0
4885,4362,4488,0,0
4886,4363,4489,0,0
4887,4364,4490,0,0
4888,4365,4491,0,0
4889,4366,4492,0,0
4890,4366,4493,0,0
4891,4366,4494,0,0
4892,4367,4495,0,0
4893,4368,4496,0,0
4894,4369,4497,0,0
4895,4370,4498,0,0
4896,4371,4499,0,0
4897,4372,4500,0,0
4898,4373,4501,0,0
4899,4374,4502,0,0
4900,4375,4503,0,0
4901,4376,4504,0,0
4902,4377,4505,0,0
4903,4378,4506,0,0
4904,4379,4507,0,0
4905,4380,4508,0,0
4906,4381,4509,0,0
4907,4382,4510,0,0
4908,4383,4511,0,0
4909,4383,4511,0,0
4910,4384,4512,0,0
4911,4385,4513,0,0
4912,4386,4514,0,0
4913,4387,4515,0,0
4914,4388,4516,0,0
4915,4389,4517,0,0
4916,4390,4518,0,0
4917,4390,4518,0,0
4918,4391,4519,0,0
4919,4392,4520,0,0
4920,4393,4521,0,0
4921,4394,4522,0,0
4922,4395,4523,0,0
4923,4396,4524,0,0
4924,4397,4525,0,0
4925,4398,4526,0,0
4926,4398,4526,0,0
4927,4399,4527,0,0
4928,4400,4528,0,0
4929,4401,4529,0,0
4930,4402,4530,0,0
4931,4403,4531,0,0
4932,4404,4532,0,0
4933,4404,4532,0,0
4934,4405,4533,0,0
4935,4406,4534,0,0
4936,4407,4535,0,0
4937,4408,4536,0,0
4938,4409,4537,0,0
4939,4410,4538,0,0
4940,4411,4539,0,0
4941,4412,4540,0,0
4942,4413,4541,0,0
4943,4414,4542,0,0
4944,4415,4543,0,0
4945,4416,4544,0,0
4946,4417,4545,0,0
4947,4418,4546,0,0
4948,4419,4547,0,0
4949,4420,4548,0,0
4950,4421,4549,0,0
4951,4422,4550,0,0
4952,4423,4551,0,0
4953,4424,4552,0,0
4954,4425,4553,0,0
4955,4426,4554,0,0
4956,4427,4555,0,0
4957,4427,4555,0,0
4958,4427,4555,0,0
4959,4428,4556,0,0
4960,4429,4557,0,0
4961,4430,4558,0,0
4962,4431,4559,0,0
4963,4432,4560,0,0
4964,4432,4560,0,0
4965,4433,4561,0,0
4966,4434,4562,0,0
4967,4435,4563,0,0
4968,4436,4564,0,0
4969,4437,4565,0,0
4970,4438,4566,0,0
4971,4439,4567,0,0
4972,4439,4567,0,0
4973,4440,4568,0,0
4974,4441,4569,0,0
4975,4442,4570,0,0
4976,4443,4571,0,0
4977,4444,4572,0,0
4978,4445,4573,0,0
4979,4446,4574,0,0
4980,4447,4575,0,0
4981,4448,4576,0,0
4982,4449,4577,0,0
4983,4450,4578,0,0
4984,4451,4579,0,0
4985,4452,4580,0,0
4986,4453,4581,0,0
4987,4454,4582,0,0
4988,4455,4583,0,0
4989,4455,4583,0,0
4990,4456,4584,0,0
4991,4456,4584,0,0
4992,4457,4585,0,0
4993,4458,4586,0,0
4994,4458,4586,0,0
4995,4459,4587,0,0
4996,4460,4588,0,0
4997,4461,4589,0,0
4998,4462,4590,0,0
4999,4463,4591,0,0
5000,4464,4592,0,0
5001,4465,4593,0,0
5002,4466,4594,0,0
5003,4466,4594,0,0
5004,4467,4595,0,0
5005,4468,4596,0,0
5006,4469,4597,0,0
5007,4470,4598,0,0
5008,4471,4599,0,0
5009,4472,4600,0,0
5010,4473,4601,0,0
5011,4474,4602,0,0
5012,4475,4603,0,0
5013,4476,4604,0,0
5014,4476,4604,0,0
5015,4477,4605,0,0
5016,4478,4606,0,0
5017,4479,4607,0,0
5018,4480,4608,0,0
5019,4481,4609,0,0
5020,4482,4610,0,0
5021,4483,4611,0,0
5022,4484,4612,0,0
5023,4485,4613,0,0
5024,4486,4614,0,0
5025,4487,4615,0,0
5026,4488,4616,0,0
5027,4488,4616,0,0
5027,4488,4616,0,0
5028,4489,4617,0,0
5029,4490,4618,0,0
5030,4490,4618,0,0
5031,4491,4619,0,0
5032,4492,4620,0,0
5033,4493,4621,0,0
5034,4494,4622,0,0
5035,4495,4623,0,0
5036,4496,4624,0,0
5037,4497,4625,0,0
5038,4498,4626,0,0
5039,4499,4627,0,0
5040,4500,4628,0,0
5041,4501,4629,0,0
5042,4502,4630,0,0
5043,4502,4631,0,0
5044,4503,4632,0,0
5045,4504,4633,0,0
5046,4505,4634,0,0
5047,4506,4635,0,0
5048,4507,4636,0,0
5049,4508,4637,0,0
5050,4509,4638,0,0
5051,4510,4639,0,0
5052,4511,4640,0,0
5053,4512,4641,0,0
5054,4513,4642,0,0
5055,4514,4643,0,0
5056,4515,4644,0,0
5057,4516,4645,0,0
5058,4517,4646,0,0
5059,4518,4647,0,0
5060,4519,4648,0,0
5061,4519,4648,0,0
5062,4519,4648,0,0
5063,4520,4649,0,0
5064,4520,4649,0,0
5065,4521,4650,0,0
5066,4522,4651,0,0
5067,4523,4652,0,0
5068,4524,4653,0,0
5069,4525,4654,0,0
5070,4526,4655,0,0
5071,4527,4656,0,0
5072,4528,4657,0,0
5073,4529,4658,0,0
5074,4530,4659,0,0
5075,4531,4660,0,0
5076,4532,4661,0,0
5077,4533,4662,0,0
5078,4534,4663,0,0
5079,4535,4664,0,0
5080,4536,4665,0,0
5081,4537,4666,0,0
5082,4538,4667,0,0
5083,4539,4668,0,0
5084,4539,4668,0,0
5085,4540,4669,0,0
5086,4541,4670,0,0
5087,4542,4671,0,0
5088,4543,4672,0,0
5089,4544,4673,0,0
5090,4545,4674,0,0
5091,4545,4674,0,0
5092,4546,4675,0,0
5093,4547,4676,0,0
5094,4548,4677,0,0
5095,4549,4678,0,0
5096,4550,4679,0,0
5097,4550,4679,0,0
5098,4550,4679,0,0
5099,4551,4680,0,0
5100,4552,4681,0,0
5101,4553,4682,0,0
5102,4554,4683,0,0
5103,4555,4684,0,0
5104,4556,4685,0,0
5105,4557,4686,0,0
5106,4558,4687,0,0
5107,4559,4688,0,0
5108,4560,4689,0,0
5109,4561,4690,0,0
5110,4562,4691,0,0
5111,4563,4692,0,0
5112,4564,4693,0,0
5113,4565,4694,0,0
5114,4566,4695,0,0
5115,4567,4696,0,0
5116,4568,4697,0,0
5117,4569,4698,0,0
5118,4570,4699,0,0
5119,4571,4700,0,0
5120,4572,4701,0,0
5121,4573,4702,0,0
5122,4574,4703,0,0
5123,4575,4704,0,0
5124,4576,4705,0,0
5125,4577,4706,0,0
5126,4578,4707,0,0
5127,4579,4708,0,0
5128,4580,4709,0,0
5129,4580,4709,0,0
5130,4580,4709,0,0
5131,4581,4710,0,0
5132,4581,4710,0,0
5133,4581,4710,0,0
5134,4582,4711,0,0
5135,4583,4712,0,0
5136,4584,4713,0,0
5137,4585,4714,0,0
5138,4586,4715,0,0
5139,4587,4716,0,0
5140,4588,4717,0,0
5141,4589,4718,0,0
5142,4590,4719,0,0
5143,4591,4720,0,0
5144,4592,4721,0,0
5145,4593,4722,0,0
5146,4593,4723,0,0
5147,4594,4724,0,0
5148,4595,4725,0,0
5149,4596,4726,0,0
5150,4597,4727,0,0
5151,4598,4728,0,0
5152,4599,4729,0,0
5153,4600,4730,0,0
5154,4601,4731,0,0
5155,4602,4732,0,0
5156,4602,4732,0,0
5157,4602,4732,0,0
5158,4603,4733,0,0
5159,4604,4734,0,0
5160,4605,4735,0,0
5161,4606,4736,0,0
5162,4607,4737,0,0