startdate,enddate,location
0,0,0
1,1,0
2,2,0
3,3,0
4,4,0
5,5,0
6,6,0
7,7,0
8,8,0
9,9,0
10,10,0
11,11,0
12,12,0
13,13,0
14,14,0
15,15,0
16,16,0
17,17,0
18,18,0
19,19,0
20,20,0
21,21,0
22,22,0
23,23,0
24,24,0
25,25,0
26,26,0
27,27,0
28,28,0
29,29,0
30,30,0
31,31,0
32,32,0
33,33,0
34,34,0
35,35,0
36,36,0
37,37,0
38,38,0
39,39,0
40,40,0
41,41,0
42,42,0
43,43,0
44,44,0
45,45,0
46,46,0
47,47,0
48,48,0
49,49,0
50,50,0
51,51,0
52,52,0
53,53,0
54,54,0
55,55,0
56,56,0
57,57,0
58,58,0
59,59,0
60,60,0
61,61,0
62,62,0
63,63,0
64,64,0
65,65,0
66,66,0
67,67,0
68,68,0
69,69,0
70,70,0
71,71,0
72,72,0
73,73,0
74,74,0
75,75,0
76,76,0
77,77,0
78,78,0
79,79,0
80,80,0
81,81,0
82,82,0
83,83,0
84,84,0
85,85,0
86,86,0
87,87,0
88,88,0
89,89,0
90,90,0
91,91,0
92,92,0
93,93,0
94,94,0
95,95,0
96,96,0
97,97,0
98,98,0
99,99,0
100,100,0
101,101,0
102,102,0
103,103,0
104,104,0
105,105,0
106,106,0
107,107,0
108,108,0
109,109,0
110,110,0
111,111,0
112,112,0
113,113,0
114,114,0
115,115,0
116,116,0
117,117,0
118,118,0
119,119,0
120,120,0
121,121,0
122,122,0
123,123,0
124,124,0
125,125,0
126,126,0
127,127,0
128,128,0
129,129,0
130,130,0
131,131,0
132,132,0
133,133,0
134,134,0
135,135,0
136,136,0
137,137,0
138,138,0
139,139,0
140,140,0
141,141,0
142,142,0
143,143,0
144,144,0
145,145,0
146,146,0
147,147,0
148,148,0
149,149,0
150,150,0
151,151,0
152,152,0
153,153,0
154,154,0
155,155,0
156,156,0
157,157,0
158,158,0
159,159,0
160,160,0
161,161,0
162,162,0
163,163,0
164,164,0
165,165,0
166,166,0
167,167,0
168,168,0
169,169,0
170,170,0
171,171,0
172,172,0
173,173,0
174,174,0
175,175,0
176,176,0
177,177,0
178,178,0
179,179,0
180,180,0
181,181,0
182,182,0
183,183,0
184,184,0
185,185,0
186,186,0
187,187,0
188,188,0
189,189,0
190,190,0
191,191,0
192,192,0
193,193,0
194,194,0
195,195,0
196,196,0
197,197,0
198,198,0
199,199,0
200,200,0
201,201,0
202,202,0
203,203,0
204,204,0
205,205,0
206,206,0
207,207,0
208,208,0
209,209,0
210,210,0
211,211,0
212,212,0
213,213,0
214,214,0
215,215,0
216,216,0
217,217,0
218,218,0
219,219,0
220,220,0
221,221,0
222,222,0
223,223,0
224,224,0
225,225,0
226,226,0
227,227,0
228,228,0
229,229,0
230,230,0
231,231,0
232,232,0
233,233,0
234,234,0
235,235,0
236,236,0
237,237,0
238,238,0
239,239,0
240,240,0
241,241,0
242,242,0
243,243,0
244,244,0
245,245,0
246,246,0
247,247,0
248,248,0
249,249,0
250,250,0
251,251,0
252,252,0
253,253,0
254,254,0
255,255,0
256,256,0
257,257,0
258,258,0
259,259,0
260,260,0
261,261,0
262,262,0
263,263,0
264,264,0
265,265,0
266,266,0
267,267,0
268,268,0
269,269,0
270,270,0
271,271,0
272,272,0
273,273,0
274,274,0
275,275,0
276,276,0
277,277,0
278,278,0
279,279,0
280,280,0
281,281,0
282,282,0
283,283,0
284,284,0
285,285,0
286,286,0
287,287,0
288,288,0
289,289,0
290,290,0
291,291,0
292,292,0
293,293,0
294,294,0
295,295,0
296,296,0
297,297,0
298,298,0
299,299,0
300,300,0
301,301,0
302,302,0
303,303,0
304,304,0
305,305,0
306,306,0
307,307,0
308,308,0
309,309,0
310,310,0
311,311,0
312,312,0
313,313,0
314,314,0
315,315,0
316,316,0
317,317,0
318,318,0
319,319,0
320,320,0
321,321,0
322,322,0
323,323,0
324,324,0
325,325,0
326,326,0
327,327,0
328,328,0
329,329,0
330,330,0
331,330,0
332,331,0
333,332,0
334,333,0
335,334,0
336,335,0
337,336,0
338,337,0
339,338,0
340,339,0
341,340,0
342,341,0
343,342,0
344,343,0
345,344,0
346,345,0
347,346,0
348,347,0
349,348,0
350,349,0
351,350,0
352,351,0
353,352,0
354,353,0
355,354,0
356,355,0
357,356,0
358,357,0
359,358,0
360,359,0
361,360,0
362,361,0
363,362,0
364,363,0
365,364,0
366,365,0
367,366,0
368,367,0
369,368,0
370,369,0
371,370,0
372,371,0
373,372,0
374,373,0
375,374,0
376,375,0
377,376,0
378,377,0
379,378,0
380,379,0
381,380,0
382,381,0
383,382,0
384,383,0
385,384,0
386,385,0
387,386,0
388,387,0
389,388,0
390,389,0
391,390,0
392,391,0
393,392,0
394,393,0
395,394,0
396,395,0
397,396,0
398,397,0
399,398,0
400,399,0
401,400,0
402,401,0
403,402,0
404,403,0
405,404,0
406,405,0
407,406,0
408,407,0
409,408,0
410,409,0
411,410,0
412,411,0
413,412,0
414,413,0
415,414,0
416,415,0
417,416,0
418,417,0
419,418,0
420,419,0
421,420,0
422,421,0
423,422,0
424,423,0
425,424,0
426,425,0
427,426,0
428,427,0
429,428,0
430,429,0
431,430,0
432,431,0
433,432,0
434,433,0
435,434,0
436,435,0
437,436,0
438,437,0
439,438,0
440,439,0
441,440,0
442,441,0
443,442,0
444,443,0
445,444,0
446,445,0
447,446,0
448,447,0
449,448,0
450,449,0
451,450,0
452,451,0
453,452,0
454,453,0
455,454,0
456,455,0
457,456,0
458,457,0
459,458,0
460,459,0
461,460,0
462,461,0
463,462,0
464,463,0
465,464,0
466,465,0
467,466,0
468,467,0
469,468,0
470,469,0
471,470,0
472,471,0
473,472,0
474,473,0
475,474,0
476,475,0
477,476,0
478,477,0
479,478,0
480,479,0
481,480,0
482,481,0
483,482,0
484,483,0
485,484,0
486,485,0
487,486,0
488,487,0
489,488,0
490,489,0
491,490,0
492,491,0
493,492,0
494,493,0
495,494,0
496,495,0
497,496,0
498,497,0
499,498,0
500,499,0
501,500,0
502,501,0
503,502,0
504,503,0
505,504,0
506,505,0
507,506,0
508,507,0
509,508,0
510,509,0
511,510,0
512,511,0
513,512,0
514,513,0
515,514,0
516,515,0
517,516,0
518,517,0
519,518,0
520,519,0
521,520,0
522,521,0
523,522,0
524,523,0
525,524,0
526,525,0
527,526,0
528,527,0
529,528,0
530,529,0
531,530,0
532,531,0
533,532,0
534,533,0
535,534,0
536,535,0
537,536,0
538,537,0
539,538,0
540,539,0
541,540,0
542,541,0
543,542,0
544,543,0
545,544,0
546,545,0
547,546,0
548,547,0
549,548,0
550,549,0
551,550,0
552,551,0
553,552,0
554,553,0
555,554,0
556,555,0
557,556,0
558,557,0
559,558,0
560,559,0
561,560,0
562,561,0
563,562,0
564,563,0
565,564,0
566,565,0
567,566,0
568,567,0
569,568,0
570,569,0
571,570,0
572,571,0
573,572,0
574,573,0
575,574,0
576,575,0
577,576,0
578,577,0
579,578,0
580,579,0
581,580,0
582,581,0
583,582,0
584,583,0
585,584,0
586,585,0
587,586,0
588,587,0
589,588,0
590,589,0
591,590,0
592,591,0
593,592,0
594,593,0
595,594,0
596,595,0
597,596,0
598,597,0
599,598,0
600,599,0
601,600,0
602,601,0
603,602,0
604,603,0
605,604,0
606,605,0
607,606,0
608,607,0
609,608,0
610,609,0
611,610,0
612,611,0
613,612,0
614,613,0
615,614,0
616,615,0
617,616,0
618,617,0
619,618,0
620,619,0
621,620,0
622,621,0
623,622,0
624,623,0
625,624,0
626,625,0
627,626,0
628,627,0
629,628,0
630,629,0
631,630,0
632,631,0
633,632,0
634,633,0
635,634,0
636,635,0
637,636,0
638,637,0
639,638,0
640,639,0
641,640,0
642,641,0
643,642,0
644,643,0
645,644,0
646,645,0
647,646,0
648,647,0
649,648,0
650,649,0
651,650,0
652,651,0
653,652,0
654,653,0
655,654,0
656,655,0
657,656,0
658,657,0
659,658,0
660,659,0
661,660,0
662,661,0
663,662,0
664,663,0
665,664,0
666,665,0
667,666,0
668,667,0
669,668,0
670,669,0
671,670,0
672,671,0
673,672,0
674,673,0
675,674,0
676,675,0
677,676,0
678,677,0
679,678,0
680,679,0
681,680,0
682,681,0
683,682,0
684,683,0
685,684,0
686,685,0
687,686,0
688,687,0
689,688,0
690,689,0
691,690,0
692,691,0
693,692,0
694,693,0
695,694,0
696,695,0
697,696,0
698,697,0
699,698,0
700,699,0
701,700,0
702,701,0
703,702,0
704,703,0
705,704,0
706,705,0
707,706,0
708,707,0
709,708,0
710,709,0
711,710,0
712,711,0
713,712,0
714,713,0
715,714,0
716,715,0
717,716,0
718,717,0
719,718,0
720,719,0
721,720,0
722,721,0
723,722,0
724,723,0
725,724,0
726,725,0
727,726,0
728,727,0
729,728,0
730,729,0
731,730,0
732,731,0
733,732,0
734,733,0
735,734,0
736,735,0
737,736,0
738,737,0
739,738,0
740,739,0
741,740,0
742,741,0
743,742,0
744,743,0
745,744,0
746,745,0
747,746,0
748,747,0
749,748,0
750,749,0
751,750,0
752,751,0
753,752,0
754,753,0
755,754,0
756,755,0
757,756,0
758,757,0
759,758,0
760,759,0
761,760,0
762,761,0
763,762,0
764,763,0
765,764,0
766,765,0
767,766,0
768,767,0
769,768,0
770,769,0
771,770,0
772,771,0
773,772,0
774,773,0
775,774,0
776,775,0
777,776,0
778,777,0
779,778,0
780,779,0
781,780,0
782,781,0
783,782,0
784,783,0
785,784,0
786,785,0
787,786,0
788,787,0
789,788,0
790,789,0
791,790,0
792,791,0
793,792,0
794,793,0
795,794,0
796,795,0
797,796,0
798,797,0
799,798,0
800,799,0
801,800,0
802,801,0
803,802,0
804,803,0
805,804,0
806,805,0
807,806,0
808,807,0
809,808,0
810,809,0
811,810,0
812,811,0
813,812,0
814,813,0
815,814,0
816,815,0
817,816,0
818,817,0
819,818,0
820,819,0
821,820,0
822,821,0
823,822,0
824,823,0
825,824,0
826,825,0
827,826,0
828,827,0
829,828,0
830,829,0
831,830,0
832,831,0
833,832,0
834,833,0
835,834,0
836,835,0
837,836,0
838,837,0
839,838,0
840,839,0
841,840,0
842,841,0
843,842,0
844,843,0
845,844,0
846,845,0
847,846,0
848,847,0
849,848,0
850,849,0
851,850,0
852,851,0
853,852,0
854,853,0
855,854,0
856,855,0
857,856,0
858,857,0
859,858,0
860,859,0
861,860,0
862,861,0
863,862,0
864,863,0
865,864,0
866,865,0
867,866,0
868,867,0
869,868,0
870,869,0
871,870,0
872,871,0
873,872,0
874,873,0
875,874,0
876,875,0
877,876,0
878,877,0
879,878,0
880,879,0
881,880,0
882,881,0
883,882,0
884,883,0
885,884,0
886,885,0
887,886,0
888,887,0
889,888,0
890,889,0
891,890,0
892,891,0
893,892,0
894,893,0
895,894,0
896,895,0
897,896,0
898,897,0
899,898,0
900,899,0
901,900,0
902,901,0
903,902,0
904,903,0
905,904,0
906,905,0
907,906,0
908,907,0
909,908,0
910,909,0
911,910,0
912,911,0
913,912,0
914,913,0
915,914,0
916,915,0
917,916,0
918,917,0
919,918,0
920,919,0
921,920,0
922,921,0
923,922,0
924,923,0
925,924,0
926,925,0
927,926,0
928,927,0
929,928,0
930,929,0
931,930,0
932,931,0
933,932,0
934,933,0
935,934,0
936,935,0
937,936,0
938,937,0
939,938,0
940,939,0
941,940,0
942,941,0
943,942,0
944,943,0
945,944,0
946,945,0
947,946,0
948,947,0
949,948,0
950,949,0
951,950,0
952,951,0
953,952,0
954,953,0
955,954,0
956,955,0
957,956,0
958,957,0
959,958,0
960,959,0
961,960,0
962,961,0
963,962,0
964,963,0
965,964,0
966,965,0
967,966,0
968,967,0
969,968,0
970,969,0
971,970,0
972,971,0
973,972,0
974,973,0
975,974,0
976,975,0
977,976,0
978,977,0
979,978,0
980,979,0
981,980,0
982,981,0
983,982,0
984,983,0
985,984,0
986,985,0
987,986,0
988,987,0
989,988,0
990,989,0
991,990,0
992,991,0
993,992,0
994,993,0
995,994,0
996,995,0
997,996,0
998,997,0
999,998,0
1000,999,0
1001,1000,0
1002,1001,0
1003,1002,0
1004,1003,0
1005,1004,0
1006,1005,0
1007,1006,0
1008,1007,0
1009,1008,0
1010,1009,0
1011,1010,0
1012,1011,0
1013,1012,0
1014,1013,0
1015,1014,0
1016,1015,0
1017,1016,0
1018,1017,0
1019,1018,0
1020,1019,0
1021,1020,0
1022,1021,0
1023,1022,0
1024,1023,0
1025,1024,0
1026,1025,0
1027,1026,0
1028,1027,0
1029,1028,0
1030,1029,0
1031,1030,0
1032,1031,0
1033,1032,0
1034,1033,0
1035,1034,0
1036,1035,0
1037,1036,0
1038,1037,0
1039,1038,0
1040,1039,0
1041,1040,0
1042,1041,0
1043,1042,0
1044,1043,0
1045,1044,0
1046,1045,0
1047,1046,0
1048,1047,0
1049,1048,0
1050,1049,0
1051,1050,0
1052,1051,0
1053,1052,0
1054,1053,0
1055,1054,0
1056,1055,0
1057,1056,0
1058,1057,0
1059,1058,0
1060,1059,0
1061,1060,0
1062,1061,0
1063,1062,0
1064,1063,0
1065,1064,0
1066,1065,0
1067,1066,0
1068,1067,0
1069,1068,0
1070,1069,0
1071,1070,0
1072,1071,0
1073,1072,0
1074,1073,0
1075,1074,0
1076,1075,0
1077,1076,0
1078,1077,0
1079,1078,0
1080,1079,0
1081,1080,0
1082,1081,0
1083,1082,0
1084,1083,0
1085,1084,0
1086,1085,0
1087,1086,0
1088,1087,0
1089,1088,0
1090,1089,0
1091,1090,0
1092,1091,0
1093,1092,0
1094,1093,0
1095,1094,0
1096,1095,0
1097,1096,0
1098,1097,0
1099,1098,0
1100,1099,0
1101,1100,0
1102,1101,0
1103,1102,0
1104,1103,0
1105,1104,0
1106,1105,0
1107,1106,0
1108,1107,0
1109,1108,0
1110,1109,0
1111,1110,0
1112,1111,0
1113,1112,0
1114,1113,0
1115,1114,0
1116,1115,0
1117,1116,0
1118,1117,0
1119,1118,0
1120,1119,0
1121,1120,0
1122,1121,0
1123,1122,0
1124,1123,0
1125,1124,0
1126,1125,0
1127,1126,0
1128,1127,0
1129,1128,0
1130,1129,0
1131,1130,0
1132,1131,0
1133,1132,0
1134,1133,0
1135,1134,0
1136,1135,0
1137,1136,0
1138,1137,0
1139,1138,0
1140,1139,0
1141,1140,0
1142,1141,0
1143,1142,0
1144,1143,0
1145,1144,0
1146,1145,0
1147,1146,0
1148,1147,0
1149,1148,0
1150,1149,0
1151,1150,0
1152,1151,0
1153,1152,0
1154,1153,0
1155,1154,0
1156,1155,0
1157,1156,0
1158,1157,0
1159,1158,0
1160,1159,0
1161,1160,0
1162,1161,0
1163,1162,0
1164,1163,0
1165,1164,0
1166,1165,0
1167,1166,0
1168,1167,0
1169,1168,0
1170,1169,0
1171,1170,0
1172,1171,0
1173,1172,0
1174,1173,0
1175,1174,0
1176,1175,0
1177,1176,0
1178,1177,0
1179,1178,0
1180,1179,0
1181,1180,0
1182,1181,0
1183,1182,0
1184,1183,0
1185,1184,0
1186,1185,0
1187,1186,0
1188,1187,0
1189,1188,0
1190,1189,0
1191,1190,0
1192,1191,0
1193,1192,0
1194,1193,0
1195,1194,0
1196,1195,0
1197,1196,0
1198,1197,0
1199,1198,0
1200,1199,0
1201,1200,0
1202,1201,0
1203,1202,0
1204,1203,0
1205,1204,0
1206,1205,0
1207,1206,0
1208,1207,0
1209,1208,0
1210,1209,0
1211,1210,0
1212,1211,0
1213,1212,0
1214,1213,0
1215,1214,0
1216,1215,0
1217,1216,0
1218,1217,0
1219,1218,0
1220,1219,0
1221,1220,0
1222,1221,0
1223,1222,0
1224,1223,0
1225,1224,0
1226,1225,0
1227,1226,0
1228,1227,0
1229,1228,0
1230,1229,0
1231,1230,0
1232,1231,0
1233,1232,0
1234,1233,0
1235,1234,0
1236,1235,0
1237,1236,0
1238,1237,0
1239,1238,0
1240,1239,0
1241,1240,0
1242,1241,0
1243,1242,0
1244,1243,0
1245,1244,0
1246,1245,0
1247,1246,0
1248,1247,0
1249,1248,0
1250,1249,0
1251,1250,0
1252,1251,0
1253,1252,0
1254,1253,0
1255,1254,0
1256,1255,0
1257,1256,0
1258,1257,0
1259,1258,0
1260,1259,0
1261,1260,0
1262,1261,0
1263,1262,0
1264,1263,0
1265,1264,0
1266,1265,0
1267,1266,0
1268,1267,0
1269,1268,0
1270,1269,0
1271,1270,0
1272,1271,0
1273,1272,0
1274,1273,0
1275,1274,0
1276,1275,0
1277,1276,0
1278,1277,0
1279,1278,0
1280,1279,0
1281,1280,0
1282,1281,0
1283,1282,0
1284,1283,0
1285,1284,0
1286,1285,0
1287,1286,0
1288,1287,0
1289,1288,0
1290,1289,0
1291,1290,0
1292,1291,0
1293,1292,0
1294,1293,0
1295,1294,0
1296,1295,0
1297,1296,0
1298,1297,0
1299,1298,0
1300,1299,0
1301,1300,0
1302,1301,0
1303,1302,0
1304,1303,0
1305,1304,0
1306,1305,0
1307,1306,0
1308,1307,0
1309,1308,0
1310,1309,0
1311,1310,0
1312,1311,0
1313,1312,0
1314,1313,0
1315,1314,0
1316,1315,0
1317,1316,0
1318,1317,0
1319,1318,0
1320,1319,0
1321,1320,0
1322,1321,0
1323,1322,0
1324,1323,0
1325,1324,0
1326,1325,0
1327,1326,0
1328,1327,0
1329,1328,0
1330,1329,0
1331,1330,0
1332,1331,0
1333,1332,0
1334,1333,0
1335,1334,0
1336,1335,0
1337,1336,0
1338,1337,0
1339,1338,0
1340,1339,0
1341,1340,0
1342,1341,0
1343,1342,0
1344,1343,0
1345,1344,0
1346,1345,0
1347,1346,0
1348,1347,0
1349,1348,0
1350,1349,0
1351,1350,0
1352,1351,0
1353,1352,0
1354,1353,0
1355,1354,0
1356,1355,0
1357,1356,0
1358,1357,0
1359,1358,0
1360,1359,0
1361,1360,0
1362,1361,0
1363,1362,0
1364,1363,0
1365,1364,0
1366,1365,0
1367,1366,0
1368,1367,0
1369,1368,0
1370,1369,0
1371,1370,0
1372,1371,0
1373,1372,0
1374,1373,0
1375,1374,0
1376,1375,0
1377,1376,0
1378,1377,0
1379,1378,0
1380,1379,0
1381,1380,0
1382,1381,0
1383,1382,0
1384,1383,0
1385,1384,0
1386,1385,0
1387,1386,0
1388,1387,0
1389,1388,0
1390,1389,0
1391,1390,0
1392,1391,0
1393,1392,0
1394,1393,0
1395,1394,0
1396,1395,0
1397,1396,0
1398,1397,0
1399,1398,0
1400,1399,0
1401,1400,0
1402,1401,0
1403,1402,0
1404,1403,0
1405,1404,0
1406,1405,0
1407,1406,0
1408,1407,0
1409,1408,0
1410,1409,0
1411,1410,0
1412,1411,0
1413,1412,0
1414,1413,0
1415,1414,0
1416,1415,0
1417,1416,0
1418,1417,0
1419,1418,0
1420,1419,0
1421,1420,0
1422,1421,0
1423,1422,0
1424,1423,0
1425,1424,0
1426,1425,0
1427,1426,0
1428,1427,0
1429,1428,0
1430,1429,0
1431,1430,0
1432,1431,0
1433,1432,0
1434,1433,0
1435,1434,0
1436,1435,0
1437,1436,0
1438,1437,0
1439,1438,0
1440,1439,0
1441,1440,0
1442,1441,0
1443,1442,0
1444,1443,0
1445,1444,0
1446,1445,0
1447,1446,0
1448,1447,0
1449,1448,0
1450,1449,0
1451,1450,0
1452,1451,0
1453,1452,0
1454,1453,0
1455,1454,0
1456,1455,0
1457,1456,0
1458,1457,0
1459,1458,0
1460,1459,0
1461,1460,0
1462,1461,0
1463,1462,0
1464,1463,0
1465,1464,0
1466,1465,0
1467,1466,0
1468,1467,0
1469,1468,0
1470,1469,0
1471,1470,0
1472,1471,0
1473,1472,0
1474,1473,0
1475,1474,0
1476,1475,0
1477,1476,0
1478,1477,0
1479,1478,0
1480,1479,0
1481,1480,0
1482,1481,0
1483,1482,0
1484,1483,0
1485,1484,0
1486,1485,0
1487,1486,0
1488,1487,0
1489,1488,0
1490,1489,0
1491,1490,0
1492,1491,0
1493,1492,0
1494,1493,0
1495,1494,0
1496,1495,0
1497,1496,0
1498,1497,0
1499,1498,0
1500,1499,0
1501,1500,0
1502,1501,0
1503,1502,0
1504,1503,0
1505,1504,0
1506,1505,0
1507,1506,0
1508,1507,0
1509,1508,0
1510,1509,0
1511,1510,0
1512,1511,0
1513,1512,0
1514,1513,0
1515,1514,0
1516,1515,0
1517,1516,0
1518,1517,0
1519,1518,0
1520,1519,0
1521,1520,0
1522,1521,0
1523,1522,0
1524,1523,0
1525,1524,0
1526,1525,0
1527,1526,0
1528,1527,0
1529,1528,0
1530,1529,0
1531,1530,0
1532,1531,0
1533,1532,0
1534,1533,0
1535,1534,0
1536,1535,0
1537,1536,0
1538,1537,0
1539,1538,0
1540,1539,0
1541,1540,0
1542,1541,0
1543,1542,0
1544,1543,0
1545,1544,0
1546,1545,0
1547,1546,0
1548,1547,0
1549,1548,0
1550,1549,0
1551,1550,0
1552,1551,0
1553,1552,0
1554,1553,0
1555,1554,0
1556,1555,0
1557,1556,0
1558,1557,0
1559,1558,0
1560,1559,0
1561,1560,0
1562,1561,0
1563,1562,0
1564,1563,0
1565,1564,0
1566,1565,0
1567,1566,0
1568,1567,0
1569,1568,0
1570,1569,0
1571,1570,0
1572,1571,0
1573,1572,0
1574,1573,0
1575,1574,0
1576,1575,0
1577,1576,0
1578,1577,0
1579,1578,0
1580,1579,0
1581,1580,0
1582,1581,0
1583,1582,0
1584,1583,0
1585,1584,0
1586,1585,0
1587,1586,0
1588,1587,0
1589,1588,0
1590,1589,0
1591,1590,0
1592,1591,0
1593,1592,0
1594,1593,0
1595,1594,0
1596,1595,0
1597,1596,0
1598,1597,0
1599,1598,0
1600,1599,0
1601,1600,0
1602,1601,0
1603,1602,0
1604,1603,0
1605,1604,0
1606,1605,0
1607,1606,0
1608,1607,0
1609,1608,0
1610,1609,0
1611,1610,0
1612,1611,0
1613,1612,0
1614,1613,0
1615,1614,0
1616,1615,0
1617,1616,0
1618,1617,0
1619,1618,0
1620,1619,0
1621,1620,0
1622,1621,0
1623,1622,0
1624,1623,0
1625,1624,0
1626,1625,0
1627,1626,0
1628,1627,0
1629,1628,0
1630,1629,0
1631,1630,0
1632,1631,0
1633,1632,0
1634,1633,0
1635,1634,0
1636,1635,0
1637,1636,0
1638,1637,0
1639,1638,0
1640,1639,0
1641,1640,0
1642,1641,0
1643,1642,0
1644,1643,0
1645,1644,0
1646,1645,0
1647,1646,0
1648,1647,0
1649,1648,0
1650,1649,0
1651,1650,0
1652,1651,0
1653,1652,0
1654,1653,0
1655,1654,0
1656,1655,0
1657,1656,0
1658,1657,0
1659,1658,0
1660,1659,0
1661,1660,0
1662,1661,0
1663,1662,0
1664,1663,0
1665,1664,0
1666,1665,0
1667,1666,0
1668,1667,0
1669,1668,0
1670,1669,0
1671,1670,0
1672,1671,0
1673,1672,0
1674,1673,0
1675,1674,0
1676,1675,0
1677,1676,0
1678,1677,0
1679,1678,0
1680,1679,0
1681,1680,0
1682,1681,0
1683,1682,0
1684,1683,0
1685,1684,0
1686,1685,0
1687,1686,0
1688,1687,0
1689,1688,0
1690,1689,0
1691,1690,0
1692,1691,0
1693,1692,0
1694,1693,0
1695,1694,0
1696,1695,0
1697,1696,0
1698,1697,0
1699,1698,0
1700,1699,0
1701,1700,0
1702,1701,0
1703,1702,0
1704,1703,0
1705,1704,0
1706,1705,0
1707,1706,0
1708,1707,0
1709,1708,0
1710,1709,0
1711,1710,0
1712,1711,0
1713,1712,0
1714,1713,0
1715,1714,0
1716,1715,0
1717,1715,0
1718,1716,0
1719,1717,0
1720,1718,0
1721,1719,0
1722,1720,0
1723,1721,0
1724,1722,0
1725,1723,0
1726,1724,0
1727,1725,0
1728,1726,0
1729,1727,0
1730,1728,0
1731,1729,0
1732,1730,0
1733,1731,0
1734,1732,0
1735,1733,0
1736,1734,0
1737,1735,0
1738,1736,0
1739,1737,0
1740,1738,0
1741,1739,0
1742,1740,0
1743,1741,0
1744,1742,0
1745,1743,0
1746,1744,0
1747,1745,0
1748,1746,0
1749,1747,0
1750,1748,0
1751,1749,0
1752,1750,0
1753,1751,0
1754,1752,0
1755,1753,0
1756,1754,0
1757,1755,0
1758,1756,0
1759,1757,0
1760,1758,0
1761,1759,0
1762,1760,0
1763,1761,0
1764,1762,0
1765,1763,0
1766,1764,0
1767,1765,0
1768,1766,0
1769,1767,0
1770,1768,0
1771,1769,0
1772,1770,0
1773,1771,0
1774,1772,0
1775,1773,0
1776,1774,0
1777,1775,0
1778,1776,0
1779,1777,0
1780,1778,0
1781,1779,0
1782,1780,0
1783,1781,0
1784,1782,0
1785,1783,0
1786,1784,0
1787,1785,0
1788,1786,0
1789,1787,0
1790,1788,0
1791,1789,0
1792,1790,0
1793,1791,0
1794,1792,0
1795,1793,0
1796,1794,0
1797,1795,0
1798,1796,0
1799,1797,0
1800,1798,0
1801,1799,0
1802,1800,0
1803,1801,0
1804,1802,0
1805,1803,0
1806,1804,0
1807,1805,0
1808,1806,0
1809,1807,0
1810,1808,0
1811,1809,0
1812,1810,0
1813,1811,0
1814,1812,0
1815,1813,0
1816,1814,0
1817,1815,0
1818,1816,0
1819,1817,0
1820,1818,0
1821,1819,0
1822,1820,0
1823,1821,0
1824,1822,0
1825,1823,0
1826,1824,0
1827,1825,0
1828,1826,0
1829,1827,0
1830,1828,0
1831,1829,0
1832,1830,0
1833,1831,0
1834,1832,0
1835,1833,0
1836,1834,0
1837,1835,0
1838,1836,0
1839,1837,0
1840,1838,0
1841,1839,0
1842,1840,0
1843,1841,0
1844,1842,0
1845,1843,0
1846,1844,0
1847,1845,0
1848,1846,0
1849,1847,0
1850,1848,0
1851,1849,0
1852,1850,0
1853,1851,0
1854,1852,0
1855,1853,0
1856,1854,0
1857,1855,0
1858,1856,0
1859,1857,0
1860,1858,0
1861,1859,0
1862,1860,0
1863,1861,0
1864,1862,0
1865,1863,0
1866,1864,0
1867,1865,0
1868,1866,0
1869,1867,0
1870,1868,0
1871,1869,0
1872,1870,0
1873,1871,0
1874,1872,0
1875,1873,0
1876,1874,0
1877,1875,0
1878,1876,0
1879,1877,0
1880,1878,0
1881,1879,0
1882,1880,0
1883,1881,0
1884,1882,0
1885,1883,0
1886,1884,0
1887,1885,0
1888,1886,0
1889,1887,0
1890,1888,0
1891,1889,0
1892,1890,0
1893,1891,0
1894,1892,0
1895,1893,0
1896,1894,0
1897,1895,0
1898,1896,0
1899,1897,0
1900,1898,0
1901,1899,0
1902,1900,0
1903,1901,0
1904,1902,0
1905,1903,0
1906,1904,0
1907,1905,0
1908,1906,0
1909,1907,0
1910,1908,0
1911,1909,0
1912,1910,0
1913,1911,0
1914,1912,0
1915,1913,0
1916,1914,0
1917,1915,0
1918,1916,0
1919,1917,0
1920,1918,0
1921,1919,0
1922,1920,0
1923,1921,0
1924,1922,0
1925,1923,0
1926,1924,0
1927,1925,0
1928,1926,0
1929,1927,0
1930,1928,0
1931,1929,0
1932,1930,0
1933,1931,0
1934,1932,0
1935,1933,0
1936,1934,0
1937,1935,0
1938,1936,0
1939,1937,0
1940,1938,0
1941,1939,0
1942,1940,0
1943,1941,0
1944,1942,0
1945,1943,0
1946,1944,0
1947,1945,0
1948,1946,0
1949,1947,0
1950,1948,0
1951,1949,0
1952,1950,0
1953,1951,0
1954,1952,0
1955,1953,0
1956,1954,0
1957,1955,0
1958,1956,0
1959,1957,0
1960,1958,0
1961,1959,0
1962,1960,0
1963,1961,0
1964,1962,0
1965,1963,0
1966,1964,0
1967,1965,0
1968,1966,0
1969,1967,0
1970,1968,0
1971,1969,0
1972,1970,0
1973,1971,0
1974,1972,0
1975,1973,0
1976,1974,0
1977,1975,0
1978,1976,0
1979,1977,0
1980,1978,0
1981,1979,0
1982,1980,0
1983,1981,0
1984,1982,0
1985,1983,0
1986,1984,0
1987,1985,0
1988,1986,0
1989,1987,0
1990,1988,0
1991,1989,0
1992,1990,0
1993,1991,0
1994,1992,0
1995,1993,0
1996,1994,0
1997,1995,0
1998,1996,0
1999,1997,0
2000,1998,0
2001,1999,0
2002,2000,0
2003,2001,0
2004,2002,0
2005,2003,0
2006,2004,0
2007,2005,0
2008,2006,0
2009,2007,0
2010,2008,0
2011,2009,0
2012,2010,0
2013,2011,0
2014,2012,0
2015,2013,0
2016,2014,0
2017,2015,0
2018,2016,0
2019,2017,0
2020,2018,0
2021,2019,0
2022,2020,0
2023,2021,0
2024,2022,0
2025,2023,0
2026,2024,0
2027,2025,0
2028,2026,0
2029,2027,0
2030,2028,0
2031,2029,0
2032,2030,0
2033,2031,0
2034,2032,0
2035,2033,0
2036,2034,0
2037,2035,0
2038,2036,0
2039,2037,0
2040,2038,0
2041,2039,0
2042,2040,0
2043,2041,0
2044,2042,0
2045,2043,0
2046,2044,0
2047,2045,0
2048,2046,0
2049,2047,0
2050,2048,0
2051,2049,0
2052,2050,0
2053,2051,0
2054,2052,0
2055,2053,0
2056,2054,0
2057,2055,0
2058,2056,0
2059,2057,0
2060,2058,0
2061,2059,0
2062,2060,0
2063,2061,0
2064,2062,0
2065,2063,0
2066,2064,0
2067,2065,0
2068,2066,0
2069,2067,0
2070,2068,0
2071,2069,0
2072,2070,0
2073,2071,0
2074,2072,0
2075,2073,0
2076,2074,0
2077,2075,0
2078,2076,0
2079,2077,0
2080,2078,0
2081,2079,0
2082,2080,0
2083,2081,0
2084,2082,0
2085,2083,0
2086,2084,0
2087,2085,0
2088,2086,0
2089,2087,0
2090,2088,0
2091,2089,0
2092,2090,0
2093,2091,0
2094,2092,0
2095,2093,0
2096,2094,0
2097,2095,0
2098,2096,0
2099,2097,0
2100,2098,0
2101,2099,0
2102,2100,0
2103,2101,0
2104,2102,0
2105,2103,0
2106,2104,0
2107,2105,0
2108,2106,0
2109,2107,0
2110,2108,0
2111,2109,0
2112,2110,0
2113,2111,0
2114,2112,0
2115,2113,0
2116,2114,0
2117,2115,0
2118,2116,0
2119,2117,0
2120,2118,0
2121,2119,0
2122,2120,0
2123,2121,0
2124,2122,0
2125,2123,0
2126,2124,0
2127,2125,0
2128,2126,0
2129,2127,0
2130,2128,0
2131,2129,0
2132,2130,0
2133,2131,0
2134,2132,0
2135,2133,0
2136,2134,0
2137,2135,0
2138,2136,0
2139,2137,0
2140,2138,0
2141,2139,0
2142,2140,0
2143,2141,0
2144,2142,0
2145,2143,0
2146,2144,0
2147,2145,0
2148,2146,0
2149,2147,0
2150,2148,0
2151,2149,0
2152,2150,0
2153,2151,0
2154,2152,0
2155,2153,0
2156,2154,0
2157,2155,0
2158,2156,0
2159,2157,0
2160,2158,0
2161,2159,0
2162,2160,0
2163,2161,0
2164,2162,0
2165,2163,0
2166,2164,0
2167,2165,0
2168,2166,0
2169,2167,0
2170,2168,0
2171,2169,0
2172,2170,0
2173,2171,0
2174,2172,0
2175,2173,0
2176,2174,0
2177,2175,0
2178,2176,0
2179,2177,0
2180,2178,0
2181,2179,0
2182,2180,0
2183,2181,0
2184,2182,0
2185,2183,0
2186,2184,0
2187,2185,0
2188,2186,0
2189,2187,0
2190,2188,0
2191,2189,0
2192,2190,0
2193,2191,0
2194,2192,0
2195,2193,0
2196,2194,0
2197,2195,0
2198,2196,0
2199,2197,0
2200,2198,0
2201,2199,0
2202,2200,0
2203,2201,0
2204,2202,0
2205,2203,0
2206,2204,0
2207,2205,0
2208,2206,0
2209,2207,0
2210,2208,0
2211,2209,0
2212,2210,0
2213,2211,0
2214,2212,0
2215,2213,0
2216,2214,0
2217,2215,0
2218,2216,0
2219,2217,0
2220,2218,0
2221,2219,0
2222,2220,0
2223,2221,0
2224,2222,0
2225,2223,0
2226,2224,0
2227,2225,0
2228,2226,0
2229,2227,0
2230,2228,0
2231,2229,0
2232,2230,0
2233,2231,0
2234,2232,0
2235,2233,0
2236,2234,0
2237,2235,0
2238,2236,0
2239,2237,0
2240,2238,0
2241,2239,0
2242,2240,0
2243,2241,0
2244,2242,0
2245,2243,0
2246,2244,0
2247,2245,0
2248,2246,0
2249,2247,0
2250,2248,0
2251,2249,0
2252,2250,0
2253,2251,0
2254,2252,0
2255,2253,0
2256,2254,0
2257,2255,0
2258,2256,0
2259,2257,0
2260,2258,0
2261,2259,0
2262,2260,0
2263,2261,0
2264,2262,0
2265,2263,0
2266,2264,0
2267,2265,0
2268,2266,0
2269,2267,0
2270,2268,0
2271,2269,0
2272,2270,0
2273,2271,0
2274,2272,0
2275,2273,0
2276,2274,0
2277,2275,0
2278,2276,0
2279,2277,0
2280,2278,0
2281,2279,0
2282,2280,0
2283,2281,0
2284,2282,0
2285,2283,0
2286,2284,0
2287,2285,0
2288,2286,0
2289,2287,0
2290,2288,0
2291,2289,0
2292,2290,0
2293,2291,0
2294,2292,0
2295,2293,0
2296,2294,0
2297,2295,0
2298,2296,0
2299,2297,0
2300,2298,0
2301,2299,0
2302,2300,0
2303,2301,0
2304,2302,0
2305,2303,0
2306,2304,0
2307,2305,0
2308,2306,0
2309,2307,0
2310,2308,0
2311,2309,0
2312,2310,0
2313,2311,0
2314,2312,0
2315,2313,0
2316,2314,0
2317,2315,0
2318,2316,0
2319,2317,0
2320,2318,0
2321,2319,0
2322,2320,0
2323,2321,0
2324,2322,0
2325,2323,0
2326,2324,0
2327,2325,0
2328,2326,0
2329,2327,0
2330,2328,0
2331,2329,0
2332,2330,0
2333,2331,0
2334,2332,0
2335,2333,0
2336,2334,0
2337,2335,0
2338,2336,0
2339,2337,0
2340,2338,0
2341,2339,0
2342,2340,0
2343,2341,0
2344,2342,0
2345,2343,0
2346,2344,0
2347,2345,0
2348,2346,0
2349,2347,0
2350,2348,0
2351,2349,0
2352,2350,0
2353,2351,0
2354,2352,0
2355,2353,0
2356,2354,0
2357,2355,0
2358,2356,0
2359,2357,0
2360,2358,0
2361,2359,0
2362,2360,0
2363,2361,0
2364,2362,0
2365,2363,0
2366,2364,0
2367,2365,0
2368,2366,0
2369,2367,0
2370,2368,0
2371,2369,0
2372,2370,0
2373,2371,0
2374,2372,0
2375,2373,0
2376,2374,0
2377,2375,0
2378,2376,0
2379,2377,0
2380,2378,0
2381,2379,0
2382,2380,0
2383,2381,0
2384,2382,0
2385,2383,0
2386,2384,0
2387,2385,0
2388,2386,0
2389,2387,0
2390,2388,0
2391,2389,0
2392,2390,0
2393,2391,0
2394,2392,0
2395,2393,0
2396,2394,0
2397,2395,0
2398,2396,0
2399,2397,0
2400,2398,0
2401,2399,0
2402,2400,0
2403,2401,0
2404,2402,0
2405,2403,0
2406,2404,0
2407,2405,0
2408,2406,0
2409,2407,0
2410,2408,0
2411,2409,0
2412,2410,0
2413,2411,0
2414,2412,0
2415,2413,0
2416,2414,0
2417,2415,0
2418,2416,0
2419,2417,0
2420,2418,0
2421,2419,0
2422,2420,0
2423,2421,0
2424,2422,0
2425,2423,0
2426,2424,0
2427,2425,0
2428,2426,0
2429,2427,0
2430,2428,0
2431,2429,0
2432,2430,0
2433,2431,0
2434,2432,0
2435,2433,0
2436,2434,0
2437,2435,0
2438,2436,0
2439,2437,0
2440,2438,0
2441,2439,0
2442,2440,0
2443,2441,0
2444,2442,0
2445,2443,0
2446,2444,0
2447,2445,0
2448,2446,0
2449,2447,0
2450,2448,0
2451,2449,0
2452,2450,0
2453,2451,0
2454,2452,0
2455,2453,0
2456,2454,0
2457,2455,0
2458,2456,0
2459,2457,0
2460,2458,0
2461,2459,0
2462,2460,0
2463,2461,0
2464,2462,0
2465,2463,0
2466,2464,0
2467,2465,0
2468,2466,0
2469,2467,0
2470,2468,0
2471,2469,0
2472,2470,0
2473,2471,0
2474,2472,0
2475,2473,0
2476,2474,0
2477,2475,0
2478,2476,0
2479,2477,0
2480,2478,0
2481,2479,0
2482,2480,0
2483,2481,0
2484,2482,0
2485,2483,0
2486,2484,0
2487,2485,0
2488,2486,0
2489,2487,0
2490,2488,0
2491,2489,0
2492,2490,0
2493,2491,0
2494,2492,0
2495,2493,0
2496,2494,0
2497,2495,0
2498,2496,0
2499,2497,0
2500,2498,0
2501,2499,0
2502,2500,0
2503,2501,0
2504,2502,0
2505,2503,0
2506,2504,0
2507,2505,0
2508,2506,0
2509,2507,0
2510,2508,0
2511,2509,0
2512,2510,0
2513,2511,0
2514,2512,0
2515,2513,0
2516,2514,0
2517,2515,0
2518,2516,0
2519,2517,0
2520,2518,0
2521,2519,0
2522,2520,0
2523,2521,0
2524,2522,0
2525,2523,0
2526,2524,0
2527,2525,0
2528,2526,0
2529,2527,0
2530,2528,0
2531,2529,0
2532,2530,0
2533,2531,0
2534,2532,0
2535,2533,0
2536,2534,0
2537,2535,0
2538,2536,0
2539,2537,0
2540,2538,0
2541,2539,0
2542,2540,0
2543,2541,0
2544,2542,0
2545,2543,0
2546,2544,0
2547,2545,0
2548,2546,0
2549,2547,0
2550,2548,0
2551,2549,0
2552,2550,0
2553,2551,0
2554,2552,0
2555,2553,0
2556,2554,0
2557,2555,0
2558,2556,0
2559,2557,0
2560,2558,0
2561,2559,0
2562,2560,0
2563,2561,0
2564,2562,0
2565,2563,0
2566,2564,0
2567,2565,0
2568,2566,0
2569,2567,0
2570,2568,0
2571,2569,0
2572,2570,0
2573,2571,0
2574,2572,0
2575,2573,0
2576,2574,0
2577,2575,0
2578,2576,0
2579,2577,0
2580,2578,0
2581,2579,0
2582,2580,0
2583,2581,0
2584,2582,0
2585,2583,0
2586,2584,0
2587,2585,0
2588,2586,0
2589,2587,0
2590,2588,0
2591,2589,0
2592,2590,0
2593,2591,0
2594,2592,0
2595,2593,0
2596,2594,0
2597,2595,0
2598,2596,0
2599,2597,0
2600,2598,0
2601,2599,0
2602,2600,0
2603,2601,0
2604,2602,0
2605,2603,0
2606,2604,0
2607,2605,0
2608,2606,0
2609,2607,0
2610,2608,0
2611,2609,0
2612,2610,0
2613,2611,0
2614,2612,0
2615,2613,0
2616,2614,0
2617,2615,0
2618,2616,0
2619,2617,0
2620,2618,0
2621,2619,0
2622,2620,0
2623,2621,0
2624,2622,0
2625,2623,0
2626,2624,0
2627,2625,0
2628,2626,0
2629,2627,0
2630,2628,0
2631,2629,0
2632,2630,0
2633,2631,0
2634,2632,0
2635,2633,0
2636,2634,0
2637,2635,0
2638,2636,0
2639,2637,0
2640,2638,0
2641,2639,0
2642,2640,0
2643,2641,0
2644,2642,0
2645,2643,0
2646,2644,0
2647,2645,0
2648,2646,0
2649,2647,0
2650,2648,0
2651,2649,0
2652,2650,0
2653,2651,0
2654,2652,0
2655,2653,0
2656,2654,0
2657,2655,0
2658,2656,0
2659,2657,0
2660,2658,0
2661,2659,0
2662,2660,0
2663,2661,0
2664,2662,0
2665,2663,0
2666,2664,0
2667,2665,0
2668,2666,0
2669,2667,0
2670,2668,0
2671,2669,0
2672,2670,0
2673,2671,0
2674,2672,0
2675,2673,0
2676,2674,0
2677,2675,0
2678,2676,0
2679,2677,0
2680,2678,0
2681,2679,0
2682,2680,0
2683,2681,0
2684,2682,0
2685,2683,0
2686,2684,0
2687,2685,0
2688,2686,0
2689,2687,0
2690,2688,0
2691,2689,0
2692,2690,0
2693,2691,0
2694,2692,0
2695,2693,0
2696,2694,0
2697,2695,0
2698,2696,0
2699,2697,0
2700,2698,0
2701,2699,0
2702,2700,0
2703,2701,0
2704,2702,0
2705,2703,0
2706,2704,0
2707,2705,0
2708,2706,0
2709,2707,0
2710,2708,0
2711,2709,0
2712,2710,0
2713,2711,0
2714,2712,0
2715,2713,0
2716,2714,0
2717,2715,0
2718,2716,0
2719,2717,0
2720,2718,0
2721,2719,0
2722,2720,0
2723,2721,0
2724,2722,0
2725,2723,0
2726,2724,0
2727,2725,0
2728,2726,0
2729,2727,0
2730,2728,0
2731,2729,0
2732,2730,0
2733,2731,0
2734,2732,0
2735,2733,0
2736,2734,0
2737,2735,0
2738,2736,0
2739,2737,0
2740,2738,0
2741,2739,0
2742,2740,0
2743,2741,0
2744,2742,0
2745,2743,0
2746,2744,0
2747,2745,0
2748,2746,0
2749,2747,0
2750,2748,0
2751,2749,0
2752,2750,0
2753,2751,0
2754,2752,0
2755,2753,0
2756,2754,0
2757,2755,0
2758,2756,0
2759,2757,0
2760,2758,0
2761,2759,0
2762,2760,0
2763,2761,0
2764,2762,0
2765,2763,0
2766,2764,0
2767,2765,0
2768,2766,0
2769,2767,0
2770,2768,0
2771,2769,0
2772,2770,0
2773,2771,0
2774,2772,0
2775,2773,0
2776,2774,0
2777,2775,0
2778,2776,0
2779,2777,0
2780,2778,0
2781,2779,0
2782,2780,0
2783,2781,0
2784,2782,0
2785,2783,0
2786,2784,0
2787,2785,0
2788,2786,0
2789,2787,0
2790,2788,0
2791,2789,0
2792,2790,0
2793,2791,0
2794,2792,0
2795,2793,0
2796,2794,0
2797,2795,0
2798,2796,0
2799,2797,0
2800,2798,0
2801,2799,0
2802,2800,0
2803,2801,0
2804,2802,0
2805,2803,0
2806,2804,0
2807,2805,0
2808,2806,0
2809,2807,0
2810,2808,0
2811,2809,0
2812,2810,0
2813,2811,0
2814,2812,0
2815,2813,0
2816,2814,0
2817,2815,0
2818,2816,0
2819,2817,0
2820,2818,0
2821,2819,0
2822,2820,0
2823,2821,0
2824,2822,0
2825,2823,0
2826,2824,0
2827,2825,0
2828,2826,0
2829,2827,0
2830,2828,0
2831,2829,0
2832,2830,0
2833,2831,0
2834,2832,0
2835,2833,0
2836,2834,0
2837,2835,0
2838,2836,0
2839,2837,0
2840,2838,0
2841,2839,0
2842,2840,0
2843,2841,0
2844,2842,0
2845,2843,0
2846,2844,0
2847,2845,0
2848,2846,0
2849,2847,0
2850,2848,0
2851,2849,0
2852,2850,0
2853,2851,0
2854,2852,0
2855,2853,0
2856,2854,0
2857,2855,0
2858,2856,0
2859,2857,0
2860,2858,0
2861,2859,0
2862,2860,0
2863,2861,0
2864,2862,0
2865,2863,0
2866,2864,0
2867,2865,0
2868,2866,0
2869,2867,0
2870,2868,0
2871,2869,0
2872,2870,0
2873,2871,0
2874,2872,0
2875,2873,0
2876,2874,0
2877,2875,0
2878,2876,0
2879,2877,0
2880,2878,0
2881,2879,0
2882,2880,0
2883,2881,0
2884,2882,0
2885,2883,0
2886,2884,0
2887,2885,0
2888,2886,0
2889,2887,0
2890,2888,0
2891,2889,0
2892,2890,0
2893,2891,0
2894,2892,0
2895,2893,0
2896,2894,0
2897,2895,0
2898,2896,0
2899,2897,0
2900,2898,0
2901,2899,0
2902,2900,0
2903,2901,0
2904,2902,0
2905,2903,0
2906,2904,0
2907,2905,0
2908,2906,0
2909,2907,0
2910,2908,0
2911,2909,0
2912,2910,0
2913,2911,0
2914,2912,0
2915,2913,0
2916,2914,0
2917,2915,0
2918,2916,0
2919,2917,0
2920,2918,0
2921,2919,0
2922,2920,0
2923,2921,0
2924,2922,0
2925,2923,0
2926,2924,0
2927,2925,0
2928,2926,0
2929,2927,0
2930,2928,0
2931,2929,0
2932,2930,0
2933,2931,0
2934,2932,0
2935,2933,0
2936,2934,0
2937,2935,0
2938,2936,0
2939,2937,0
2940,2938,0
2941,2939,0
2942,2940,0
2943,2941,0
2944,2942,0
2945,2943,0
2946,2944,0
2947,2945,0
2948,2946,0
2949,2947,0
2950,2948,0
2951,2949,0
2952,2950,0
2953,2951,0
2954,2952,0
2955,2953,0
2956,2954,0
2957,2955,0
2958,2956,0
2959,2957,0
2960,2958,0
2961,2959,0
2962,2960,0
2963,2961,0
2964,2962,0
2965,2963,0
2966,2964,0
2967,2965,0
2968,2966,0
2969,2967,0
2970,2968,0
2971,2969,0
2972,2970,0
2973,2971,0
2974,2972,0
2975,2973,0
2976,2974,0
2977,2975,0
2978,2976,0
2979,2977,0
2980,2978,0
2981,2979,0
2982,2980,0
2983,2981,0
2984,2982,0
2985,2983,0
2986,2984,0
2987,2985,0
2988,2986,0
2989,2987,0
2990,2988,0
2991,2989,0
2992,2990,0
2993,2991,0
2994,2992,0
2995,2993,0
2996,2994,0
2997,2995,0
2998,2996,0
2999,2997,0
3000,2998,0
3001,2999,0
3002,3000,0
3003,3001,0
3004,3002,0
3005,3003,0
3006,3004,0
3007,3005,0
3008,3006,0
3009,3007,0
3010,3008,0
3011,3009,0
3012,3010,0
3013,3011,0
3014,3012,0
3015,3013,0
3016,3014,0
3017,3015,0
3018,3016,0
3019,3017,0
3020,3018,0
3021,3019,0
3022,3020,0
3023,3021,0
3024,3022,0
3025,3023,0
3026,3024,0
3027,3025,0
3028,3026,0
3029,3027,0
3030,3028,0
3031,3029,0
3032,3030,0
3033,3031,0
3034,3032,0
3035,3033,0
3036,3034,0
3037,3035,0
3038,3036,0
3039,3037,0
3040,3038,0
3041,3039,0
3042,3040,0
3043,3041,0
3044,3042,0
3045,3043,0
3046,3044,0
3047,3045,0
3048,3046,0
3049,3047,0
3050,3048,0
3051,3049,0
3052,3050,0
3053,3051,0
3054,3052,0
3055,3053,0
3056,3054,0
3057,3055,0
3058,3056,0
3059,3057,0
3060,3058,0
3061,3059,0
3062,3060,0
3063,3061,0
3064,3062,0
3065,3063,0
3066,3064,0
3067,3065,0
3068,3066,0
3069,3067,0
3070,3068,0
3071,3069,0
3072,3070,0
3073,3071,0
3074,3072,0
3075,3073,0
3076,3074,0
3077,3075,0
3078,3076,0
3079,3077,0
3080,3078,0
3081,3079,0
3082,3080,0
3083,3081,0
3084,3082,0
3085,3083,0
3086,3084,0
3087,3085,0
3088,3086,0
3089,3087,0
3090,3088,0
3091,3089,0
3092,3090,0
3093,3091,0
3094,3092,0
3095,3093,0
3096,3094,0
3097,3095,0
3098,3096,0
3099,3097,0
3100,3098,0
3101,3099,0
3102,3100,0
3103,3101,0
3104,3102,0
3105,3103,0
3106,3104,0
3107,3105,0
3108,3106,0
3109,3107,0
3110,3108,0
3111,3109,0
3112,3110,0
3113,3111,0
3114,3112,0
3115,3113,0
3116,3114,0
3117,3115,0
3118,3116,0
3119,3117,0
3120,3118,0
3121,3119,0
3122,3120,0
3123,3121,0
3124,3122,0
3125,3123,0
3126,3124,0
3127,3125,0
3128,3126,0
3129,3127,0
3130,3128,0
3131,3129,0
3132,3130,0
3133,3131,0
3134,3132,0
3135,3133,0
3136,3134,0
3137,3135,0
3138,3136,0
3139,3137,0
3140,3138,0
3141,3139,0
3142,3140,0
3143,3141,0
3144,3142,0
3145,3143,0
3146,3144,0
3147,3145,0
3148,3146,0
3149,3147,0
3150,3148,0
3151,3149,0
3152,3150,0
3153,3151,0
3154,3152,0
3155,3153,0
3156,3154,0
3157,3155,0
3158,3156,0
3159,3157,0
3160,3158,0
3161,3159,0
3162,3160,0
3163,3161,0
3164,3162,0
3165,3163,0
3166,3164,0
3167,3165,0
3168,3166,0
3169,3167,0
3170,3168,0
3171,3169,0
3172,3170,0
3173,3171,0
3174,3172,0
3175,3173,0
3176,3174,0
3177,3175,0
3178,3176,0
3179,3177,0
3180,3178,0
3181,3179,0
3182,3180,0
3183,3181,0
3184,3182,0
3185,3183,0
3186,3184,0
3187,3185,0
3188,3186,0
3189,3187,0
3190,3188,0
3191,3189,0
3192,3190,0
3193,3191,0
3194,3192,0
3195,3193,0
3196,3194,0
3197,3195,0
3198,3196,0
3199,3197,0
3200,3198,0
3201,3199,0
3202,3200,0
3203,3201,0
3204,3202,0
3205,3203,0
3206,3204,0
3207,3205,0
3208,3206,0
3209,3207,0
3210,3208,0
3211,3209,0
3212,3210,0
3213,3211,0
3214,3212,0
3215,3213,0
3216,3214,0
3217,3215,0
3218,3216,0
3219,3217,0
3220,3218,0
3221,3219,0
3222,3220,0
3223,3221,0
3224,3222,0
3225,3223,0
3226,3224,0
3227,3225,0
3228,3226,0
3229,3227,0
3230,3228,0
3231,3229,0
3232,3230,0
3233,3231,0
3234,3232,0
3235,3233,0
3236,3234,0
3237,3235,0
3238,3236,0
3239,3237,0
3240,3238,0
3241,3239,0
3242,3240,0
3243,3241,0
3244,3242,0
3245,3243,0
3246,3244,0
3247,3245,0
3248,3246,0
3249,3247,0
3250,3248,0
3251,3249,0
3252,3250,0
3253,3251,0
3254,3252,0
3255,3253,0
3256,3254,0
3257,3255,0
3258,3256,0
3259,3257,0
3260,3258,0
3261,3259,0
3262,3260,0
3263,3261,0
3264,3262,0
3265,3263,0
3266,3264,0
3267,3265,0
3268,3266,0
3269,3267,0
3270,3268,0
3271,3269,0
3272,3270,0
3273,3271,0
3274,3272,0
3275,3273,0
3276,3274,0
3277,3275,0
3278,3276,0
3279,3277,0
3280,3278,0
3281,3279,0
3282,3280,0
3283,3281,0
3284,3282,0
3285,3283,0
3286,3284,0
3287,3285,0
3288,3286,0
3289,3287,0
3290,3288,0
3291,3289,0
3292,3290,0
3293,3291,0
3294,3292,0
3295,3293,0
3296,3294,0
3297,3295,0
3298,3296,0
3299,3297,0
3300,3298,0
3301,3299,0
3302,3300,0
3303,3301,0
3304,3302,0
3305,3303,0
3306,3304,0
3307,3305,0
3308,3306,0
3309,3307,0
3310,3308,0
3311,3309,0
3312,3310,0
3313,3311,0
3314,3312,0
3315,3313,0
3316,3314,0
3317,3315,0
3318,3316,0
3319,3317,0
3320,3318,0
3321,3319,0
3322,3320,0
3323,3321,0
3324,3322,0
3325,3323,0
3326,3324,0
3327,3325,0
3328,3326,0
3329,3327,0
3330,3328,0
3331,3329,0
3332,3330,0
3333,3331,0
3334,3332,0
3335,3333,0
3336,3334,0
3337,3335,0
3338,3336,0
3339,3337,0
3340,3338,0
3341,3339,0
3342,3340,0
3343,3341,0
3344,3342,0
3345,3343,0
3346,3344,0
3347,3345,0
3348,3346,0
3349,3347,0
3350,3348,0
3351,3349,0
3352,3350,0
3353,3351,0
3354,3352,0
3355,3353,0
3356,3354,0
3357,3355,0
3358,3356,0
3359,3357,0
3360,3358,0
3361,3359,0
3362,3360,0
3363,3361,0
3364,3362,0
3365,3363,0
3366,3364,0
3367,3365,0
3368,3366,0
3369,3367,0
3370,3368,0
3371,3369,0
3372,3370,0
3373,3371,0
3374,3372,0
3375,3373,0
3376,3374,0
3377,3375,0
3378,3376,0
3379,3377,0
3380,3378,0
3381,3379,0
3382,3380,0
3383,3381,0
3384,3382,0
3385,3383,0
3386,3384,0
3387,3385,0
3388,3386,0
3389,3387,0
3390,3388,0
3391,3389,0
3392,3390,0
3393,3391,0
3394,3392,0
3395,3393,0
3396,3394,0
3397,3395,0
3398,3396,0
3399,3397,0
3400,3398,0
3401,3399,0
3402,3400,0
3403,3401,0
3404,3402,0
3405,3403,0
3406,3404,0
3407,3405,0
3408,3406,0
3409,3407,0
3410,3408,0
3411,3409,0
3412,3410,0
3413,3411,0
3414,3412,0
3415,3413,0
3416,3414,0
3417,3415,0
3418,3416,0
3419,3417,0
3420,3418,0
3421,3419,0
3422,3420,0
3423,3421,0
3424,3422,0
3425,3423,0
3426,3424,0
3427,3425,0
3428,3426,0
3429,3427,0
3430,3428,0
3431,3429,0
3432,3430,0
3433,3431,0
3434,3432,0
3435,3433,0
3436,3434,0
3437,3435,0
3438,3436,0
3439,3437,0
3440,3438,0
3441,3439,0
3442,3440,0
3443,3441,0
3444,3442,0
3445,3443,0
3446,3444,0
3447,3445,0
3448,3446,0
3449,3447,0
3450,3448,0
3451,3449,0
3452,3450,0
3453,3451,0
3454,3452,0
3455,3453,0
3456,3454,0
3457,3455,0
3458,3456,0
3459,3457,0
3460,3458,0
3461,3459,0
3462,3460,0
3463,3461,0
3464,3462,0
3465,3463,0
3466,3464,0
3467,3465,0
3468,3466,0
3469,3467,0
3470,3468,0
3471,3469,0
3472,3470,0
3473,3471,0
3474,3472,0
3475,3473,0
3476,3474,0
3477,3475,0
3478,3476,0
3479,3477,0
3480,3478,0
3481,3479,0
3482,3480,0
3483,3481,0
3484,3482,0
3485,3483,0
3486,3484,0
3487,3485,0
3488,3486,0
3489,3487,0
3490,3488,0
3491,3489,0
3492,3490,0
3493,3491,0
3494,3492,0
3495,3493,0
3496,3494,0
3497,3495,0
3498,3496,0
3499,3497,0
3500,3498,0
3501,3499,0
3502,3500,0
3503,3501,0
3504,3502,0
3505,3503,0
3506,3504,0
3507,3505,0
3508,3506,0
3509,3507,0
3510,3508,0
3511,3509,0
3512,3510,0
3513,3511,0
3514,3512,0
3515,3513,0
3516,3514,0
3517,3515,0
3518,3516,0
3519,3517,0
3520,3518,0
3521,3519,0
3522,3520,0
3523,3521,0
3524,3522,0
3525,3523,0
3526,3524,0
3527,3525,0
3528,3526,0
3529,3527,0
3530,3528,0
3531,3529,0
3532,3530,0
3533,3531,0
3534,3532,0
3535,3533,0
3536,3534,0
3537,3535,0
3538,3536,0
3539,3537,0
3540,3538,0
3541,3539,0
3542,3540,0
3543,3541,0
3544,3542,0
3545,3543,0
3546,3544,0
3547,3545,0
3548,3546,0
3549,3547,0
3550,3548,0
3551,3549,0
3552,3550,0
3553,3551,0
3554,3552,0
3555,3553,0
3556,3554,0
3557,3555,0
3558,3556,0
3559,3557,0
3560,3558,0
3561,3559,0
3562,3560,0
3563,3561,0
3564,3562,0
3565,3563,0
3566,3564,0
3567,3565,0
3568,3566,0
3569,3567,0
3570,3568,0
3571,3569,0
3572,3570,0
3573,3571,0
3574,3572,0
3575,3573,0
3576,3574,0
3577,3575,0
3578,3576,0
3579,3577,0
3580,3578,0
3581,3579,0
3582,3580,0
3583,3581,0
3584,3582,0
3585,3583,0
3586,3584,0
3587,3585,0
3588,3586,0
3589,3587,0
3590,3588,0
3591,3589,0
3592,3590,0
3593,3591,0
3594,3592,0
3595,3593,0
3596,3594,0
3597,3595,0
3598,3596,0
3599,3597,0
3600,3598,0
3601,3599,0
3602,3600,0
3603,3601,0
3604,3602,0
3605,3603,0
3606,3604,0
3607,3605,0
3608,3606,0
3609,3607,0
3610,3608,0
3611,3609,0
3612,3610,0
3613,3611,0
3614,3612,0
3615,3613,0
3616,3614,0
3617,3615,0
3618,3616,0
3619,3617,0
3620,3618,0
3621,3619,0
3622,3620,0
3623,3621,0
3624,3622,0
3625,3623,0
3626,3624,0
3627,3625,0
3628,3626,0
3629,3627,0
3630,3628,0
3631,3629,0
3632,3630,0
3633,3631,0
3634,3632,0
3635,3633,0
3636,3634,0
3637,3635,0
3638,3636,0
3639,3637,0
3640,3638,0
3641,3639,0
3642,3640,0
3643,3641,0
3644,3642,0
3645,3643,0
3646,3644,0
3647,3645,0
3648,3646,0
3649,3646,0
3650,3647,0
3651,3648,0
3652,3649,0
3653,3650,0
3654,3651,0
3655,3652,0
3656,3653,0
3657,3654,0
3658,3655,0
3659,3656,0
3660,3657,0
3661,3658,0
3662,3659,0
3663,3660,0
3664,3661,0
3665,3662,0
3666,3663,0
3667,3664,0
3668,3665,0
3669,3666,0
3670,3667,0
3671,3668,0
3672,3669,0
3673,3670,0
3674,3671,0
3675,3672,0
3676,3673,0
3677,3674,0
3678,3675,0
3679,3676,0
3680,3677,0
3681,3678,0
3682,3679,0
3683,3680,0
3684,3681,0
3685,3682,0
3686,3683,0
3687,3684,0
3688,3685,0
3689,3686,0
3690,3687,0
3691,3688,0
3692,3689,0
3693,3690,0
3694,3691,0
3695,3692,0
3696,3693,0
3697,3694,0
3698,3695,0
3699,3696,0
3700,3697,0
3701,3698,0
3702,3699,0
3703,3700,0
3704,3701,0
3705,3702,0
3706,3703,0
3707,3704,0
3708,3705,0
3709,3706,0
3710,3707,0
3711,3708,0
3712,3709,0
3713,3710,0
3714,3711,0
3715,3712,0
3716,3713,0
3717,3714,0
3718,3715,0
3719,3716,0
3720,3717,0
3721,3718,0
3722,3719,0
3723,3720,0
3724,3721,0
3725,3722,0
3726,3723,0
3727,3724,0
3728,3725,0
3729,3726,0
3730,3727,0
3731,3728,0
3732,3729,0
3733,3730,0
3734,3731,0
3735,3732,0
3736,3733,0
3737,3734,0
3738,3735,0
3739,3736,0
3740,3737,0
3741,3738,0
3742,3739,0
3743,3740,0
3744,3741,0
3745,3742,0
3746,3743,0
3747,3744,0
3748,3745,0
3749,3746,0
3750,3747,0
3751,3748,0
3752,3749,0
3753,3750,0
3754,3751,0
3755,3752,0
3756,3753,0
3757,3754,0
3758,3755,0
3759,3756,0
3760,3757,0
3761,3758,0
3762,3759,0
3763,3760,0
3764,3761,0
3765,3762,0
3766,3763,0
3767,3764,0
3768,3765,0
3769,3766,0
3770,3767,0
3771,3768,0
3772,3769,0
3773,3770,0
3774,3771,0
3775,3772,0
3776,3773,0
3777,3774,0
3778,3775,0
3779,3776,0
3780,3777,0
3781,3778,0
3782,3779,0
3783,3780,0
3784,3781,0
3785,3782,0
3786,3783,0
3787,3784,0
3788,3785,0
3789,3786,0
3790,3787,0
3791,3788,0
3792,3789,0
3793,3790,0
3794,3791,0
3795,3792,0
3796,3793,0
3797,3794,0
3798,3795,0
3799,3796,0
3800,3797,0
3801,3798,0
3802,3799,0
3803,3800,0
3804,3801,0
3805,3802,0
3806,3803,0
3807,3804,0
3808,3805,0
3809,3806,0
3810,3807,0
3811,3808,0
3812,3809,0
3813,3810,0
3814,3811,0
3815,3812,0
3816,3813,0
3817,3814,0
3818,3815,0
3819,3816,0
3820,3817,0
3821,3818,0
3822,3819,0
3823,3820,0
3824,3821,0
3825,3822,0
3826,3823,0
3827,3824,0
3828,3825,0
3829,3826,0
3830,3827,0
3831,3828,0
3832,3829,0
3833,3830,0
3834,3831,0
3835,3832,0
3836,3833,0
3837,3834,0
3838,3835,0
3839,3836,0
3840,3837,0
3841,3838,0
3842,3839,0
3843,3840,0
3844,3841,0
3845,3842,0
3846,3843,0
3847,3844,0
3848,3845,0
3849,3846,0
3850,3847,0
3851,3848,0
3852,3849,0
3853,3850,0
3854,3851,0
3855,3852,0
3856,3853,0
3857,3854,0
3858,3855,0
3859,3856,0
3860,3857,0
3861,3858,0
3862,3859,0
3863,3860,0
3864,3861,0
3865,3862,0
3866,3863,0
3867,3864,0
3868,3865,0
3869,3866,0
3870,3867,0
3871,3868,0
3872,3869,0
3873,3870,0
3874,3871,0
3875,3872,0
3876,3873,0
3877,3874,0
3878,3875,0
3879,3876,0
3880,3877,0
3881,3878,0
3882,3879,0
3883,3880,0
3884,3881,0
3885,3882,0
3886,3883,0
3887,3884,0
3888,3885,0
3889,3886,0
3890,3887,0
3891,3888,0
3892,3889,0
3893,3890,0
3894,3891,0
3895,3892,0
3896,3893,0
3897,3894,0
3898,3895,0
3899,3896,0
3900,3897,0
3901,3898,0
3902,3899,0
3903,3900,0
3904,3901,0
3905,3902,0
3906,3903,0
3907,3904,0
3908,3905,0
3909,3906,0
3910,3907,0
3911,3908,0
3912,3909,0
3913,3910,0
3914,3911,0
3915,3912,0
3916,3913,0
3917,3914,0
3918,3915,0
3919,3916,0
3920,3917,0
3921,3918,0
3922,3919,0
3923,3920,0
3924,3921,0
3925,3922,0
3926,3923,0
3927,3924,0
3928,3925,0
3929,3926,0
3930,3927,0
3931,3928,0
3932,3929,0
3933,3930,0
3934,3931,0
3935,3932,0
3936,3933,0
3937,3934,0
3938,3935,0
3939,3936,0
3940,3937,0
3941,3938,0
3942,3939,0
3943,3940,0
3944,3941,0
3945,3942,0
3946,3943,0
3947,3944,0
3948,3945,0
3949,3946,0
3950,3947,0
3951,3948,0
3952,3949,0
3953,3950,0
3954,3951,0
3955,3952,0
3956,3953,0
3957,3954,0
3958,3955,0
3959,3956,0
3960,3957,0
3961,3958,0
3962,3959,0
3963,3960,0
3964,3961,0
3965,3962,0
3966,3963,0
3967,3964,0
3968,3965,0
3969,3966,0
3970,3967,0
3971,3968,0
3972,3969,0
3973,3970,0
3974,3971,0
3975,3972,0
3976,3973,0
3977,3974,0
3978,3975,0
3979,3976,0
3980,3977,0
3981,3978,0
3982,3979,0
3983,3980,0
3984,3981,0
3985,3982,0
3986,3983,0
3987,3984,0
3988,3985,0
3989,3986,0
3990,3987,0
3991,3988,0
3992,3989,0
3993,3990,0
3994,3991,0
3995,3992,0
3996,3993,0
3997,3994,0
3998,3995,0
3999,3996,0
4000,3997,0
4001,3998,0
4002,3999,0
4003,4000,0
4004,4001,0
4005,4002,0
4006,4003,0
4007,4004,0
4008,4005,0
4009,4006,0
4010,4007,0
4011,4008,0
4012,4009,0
4013,4010,0
4014,4011,0
4015,4012,0
4016,4013,0
4017,4014,0
4018,4015,0
4019,4016,0
4020,4017,0
4021,4018,0
4022,4019,0
4023,4020,0
4024,4021,0
4025,4022,0
4026,4023,0
4027,4024,0
4028,4025,0
4029,4026,0
4030,4027,0
4031,4028,0
4032,4029,0
4033,4030,0
4034,4031,0
4035,4032,0
4036,4033,0
4037,4034,0
4038,4035,0
4039,4036,0
4040,4037,0
4041,4038,0
4042,4039,0
4043,4040,0
4044,4041,0
4045,4042,0
4046,4043,0
4047,4044,0
4048,4045,0
4049,4046,0
4050,4047,0
4051,4048,0
4052,4049,0
4053,4050,0
4054,4051,0
4055,4052,0
4056,4053,0
4057,4054,0
4058,4055,0
4059,4056,0
4060,4057,0
4061,4058,0
4062,4059,0
4063,4060,0
4064,4061,0
4065,4062,0
4066,4063,0
4067,4064,0
4068,4065,0
4069,4066,0
4070,4067,0
4071,4068,0
4072,4069,0
4073,4070,0
4074,4071,0
4075,4072,0
4076,4073,0
4077,4074,0
4078,4075,0
4079,4076,0
4080,4077,0
4081,4078,0
4082,4079,0
4083,4080,0
4084,4081,0
4085,4082,0
4086,4083,0
4087,4084,0
4088,4085,0
4089,4086,0
4090,4087,0
4091,4088,0
4092,4089,0
4093,4090,0
4094,4091,0
4095,4092,0
4096,4093,0
4097,4094,0
4098,4095,0
4099,4096,0
4100,4097,0
4101,4098,0
4102,4099,0
4103,4100,0
4104,4101,0
4105,4102,0
4106,4103,0
4107,4104,0
4108,4105,0
4109,4106,0
4110,4107,0
4111,4108,0
4112,4109,0
4113,4110,0
4114,4111,0
4115,4112,0
4116,4113,0
4117,4114,0
4118,4115,0
4119,4116,0
4120,4117,0
4121,4118,0
4122,4119,0
4123,4120,0
4124,4121,0
4125,4122,0
4126,4123,0
4127,4124,0
4128,4125,0
4129,4126,0
4130,4127,0
4131,4128,0
4132,4129,0
4133,4130,0
4134,4131,0
4135,4132,0
4136,4133,0
4137,4134,0
4138,4135,0
4139,4136,0
4140,4137,0
4141,4138,0
4142,4139,0
4143,4140,0
4144,4141,0
4145,4142,0
4146,4143,0
4147,4144,0
4148,4145,0
4149,4146,0
4150,4147,0
4151,4148,0
4152,4149,0
4153,4150,0
4154,4151,0
4155,4152,0
4156,4153,0
4157,4154,0
4158,4155,0
4159,4156,0
4160,4157,0
4161,4158,0
4162,4159,0
4163,4160,0
4164,4161,0
4165,4162,0
4166,4163,0
4167,4164,0
4168,4165,0
4169,4166,0
4170,4167,0
4171,4168,0
4172,4169,0
4173,4170,0
4174,4171,0
4175,4172,0
4176,4173,0
4177,4174,0
4178,4175,0
4179,4176,0
4180,4177,0
4181,4178,0
4182,4179,0
4183,4180,0
4184,4181,0
4185,4182,0
4186,4183,0
4187,4184,0
4188,4185,0
4189,4186,0
4190,4187,0
4191,4188,0
4192,4189,0
4193,4190,0
4194,4191,0
4195,4192,0
4196,4193,0
4197,4194,0
4198,4195,0
4199,4196,0
4200,4197,0
4201,4198,0
4202,4199,0
4203,4200,0
4204,4201,0
4205,4202,0
4206,4203,0
4207,4204,0
4208,4205,0
4209,4206,0
4210,4207,0
4211,4208,0
4212,4209,0
4213,4210,0
4214,4211,0
4215,4212,0
4216,4213,0
4217,4214,0
4218,4215,0
4219,4216,0
4220,4217,0
4221,4218,0
4222,4219,0
4223,4220,0
4224,4221,0
4225,4222,0
4226,4223,0
4227,4224,0
4228,4225,0
4229,4226,0
4230,4227,0
4231,4228,0
4232,4229,0
4233,4230,0
4234,4231,0
4235,4232,0
4236,4233,0
4237,4234,0
4238,4235,0
4239,4236,0
4240,4237,0
4241,4238,0
4242,4239,0
4243,4240,0
4244,4241,0
4245,4242,0
4246,4243,0
4247,4244,0
4248,4245,0
4249,4246,0
4250,4247,0
4251,4248,0
4252,4249,0
4253,4250,0
4254,4251,0
4255,4252,0
4256,4253,0
4257,4254,0
4258,4255,0
4259,4256,0
4260,4257,0
4261,4258,0
4262,4259,0
4263,4260,0
4264,4261,0
4265,4262,0
4266,4263,0
4267,4264,0
4268,4265,0
4269,4266,0
4270,4267,0
4271,4268,0
4272,4269,0
4273,4270,0
4274,4271,0
4275,4272,0
4276,4273,0
4277,4274,0
4278,4275,0
4279,4276,0
4280,4277,0
4281,4278,0
4282,4279,0
4283,4280,0
4284,4281,0
4285,4282,0
4286,4283,0
4287,4284,0
4288,4285,0
4289,4286,0
4290,4287,0
4291,4288,0
4292,4289,0
4293,4290,0
4294,4291,0
4295,4292,0
4296,4293,0
4297,4294,0
4298,4295,0
4299,4296,0
4300,4297,0
4301,4298,0
4302,4299,0
4303,4300,0
4304,4301,0
4305,4302,0
4306,4303,0
4307,4304,0
4308,4305,0
4309,4306,0
4310,4307,0
4311,4308,0
4312,4309,0
4313,4310,0
4314,4311,0
4315,4312,0
4316,4313,0
4317,4314,0
4318,4315,0
4319,4316,0
4320,4317,0
4321,4318,0
4322,4319,0
4323,4320,0
4324,4321,0
4325,4322,0
4326,4323,0
4327,4324,0
4328,4325,0
4329,4326,0
4330,4327,0
4331,4328,0
4332,4329,0
4333,4330,0
4334,4331,0
4335,4332,0
4336,4333,0
4337,4334,0
4338,4335,0
4339,4336,0
4340,4337,0
4341,4338,0
4342,4339,0
4343,4340,0
4344,4341,0
4345,4342,0
4346,4343,0
4347,4344,0
4348,4345,0
4349,4346,0
4350,4347,0
4351,4348,0
4352,4349,0
4353,4350,0
4354,4351,0
4355,4352,0
4356,4353,0
4357,4354,0
4358,4355,0
4359,4356,0
4360,4357,0
4361,4358,0
4362,4359,0
4363,4360,0
4364,4361,0
4365,4362,0
4366,4363,0
4367,4364,0
4368,4365,0
4369,4366,0
4370,4367,0
4371,4368,0
4372,4369,0
4373,4370,0
4374,4371,0
4375,4372,0
4376,4373,0
4377,4374,0
4378,4375,0
4379,4376,0
4380,4377,0
4381,4378,0
4382,4379,0
4383,4380,0
4384,4381,0
4385,4382,0
4386,4383,0
4387,4384,0
4388,4385,0
4389,4386,0
4390,4387,0
4391,4388,0
4392,4389,0
4393,4390,0
4394,4391,0
4395,4392,0
4396,4393,0
4397,4394,0
4398,4395,0
4399,4396,0
4400,4397,0
4401,4398,0
4402,4399,0
4403,4400,0
4404,4401,0
4405,4402,0
4406,4403,0
4407,4404,0
4408,4405,0
4409,4406,0
4410,4407,0
4411,4408,0
4412,4409,0
4413,4410,0
4414,4411,0
4415,4412,0
4416,4413,0
4417,4414,0
4418,4415,0
4419,4416,0
4420,4417,0
4421,4418,0
4422,4419,0
4423,4420,0
4424,4421,0
4425,4422,0
4426,4423,0
4427,4424,0
4428,4425,0
4429,4426,0
4430,4427,0
4431,4428,0
4432,4429,0
4433,4430,0
4434,4431,0
4435,4432,0
4436,4433,0
4437,4434,0
4438,4435,0
4439,4436,0
4440,4437,0
4441,4438,0
4442,4439,0
4443,4440,0
4444,4441,0
4445,4442,0
4446,4443,0
4447,4444,0
4448,4445,0
4449,4446,0
4450,4447,0
4451,4448,0
4452,4449,0
4453,4450,0
4454,4451,0
4455,4452,0
4456,4453,0
4457,4454,0
4458,4455,0
4459,4456,0
4460,4457,0
4461,4458,0
4462,4459,0
4463,4460,0
4464,4461,0
4465,4462,0
4466,4463,0
4467,4464,0
4468,4465,0
4469,4466,0
4470,4467,0
4471,4468,0
4472,4469,0
4473,4470,0
4474,4471,0
4475,4472,0
4476,4473,0
4477,4474,0
4478,4475,0
4479,4476,0
4480,4477,0
4481,4478,0
4482,4479,0
4483,4480,0
4484,4481,0
4485,4482,0
4486,4483,0
4487,4484,0
4488,4485,0
4489,4486,0
4490,4487,0
4491,4488,0
4492,4489,0
4493,4490,0
4494,4491,0
4495,4492,0
4496,4493,0
4497,4494,0
4498,4495,0
4499,4496,0
4500,4497,0
4501,4498,0
4502,4499,0
4503,4500,0
4504,4501,0
4505,4502,0
4506,4503,0
4507,4504,0
4508,4505,0
4509,4506,0
4510,4507,0
4511,4508,0
4512,4509,0
4513,4510,0
4514,4511,0
4515,4512,0
4516,4513,0
4517,4514,0
4518,4515,0
4519,4516,0
4520,4517,0
4521,4518,0
4522,4519,0
4523,4520,0
4524,4521,0
4525,4522,0
4526,4523,0
4527,4524,0
4528,4525,0
4529,4526,0
4530,4527,0
4531,4528,0
4532,4529,0
4533,4530,0
4534,4531,0
4535,4532,0
4536,4533,0
4537,4534,0
4538,4535,0
4539,4536,0
4540,4537,0
4541,4538,0
4542,4539,0
4543,4540,0
4544,4541,0
4545,4542,0
4546,4543,0
4547,4544,0
4548,4545,0
4549,4546,0
4550,4547,0
4551,4548,0
4552,4549,0
4553,4550,0
4554,4551,0
4555,4552,0
4556,4553,0
4557,4554,0
4558,4555,0
4559,4556,0
4560,4557,0
4561,4558,0
4562,4559,0
4563,4560,0
4564,4561,0
4565,4562,0
4566,4563,0
4567,4564,0
4568,4565,0
4569,4566,0
4570,4567,0
4571,4568,0
4572,4569,0
4573,4570,0
4574,4571,0
4575,4572,0
4576,4573,0
4577,4574,0
4578,4575,0
4579,4576,0
4580,4577,0
4581,4578,0
4582,4579,0
4583,4580,0
4584,4581,0
4585,4582,0
4586,4583,0
4587,4584,0
4588,4585,0
4589,4586,0
4590,4587,0
4591,4588,0
4592,4589,0
4593,4590,0
4594,4591,0
4595,4592,0
4596,4593,0
4597,4594,0
4598,4595,0
4599,4596,0
4600,4597,0
4601,4598,0
4602,4599,0
4603,4600,0
4604,4601,0
4605,4602,0
4606,4603,0
4607,4604,0
4608,4605,0
4609,4606,0
4610,4607,0
4611,4608,0
4612,4609,0
4613,4610,0
4614,4611,0
4615,4612,0
4616,4613,0
4617,4614,0
4618,4615,0
4619,4616,0
4620,4617,0
4621,4618,0
4622,4619,0
4623,4620,0
4624,4621,0
4625,4622,0
4626,4623,0
4627,4624,0
4628,4625,0
4629,4626,0
4630,4627,0
4631,4628,0
4632,4629,0
4633,4630,0
4634,4631,0
4635,4632,0
4636,4633,0
4637,4634,0
4638,4635,0
4639,4636,0
4640,4637,0
4641,4638,0
4642,4639,0
4643,4640,0
4644,4641,0
4645,4642,0
4646,4643,0
4647,4644,0
4648,4645,0
4649,4646,0
4650,4647,0
4651,4648,0
4652,4649,0
4653,4650,0
4654,4651,0
4655,4652,0
4656,4653,0
4657,4654,0
4658,4655,0
4659,4656,0
4660,4657,0
4661,4658,0
4662,4659,0
4663,4660,0
4664,4661,0
4665,4662,0
4666,4663,0
4667,4664,0
4668,4665,0
4669,4666,0
4670,4667,0
4671,4668,0
4672,4669,0
4673,4670,0
4674,4671,0
4675,4672,0
4676,4673,0
4677,4674,0
4678,4675,0
4679,4676,0
4680,4677,0
4681,4678,0
4682,4679,0
4683,4680,0
4684,4681,0
4685,4682,0
4686,4683,0
4687,4684,0
4688,4685,0
4689,4686,0
4690,4687,0
4691,4688,0
4692,4689,0
4693,4690,0
4694,4691,0
4695,4692,0
4696,4693,0
4697,4694,0
4698,4695,0
4699,4696,0
4700,4697,0
4701,4698,0
4702,4699,0
4703,4700,0
4704,4701,0
4705,4702,0
4706,4703,0
4707,4704,0
4708,4705,0
4709,4706,0
4710,4707,0
4711,4708,0
4712,4709,0
4713,4710,0
4714,4711,0
4715,4712,0
4716,4713,0
4717,4714,0
4718,4715,0
4719,4716,0
4720,4717,0
4721,4718,0
4722,4719,0
4723,4720,0
4724,4721,0
4725,4722,0
4726,4723,0
4727,4724,0
4728,4725,0
4729,4726,0
4730,4727,0
4731,4728,0
4732,4729,0
4733,4730,0
4734,4731,0
4735,4732,0
4736,4733,0
4737,4734,0
4738,4735,0
4739,4736,0
4740,4737,0
4741,4738,0
4742,4739,0
4743,4740,0
4744,4741,0
4745,4742,0
4746,4743,0
4747,4744,0
4748,4745,0
4749,4746,0
4750,4747,0
4751,4748,0
4752,4749,0
4753,4750,0
4754,4751,0
4755,4752,0
4756,4753,0
4757,4754,0
4758,4755,0
4759,4756,0
4760,4757,0
4761,4758,0
4762,4759,0
4763,4760,0
4764,4761,0
4765,4762,0
4766,4763,0
4767,4764,0
4768,4765,0
4769,4766,0
4770,4767,0
4771,4768,0
4772,4769,0
4773,4770,0
4774,4771,0
4775,4772,0
4776,4773,0
4777,4774,0
4778,4775,0
4779,4776,0
4780,4777,0
4781,4778,0
4782,4779,0
4783,4780,0
4784,4781,0
4785,4782,0
4786,4783,0
4787,4784,0
4788,4785,0
4789,4786,0
4790,4787,0
4791,4788,0
4792,4789,0
4793,4790,0
4794,4791,0
4795,4792,0
4796,4793,0
4797,4794,0
4798,4795,0
4799,4796,0
4800,4797,0
4801,4798,0
4802,4799,0
4803,4800,0
4804,4801,0
4805,4802,0
4806,4803,0
4807,4804,0
4808,4805,0
4809,4806,0
4810,4807,0
4811,4808,0
4812,4809,0
4813,4810,0
4814,4811,0
4815,4812,0
4816,4813,0
4817,4814,0
4818,4815,0
4819,4816,0
4820,4817,0
4821,4818,0
4822,4819,0
4823,4820,0
4824,4821,0
4825,4822,0
4826,4823,0
4827,4824,0
4828,4825,0
4829,4826,0
4830,4827,0
4831,4828,0
4832,4829,0
4833,4830,0
4834,4831,0
4835,4832,0
4836,4833,0
4837,4834,0
4838,4835,0
4839,4836,0
4840,4837,0
4841,4838,0
4842,4839,0
4843,4840,0
4844,4841,0
4845,4842,0
4846,4843,0
4847,4844,0
4848,4845,0
4849,4846,0
4850,4847,0
4851,4848,0
4852,4849,0
4853,4850,0
4854,4851,0
4855,4852,0
4856,4853,0
4857,4854,0
4858,4855,0
4859,4856,0
4860,4857,0
4861,4858,0
4862,4859,0
4863,4860,0
4864,4861,0
4865,4862,0
4866,4863,0
4867,4864,0
4868,4865,0
4869,4866,0
4870,4867,0
4871,4868,0
4872,4869,0
4873,4870,0
4874,4871,0
4875,4872,0
4876,4873,0
4877,4874,0
4878,4875,0
4879,4876,0
4880,4877,0
4881,4878,0
4882,4879,0
4883,4880,0
4884,4881,0
4885,4882,0
4886,4883,0
4887,4884,0
4888,4885,0
4889,4886,0
4890,4887,0
4891,4888,0
4892,4889,0
4893,4890,0
4894,4891,0
4895,4892,0
4896,4893,0
4897,4894,0
4898,4895,0
4899,4896,0
4900,4897,0
4901,4898,0
4902,4899,0
4903,4900,0
4904,4901,0
4905,4902,0
4906,4903,0
4907,4904,0
4908,4905,0
4909,4906,0
4910,4907,0
4911,4908,0
4912,4909,0
4913,4910,0
4914,4911,0
4915,4912,0
4916,4913,0
4917,4914,0
4918,4915,0
4919,4916,0
4920,4917,0
4921,4918,0
4922,4919,0
4923,4920,0
4924,4921,0
4925,4922,0
4926,4923,0
4927,4924,0
4928,4925,0
4929,4926,0
4930,4927,0
4931,4928,0
4932,4929,0
4933,4930,0
4934,4931,0
4935,4932,0
4936,4933,0
4937,4934,0
4938,4935,0
4939,4936,0
4940,4937,0
4941,4938,0
4942,4939,0
4943,4940,0
4944,4941,0
4945,4942,0
4946,4943,0
4947,4944,0
4948,4945,0
4949,4946,0
4950,4947,0
4951,4948,0
4952,4949,0
4953,4950,0
4954,4951,0
4955,4952,0
4956,4953,0
4957,4954,0
4958,4955,0
4959,4956,0
4960,4957,0
4961,4958,0
4962,4959,0
4963,4960,0
4964,4961,0
4965,4962,0
4966,4963,0
4967,4964,0
4968,4965,0
4969,4966,0
4970,4967,0
4971,4968,0
4972,4969,0
4973,4970,0
4974,4971,0
4975,4972,0
4976,4973,0
4977,4974,0
4978,4975,0
4979,4976,0
4980,4977,0
4981,4978,0
4982,4979,0
4983,4980,0
4984,4981,0
4985,4982,0
4986,4983,0
4987,4984,0
4988,4985,0
4989,4986,0
4990,4987,0
4991,4988,0
4992,4989,0
4993,4990,0
4994,4991,0
4995,4992,0
4996,4993,0
4997,4994,0
4998,4995,0
4999,4996,0
5000,4997,0
5001,4998,0
5002,4999,0
5003,5000,0
5004,5001,0
5005,5002,0
5006,5003,0
5007,5004,0
5008,5005,0
5009,5006,0
5010,5007,0
5011,5008,0
5012,5009,0
5013,5010,0
5014,5011,0
5015,5012,0
5016,5013,0
5017,5014,0
5018,5015,0
5019,5016,0
5020,5017,0
5021,5018,0
5022,5019,0
5023,5020,0
5024,5021,0
5025,5022,0
5026,5023,0
5027,5024,0
5028,5025,0
5029,5026,0
5030,5027,0
5031,5028,0
5032,5029,0
5033,5030,0
5034,5031,0
5035,5032,0
5036,5033,0
5037,5034,0
5038,5035,0
5039,5036,0
5040,5037,0
5041,5038,0
5042,5039,0
5043,5040,0
5044,5041,0
5045,5042,0
5046,5043,0
5047,5044,0
5048,5045,0
5049,5046,0
5050,5047,0
5051,5048,0
5052,5049,0
5053,5050,0
5054,5051,0
5055,5052,0
5056,5053,0
5057,5054,0
5058,5055,0
5059,5056,0
5060,5057,0
5061,5058,0
5062,5059,0
5063,5060,0
5064,5061,0
5065,5062,0
5066,5063,0
5067,5064,0
5068,5065,0
5069,5066,0
5070,5067,0
5071,5068,0
5072,5069,0
5073,5070,0
5074,5071,0
5075,5072,0
5076,5073,0
5077,5074,0
5078,5075,0
5079,5076,0
5080,5077,0
5081,5078,0
5082,5079,0
5083,5080,0
5084,5081,0
5085,5082,0
5086,5083,0
5087,5084,0
5088,5085,0
5089,5086,0
5090,5087,0
5091,5088,0
5092,5089,0
5093,5090,0
5094,5091,0
5095,5092,0
5096,5093,0
5097,5094,0
5098,5095,0
5099,5096,0
5100,5097,0
5101,5098,0
5102,5099,0
5103,5100,0
5104,5101,0
5105,5102,0
5106,5103,0
5107,5104,0
5108,5105,0
5109,5106,0
5110,5107,0
5111,5108,0
5112,5109,0
5113,5110,0
5114,5111,0
5115,5112,0
5116,5113,0
5117,5114,0
5118,5115,0
5119,5116,0
5120,5117,0
5121,5118,0
5122,5119,0
5123,5120,0
5124,5121,0
5125,5122,0
5126,5123,0
5127,5124,0
5128,5125,0
5129,5126,0
5130,5127,0
5131,5128,0
5132,5129,0
5133,5130,0
5134,5131,0
5135,5132,0
5136,5133,0
5137,5134,0
5138,5135,0
5139,5136,0
5140,5137,0
5141,5138,0
5142,5139,0
5143,5140,0
5144,5141,0
5145,5142,0
5146,5143,0
5147,5144,0
5148,5145,0
5149,5146,0
5150,5147,0
5151,5148,0
5152,5149,0
5153,5150,0
5154,5151,0
5155,5152,0
5156,5153,0
5157,5154,0
5158,5155,0
5159,5156,0
5160,5157,0
5161,5158,0
5162,5159,0
5163,5160,0
5164,5161,0
5165,5162,0
5166,5163,0
5167,5164,0
5168,5165,0
5169,5166,0
5170,5167,0
5171,5168,0
5172,5169,0
5173,5170,0
5174,5171,0
5175,5172,0
5176,5173,0
5177,5174,0
5178,5175,0
5179,5176,0
5180,5177,0
5181,5178,0
5182,5179,0
5183,5180,0
5184,5181,0
5185,5182,0
5186,5183,0
5187,5184,0
5188,5185,0
5189,5186,0
5190,5187,0
5191,5188,0
5192,5189,0
5193,5190,0
5194,5191,0
5195,5192,0
5196,5193,0
5197,5194,0
5198,5195,0
5199,5196,0
5200,5197,0
5201,5198,0
5202,5199,0
5203,5200,0
5204,5201,0
5205,5202,0
5206,5203,0
5207,5204,0
5208,5205,0
5209,5206,0
5210,5207,0
5211,5208,0
5212,5209,0
5213,5210,0
5214,5211,0
5215,5212,0
5216,5213,0
5217,5214,0
5218,5215,0
5219,5216,0
5220,5217,0
5221,5218,0
5222,5219,0
5223,5220,0
5224,5221,0
5225,5222,0
5226,5223,0
5227,5224,0
5228,5225,0
5229,5226,0
5230,5227,0
5231,5228,0
5232,5229,0
5233,5230,0
5234,5231,0
5235,5232,0
5236,5233,0
5237,5234,0
5238,5235,0
5239,5236,0
5240,5237,0
5241,5238,0
5242,5239,0
5243,5240,0
5244,5241,0
5245,5242,0
5246,5243,0
5247,5244,0
5248,5245,0
5249,5246,0
5250,5247,0
5251,5248,0
5252,5249,0
5253,5250,0
5254,5251,0
5255,5252,0
5256,5253,0
5257,5254,0
5258,5255,0
5259,5256,0
5260,5257,0
5261,5258,0
5262,5259,0
5263,5260,0
5264,5261,0
5265,5262,0
5266,5263,0
5267,5264,0
5268,5265,0
5269,5266,0
5270,5267,0
5271,5268,0
5272,5269,0
5273,5270,0
5274,5271,0
5275,5272,0
5276,5273,0
5277,5274,0
5278,5275,0
5279,5276,0
5280,5277,0
5281,5278,0
5282,5279,0
5283,5280,0
5284,5281,0
5285,5282,0
5286,5283,0
5287,5284,0
5288,5285,0
5289,5286,0
5290,5287,0
5291,5288,0
5292,5289,0
5293,5290,0
5294,5291,0
5295,5292,0
5296,5293,0
5297,5294,0
5298,5295,0
5299,5296,0
5300,5297,0
5301,5298,0
5302,5299,0
5303,5300,0
5304,5301,0
5305,5302,0
5306,5303,0
5307,5304,0
5308,5305,0
5309,5306,0
5310,5307,0
5311,5308,0
5312,5309,0
5313,5310,0
5314,5311,0
5315,5312,0
5316,5313,0
5317,5314,0
5318,5315,0
5319,5316,0
5320,5317,0
5321,5318,0
5322,5319,0
5323,5320,0
5324,5321,0
5325,5322,0
5326,5323,0
5327,5324,0
5328,5325,0
5329,5326,0
5330,5327,0
5331,5328,0
5332,5329,0
5333,5330,0
5334,5331,0
5335,5332,0
5336,5333,0
5337,5334,0
5338,5335,0
5339,5336,0
5340,5337,0
5341,5338,0
5342,5339,0
5343,5340,0
5344,5341,0
5345,5342,0
5346,5343,0
5347,5344,0
5348,5345,0
5349,5346,0
5350,5347,0
5351,5348,0
5352,5349,0
5353,5350,0
5354,5351,0
5355,5352,0
5356,5353,0
5357,5354,0
5358,5355,0
5359,5356,0
5360,5357,0
5361,5358,0
5362,5359,0
5363,5360,0
5364,5361,0
5365,5362,0
5366,5363,0
5367,5364,0
5368,5365,0
5369,5366,0
5370,5367,0
5371,5368,0
5372,5369,0
5373,5370,0
5374,5371,0
5375,5372,0
5376,5373,0
5377,5374,0
5378,5375,0
5379,5376,0
5380,5377,0
5381,5378,0
5382,5379,0
5383,5380,0
5384,5381,0
5385,5382,0
5386,5383,0
5387,5384,0
5388,5385,0
5389,5386,0
5390,5387,0
5391,5388,0
5392,5389,0
5393,5390,0
5394,5391,0
5395,5392,0
5396,5393,0
5397,5394,0
5398,5395,0
5399,5396,0
5400,5397,0
5401,5398,0
5402,5399,0
5403,5400,0
5404,5401,0
5405,5402,0
5406,5403,0
5407,5404,0
5408,5405,0
5409,5406,0
5410,5407,0
5411,5408,0
5412,5409,0
5413,5410,0
5414,5411,0
5415,5412,0
5416,5413,0
5417,5414,0
5418,5415,0
5419,5416,0
5420,5417,0
5421,5418,0
5422,5419,0
5422,5419,0
5423,5420,0
5424,5421,0
5425,5422,0
5426,5423,0
5427,5424,0
5428,5425,0
5429,5426,0
5430,5427,0
5431,5428,0
5432,5429,0
5433,5430,0
5434,5431,0
5435,5432,0
5436,5433,0
5437,5434,0
5438,5435,0
5439,5436,0
5440,5437,0
5441,5438,0
5442,5439,0
5443,5440,0
5444,5441,0
5445,5442,0
5446,5443,0
5447,5444,0
5448,5445,0
5449,5446,0
5450,5447,0
5451,5448,0
5452,5449,0
5453,5450,0
5454,5451,0
5455,5452,0
5456,5453,0
5457,5454,0
5458,5455,0
5459,5456,0
5460,5457,0
5461,5458,0
5462,5459,0
5463,5460,0
5464,5461,0
5465,5462,0
5466,5463,0
5467,5464,0
5468,5465,0
5469,5466,0
5470,5467,0
5471,5468,0
5472,5469,0
5473,5470,0
5474,5471,0
5475,5472,0
5476,5473,0
5477,5474,0
5478,5475,0
5479,5476,0
5480,5477,0
5481,5478,0
5482,5479,0
5483,5480,0
5484,5481,0
5485,5482,0
5486,5483,0
5487,5484,0
5488,5485,0
5489,5486,0
5490,5487,0
5491,5488,0
5492,5489,0
5493,5490,0
5494,5491,0
5495,5492,0
5496,5493,0
5497,5494,0
5498,5495,0
5499,5496,0
5500,5497,0
5501,5498,0
5502,5499,0
5503,5500,0
5504,5501,0
5505,5502,0
5506,5503,0
5507,5504,0
5508,5505,0
5509,5506,0
5510,5507,0
5511,5508,0
5512,5509,0
5513,5510,0
5514,5511,0
5515,5512,0
5516,5513,0
5517,5514,0
5518,5515,0
5519,5516,0
5520,5517,0
5521,5518,0
5522,5519,0
5523,5520,0
5524,5521,0
5525,5522,0
5526,5523,0
5527,5524,0
5528,5525,0
5529,5526,0
5530,5527,0
5531,5528,0
5532,5529,0
5533,5530,0
5534,5531,0
5535,5532,0
5536,5533,0
5537,5534,0
5538,5535,0
5539,5536,0
5540,5537,0
5541,5538,0
5542,5539,0
5543,5540,0
5544,5541,0
5545,5542,0
5546,5543,0
5547,5544,0
5548,5545,0
5549,5546,0
5550,5547,0
5551,5548,0
5552,5549,0
5553,5550,0
5554,5551,0
5555,5552,0
5556,5553,0
5557,5554,0
5558,5555,0
5559,5556,0
5560,5557,0
5561,5558,0
5562,5559,0
5563,5560,0
5564,5561,0
5565,5562,0
5566,5563,0
5567,5564,0
5568,5565,0
5569,5566,0
5570,5567,0
5571,5568,0
5572,5569,0
5573,5570,0
5574,5571,0
5575,5572,0
5576,5573,0
5577,5574,0
5578,5575,0
5579,5576,0
5580,5577,0
5581,5578,0
5582,5579,0
5583,5580,0
5584,5581,0
5585,5582,0
5586,5583,0
5587,5584,0
5588,5585,0
5589,5586,0
5590,5587,0
5591,5588,0
5592,5589,0
5593,5590,0
5594,5591,0
5595,5592,0
5596,5593,0
5597,5594,0
5598,5595,0
5599,5596,0
5600,5597,0
5601,5598,0
5602,5599,0
5603,5600,0
5604,5601,0
5605,5602,0
5606,5603,0
5607,5604,0
5608,5605,0
5609,5606,0
5610,5607,0
5611,5608,0
5612,5609,0
5613,5610,0
5614,5611,0
5615,5612,0
5616,5613,0
5617,5614,0
5618,5615,0
5619,5616,0
5620,5617,0
5621,5618,0
5622,5619,0
5623,5620,0
5624,5621,0
5625,5622,0
5626,5623,0
5627,5624,0
5628,5625,0
5629,5626,0
5630,5627,0
5631,5628,0
5632,5629,0
5633,5630,0
5634,5631,0
5635,5632,0
5636,5633,0
5637,5634,0
5638,5635,0
5639,5636,0
5640,5637,0
5641,5638,0
5642,5639,0
5643,5640,0
5644,5641,0
5645,5642,0
5646,5643,0
5647,5644,0
5648,5645,0
5649,5646,0
5650,5647,0
5651,5648,0
5652,5649,0
5653,5650,0
5654,5651,0
5655,5652,0
5656,5653,0
5657,5654,0
5658,5655,0
5659,5656,0
5660,5657,0
5661,5658,0
5662,5659,0
5663,5660,0
5664,5661,0
5665,5662,0
5666,5663,0
5667,5664,0
5668,5665,0
5669,5666,0
5670,5667,0
5671,5668,0
5672,5669,0
5673,5670,0
5674,5671,0
5675,5672,0
5676,5673,0
5677,5674,0
5678,5675,0
5679,5676,0
5680,5677,0
5681,5678,0
5682,5679,0
5683,5680,0
5684,5681,0
5685,5682,0
5686,5683,0
5687,5684,0
5688,5685,0
5689,5686,0
5690,5687,0
5691,5688,0
5692,5689,0
5693,5690,0
5694,5691,0
5695,5692,0
5696,5693,0
5697,5694,0
5698,5695,0
5699,5696,0
5700,5697,0
5701,5698,0
5702,5699,0
5703,5700,0
5704,5701,0
5705,5702,0
5706,5703,0
5707,5704,0
5708,5705,0
5709,5706,0
5710,5707,0
5711,5708,0
5712,5709,0
5713,5710,0
5714,5711,0
5715,5712,0
5716,5713,0
5717,5714,0
5718,5715,0
5719,5716,0
5720,5717,0
5721,5718,0
5722,5719,0
5723,5720,0
5724,5721,0
5725,5722,0
5726,5723,0
5727,5724,0
5728,5725,0
5729,5726,0
5730,5727,0
5731,5728,0
5732,5729,0
5733,5730,0
5734,5731,0
5735,5732,0
5736,5733,0
5737,5734,0
5738,5735,0
5739,5736,0
5740,5737,0
5741,5738,0
5742,5739,0
5743,5740,0
5744,5741,0
5745,5742,0
5746,5743,0
5747,5744,0
5748,5745,0
5749,5746,0
5750,5747,0
5751,5748,0
5752,5749,0
5753,5750,0
5754,5751,0
5755,5752,0
5756,5753,0
5757,5754,0
5758,5755,0
5759,5756,0
5760,5757,0
5761,5758,0
5762,5759,0
5763,5760,0
5764,5761,0
5765,5762,0
5766,5763,0
5767,5764,0
5768,5765,0
5769,5766,0
5770,5767,0
5771,5768,0
5772,5769,0
5773,5770,0
5774,5771,0
5775,5772,0
5776,5773,0
5777,5774,0
5778,5775,0
5779,5776,0
5780,5777,0
5781,5778,0
5782,5779,0
5783,5780,0
5784,5781,0
5785,5782,0
5786,5783,0
5787,5784,0
5788,5785,0
5789,5786,0
5790,5787,0
5791,5788,0
5792,5789,0
5793,5790,0
5794,5791,0
5795,5792,0
5796,5793,0
5797,5794,0
5798,5795,0
5799,5796,0
5800,5797,0
5801,5798,0
5802,5799,0
5803,5800,0
5804,5801,0
5805,5802,0
5806,5803,0
5807,5804,0
5808,5805,0
5809,5806,0
5810,5807,0
5811,5808,0
5812,5809,0
5813,5810,0
5814,5811,0
5815,5812,0
5816,5813,0
5817,5814,0
5818,5815,0
5819,5816,0
5820,5817,0
5821,5818,0
5822,5819,0
5823,5820,0
5824,5821,0
5825,5822,0
5826,5823,0
5827,5824,0
5828,5825,0
5829,5826,0
5830,5827,0
5831,5828,0
5832,5829,0
5833,5830,0
5834,5831,0
5835,5832,0
5836,5833,0
5837,5834,0
5838,5835,0
5839,5836,0
5840,5837,0
5841,5838,0
5842,5839,0
5843,5840,0
5844,5841,0
5845,5842,0
5846,5843,0
5847,5844,0
5848,5845,0
5849,5846,0
5850,5847,0
5851,5848,0
5852,5849,0
5853,5850,0
5854,5851,0
5855,5852,0
5856,5853,0
5857,5854,0
5858,5855,0
5859,5856,0
5860,5857,0
5861,5858,0
5862,5859,0
5863,5860,0
5864,5861,0
5865,5862,0
5866,5863,0
5867,5864,0
5868,5865,0
5869,5866,0
5870,5867,0
5871,5868,0
5872,5869,0
5873,5870,0
5874,5871,0
5875,5872,0
5876,5873,0
5877,5874,0
5878,5875,0
5879,5876,0
5880,5877,0
5881,5878,0
5882,5879,0
5883,5880,0
5884,5881,0
5885,5882,0
5886,5883,0
5887,5884,0
5888,5885,0
5889,5886,0
5890,5887,0
5891,5888,0
5892,5889,0
5893,5890,0
5894,5891,0
5895,5892,0
5896,5893,0
5897,5894,0
5898,5895,0
5899,5896,0
5900,5897,0
5901,5898,0
5902,5899,0
5903,5900,0
5904,5901,0
5905,5902,0
5906,5903,0
5907,5904,0
5908,5905,0
5909,5906,0
5910,5907,0
5911,5908,0
5912,5909,0
5913,5910,0
5914,5911,0
5915,5912,0
5916,5913,0
5917,5914,0
5918,5915,0
5919,5916,0
5920,5917,0
5921,5918,0
5922,5919,0
5923,5920,0
5924,5921,0
5925,5922,0
5926,5923,0
5927,5924,0
5928,5925,0
5929,5926,0
5930,5927,0
5931,5928,0
5932,5929,0
5933,5930,0
5934,5931,0
5935,5932,0
5936,5933,0
5937,5934,0
5938,5935,0
5939,5936,0
5940,5937,0
5941,5938,0
5942,5939,0
5943,5940,0
5944,5941,0
5945,5942,0
5946,5943,0
5947,5944,0
5948,5945,0
5949,5946,0
5950,5947,0
5951,5948,0
5952,5949,0
5953,5950,0
5954,5951,0
5955,5952,0
5956,5953,0
5957,5954,0
5958,5955,0
5959,5956,0
5960,5957,0
5961,5958,0
5962,5959,0
5963,5960,0
5964,5961,0
5965,5962,0
5966,5963,0
5967,5964,0
5968,5965,0
5969,5966,0
5970,5967,0
5971,5968,0
5972,5969,0
5973,5970,0
5974,5971,0
5975,5972,0
5976,5973,0
5977,5974,0
5978,5975,0
5979,5976,0
5980,5977,0
5981,5978,0
5982,5979,0
5983,5980,0
5984,5981,0
5985,5982,0
5986,5983,0
5987,5984,0
5988,5985,0
5989,5986,0
5990,5987,0
5991,5988,0
5992,5989,0
5993,5990,0
5994,5991,0