name,startdate,enddate,url,mainentityofpage
0,0,0,-1,-1
1,1,1,-1,-1
2,2,2,-1,-1
3,3,3,-1,-1
4,4,4,-1,-1
5,5,5,-1,-1
6,6,6,-1,-1
7,7,7,-1,-1
8,8,8,-1,-1
9,9,9,-1,-1
10,10,10,-1,-1
11,11,11,-1,-1
12,12,12,-1,-1
13,13,13,-1,-1
14,14,14,-1,-1
15,15,15,-1,-1
16,16,16,-1,-1
17,17,17,-1,-1
18,18,18,-1,-1
19,19,19,-1,-1
20,20,20,-1,-1
21,21,21,-1,-1
22,22,22,-1,-1
23,23,23,-1,-1
24,24,24,-1,-1
25,25,25,-1,-1
26,26,26,-1,-1
27,27,27,-1,-1
28,28,28,-1,-1
29,29,29,-1,-1
30,30,30,-1,-1
31,31,31,-1,-1
32,32,32,-1,-1
33,33,33,-1,-1
34,34,34,-1,-1
35,35,35,-1,-1
36,36,36,-1,-1
37,37,37,-1,-1
38,38,38,-1,-1
39,39,39,-1,-1
40,40,40,-1,-1
41,41,41,-1,-1
42,42,42,-1,-1
43,43,43,-1,-1
44,44,44,-1,-1
45,45,45,-1,-1
46,46,46,-1,-1
47,47,47,-1,-1
48,48,48,-1,-1
49,49,49,-1,-1
50,50,50,-1,-1
51,51,51,-1,-1
52,52,52,-1,-1
53,53,53,-1,-1
54,54,54,-1,-1
55,55,55,-1,-1
56,56,56,-1,-1
57,57,57,-1,-1
58,58,58,-1,-1
59,59,59,-1,-1
60,60,60,-1,-1
61,61,61,-1,-1
62,62,62,-1,-1
63,63,63,-1,-1
64,64,64,-1,-1
65,65,65,-1,-1
66,66,66,-1,-1
67,67,67,-1,-1
68,68,68,-1,-1
69,69,69,-1,-1
70,70,70,-1,-1
71,71,71,-1,-1
72,72,72,-1,-1
73,73,73,-1,-1
74,74,74,-1,-1
75,75,75,-1,-1
76,76,76,-1,-1
77,77,77,-1,-1
78,78,78,-1,-1
79,79,79,-1,-1
80,80,80,-1,-1
81,81,81,-1,-1
82,82,82,-1,-1
83,83,83,-1,-1
84,84,84,-1,-1
85,85,85,-1,-1
86,86,86,-1,-1
87,87,87,-1,-1
88,88,88,-1,-1
89,89,89,-1,-1
90,90,90,-1,-1
91,91,91,-1,-1
92,92,92,-1,-1
93,93,93,-1,-1
94,94,94,-1,-1
95,95,95,-1,-1
96,96,96,-1,-1
97,97,97,-1,-1
98,98,98,-1,-1
99,99,99,-1,-1
100,100,100,-1,-1
101,101,101,-1,-1
102,102,102,-1,-1
103,103,103,-1,-1
104,104,104,-1,-1
105,105,105,-1,-1
106,106,106,-1,-1
107,107,107,-1,-1
108,108,108,-1,-1
109,109,109,-1,-1
110,110,110,-1,-1
111,111,111,-1,-1
112,112,112,-1,-1
113,113,113,-1,-1
114,114,114,-1,-1
115,115,115,-1,-1
116,116,116,-1,-1
117,117,117,-1,-1
118,118,118,-1,-1
119,119,119,-1,-1
120,120,120,-1,-1
121,121,121,-1,-1
122,122,122,-1,-1
123,123,123,-1,-1
124,124,124,-1,-1
125,125,125,-1,-1
126,126,126,-1,-1
127,127,127,-1,-1
128,128,128,-1,-1
129,129,129,-1,-1
130,130,130,-1,-1
131,131,131,-1,-1
132,132,132,-1,-1
133,133,133,-1,-1
134,134,134,-1,-1
135,135,135,-1,-1
136,136,136,-1,-1
137,137,137,-1,-1
138,138,138,-1,-1
139,139,139,-1,-1
140,140,140,-1,-1
141,141,141,-1,-1
142,142,142,-1,-1
143,143,143,-1,-1
144,144,144,-1,-1
145,145,145,-1,-1
146,146,146,-1,-1
147,147,147,-1,-1
148,148,148,-1,-1
149,149,149,-1,-1
150,150,150,-1,-1
151,151,151,-1,-1
152,152,152,-1,-1
153,153,153,-1,-1
154,154,154,-1,-1
155,155,155,-1,-1
156,156,156,-1,-1
157,157,157,-1,-1
158,158,158,-1,-1
159,159,159,-1,-1
160,160,160,-1,-1
161,161,161,-1,-1
162,162,162,-1,-1
163,163,163,-1,-1
164,164,164,-1,-1
165,165,165,-1,-1
166,166,166,-1,-1
167,167,167,-1,-1
168,168,168,-1,-1
169,169,169,-1,-1
170,170,170,-1,-1
171,171,171,-1,-1
172,172,172,-1,-1
173,173,173,-1,-1
174,174,174,-1,-1
175,175,175,-1,-1
176,176,176,-1,-1
177,177,177,-1,-1
178,178,178,-1,-1
179,179,179,-1,-1
180,180,180,-1,-1
181,181,181,-1,-1
182,182,182,-1,-1
183,183,183,-1,-1
184,184,184,-1,-1
185,185,185,-1,-1
186,186,186,-1,-1
187,187,187,-1,-1
188,188,188,-1,-1
189,189,189,-1,-1
190,190,190,-1,-1
191,191,191,-1,-1
192,192,192,-1,-1
193,193,193,-1,-1
194,194,194,-1,-1
195,195,195,-1,-1
196,196,196,-1,-1
197,197,197,-1,-1
198,198,198,-1,-1
199,199,199,-1,-1
200,200,200,-1,-1
201,201,201,-1,-1
202,202,202,-1,-1
203,203,203,-1,-1
204,204,204,-1,-1
205,205,205,-1,-1
206,206,206,-1,-1
207,207,207,-1,-1
208,208,208,-1,-1
209,209,209,-1,-1
210,210,210,-1,-1
211,211,211,-1,-1
212,212,212,-1,-1
213,213,213,-1,-1
214,214,214,-1,-1
215,215,215,-1,-1
216,216,216,-1,-1
217,217,217,-1,-1
218,218,218,-1,-1
219,219,219,-1,-1
220,220,220,-1,-1
221,221,221,-1,-1
222,222,222,-1,-1
223,223,223,-1,-1
224,224,224,-1,-1
225,225,225,-1,-1
226,226,226,-1,-1
227,227,227,-1,-1
228,228,228,-1,-1
229,229,229,-1,-1
230,230,230,-1,-1
231,231,231,-1,-1
232,232,232,-1,-1
233,233,233,-1,-1
234,234,234,-1,-1
235,235,235,-1,-1
236,236,236,-1,-1
237,237,237,-1,-1
238,238,238,-1,-1
239,239,239,-1,-1
240,240,240,-1,-1
241,241,241,-1,-1
242,242,242,-1,-1
243,243,243,-1,-1
244,244,244,-1,-1
245,245,245,-1,-1
246,246,246,-1,-1
247,247,247,-1,-1
248,248,248,-1,-1
249,249,249,-1,-1
250,250,250,-1,-1
251,251,251,-1,-1
252,252,252,-1,-1
253,253,253,-1,-1
254,254,254,-1,-1
255,255,255,-1,-1
256,256,256,-1,-1
257,257,257,-1,-1
258,258,258,-1,-1
259,259,259,-1,-1
260,260,260,-1,-1
261,261,261,-1,-1
262,262,262,-1,-1
263,263,263,-1,-1
264,264,264,-1,-1
265,265,265,-1,-1
266,266,266,-1,-1
267,267,267,-1,-1
268,268,268,-1,-1
269,269,269,-1,-1
270,270,270,-1,-1
271,271,271,-1,-1
272,272,272,-1,-1
273,273,273,-1,-1
274,274,274,-1,-1
275,275,275,-1,-1
276,276,276,-1,-1
277,277,277,-1,-1
278,278,278,-1,-1
279,279,279,-1,-1
280,280,280,-1,-1
281,281,281,-1,-1
282,282,282,-1,-1
283,283,283,-1,-1
284,284,284,-1,-1
285,285,285,-1,-1
286,286,286,-1,-1
287,287,287,-1,-1
288,288,288,-1,-1
289,289,289,-1,-1
290,290,290,-1,-1
291,291,291,-1,-1
292,292,292,-1,-1
293,293,293,-1,-1
294,294,294,-1,-1
295,295,295,-1,-1
296,296,296,-1,-1
297,297,297,-1,-1
298,298,298,-1,-1
299,299,299,-1,-1
300,300,300,-1,-1
301,301,301,-1,-1
302,302,302,-1,-1
303,303,303,-1,-1
304,304,304,-1,-1
305,305,305,-1,-1
306,306,306,-1,-1
307,307,307,-1,-1
308,308,308,-1,-1
309,309,309,-1,-1
310,310,310,-1,-1
311,311,311,-1,-1
312,312,312,-1,-1
313,313,313,-1,-1
314,314,314,-1,-1
315,315,315,-1,-1
316,316,316,-1,-1
317,317,317,-1,-1
318,318,318,-1,-1
318,319,319,-1,-1
319,320,320,-1,-1
320,321,321,-1,-1
321,322,322,-1,-1
322,323,323,-1,-1
323,324,324,-1,-1
324,325,325,-1,-1
325,326,326,-1,-1
326,327,327,-1,-1
327,328,328,-1,-1
328,329,329,-1,-1
329,330,330,-1,-1
330,331,331,-1,-1
331,332,332,-1,-1
332,333,333,-1,-1
333,334,334,-1,-1
334,335,335,-1,-1
335,336,336,-1,-1
336,337,337,-1,-1
337,338,338,-1,-1
338,339,339,-1,-1
339,340,340,-1,-1
340,341,341,-1,-1
341,342,342,-1,-1
342,343,343,-1,-1
343,344,344,-1,-1
344,345,345,-1,-1
345,346,346,-1,-1
346,347,347,-1,-1
347,348,348,-1,-1
348,349,349,-1,-1
349,350,350,-1,-1
350,351,351,-1,-1
351,352,352,-1,-1
352,353,353,-1,-1
353,354,354,-1,-1
354,355,355,-1,-1
355,356,356,-1,-1
356,357,357,-1,-1
357,358,358,-1,-1
358,359,359,-1,-1
359,360,360,-1,-1
360,361,361,-1,-1
361,362,362,-1,-1
362,363,363,-1,-1
363,364,364,-1,-1
364,365,365,-1,-1
365,366,366,-1,-1
366,367,367,-1,-1
367,368,368,-1,-1
368,369,369,-1,-1
369,370,370,-1,-1
370,371,371,-1,-1
371,372,372,-1,-1
372,373,373,-1,-1
373,374,374,-1,-1
374,375,375,-1,-1
375,376,376,-1,-1
376,377,377,-1,-1
377,378,378,-1,-1
378,379,379,-1,-1
379,380,380,-1,-1
380,381,381,-1,-1
381,382,382,-1,-1
382,383,383,-1,-1
383,384,384,-1,-1
384,385,385,-1,-1
385,386,386,-1,-1
386,387,387,-1,-1
387,388,388,-1,-1
388,389,389,-1,-1
389,390,390,-1,-1
390,391,391,-1,-1
391,392,392,-1,-1
392,393,393,-1,-1
393,394,394,-1,-1
394,395,395,-1,-1
395,396,396,-1,-1
396,397,397,-1,-1
397,398,398,-1,-1
398,399,399,-1,-1
399,400,400,-1,-1
400,401,401,-1,-1
401,402,402,-1,-1
402,403,403,-1,-1
403,404,404,-1,-1
404,405,405,-1,-1
405,406,406,-1,-1
406,407,407,-1,-1
407,408,408,-1,-1
408,409,409,-1,-1
409,410,410,-1,-1
410,411,411,-1,-1
411,412,412,-1,-1
412,413,413,-1,-1
413,414,414,-1,-1
414,415,415,-1,-1
415,416,416,-1,-1
416,417,417,-1,-1
417,418,418,-1,-1
418,419,419,-1,-1
419,420,420,-1,-1
420,421,421,-1,-1
421,422,422,-1,-1
422,423,423,-1,-1
423,424,424,-1,-1
424,425,425,-1,-1
425,426,426,-1,-1
426,427,427,-1,-1
427,428,428,-1,-1
428,429,429,-1,-1
429,430,430,-1,-1
430,431,431,-1,-1
431,432,432,-1,-1
432,433,433,-1,-1
433,434,434,-1,-1
434,435,435,-1,-1
435,436,436,-1,-1
436,437,437,-1,-1
437,438,438,-1,-1
438,439,439,-1,-1
439,440,440,-1,-1
440,441,441,-1,-1
441,442,442,-1,-1
442,443,443,-1,-1
443,444,444,-1,-1
444,445,445,-1,-1
445,446,446,-1,-1
446,447,447,-1,-1
447,448,448,-1,-1
448,449,449,-1,-1
449,450,450,-1,-1
450,451,451,-1,-1
451,452,452,-1,-1
452,453,453,-1,-1
453,454,454,-1,-1
454,455,455,-1,-1
455,456,456,-1,-1
456,457,457,-1,-1
457,458,458,-1,-1
458,459,459,-1,-1
459,460,460,-1,-1
460,461,461,-1,-1
461,462,462,-1,-1
462,463,463,-1,-1
463,464,464,-1,-1
464,465,465,-1,-1
465,466,466,-1,-1
466,467,467,-1,-1
467,468,468,-1,-1
468,469,469,-1,-1
469,470,470,-1,-1
470,471,471,-1,-1
471,472,472,-1,-1
472,473,473,-1,-1
473,474,474,-1,-1
474,475,475,-1,-1
475,476,476,-1,-1
476,477,477,-1,-1
477,478,478,-1,-1
478,479,479,-1,-1
479,480,480,-1,-1
480,481,481,-1,-1
481,482,482,-1,-1
482,483,483,-1,-1
483,484,484,-1,-1
484,485,485,-1,-1
485,486,486,-1,-1
486,487,487,-1,-1
487,488,488,-1,-1
488,489,489,-1,-1
489,490,490,-1,-1
490,491,491,-1,-1
491,492,492,-1,-1
492,493,493,-1,-1
493,494,494,-1,-1
494,495,495,-1,-1
495,496,496,-1,-1
496,497,497,-1,-1
497,498,498,-1,-1
498,499,499,-1,-1
499,500,500,-1,-1
500,501,501,-1,-1
501,502,502,-1,-1
502,503,503,-1,-1
503,504,504,-1,-1
504,505,505,-1,-1
505,506,506,-1,-1
506,507,507,-1,-1
507,508,508,-1,-1
508,509,509,-1,-1
509,510,510,-1,-1
510,511,511,-1,-1
511,512,512,-1,-1
512,513,513,-1,-1
513,514,514,-1,-1
514,515,515,-1,-1
515,516,516,-1,-1
516,517,517,-1,-1
517,518,518,-1,-1
518,519,519,-1,-1
519,520,520,-1,-1
520,521,521,-1,-1
521,522,522,-1,-1
522,523,523,-1,-1
523,524,524,-1,-1
524,525,525,-1,-1
525,526,526,-1,-1
526,527,527,-1,-1
527,528,528,-1,-1
528,529,529,-1,-1
529,530,530,-1,-1
530,531,531,-1,-1
531,532,532,-1,-1
532,533,533,-1,-1
533,534,534,-1,-1
534,535,535,-1,-1
535,536,536,-1,-1
536,537,537,-1,-1
537,538,538,-1,-1
538,539,539,-1,-1
539,540,540,-1,-1
540,541,541,-1,-1
541,542,542,-1,-1
542,543,543,-1,-1
543,544,544,-1,-1
544,545,545,-1,-1
545,546,546,-1,-1
546,547,547,-1,-1
547,548,548,-1,-1
548,549,549,-1,-1
549,550,550,-1,-1
550,551,551,-1,-1
551,552,552,-1,-1
552,553,553,-1,-1
553,554,554,-1,-1
554,555,555,-1,-1
555,556,556,-1,-1
556,557,557,-1,-1
557,558,558,-1,-1
558,559,559,-1,-1
559,560,560,-1,-1
560,561,561,-1,-1
561,562,562,-1,-1
562,563,563,-1,-1
563,564,564,-1,-1
564,565,565,-1,-1
565,566,566,-1,-1
566,567,567,-1,-1
567,568,568,-1,-1
568,569,569,-1,-1
569,570,570,-1,-1
570,571,571,-1,-1
571,572,572,-1,-1
572,573,573,-1,-1
573,574,574,-1,-1
574,575,575,-1,-1
575,576,576,-1,-1
576,577,577,-1,-1
577,578,578,-1,-1
578,579,579,-1,-1
579,580,580,-1,-1
580,581,581,-1,-1
581,582,582,-1,-1
582,583,583,-1,-1
583,584,584,-1,-1
584,585,585,-1,-1
585,586,586,-1,-1
586,587,587,-1,-1
587,588,588,-1,-1
588,589,589,-1,-1
589,590,590,-1,-1
590,591,591,-1,-1
591,592,592,-1,-1
592,593,593,-1,-1
593,594,594,-1,-1
594,595,595,-1,-1
595,596,596,-1,-1
596,597,597,-1,-1
597,598,598,-1,-1
598,599,599,-1,-1
599,600,600,-1,-1
600,601,601,-1,-1
601,602,602,-1,-1
602,603,603,-1,-1
603,604,604,-1,-1
604,605,605,-1,-1
605,606,606,-1,-1
606,607,607,-1,-1
607,608,608,-1,-1
608,609,609,-1,-1
609,610,610,-1,-1
610,611,611,-1,-1
611,612,612,-1,-1
612,613,613,-1,-1
613,614,614,-1,-1
614,615,615,-1,-1
615,616,616,-1,-1
616,617,617,-1,-1
617,618,618,-1,-1
618,619,619,-1,-1
619,620,620,-1,-1
620,621,621,-1,-1
621,622,622,-1,-1
622,623,623,-1,-1
623,624,624,-1,-1
624,625,625,-1,-1
625,626,626,-1,-1
626,627,627,-1,-1
627,628,628,-1,-1
628,629,629,-1,-1
629,630,630,-1,-1
630,631,631,-1,-1
631,632,632,-1,-1
632,633,633,-1,-1
633,634,634,-1,-1
634,635,635,-1,-1
635,636,636,-1,-1
636,637,637,-1,-1
637,638,638,-1,-1
638,639,639,-1,-1
639,640,640,-1,-1
640,641,641,-1,-1
641,642,642,-1,-1
642,643,643,-1,-1
643,644,644,-1,-1
644,645,645,-1,-1
645,646,646,-1,-1
646,647,647,-1,-1
647,648,648,-1,-1
648,649,649,-1,-1
649,650,650,-1,-1
650,651,651,-1,-1
651,652,652,-1,-1
652,653,653,-1,-1
653,654,654,-1,-1
654,655,655,-1,-1
655,656,656,-1,-1
656,657,657,-1,-1
657,658,658,-1,-1
658,659,659,-1,-1
659,660,660,-1,-1
660,661,661,-1,-1
661,662,662,-1,-1
662,663,663,-1,-1
663,664,664,-1,-1
664,665,665,-1,-1
665,666,666,-1,-1
666,667,667,-1,-1
667,668,668,-1,-1
668,669,669,-1,-1
669,670,670,-1,-1
670,671,671,-1,-1
671,672,672,-1,-1
672,673,673,-1,-1
673,674,674,-1,-1
674,675,675,-1,-1
675,676,676,-1,-1
676,677,677,-1,-1
677,678,678,-1,-1
678,679,679,-1,-1
679,680,680,-1,-1
680,681,681,-1,-1
681,682,682,-1,-1
682,683,683,-1,-1
683,684,684,-1,-1
684,685,685,-1,-1
685,686,686,-1,-1
686,687,687,-1,-1
687,688,688,-1,-1
688,689,689,-1,-1
689,690,690,-1,-1
690,691,691,-1,-1
691,692,692,-1,-1
692,693,693,-1,-1
692,694,694,-1,-1
693,695,695,-1,-1
694,696,696,-1,-1
695,697,697,-1,-1
696,698,698,-1,-1
697,699,699,-1,-1
698,700,700,-1,-1
699,701,701,-1,-1
700,702,702,-1,-1
701,703,703,-1,-1
702,704,704,-1,-1
703,705,705,-1,-1
704,706,706,-1,-1
705,707,707,-1,-1
706,708,708,-1,-1
707,709,709,-1,-1
708,710,710,-1,-1
709,711,711,-1,-1
710,712,712,-1,-1
711,713,713,-1,-1
712,714,714,-1,-1
713,715,715,-1,-1
714,716,716,-1,-1
715,717,717,-1,-1
716,718,718,-1,-1
717,719,719,-1,-1
718,720,720,-1,-1
719,721,721,-1,-1
720,722,722,-1,-1
721,723,723,-1,-1
722,724,724,-1,-1
723,725,725,-1,-1
724,726,726,-1,-1
725,727,727,-1,-1
726,728,728,-1,-1
727,729,729,-1,-1
728,730,730,-1,-1
729,731,731,-1,-1
730,732,732,-1,-1
731,733,733,-1,-1
732,734,734,-1,-1
733,735,735,-1,-1
734,736,736,-1,-1
735,737,737,-1,-1
736,738,738,-1,-1
737,739,739,-1,-1
738,740,740,-1,-1
739,741,741,-1,-1
740,742,742,-1,-1
741,743,743,-1,-1
742,744,744,-1,-1
743,745,745,-1,-1
744,746,746,-1,-1
745,747,747,-1,-1
746,748,748,-1,-1
747,749,749,-1,-1
748,750,750,-1,-1
749,751,751,-1,-1
750,752,752,-1,-1
751,753,753,-1,-1
752,754,754,-1,-1
753,755,755,-1,-1
754,756,756,-1,-1
755,757,757,-1,-1
756,758,758,-1,-1
757,759,759,-1,-1
758,760,760,-1,-1
758,761,761,-1,-1
759,762,762,-1,-1
760,763,763,-1,-1
761,764,764,-1,-1
762,765,765,-1,-1
763,766,766,-1,-1
764,767,767,-1,-1
765,768,768,-1,-1
766,769,769,-1,-1
767,770,770,-1,-1
768,771,771,-1,-1
769,772,772,-1,-1
770,773,773,-1,-1
771,774,774,-1,-1
772,775,775,-1,-1
773,776,776,-1,-1
774,777,777,-1,-1
775,778,778,-1,-1
776,779,779,-1,-1
777,780,780,-1,-1
778,781,781,-1,-1
779,782,782,-1,-1
780,783,783,-1,-1
781,784,784,-1,-1
782,785,785,-1,-1
783,786,786,-1,-1
784,787,787,-1,-1
785,788,788,-1,-1
786,789,789,-1,-1
787,790,790,-1,-1
788,791,791,-1,-1
789,792,792,-1,-1
790,793,793,-1,-1
791,794,794,-1,-1
792,795,795,-1,-1
793,796,796,-1,-1
794,797,797,-1,-1
795,798,798,-1,-1
796,799,799,-1,-1
797,800,800,-1,-1
798,801,801,-1,-1
799,802,802,-1,-1
800,803,803,-1,-1
801,804,804,-1,-1
802,805,805,-1,-1
803,806,806,-1,-1
804,807,807,-1,-1
805,808,808,-1,-1
806,809,809,-1,-1
807,810,810,-1,-1
808,811,811,-1,-1
809,812,812,-1,-1
810,813,813,-1,-1
811,814,814,-1,-1
812,815,815,-1,-1
813,816,816,-1,-1
814,817,817,-1,-1
815,818,818,-1,-1
816,819,819,-1,-1
817,820,820,-1,-1
818,821,821,-1,-1
819,822,822,-1,-1
820,823,823,-1,-1
821,824,824,-1,-1
822,825,825,-1,-1
823,826,826,-1,-1
824,827,827,-1,-1
825,828,828,-1,-1
826,829,829,-1,-1
827,830,830,-1,-1
828,831,831,-1,-1
829,832,832,-1,-1
830,833,833,-1,-1
831,834,834,-1,-1
832,835,835,-1,-1
833,836,836,-1,-1
834,837,837,-1,-1
835,838,838,-1,-1
836,839,839,-1,-1
837,840,840,-1,-1
838,841,841,-1,-1
839,842,842,-1,-1
840,843,843,-1,-1
841,844,844,-1,-1
842,845,845,-1,-1
843,846,846,-1,-1
844,847,847,-1,-1
845,848,848,-1,-1
846,849,849,-1,-1
847,850,850,-1,-1
848,851,851,-1,-1
849,852,852,-1,-1
850,853,853,-1,-1
851,854,854,-1,-1
852,855,855,-1,-1
853,856,856,-1,-1
854,857,857,-1,-1
855,858,858,-1,-1
856,859,859,-1,-1
857,860,860,-1,-1
858,861,861,-1,-1
859,862,862,-1,-1
860,863,863,-1,-1
861,864,864,-1,-1
862,865,865,-1,-1
863,866,866,-1,-1
864,867,867,-1,-1
865,868,868,-1,-1
866,869,869,-1,-1
867,870,870,-1,-1
868,871,871,-1,-1
869,872,872,-1,-1
870,873,873,-1,-1
871,874,874,-1,-1
872,875,875,-1,-1
873,876,876,-1,-1
874,877,877,-1,-1
875,878,878,-1,-1
876,879,879,-1,-1
877,880,880,-1,-1
878,881,881,-1,-1
879,882,882,-1,-1
880,883,883,-1,-1
881,884,884,-1,-1
882,885,885,-1,-1
883,886,886,-1,-1
884,887,887,-1,-1
885,888,888,-1,-1
886,889,889,-1,-1
887,890,890,-1,-1
888,891,891,-1,-1
889,892,892,-1,-1
890,893,893,-1,-1
891,894,894,-1,-1
892,895,895,-1,-1
893,896,896,-1,-1
894,897,897,-1,-1
895,898,898,-1,-1
896,899,899,-1,-1
897,900,900,-1,-1
898,901,901,-1,-1
899,902,902,-1,-1
900,903,903,-1,-1
901,904,904,-1,-1
902,905,905,-1,-1
903,906,906,-1,-1
904,907,907,-1,-1
905,908,908,-1,-1
906,909,909,-1,-1
907,910,910,-1,-1
908,911,911,-1,-1
909,912,912,-1,-1
910,913,913,-1,-1
911,914,914,-1,-1
912,915,915,-1,-1
913,916,916,-1,-1
914,917,917,-1,-1
915,918,918,-1,-1
916,919,919,-1,-1
917,920,920,-1,-1
918,921,921,-1,-1
919,922,922,-1,-1
920,923,923,-1,-1
921,924,924,-1,-1
922,925,925,-1,-1
923,926,926,-1,-1
924,927,927,-1,-1
925,928,928,-1,-1
926,929,929,-1,-1
927,930,930,-1,-1
928,931,931,-1,-1
929,932,932,-1,-1
930,933,933,-1,-1
931,934,934,-1,-1
932,935,935,-1,-1
933,936,936,-1,-1
934,937,937,-1,-1
935,938,938,-1,-1
936,939,939,-1,-1
937,940,940,-1,-1
938,941,941,-1,-1
939,942,942,-1,-1
940,943,943,-1,-1
941,944,944,-1,-1
942,945,945,-1,-1
943,946,946,-1,-1
944,947,947,-1,-1
945,948,948,-1,-1
946,949,949,-1,-1
947,950,950,-1,-1
948,951,951,-1,-1
949,952,952,-1,-1
950,953,953,-1,-1
951,954,954,-1,-1
952,955,955,-1,-1
953,956,956,-1,-1
954,957,957,-1,-1
955,958,958,-1,-1
956,959,959,-1,-1
957,960,960,-1,-1
958,961,961,-1,-1
959,962,962,-1,-1
960,963,963,-1,-1
961,964,964,-1,-1
962,965,965,-1,-1
963,966,966,-1,-1
964,967,967,-1,-1
965,968,968,-1,-1
966,969,969,-1,-1
967,970,970,-1,-1
968,971,971,-1,-1
969,972,972,-1,-1
970,973,973,-1,-1
971,974,974,-1,-1
972,975,975,-1,-1
973,976,976,-1,-1
974,977,977,-1,-1
975,978,978,-1,-1
976,979,979,-1,-1
977,980,980,-1,-1
978,981,981,-1,-1
979,982,982,-1,-1
980,983,983,-1,-1
981,984,984,-1,-1
982,985,985,-1,-1
983,986,986,-1,-1
984,987,987,-1,-1
985,988,988,-1,-1
986,989,989,-1,-1
987,990,990,-1,-1
988,991,991,-1,-1
989,992,992,-1,-1
990,993,993,-1,-1
991,994,994,-1,-1
992,995,995,-1,-1
993,996,996,-1,-1
994,997,997,-1,-1
995,998,998,-1,-1
996,999,999,-1,-1
997,1000,1000,-1,-1
998,1001,1001,-1,-1
999,1002,1002,-1,-1
1000,1003,1003,-1,-1
1001,1004,1004,-1,-1
1002,1005,1005,-1,-1
1003,1006,1006,-1,-1
1004,1007,1007,-1,-1
1005,1008,1008,-1,-1
1006,1009,1009,-1,-1
1007,1010,1010,-1,-1
1008,1011,1011,-1,-1
1009,1012,1012,-1,-1
1010,1013,1013,-1,-1
1011,1014,1014,-1,-1
1012,1015,1015,-1,-1
1013,1016,1016,-1,-1
1014,1017,1017,-1,-1
1015,1018,1018,-1,-1
1016,1019,1019,-1,-1
1017,1020,1020,-1,-1
1018,1021,1021,-1,-1
1019,1022,1022,-1,-1
1020,1023,1023,-1,-1
1021,1024,1024,-1,-1
1022,1025,1025,-1,-1
1023,1026,1026,-1,-1
1024,1027,1027,-1,-1
1025,1028,1028,-1,-1
1026,1029,1029,-1,-1
1027,1030,1030,-1,-1
1028,1031,1031,-1,-1
1029,1032,1032,-1,-1
1030,1033,1033,-1,-1
1031,1034,1034,-1,-1
1032,1035,1035,-1,-1
1033,1036,1036,-1,-1
1034,1037,1037,-1,-1
1035,1038,1038,-1,-1
1036,1039,1039,-1,-1
1037,1040,1040,-1,-1
1038,1041,1041,-1,-1
1039,1042,1042,-1,-1
1040,1043,1043,-1,-1
1041,1044,1044,-1,-1
1042,1045,1045,-1,-1
1043,1046,1046,-1,-1
1044,1047,1047,-1,-1
1045,1048,1048,-1,-1
1046,1049,1049,-1,-1
1047,1050,1050,-1,-1
1048,1051,1051,-1,-1
1049,1052,1052,-1,-1
1050,1053,1053,-1,-1
1051,1054,1054,-1,-1
1052,1055,1055,-1,-1
1053,1056,1056,-1,-1
1054,1057,1057,-1,-1
1055,1058,1058,-1,-1
1056,1059,1059,-1,-1
1057,1060,1060,-1,-1
1058,1061,1061,-1,-1
1059,1062,1062,-1,-1
1060,1063,1063,-1,-1
1061,1064,1064,-1,-1
1062,1065,1065,-1,-1
1063,1066,1066,-1,-1
1064,1067,1067,-1,-1
1065,1068,1068,-1,-1
1066,1069,1069,-1,-1
1067,1070,1070,-1,-1
1068,1071,1071,-1,-1
1069,1072,1072,-1,-1
1070,1073,1073,-1,-1
1071,1074,1074,-1,-1
1072,1075,1075,-1,-1
1073,1076,1076,-1,-1
1074,1077,1077,-1,-1
1075,1078,1078,-1,-1
1076,1079,1079,-1,-1
1077,1080,1080,-1,-1
1078,1081,1081,-1,-1
1079,1082,1082,-1,-1
1080,1083,1083,-1,-1
1081,1084,1084,-1,-1
1082,1085,1085,-1,-1
1083,1086,1086,-1,-1
1084,1087,1087,-1,-1
1085,1088,1088,-1,-1
1086,1089,1089,-1,-1
1087,1090,1090,-1,-1
1088,1091,1091,-1,-1
1089,1092,1092,-1,-1
1090,1093,1093,-1,-1
1091,1094,1094,-1,-1
1092,1095,1095,-1,-1
1093,1096,1096,-1,-1
1094,1097,1097,-1,-1
1095,1098,1098,-1,-1
1096,1099,1099,-1,-1
1097,1100,1100,-1,-1
1098,1101,1101,-1,-1
1099,1102,1102,-1,-1
1100,1103,1103,-1,-1
1101,1104,1104,-1,-1
1102,1105,1105,-1,-1
1103,1106,1106,-1,-1
1104,1107,1107,-1,-1
1105,1108,1108,-1,-1
1106,1109,1109,-1,-1
1107,1110,1110,-1,-1
1108,1111,1111,-1,-1
1109,1112,1112,-1,-1
1110,1113,1113,-1,-1
1111,1114,1114,-1,-1
1112,1115,1115,-1,-1
1113,1116,1116,-1,-1
1114,1117,1117,-1,-1
1115,1118,1118,-1,-1
1116,1119,1119,-1,-1
1117,1120,1120,-1,-1
1118,1121,1121,-1,-1
1119,1122,1122,-1,-1
1120,1123,1123,-1,-1
1121,1124,1124,-1,-1
1122,1125,1125,-1,-1
1123,1126,1126,-1,-1
1124,1127,1127,-1,-1
1125,1128,1128,-1,-1
1126,1129,1129,-1,-1
1127,1130,1130,-1,-1
1128,1131,1131,-1,-1
1129,1132,1132,-1,-1
1130,1133,1133,-1,-1
1131,1134,1134,-1,-1
1132,1135,1135,-1,-1
1133,1136,1136,-1,-1
1134,1137,1137,-1,-1
1135,1138,1138,-1,-1
1136,1139,1139,-1,-1
1137,1140,1140,-1,-1
1138,1141,1141,-1,-1
1139,1142,1142,-1,-1
1140,1143,1143,-1,-1
1141,1144,1144,-1,-1
1142,1145,1145,-1,-1
1143,1146,1146,-1,-1
1144,1147,1147,-1,-1
1145,1148,1148,-1,-1
1146,1149,1149,-1,-1
1147,1150,1150,-1,-1
1148,1151,1151,-1,-1
1149,1152,1152,-1,-1
1150,1153,1153,-1,-1
1151,1154,1154,-1,-1
1152,1155,1155,-1,-1
1153,1156,1156,-1,-1
1154,1157,1157,-1,-1
1155,1158,1158,-1,-1
1156,1159,1159,-1,-1
1157,1160,1160,-1,-1
1158,1161,1161,-1,-1
1158,1162,1162,-1,-1
1159,1163,1163,-1,-1
1160,1164,1164,-1,-1
1161,1165,1165,-1,-1
1162,1166,1166,-1,-1
1163,1167,1167,-1,-1
1164,1168,1168,-1,-1
1165,1169,1169,-1,-1
1166,1170,1170,-1,-1
1167,1171,1171,-1,-1
1168,1172,1172,-1,-1
1169,1173,1173,-1,-1
1170,1174,1174,-1,-1
1171,1175,1175,-1,-1
1172,1176,1176,-1,-1
1173,1177,1177,-1,-1
1174,1178,1178,-1,-1
1175,1179,1179,-1,-1
1176,1180,1180,-1,-1
1177,1181,1181,-1,-1
1178,1182,1182,-1,-1
1179,1183,1183,-1,-1
1180,1184,1184,-1,-1
1181,1185,1185,-1,-1
1182,1186,1186,-1,-1
1183,1187,1187,-1,-1
1184,1188,1188,-1,-1
1185,1189,1189,-1,-1
1186,1190,1190,-1,-1
1187,1191,1191,-1,-1
1188,1192,1192,-1,-1
1189,1193,1193,-1,-1
1190,1194,1194,-1,-1
1191,1195,1195,-1,-1
1192,1196,1196,-1,-1
1193,1197,1197,-1,-1
1194,1198,1198,-1,-1
1195,1199,1199,-1,-1
1196,1200,1200,-1,-1
1197,1201,1201,-1,-1
1198,1202,1202,-1,-1
1199,1203,1203,-1,-1
1200,1204,1204,-1,-1
1201,1205,1205,-1,-1
1202,1206,1206,-1,-1
1203,1207,1207,-1,-1
1204,1208,1208,-1,-1
1205,1209,1209,-1,-1
1206,1210,1210,-1,-1
1207,1211,1211,-1,-1
1208,1212,1212,-1,-1
1209,1213,1213,-1,-1
1210,1214,1214,-1,-1
1211,1215,1215,-1,-1
1212,1216,1216,-1,-1
1213,1217,1217,-1,-1
1214,1218,1218,-1,-1
1215,1219,1219,-1,-1
1216,1220,1220,-1,-1
1217,1221,1221,-1,-1
1218,1222,1222,-1,-1
1219,1223,1223,-1,-1
1220,1224,1224,-1,-1
1221,1225,1225,-1,-1
1222,1226,1226,-1,-1
1223,1227,1227,-1,-1
1224,1228,1228,-1,-1
1225,1229,1229,-1,-1
1226,1230,1230,-1,-1
1227,1231,1231,-1,-1
1228,1232,1232,-1,-1
1229,1233,1233,-1,-1
1230,1234,1234,-1,-1
1231,1235,1235,-1,-1
1232,1236,1236,-1,-1
1233,1237,1237,-1,-1
1234,1238,1238,-1,-1
1235,1239,1239,-1,-1
1236,1240,1240,-1,-1
1237,1241,1241,-1,-1
1238,1242,1242,-1,-1
1239,1243,1243,-1,-1
1240,1244,1244,-1,-1
1241,1245,1245,-1,-1
1242,1246,1246,-1,-1
1243,1247,1247,-1,-1
1244,1248,1248,-1,-1
1245,1249,1249,-1,-1
1246,1250,1250,-1,-1
1247,1251,1251,-1,-1
1248,1252,1252,-1,-1
1249,1253,1253,-1,-1
1250,1254,1254,-1,-1
1251,1255,1255,-1,-1
1252,1256,1256,-1,-1
1253,1257,1257,-1,-1
1254,1258,1258,-1,-1
1255,1259,1259,-1,-1
1256,1260,1260,-1,-1
1257,1261,1261,-1,-1
1258,1262,1262,-1,-1
1259,1263,1263,-1,-1
1260,1264,1264,-1,-1
1261,1265,1265,-1,-1
1262,1266,1266,-1,-1
1263,1267,1267,-1,-1
1264,1268,1268,-1,-1
1265,1269,1269,-1,-1
1266,1270,1270,-1,-1
1267,1271,1271,-1,-1
1268,1272,1272,-1,-1
1269,1273,1273,-1,-1
1270,1274,1274,-1,-1
1271,1275,1275,-1,-1
1272,1276,1276,-1,-1
1273,1277,1277,-1,-1
1274,1278,1278,-1,-1
1275,1279,1279,-1,-1
1276,1280,1280,-1,-1
1277,1281,1281,-1,-1
1278,1282,1282,-1,-1
1279,1283,1283,-1,-1
1280,1284,1284,-1,-1
1281,1285,1285,-1,-1
1282,1286,1286,-1,-1
1283,1287,1287,-1,-1
1284,1288,1288,-1,-1
1285,1289,1289,-1,-1
1286,1290,1290,-1,-1
1287,1291,1291,-1,-1
1288,1292,1292,-1,-1
1289,1293,1293,-1,-1
1290,1294,1294,-1,-1
1291,1295,1295,-1,-1
1292,1296,1296,-1,-1
1293,1297,1297,-1,-1
1294,1298,1298,-1,-1
1295,1299,1299,-1,-1
1296,1300,1300,-1,-1
1297,1301,1301,-1,-1
1298,1302,1302,-1,-1
1299,1303,1303,-1,-1
1300,1304,1304,-1,-1
1301,1305,1305,-1,-1
1302,1306,1306,-1,-1
1303,1307,1307,-1,-1
1304,1308,1308,-1,-1
1305,1309,1309,-1,-1
1306,1310,1310,-1,-1
1307,1311,1311,-1,-1
1308,1312,1312,-1,-1
1309,1313,1313,-1,-1
1310,1314,1314,-1,-1
1311,1315,1315,-1,-1
1312,1316,1316,-1,-1
1313,1317,1317,-1,-1
1314,1318,1318,-1,-1
1315,1319,1319,-1,-1
1316,1320,1320,-1,-1
1317,1321,1321,-1,-1
1318,1322,1322,-1,-1
1319,1323,1323,-1,-1
1320,1324,1324,-1,-1
1321,1325,1325,-1,-1
1322,1326,1326,-1,-1
1323,1327,1327,-1,-1
1324,1328,1328,-1,-1
1325,1329,1329,-1,-1
1326,1330,1330,-1,-1
1327,1331,1331,-1,-1
1328,1332,1332,-1,-1
1329,1333,1333,-1,-1
1330,1334,1334,-1,-1
1331,1335,1335,-1,-1
1332,1336,1336,-1,-1
1333,1337,1337,-1,-1
1334,1338,1338,-1,-1
1335,1339,1339,-1,-1
1336,1340,1340,-1,-1
1337,1341,1341,-1,-1
1338,1342,1342,-1,-1
1339,1343,1343,-1,-1
1340,1344,1344,-1,-1
1341,1345,1345,-1,-1
1342,1346,1346,-1,-1
1343,1347,1347,-1,-1
1344,1348,1348,-1,-1
1345,1349,1349,-1,-1
1346,1350,1350,-1,-1
1347,1351,1351,-1,-1
1348,1352,1352,-1,-1
1349,1353,1353,-1,-1
1350,1354,1354,-1,-1
1351,1355,1355,-1,-1
1352,1356,1356,-1,-1
1353,1357,1357,-1,-1
1354,1358,1358,-1,-1
1355,1359,1359,-1,-1
1356,1360,1360,-1,-1
1357,1361,1361,-1,-1
1358,1362,1362,-1,-1
1359,1363,1363,-1,-1
1360,1364,1364,-1,-1
1361,1365,1365,-1,-1
1362,1366,1366,-1,-1
1363,1367,1367,-1,-1
1364,1368,1368,-1,-1
1365,1369,1369,-1,-1
1366,1370,1370,-1,-1
1367,1371,1371,-1,-1
1368,1372,1372,-1,-1
1369,1373,1373,-1,-1
1370,1374,1374,-1,-1
1371,1375,1375,-1,-1
1372,1376,1376,-1,-1
1373,1377,1377,-1,-1
1374,1378,1378,-1,-1
1375,1379,1379,-1,-1
1376,1380,1380,-1,-1
1377,1381,1381,-1,-1
1378,1382,1382,-1,-1
1379,1383,1383,-1,-1
1380,1384,1384,-1,-1
1381,1385,1385,-1,-1
1382,1386,1386,-1,-1
1383,1387,1387,-1,-1
1384,1388,1388,-1,-1
1385,1389,1389,-1,-1
1386,1390,1390,-1,-1
1387,1391,1391,-1,-1
1388,1392,1392,-1,-1
1389,1393,1393,-1,-1
1390,1394,1394,-1,-1
1391,1395,1395,-1,-1
1392,1396,1396,-1,-1
1393,1397,1397,-1,-1
1394,1398,1398,-1,-1
1395,1399,1399,-1,-1
1396,1400,1400,-1,-1
1397,1401,1401,-1,-1
1398,1402,1402,-1,-1
1399,1403,1403,-1,-1
1400,1404,1404,-1,-1
1401,1405,1405,-1,-1
1402,1406,1406,-1,-1
1403,1407,1407,-1,-1
1404,1408,1408,-1,-1
1405,1409,1409,-1,-1
1406,1410,1410,-1,-1
1407,1411,1411,-1,-1
1408,1412,1412,-1,-1
1409,1413,1413,-1,-1
1410,1414,1414,-1,-1
1411,1415,1415,-1,-1
1412,1416,1416,-1,-1
1413,1417,1417,-1,-1
1414,1418,1418,-1,-1
1415,1419,1419,-1,-1
1416,1420,1420,-1,-1
1417,1421,1421,-1,-1
1418,1422,1422,-1,-1
1419,1423,1423,-1,-1
1420,1424,1424,-1,-1
1421,1425,1425,-1,-1
1422,1426,1426,-1,-1
1423,1427,1427,-1,-1
1424,1428,1428,-1,-1
1425,1429,1429,-1,-1
1426,1430,1430,-1,-1
1427,1431,1431,-1,-1
1428,1432,1432,-1,-1
1429,1433,1433,-1,-1
1430,1434,1434,-1,-1
1431,1435,1435,-1,-1
1432,1436,1436,-1,-1
1433,1437,1437,-1,-1
1434,1438,1438,-1,-1
1435,1439,1439,-1,-1
1436,1440,1440,-1,-1
1437,1441,1441,-1,-1
1438,1442,1442,-1,-1
1439,1443,1443,-1,-1
1440,1444,1444,-1,-1
1441,1445,1445,-1,-1
1442,1446,1446,-1,-1
1443,1447,1447,-1,-1
1444,1448,1448,-1,-1
1445,1449,1449,-1,-1
1446,1450,1450,-1,-1
1447,1451,1451,-1,-1
1448,1452,1452,-1,-1
1449,1453,1453,-1,-1
1450,1454,1454,-1,-1
1451,1455,1455,-1,-1
1452,1456,1456,-1,-1
1453,1457,1457,-1,-1
1454,1458,1458,-1,-1
1455,1459,1459,-1,-1
1456,1460,1460,-1,-1
1457,1461,1461,-1,-1
1458,1462,1462,-1,-1
1459,1463,1463,-1,-1
1460,1464,1464,-1,-1
1461,1465,1465,-1,-1
1462,1466,1466,-1,-1
1463,1467,1467,-1,-1
1464,1468,1468,-1,-1
1465,1469,1469,-1,-1
1466,1470,1470,-1,-1
1467,1471,1471,-1,-1
1468,1472,1472,-1,-1
1469,1473,1473,-1,-1
1470,1474,1474,-1,-1
1471,1475,1475,-1,-1
1472,1476,1476,-1,-1
1473,1477,1477,-1,-1
1474,1478,1478,-1,-1
1475,1479,1479,-1,-1
1476,1480,1480,-1,-1
1477,1481,1481,-1,-1
1478,1482,1482,-1,-1
1479,1483,1483,-1,-1
1480,1484,1484,-1,-1
1481,1485,1485,-1,-1
1482,1486,1486,-1,-1
1483,1487,1487,-1,-1
1484,1488,1488,-1,-1
1485,1489,1489,-1,-1
1486,1490,1490,-1,-1
1487,1491,1491,-1,-1
1488,1492,1492,-1,-1
1489,1493,1493,-1,-1
1490,1494,1494,-1,-1
1491,1495,1495,-1,-1
1492,1496,1496,-1,-1
1493,1497,1497,-1,-1
1494,1498,1498,-1,-1
1495,1499,1499,-1,-1
1496,1500,1500,-1,-1
1497,1501,1501,-1,-1
1498,1502,1502,-1,-1
1499,1503,1503,-1,-1
1500,1504,1504,-1,-1
1501,1505,1505,-1,-1
1502,1506,1506,-1,-1
1503,1507,1507,-1,-1
1504,1508,1508,-1,-1
1505,1509,1509,-1,-1
1506,1510,1510,-1,-1
1507,1511,1511,-1,-1
1508,1512,1512,-1,-1
1509,1513,1513,-1,-1
1510,1514,1514,-1,-1
1511,1515,1515,-1,-1
1512,1516,1516,-1,-1
1513,1517,1517,-1,-1
1514,1518,1518,-1,-1
1515,1519,1519,-1,-1
1516,1520,1520,-1,-1
1517,1521,1521,-1,-1
1518,1522,1522,-1,-1
1519,1523,1523,-1,-1
1520,1524,1524,-1,-1
1521,1525,1525,-1,-1
1522,1526,1526,-1,-1
1523,1527,1527,-1,-1
1524,1528,1528,-1,-1
1525,1529,1529,-1,-1
1526,1530,1530,-1,-1
1527,1531,1531,-1,-1
1528,1532,1532,-1,-1
1529,1533,1533,-1,-1
1530,1534,1534,-1,-1
1531,1535,1535,-1,-1
1532,1536,1536,-1,-1
1533,1537,1537,-1,-1
1534,1538,1538,-1,-1
1535,1539,1539,-1,-1
1536,1540,1540,-1,-1
1537,1541,1541,-1,-1
1538,1542,1542,-1,-1
1539,1543,1543,-1,-1
1540,1544,1544,-1,-1
1541,1545,1545,-1,-1
1542,1546,1546,-1,-1
1543,1547,1547,-1,-1
1544,1548,1548,-1,-1
1545,1549,1549,-1,-1
1546,1550,1550,-1,-1
1547,1551,1551,-1,-1
1548,1552,1552,-1,-1
1549,1553,1553,-1,-1
1550,1554,1554,-1,-1
1551,1555,1555,-1,-1
1552,1556,1556,-1,-1
1553,1557,1557,-1,-1
1554,1558,1558,-1,-1
1555,1559,1559,-1,-1
1556,1560,1560,-1,-1
1557,1561,1561,-1,-1
1558,1562,1562,-1,-1
1559,1563,1563,-1,-1
1560,1564,1564,-1,-1
1561,1565,1565,-1,-1
1562,1566,1566,-1,-1
1563,1567,1567,-1,-1
1564,1568,1568,-1,-1
1565,1569,1569,-1,-1
1566,1570,1570,-1,-1
1567,1571,1571,-1,-1
1568,1572,1572,-1,-1
1569,1573,1573,-1,-1
1570,1574,1574,-1,-1
1571,1575,1575,-1,-1
1572,1576,1576,-1,-1
1573,1577,1577,-1,-1
1574,1578,1578,-1,-1
1575,1579,1579,-1,-1
1576,1580,1580,-1,-1
1577,1581,1581,-1,-1
1578,1582,1582,-1,-1
1579,1583,1583,-1,-1
1580,1584,1584,-1,-1
1581,1585,1585,-1,-1
1582,1586,1586,-1,-1
1583,1587,1587,-1,-1
1584,1588,1588,-1,-1
1585,1589,1589,-1,-1
1586,1590,1590,-1,-1
1587,1591,1591,-1,-1
1588,1592,1592,-1,-1
1589,1593,1593,-1,-1
1590,1594,1594,-1,-1
1591,1595,1595,-1,-1
1592,1596,1596,-1,-1
1593,1597,1597,-1,-1
1594,1598,1598,-1,-1
1595,1599,1599,-1,-1
1596,1600,1600,-1,-1
1597,1601,1601,-1,-1
1598,1602,1602,-1,-1
1599,1603,1603,-1,-1
1600,1604,1604,-1,-1
1601,1605,1605,-1,-1
1602,1606,1606,-1,-1
1603,1607,1607,-1,-1
1604,1608,1608,-1,-1
1605,1609,1609,-1,-1
1606,1610,1610,-1,-1
1607,1611,1611,-1,-1
1608,1612,1612,-1,-1
1609,1613,1613,-1,-1
1610,1614,1614,-1,-1
1611,1615,1615,-1,-1
1612,1616,1616,-1,-1
1613,1617,1617,-1,-1
1614,1618,1618,-1,-1
1615,1619,1619,-1,-1
1616,1620,1620,-1,-1
1617,1621,1621,-1,-1
1618,1622,1622,-1,-1
1619,1623,1623,-1,-1
1620,1624,1624,-1,-1
1621,1625,1625,-1,-1
1622,1626,1626,-1,-1
1623,1627,1627,-1,-1
1624,1628,1628,-1,-1
1625,1629,1629,-1,-1
1626,1630,1630,-1,-1
1627,1631,1631,-1,-1
1628,1632,1632,-1,-1
1629,1633,1633,-1,-1
1630,1634,1634,-1,-1
1631,1635,1635,-1,-1
1632,1636,1636,-1,-1
1633,1637,1637,-1,-1
1634,1638,1638,-1,-1
1635,1639,1639,-1,-1
1636,1640,1640,-1,-1
1637,1641,1641,-1,-1
1638,1642,1642,-1,-1
1639,1643,1643,-1,-1
1640,1644,1644,-1,-1
1641,1645,1645,-1,-1
1642,1646,1646,-1,-1
1643,1647,1647,-1,-1
1644,1648,1648,-1,-1
1645,1649,1649,-1,-1
1646,1650,1650,-1,-1
1647,1651,1651,-1,-1
1648,1652,1652,-1,-1
1649,1653,1653,-1,-1
1650,1654,1654,-1,-1
1651,1655,1655,-1,-1
1652,1656,1656,-1,-1
1653,1657,1657,-1,-1
1654,1658,1658,-1,-1
1655,1659,1659,-1,-1
1656,1660,1660,-1,-1
1657,1661,1661,-1,-1
1658,1662,1662,-1,-1
1659,1663,1663,-1,-1
1660,1664,1664,-1,-1
1661,1665,1665,-1,-1
1662,1666,1666,-1,-1
1663,1667,1667,-1,-1
1664,1668,1668,-1,-1
1665,1669,1669,-1,-1
1666,1670,1670,-1,-1
1667,1671,1671,-1,-1
1668,1672,1672,-1,-1
1669,1673,1673,-1,-1
1670,1674,1674,-1,-1
1671,1675,1675,-1,-1
1672,1676,1676,-1,-1
1673,1677,1677,-1,-1
1674,1678,1678,-1,-1
1675,1679,1679,-1,-1
1676,1680,1680,-1,-1
1677,1681,1681,-1,-1
1678,1682,1682,-1,-1
1679,1683,1683,-1,-1
1680,1684,1684,-1,-1
1681,1685,1685,-1,-1
1682,1686,1686,-1,-1
1683,1687,1687,-1,-1
1684,1688,1688,-1,-1
1685,1689,1689,-1,-1
1686,1690,1690,-1,-1
1687,1691,1691,-1,-1
1688,1692,1692,-1,-1
1689,1693,1693,-1,-1
1690,1694,1694,-1,-1
1691,1695,1695,-1,-1
1692,1696,1696,-1,-1
1693,1697,1697,-1,-1
1694,1698,1698,-1,-1
1695,1699,1699,-1,-1
1696,1700,1700,-1,-1
1697,1701,1701,-1,-1
1698,1702,1702,-1,-1
1699,1703,1703,-1,-1
1700,1704,1704,-1,-1
1701,1705,1705,-1,-1
1702,1706,1706,-1,-1
1703,1707,1707,-1,-1
1704,1708,1708,-1,-1
1705,1709,1709,-1,-1
1706,1710,1710,-1,-1
1707,1711,1711,-1,-1
1708,1712,1712,-1,-1
1709,1713,1713,-1,-1
1710,1714,1714,-1,-1
1711,1715,1715,-1,-1
1712,1716,1716,-1,-1
1713,1717,1717,-1,-1
1714,1718,1718,-1,-1
1715,1719,1719,-1,-1
1716,1720,1720,-1,-1
1717,1721,1721,-1,-1
1717,1722,1722,-1,-1
1718,1723,1723,-1,-1
1719,1724,1724,-1,-1
1720,1725,1725,-1,-1
1721,1726,1726,-1,-1
1722,1727,1727,-1,-1
1723,1728,1728,-1,-1
1724,1729,1729,-1,-1
1725,1730,1730,-1,-1
1726,1731,1731,-1,-1
1727,1732,1732,-1,-1
1728,1733,1733,-1,-1
1729,1734,1734,-1,-1
1730,1735,1735,-1,-1
1731,1736,1736,-1,-1
1732,1737,1737,-1,-1
1733,1738,1738,-1,-1
1734,1739,1739,-1,-1
1735,1740,1740,-1,-1
1736,1741,1741,-1,-1
1737,1742,1742,-1,-1
1738,1743,1743,-1,-1
1739,1744,1744,-1,-1
1740,1745,1745,-1,-1
1741,1746,1746,-1,-1
1742,1747,1747,-1,-1
1743,1748,1748,-1,-1
1744,1749,1749,-1,-1
1745,1750,1750,-1,-1
1746,1751,1751,-1,-1
1747,1752,1752,-1,-1
1748,1753,1753,-1,-1
1749,1754,1754,-1,-1
1750,1755,1755,-1,-1
1751,1756,1756,-1,-1
1752,1757,1757,-1,-1
1753,1758,1758,-1,-1
1754,1759,1759,-1,-1
1755,1760,1760,-1,-1
1756,1761,1761,-1,-1
1757,1762,1762,-1,-1
1758,1763,1763,-1,-1
1759,1764,1764,-1,-1
1760,1765,1765,-1,-1
1761,1766,1766,-1,-1
1762,1767,1767,-1,-1
1763,1768,1768,-1,-1
1764,1769,1769,-1,-1
1765,1770,1770,-1,-1
1766,1771,1771,-1,-1
1767,1772,1772,-1,-1
1768,1773,1773,-1,-1
1769,1774,1774,-1,-1
1770,1775,1775,-1,-1
1771,1776,1776,-1,-1
1772,1777,1777,-1,-1
1773,1778,1778,-1,-1
1774,1779,1779,-1,-1
1775,1780,1780,-1,-1
1776,1781,1781,-1,-1
1777,1782,1782,-1,-1
1778,1783,1783,-1,-1
1779,1784,1784,-1,-1
1780,1785,1785,-1,-1
1781,1786,1786,-1,-1
1782,1787,1787,-1,-1
1783,1788,1788,-1,-1
1784,1789,1789,-1,-1
1785,1790,1790,-1,-1
1786,1791,1791,-1,-1
1787,1792,1792,-1,-1
1788,1793,1793,-1,-1
1789,1794,1794,-1,-1
1790,1795,1795,-1,-1
1791,1796,1796,-1,-1
1792,1797,1797,-1,-1
1793,1798,1798,-1,-1
1794,1799,1799,-1,-1
1794,1800,1800,-1,-1
1795,1801,1801,-1,-1
1796,1802,1802,-1,-1
1797,1803,1803,-1,-1
1798,1804,1804,-1,-1
1799,1805,1805,-1,-1
1800,1806,1806,-1,-1
1801,1807,1807,-1,-1
1802,1808,1808,-1,-1
1803,1809,1809,-1,-1
1804,1810,1810,-1,-1
1805,1811,1811,-1,-1
1806,1812,1812,-1,-1
1807,1813,1813,-1,-1
1808,1814,1814,-1,-1
1809,1815,1815,-1,-1
1810,1816,1816,-1,-1
1811,1817,1817,-1,-1
1812,1818,1818,-1,-1
1813,1819,1819,-1,-1
1814,1820,1820,-1,-1
1815,1821,1821,-1,-1
1816,1822,1822,-1,-1
1817,1823,1823,-1,-1
1818,1824,1824,-1,-1
1819,1825,1825,-1,-1
1820,1826,1826,-1,-1
1821,1827,1827,-1,-1
1822,1828,1828,-1,-1
1823,1829,1829,-1,-1
1824,1830,1830,-1,-1
1825,1831,1831,-1,-1
1826,1832,1832,-1,-1
1827,1833,1833,-1,-1
1828,1834,1834,-1,-1
1829,1835,1835,-1,-1
1830,1836,1836,-1,-1
1831,1837,1837,-1,-1
1832,1838,1838,-1,-1
1833,1839,1839,-1,-1
1834,1840,1840,-1,-1
1835,1841,1841,-1,-1
1836,1842,1842,-1,-1
1837,1843,1843,-1,-1
1838,1844,1844,-1,-1
1839,1845,1845,-1,-1
1840,1846,1846,-1,-1
1841,1847,1847,-1,-1
1842,1848,1848,-1,-1
1843,1849,1849,-1,-1
1844,1850,1850,-1,-1
1845,1851,1851,-1,-1
1846,1852,1852,-1,-1
1847,1853,1853,-1,-1
1848,1854,1854,-1,-1
1848,1855,1855,-1,-1
1849,1856,1856,-1,-1
1850,1857,1857,-1,-1
1851,1858,1858,-1,-1
1852,1859,1859,-1,-1
1853,1860,1860,-1,-1
1854,1861,1861,-1,-1
1855,1862,1862,-1,-1
1856,1863,1863,-1,-1
1857,1864,1864,-1,-1
1858,1865,1865,-1,-1
1859,1866,1866,-1,-1
1860,1867,1867,-1,-1
1861,1868,1868,-1,-1
1862,1869,1869,-1,-1
1863,1870,1870,-1,-1
1864,1871,1871,-1,-1
1865,1872,1872,-1,-1
1866,1873,1873,-1,-1
1867,1874,1874,-1,-1
1868,1875,1875,-1,-1
1869,1876,1876,-1,-1
1870,1877,1877,-1,-1
1871,1878,1878,-1,-1
1872,1879,1879,-1,-1
1873,1880,1880,-1,-1
1874,1881,1881,-1,-1
1875,1882,1882,-1,-1
1876,1883,1883,-1,-1
1877,1884,1884,-1,-1
1878,1885,1885,-1,-1
1879,1886,1886,-1,-1
1880,1887,1887,-1,-1
1881,1888,1888,-1,-1
1882,1889,1889,-1,-1
1883,1890,1890,-1,-1
1884,1891,1891,-1,-1
1885,1892,1892,-1,-1
1886,1893,1893,-1,-1
1887,1894,1894,-1,-1
1888,1895,1895,-1,-1
1889,1896,1896,-1,-1
1890,1897,1897,-1,-1
1891,1898,1898,-1,-1
1892,1899,1899,-1,-1
1893,1900,1900,-1,-1
1894,1901,1901,-1,-1
1895,1902,1902,-1,-1
1896,1903,1903,-1,-1
1897,1904,1904,-1,-1
1898,1905,1905,-1,-1
1899,1906,1906,-1,-1
1900,1907,1907,-1,-1
1901,1908,1908,-1,-1
1902,1909,1909,-1,-1
1903,1910,1910,-1,-1
1904,1911,1911,-1,-1
1905,1912,1912,-1,-1
1906,1913,1913,-1,-1
1907,1914,1914,-1,-1
1908,1915,1915,-1,-1
1909,1916,1916,-1,-1
1910,1917,1917,-1,-1
1911,1918,1918,-1,-1
1912,1919,1919,-1,-1
1913,1920,1920,-1,-1
1914,1921,1921,-1,-1
1915,1922,1922,-1,-1
1916,1923,1923,-1,-1
1917,1924,1924,-1,-1
1918,1925,1925,-1,-1
1919,1926,1926,-1,-1
1920,1927,1927,-1,-1
1921,1928,1928,-1,-1
1922,1929,1929,-1,-1
1923,1930,1930,-1,-1
1924,1931,1931,-1,-1
1925,1932,1932,-1,-1
1926,1933,1933,-1,-1
1927,1934,1934,-1,-1
1928,1935,1935,-1,-1
1929,1936,1936,-1,-1
1930,1937,1937,-1,-1
1931,1938,1938,-1,-1
1932,1939,1939,-1,-1
1933,1940,1940,-1,-1
1934,1941,1941,-1,-1
1935,1942,1942,-1,-1
1936,1943,1943,-1,-1
1937,1944,1944,-1,-1
1938,1945,1945,-1,-1
1939,1946,1946,-1,-1
1940,1947,1947,-1,-1
1941,1948,1948,-1,-1
1942,1949,1949,-1,-1
1943,1950,1950,-1,-1
1944,1951,1951,-1,-1
1945,1952,1952,-1,-1
1946,1953,1953,-1,-1
1947,1954,1954,-1,-1
1948,1955,1955,-1,-1
1949,1956,1956,-1,-1
1950,1957,1957,-1,-1
1951,1958,1958,-1,-1
1952,1959,1959,-1,-1
1953,1960,1960,-1,-1
1954,1961,1961,-1,-1
1954,1962,1962,-1,-1
1955,1963,1963,-1,-1
1956,1964,1964,-1,-1
1957,1965,1965,-1,-1
1958,1966,1966,-1,-1
1959,1967,1967,-1,-1
1960,1968,1968,-1,-1
1961,1969,1969,-1,-1
1962,1970,1970,-1,-1
1963,1971,1971,-1,-1
1964,1972,1972,-1,-1
1965,1973,1973,-1,-1
1966,1974,1974,-1,-1
1967,1975,1975,-1,-1
1968,1976,1976,-1,-1
1969,1977,1977,-1,-1
1970,1978,1978,-1,-1
1971,1979,1979,-1,-1
1972,1980,1980,-1,-1
1973,1981,1981,-1,-1
1974,1982,1982,-1,-1
1975,1983,1983,-1,-1
1976,1984,1984,-1,-1
1977,1985,1985,-1,-1
1978,1986,1986,-1,-1
1979,1987,1987,-1,-1
1980,1988,1988,-1,-1
1981,1989,1989,-1,-1
1982,1990,1990,-1,-1
1983,1991,1991,-1,-1
1984,1992,1992,-1,-1
1985,1993,1993,-1,-1
1985,1994,1994,-1,-1
1986,1995,1995,-1,-1
1987,1996,1996,-1,-1
1988,1997,1997,-1,-1
1989,1998,1998,-1,-1
1990,1999,1999,-1,-1
1991,2000,2000,-1,-1
1992,2001,2001,-1,-1
1993,2002,2002,-1,-1
1993,2003,2003,-1,-1
1994,2004,2004,-1,-1
1995,2005,2005,-1,-1
1996,2006,2006,-1,-1
1997,2007,2007,-1,-1
1998,2008,2008,-1,-1
1999,2009,2009,-1,-1
2000,2010,2010,-1,-1
2001,2011,2011,-1,-1
2002,2012,2012,-1,-1
2003,2013,2013,-1,-1
2004,2014,2014,-1,-1
2005,2015,2015,-1,-1
2006,2016,2016,-1,-1
2007,2017,2017,-1,-1
2008,2018,2018,-1,-1
2009,2019,2019,-1,-1
2010,2020,2020,-1,-1
2011,2021,2021,-1,-1
2012,2022,2022,-1,-1
2013,2023,2023,-1,-1
2014,2024,2024,-1,-1
2015,2025,2025,-1,-1
2016,2026,2026,-1,-1
2017,2027,2027,-1,-1
2018,2028,2028,-1,-1
2019,2029,2029,-1,-1
2020,2030,2030,-1,-1
2021,2031,2031,-1,-1
2022,2032,2032,-1,-1
2023,2033,2033,-1,-1
2024,2034,2034,-1,-1
2025,2035,2035,-1,-1
2026,2036,2036,-1,-1
2027,2037,2037,-1,-1
2028,2038,2038,-1,-1
2029,2039,2039,-1,-1
2030,2040,2040,-1,-1
2031,2041,2041,-1,-1
2032,2042,2042,-1,-1
2033,2043,2043,-1,-1
2034,2044,2044,-1,-1
2035,2045,2045,-1,-1
2036,2046,2046,-1,-1
2037,2047,2047,-1,-1
2038,2048,2048,-1,-1
2039,2049,2049,-1,-1
2040,2050,2050,-1,-1
2041,2051,2051,-1,-1
2042,2052,2052,-1,-1
2043,2053,2053,-1,-1
2044,2054,2054,-1,-1
2045,2055,2055,-1,-1
2046,2056,2056,-1,-1
2047,2057,2057,-1,-1
2048,2058,2058,-1,-1
2049,2059,2059,-1,-1
2050,2060,2060,-1,-1
2051,2061,2061,-1,-1
2052,2062,2062,-1,-1
2053,2063,2063,-1,-1
2053,2064,2064,-1,-1
2054,2065,2065,-1,-1
2055,2066,2066,-1,-1
2056,2067,2067,-1,-1
2057,2068,2068,-1,-1
2058,2069,2069,-1,-1
2059,2070,2070,-1,-1
2060,2071,2071,-1,-1
2061,2072,2072,-1,-1
2062,2073,2073,-1,-1
2063,2074,2074,-1,-1
2064,2075,2075,-1,-1
2065,2076,2076,-1,-1
2066,2077,2077,-1,-1
2067,2078,2078,-1,-1
2068,2079,2079,-1,-1
2069,2080,2080,-1,-1
2070,2081,2081,-1,-1
2071,2082,2082,-1,-1
2072,2083,2083,-1,-1
2073,2084,2084,-1,-1
2074,2085,2085,-1,-1
2075,2086,2086,-1,-1
2076,2087,2087,-1,-1
2077,2088,2088,-1,-1
2078,2089,2089,-1,-1
2079,2090,2090,-1,-1
2080,2091,2091,-1,-1
2081,2092,2092,-1,-1
2082,2093,2093,-1,-1
2083,2094,2094,-1,-1
2084,2095,2095,-1,-1
2085,2096,2096,-1,-1
2086,2097,2097,-1,-1
2087,2098,2098,-1,-1
2088,2099,2099,-1,-1
2089,2100,2100,-1,-1
2090,2101,2101,-1,-1
2091,2102,2102,-1,-1
2092,2103,2103,-1,-1
2093,2104,2104,-1,-1
2094,2105,2105,-1,-1
2095,2106,2106,-1,-1
2096,2107,2107,-1,-1
2097,2108,2108,-1,-1
2098,2109,2109,-1,-1
2099,2110,2110,-1,-1
2100,2111,2111,-1,-1
2101,2112,2112,-1,-1
2102,2113,2113,-1,-1
2103,2114,2114,-1,-1
2104,2115,2115,-1,-1
2105,2116,2116,-1,-1
2106,2117,2117,-1,-1
2107,2118,2118,-1,-1
2108,2119,2119,-1,-1
2109,2120,2120,-1,-1
2110,2121,2121,-1,-1
2111,2122,2122,-1,-1
2112,2123,2123,-1,-1
2113,2124,2124,-1,-1
2114,2125,2125,-1,-1
2115,2126,2126,-1,-1
2116,2127,2127,-1,-1
2117,2128,2128,-1,-1
2118,2129,2129,-1,-1
2119,2130,2130,-1,-1
2120,2131,2131,-1,-1
2121,2132,2132,-1,-1
2122,2133,2133,-1,-1
2123,2134,2134,-1,-1
2124,2135,2135,-1,-1
2125,2136,2136,-1,-1
2126,2137,2137,-1,-1
2127,2138,2138,-1,-1
2128,2139,2139,-1,-1
2129,2140,2140,-1,-1
2130,2141,2141,-1,-1
2131,2142,2142,-1,-1
2132,2143,2143,-1,-1
2133,2144,2144,-1,-1
2134,2145,2145,-1,-1
2135,2146,2146,-1,-1
2136,2147,2147,-1,-1
2137,2148,2148,-1,-1
2138,2149,2149,-1,-1
2139,2150,2150,-1,-1
2140,2151,2151,-1,-1
2141,2152,2152,-1,-1
2142,2153,2153,-1,-1
2143,2154,2154,-1,-1
2144,2155,2155,-1,-1
2145,2156,2156,-1,-1
2146,2157,2157,-1,-1
2147,2158,2158,-1,-1
2148,2159,2159,-1,-1
2149,2160,2160,-1,-1
2150,2161,2161,-1,-1
2151,2162,2162,-1,-1
2152,2163,2163,-1,-1
2153,2164,2164,-1,-1
2154,2165,2165,-1,-1
2155,2166,2166,-1,-1
2156,2167,2167,-1,-1
2157,2168,2168,-1,-1
2158,2169,2169,-1,-1
2159,2170,2170,-1,-1
2160,2171,2171,-1,-1
2161,2172,2172,-1,-1
2162,2173,2173,-1,-1
2163,2174,2174,-1,-1
2164,2175,2175,-1,-1
2165,2176,2176,-1,-1
2166,2177,2177,-1,-1
2167,2178,2178,-1,-1
2168,2179,2179,-1,-1
2169,2180,2180,-1,-1
2170,2181,2181,-1,-1
2171,2182,2182,-1,-1
2172,2183,2183,-1,-1
2173,2184,2184,-1,-1
2174,2185,2185,-1,-1
2175,2186,2186,-1,-1
2176,2187,2187,-1,-1
2177,2188,2188,-1,-1
2178,2189,2189,-1,-1
2179,2190,2190,-1,-1
2180,2191,2191,-1,-1
2181,2192,2192,-1,-1
2182,2193,2193,-1,-1
2183,2194,2194,-1,-1
2184,2195,2195,-1,-1
2185,2196,2196,-1,-1
2186,2197,2197,-1,-1
2187,2198,2198,-1,-1
2188,2199,2199,-1,-1
2189,2200,2200,-1,-1
2190,2201,2201,-1,-1
2191,2202,2202,-1,-1
2192,2203,2203,-1,-1
2193,2204,2204,-1,-1
2194,2205,2205,-1,-1
2195,2206,2206,-1,-1
2196,2207,2207,-1,-1
2197,2208,2208,-1,-1
2198,2209,2209,-1,-1
2199,2210,2210,-1,-1
2200,2211,2211,-1,-1
2201,2212,2212,-1,-1
2202,2213,2213,-1,-1
2203,2214,2214,-1,-1
2204,2215,2215,-1,-1
2205,2216,2216,-1,-1
2206,2217,2217,-1,-1
2207,2218,2218,-1,-1
2208,2219,2219,-1,-1
2209,2220,2220,-1,-1
2210,2221,2221,-1,-1
2211,2222,2222,-1,-1
2212,2223,2223,-1,-1
2213,2224,2224,-1,-1
2214,2225,2225,-1,-1
2215,2226,2226,-1,-1
2216,2227,2227,-1,-1
2217,2228,2228,-1,-1
2218,2229,2229,-1,-1
2219,2230,2230,-1,-1
2220,2231,2231,-1,-1
2221,2232,2232,-1,-1
2222,2233,2233,-1,-1
2223,2234,2234,-1,-1
2224,2235,2235,-1,-1
2225,2236,2236,-1,-1
2226,2237,2237,-1,-1
2227,2238,2238,-1,-1
2228,2239,2239,-1,-1
2229,2240,2240,-1,-1
2230,2241,2241,-1,-1
2231,2242,2242,-1,-1
2232,2243,2243,-1,-1
2233,2244,2244,-1,-1
2234,2245,2245,-1,-1
2235,2246,2246,-1,-1
2236,2247,2247,-1,-1
2237,2248,2248,-1,-1
2238,2249,2249,-1,-1
2239,2250,2250,-1,-1
2240,2251,2251,-1,-1
2241,2252,2252,-1,-1
2242,2253,2253,-1,-1
2243,2254,2254,-1,-1
2244,2255,2255,-1,-1
2245,2256,2256,-1,-1
2246,2257,2257,-1,-1
2247,2258,2258,-1,-1
2248,2259,2259,-1,-1
2249,2260,2260,-1,-1
2250,2261,2261,-1,-1
2251,2262,2262,-1,-1
2252,2263,2263,-1,-1
2253,2264,2264,-1,-1
2254,2265,2265,-1,-1
2255,2266,2266,-1,-1
2256,2267,2267,-1,-1
2257,2268,2268,-1,-1
2258,2269,2269,-1,-1
2259,2270,2270,-1,-1
2260,2271,2271,-1,-1
2261,2272,2272,-1,-1
2262,2273,2273,-1,-1
2263,2274,2274,-1,-1
2264,2275,2275,-1,-1
2265,2276,2276,-1,-1
2266,2277,2277,-1,-1
2267,2278,2278,-1,-1
2267,2279,2279,-1,-1
2268,2280,2280,-1,-1
2268,2281,2281,-1,-1
2269,2282,2282,-1,-1
2270,2283,2283,-1,-1
2271,2284,2284,-1,-1
2272,2285,2285,-1,-1
2273,2286,2286,-1,-1
2274,2287,2287,-1,-1
2275,2288,2288,-1,-1
2276,2289,2289,-1,-1
2277,2290,2290,-1,-1
2278,2291,2291,-1,-1
2279,2292,2292,-1,-1
2279,2293,2293,-1,-1
2280,2294,2294,-1,-1
2281,2295,2295,-1,-1
2282,2296,2296,-1,-1
2283,2297,2297,-1,-1
2284,2298,2298,-1,-1
2285,2299,2299,-1,-1
2286,2300,2300,-1,-1
2287,2301,2301,-1,-1
2288,2302,2302,-1,-1
2289,2303,2303,-1,-1
2290,2304,2304,-1,-1
2291,2305,2305,-1,-1
2292,2306,2306,-1,-1
2293,2307,2307,-1,-1
2294,2308,2308,-1,-1
2295,2309,2309,-1,-1
2296,2310,2310,-1,-1
2297,2311,2311,-1,-1
2298,2312,2312,-1,-1
2299,2313,2313,-1,-1
2300,2314,2314,-1,-1
2301,2315,2315,-1,-1
2302,2316,2316,-1,-1
2303,2317,2317,-1,-1
2304,2318,2318,-1,-1
2305,2319,2319,-1,-1
2306,2320,2320,-1,-1
2307,2321,2321,-1,-1
2308,2322,2322,-1,-1
2309,2323,2323,-1,-1
2310,2324,2324,-1,-1
2311,2325,2325,-1,-1
2312,2326,2326,-1,-1
2313,2327,2327,-1,-1
2314,2328,2328,-1,-1
2315,2329,2329,-1,-1
2316,2330,2330,-1,-1
2317,2331,2331,-1,-1
2318,2332,2332,-1,-1
2319,2333,2333,-1,-1
2320,2334,2334,-1,-1
2321,2335,2335,-1,-1
2322,2336,2336,-1,-1
2323,2337,2337,-1,-1
2324,2338,2338,-1,-1
2325,2339,2339,-1,-1
2326,2340,2340,-1,-1
2327,2341,2341,-1,-1
2328,2342,2342,-1,-1
2329,2343,2343,-1,-1
2330,2344,2344,-1,-1
2331,2345,2345,-1,-1
2332,2346,2346,-1,-1
2333,2347,2347,-1,-1
2334,2348,2348,-1,-1
2335,2349,2349,-1,-1
2336,2350,2350,-1,-1
2337,2351,2351,-1,-1
2338,2352,2352,-1,-1
2339,2353,2353,-1,-1
2340,2354,2354,-1,-1
2341,2355,2355,-1,-1
2342,2356,2356,-1,-1
2343,2357,2357,-1,-1
2344,2358,2358,-1,-1
2345,2359,2359,-1,-1
2346,2360,2360,-1,-1
2347,2361,2361,-1,-1
2348,2362,2362,-1,-1
2348,2363,2363,-1,-1
2349,2364,2364,-1,-1
2350,2365,2365,-1,-1
2351,2366,2366,-1,-1
2352,2367,2367,-1,-1
2353,2368,2368,-1,-1
2354,2369,2369,-1,-1
2355,2370,2370,-1,-1
2356,2371,2371,-1,-1
2357,2372,2372,-1,-1
2358,2373,2373,-1,-1
2359,2374,2374,-1,-1
2360,2375,2375,-1,-1
2361,2376,2376,-1,-1
2362,2377,2377,-1,-1
2363,2378,2378,-1,-1
2364,2379,2379,-1,-1
2365,2380,2380,-1,-1
2366,2381,2381,-1,-1
2367,2382,2382,-1,-1
2368,2383,2383,-1,-1
2369,2384,2384,-1,-1
2370,2385,2385,-1,-1
2371,2386,2386,-1,-1
2372,2387,2387,-1,-1
2373,2388,2388,-1,-1
2374,2389,2389,-1,-1
2375,2390,2390,-1,-1
2376,2391,2391,-1,-1
2377,2392,2392,-1,-1
2378,2393,2393,-1,-1
2379,2394,2394,-1,-1
2380,2395,2395,-1,-1
2381,2396,2396,-1,-1
2382,2397,2397,-1,-1
2383,2398,2398,-1,-1
2384,2399,2399,-1,-1
2385,2400,2400,-1,-1
2386,2401,2401,-1,-1
2387,2402,2402,-1,-1
2388,2403,2403,-1,-1
2389,2404,2404,-1,-1
2390,2405,2405,-1,-1
2391,2406,2406,-1,-1
2392,2407,2407,-1,-1
2393,2408,2408,-1,-1
2394,2409,2409,-1,-1
2395,2410,2410,-1,-1
2396,2411,2411,-1,-1
2397,2412,2412,-1,-1
2398,2413,2413,-1,-1
2399,2414,2414,-1,-1
2400,2415,2415,-1,-1
2401,2416,2416,-1,-1
2402,2417,2417,-1,-1
2403,2418,2418,-1,-1
2404,2419,2419,-1,-1
2405,2420,2420,-1,-1
2406,2421,2421,-1,-1
2407,2422,2422,-1,-1
2408,2423,2423,-1,-1
2409,2424,2424,-1,-1
2410,2425,2425,-1,-1
2411,2426,2426,-1,-1
2412,2427,2427,-1,-1
2413,2428,2428,-1,-1
2414,2429,2429,-1,-1
2415,2430,2430,-1,-1
2416,2431,2431,-1,-1
2417,2432,2432,-1,-1
2418,2433,2433,-1,-1
2419,2434,2434,-1,-1
2420,2435,2435,-1,-1
2421,2436,2436,-1,-1
2422,2437,2437,-1,-1
2423,2438,2438,-1,-1
2424,2439,2439,-1,-1
2425,2440,2440,-1,-1
2426,2441,2441,-1,-1
2427,2442,2442,-1,-1
2428,2443,2443,-1,-1
2429,2444,2444,-1,-1
2430,2445,2445,-1,-1
2431,2446,2446,-1,-1
2432,2447,2447,-1,-1
2433,2448,2448,-1,-1
2434,2449,2449,-1,-1
2435,2450,2450,-1,-1
2436,2451,2451,-1,-1
2437,2452,2452,-1,-1
2438,2453,2453,-1,-1
2439,2454,2454,-1,-1
2440,2455,2455,-1,-1
2441,2456,2456,-1,-1
2442,2457,2457,-1,-1
2443,2458,2458,-1,-1
2444,2459,2459,-1,-1
2445,2460,2460,-1,-1
2446,2461,2461,-1,-1
2447,2462,2462,-1,-1
2448,2463,2463,-1,-1
2449,2464,2464,-1,-1
2450,2465,2465,-1,-1
2451,2466,2466,-1,-1
2452,2467,2467,-1,-1
2453,2468,2468,-1,-1
2454,2469,2469,-1,-1
2455,2470,2470,-1,-1
2456,2471,2471,-1,-1
2457,2472,2472,-1,-1
2458,2473,2473,-1,-1
2459,2474,2474,-1,-1
2460,2475,2475,-1,-1
2461,2476,2476,-1,-1
2462,2477,2477,-1,-1
2463,2478,2478,-1,-1
2464,2479,2479,-1,-1
2465,2480,2480,-1,-1
2466,2481,2481,-1,-1
2467,2482,2482,-1,-1
2468,2483,2483,-1,-1
2469,2483,2484,-1,-1
2470,2484,2485,-1,-1
2471,2485,2486,-1,-1
2472,2486,2487,-1,-1
2473,2487,2488,-1,-1
2474,2488,2489,-1,-1
2475,2489,2490,-1,-1
2476,2490,2491,-1,-1
2477,2491,2492,-1,-1
2478,2492,2493,-1,-1
2479,2493,2494,-1,-1
2480,2494,2495,-1,-1
2481,2495,2496,-1,-1
2482,2496,2497,-1,-1
2483,2497,2498,-1,-1
2484,2498,2499,-1,-1
2485,2499,2500,-1,-1
2486,2500,2501,-1,-1
2487,2501,2502,-1,-1
2488,2502,2503,-1,-1
2489,2503,2504,-1,-1
2490,2504,2505,-1,-1
2491,2505,2506,-1,-1
2492,2506,2507,-1,-1
2493,2507,2508,-1,-1
2494,2508,2509,-1,-1
2495,2509,2510,-1,-1
2496,2510,2511,-1,-1
2497,2511,2512,-1,-1
2498,2512,2513,-1,-1
2499,2513,2514,-1,-1
2500,2514,2515,-1,-1
2501,2515,2516,-1,-1
2502,2516,2517,-1,-1
2503,2517,2518,-1,-1
2504,2518,2519,-1,-1
2505,2519,2520,-1,-1
2506,2520,2521,-1,-1
2507,2521,2522,-1,-1
2508,2522,2523,-1,-1
2509,2523,2524,-1,-1
2510,2524,2525,-1,-1
2511,2525,2526,-1,-1
2512,2526,2527,-1,-1
2513,2527,2528,-1,-1
2514,2528,2529,-1,-1
2515,2529,2530,-1,-1
2516,2530,2531,-1,-1
2517,2531,2532,-1,-1
2518,2532,2533,-1,-1
2519,2533,2534,-1,-1
2520,2534,2535,-1,-1
2521,2535,2536,-1,-1
2522,2536,2537,-1,-1
2523,2537,2538,-1,-1
2524,2538,2539,-1,-1
2525,2539,2540,-1,-1
2526,2540,2541,-1,-1
2527,2541,2542,-1,-1
2528,2542,2543,-1,-1
2529,2543,2544,-1,-1
2530,2544,2545,-1,-1
2531,2545,2546,-1,-1
2532,2546,2547,-1,-1
2533,2547,2548,-1,-1
2534,2548,2549,-1,-1
2535,2549,2550,-1,-1
2536,2550,2551,-1,-1
2537,2551,2552,-1,-1
2538,2552,2553,-1,-1
2539,2553,2554,-1,-1
2540,2554,2555,-1,-1
2541,2555,2556,-1,-1
2542,2556,2557,-1,-1
2543,2557,2558,-1,-1
2544,2558,2559,-1,-1
2545,2559,2560,-1,-1
2546,2560,2561,-1,-1
2547,2561,2562,-1,-1
2548,2562,2563,-1,-1
2549,2563,2564,-1,-1
2550,2564,2565,-1,-1
2551,2565,2566,-1,-1
2552,2566,2567,-1,-1
2553,2567,2568,-1,-1
2554,2568,2569,-1,-1
2555,2569,2570,-1,-1
2556,2570,2571,-1,-1
2557,2571,2572,-1,-1
2558,2572,2573,-1,-1
2559,2573,2574,-1,-1
2560,2574,2575,-1,-1
2561,2575,2576,-1,-1
2562,2576,2577,-1,-1
2563,2577,2578,-1,-1
2564,2578,2579,-1,-1
2565,2579,2580,-1,-1
2566,2580,2581,-1,-1
2567,2581,2582,-1,-1
2568,2582,2583,-1,-1
2569,2583,2584,-1,-1
2570,2584,2585,-1,-1
2571,2585,2586,-1,-1
2572,2586,2587,-1,-1
2573,2587,2588,-1,-1
2574,2588,2589,-1,-1
2575,2589,2590,-1,-1
2576,2590,2591,-1,-1
2577,2591,2592,-1,-1
2578,2592,2593,-1,-1
2579,2593,2594,-1,-1
2580,2594,2595,-1,-1
2581,2595,2596,-1,-1
2582,2596,2597,-1,-1
2583,2597,2598,-1,-1
2584,2598,2599,-1,-1
2585,2599,2600,-1,-1
2586,2600,2601,-1,-1
2587,2601,2602,-1,-1
2588,2602,2603,-1,-1
2589,2603,2604,-1,-1
2590,2604,2605,-1,-1
2591,2605,2606,-1,-1
2592,2606,2607,-1,-1
2593,2607,2608,-1,-1
2594,2608,2609,-1,-1
2595,2609,2610,-1,-1
2596,2610,2611,-1,-1
2597,2611,2612,-1,-1
2598,2612,2613,-1,-1
2599,2613,2614,-1,-1
2600,2614,2615,-1,-1
2601,2615,2616,-1,-1
2602,2616,2617,-1,-1
2603,2617,2618,-1,-1
2604,2618,2619,-1,-1
2605,2619,2620,-1,-1
2606,2620,2621,-1,-1
2607,2621,2622,-1,-1
2608,2622,2623,-1,-1
2609,2623,2624,-1,-1
2610,2624,2625,-1,-1
2611,2625,2626,-1,-1
2612,2626,2627,-1,-1
2613,2627,2628,-1,-1
2614,2628,2629,-1,-1
2615,2629,2630,-1,-1
2616,2630,2631,-1,-1
2617,2631,2632,-1,-1
2618,2632,2633,-1,-1
2619,2633,2634,-1,-1
2620,2634,2635,-1,-1
2621,2635,2636,-1,-1
2622,2636,2637,-1,-1
2623,2637,2638,-1,-1
2624,2638,2639,-1,-1
2625,2639,2640,-1,-1
2626,2640,2641,-1,-1
2627,2641,2642,-1,-1
2628,2642,2643,-1,-1
2629,2643,2644,-1,-1
2630,2644,2645,-1,-1
2631,2645,2646,-1,-1
2632,2646,2647,-1,-1
2633,2647,2648,-1,-1
2634,2648,2649,-1,-1
2635,2649,2650,-1,-1
2636,2650,2651,-1,-1
2637,2651,2652,-1,-1
2638,2652,2653,-1,-1
2639,2653,2654,-1,-1
2640,2654,2655,-1,-1
2641,2655,2656,-1,-1
2642,2656,2657,-1,-1
2643,2657,2658,-1,-1
2644,2658,2659,-1,-1
2645,2659,2660,-1,-1
2646,2660,2661,-1,-1
2647,2661,2662,-1,-1
2648,2662,2663,-1,-1
2649,2663,2664,-1,-1
2650,2664,2665,-1,-1
2651,2665,2666,-1,-1
2652,2666,2667,-1,-1
2653,2667,2668,-1,-1
2654,2668,2669,-1,-1
2655,2669,2670,-1,-1
2656,2670,2671,-1,-1
2657,2671,2672,-1,-1
2658,2672,2673,-1,-1
2659,2673,2674,-1,-1
2660,2674,2675,-1,-1
2661,2675,2676,-1,-1
2662,2676,2677,-1,-1
2663,2677,2678,-1,-1
2664,2678,2679,-1,-1
2665,2679,2680,-1,-1
2666,2680,2681,-1,-1
2667,2681,2682,-1,-1
2668,2682,2683,-1,-1
2669,2683,2684,-1,-1
2670,2684,2685,-1,-1
2671,2685,2686,-1,-1
2672,2686,2687,-1,-1
2673,2687,2688,-1,-1
2674,2688,2689,-1,-1
2675,2689,2690,-1,-1
2676,2690,2691,-1,-1
2677,2691,2692,-1,-1
2678,2692,2693,-1,-1
2679,2693,2694,-1,-1
2680,2694,2695,-1,-1
2681,2695,2696,-1,-1
2682,2696,2697,-1,-1
2683,2697,2698,-1,-1
2684,2698,2699,-1,-1
2685,2699,2700,-1,-1
2686,2700,2701,-1,-1
2687,2701,2702,-1,-1
2688,2702,2703,-1,-1
2689,2703,2704,-1,-1
2690,2704,2705,-1,-1
2691,2705,2706,-1,-1
2692,2706,2707,-1,-1
2693,2707,2708,-1,-1
2694,2708,2709,-1,-1
2695,2709,2710,-1,-1
2696,2710,2711,-1,-1
2697,2711,2712,-1,-1
2698,2712,2713,-1,-1
2699,2713,2714,-1,-1
2700,2714,2715,-1,-1
2701,2715,2716,-1,-1
2702,2716,2717,-1,-1
2703,2717,2718,-1,-1
2704,2718,2719,-1,-1
2705,2719,2720,-1,-1
2706,2720,2721,-1,-1
2707,2721,2722,-1,-1
2708,2722,2723,-1,-1
2709,2723,2724,-1,-1
2710,2724,2725,-1,-1
2711,2725,2726,-1,-1
2712,2726,2727,-1,-1
2713,2727,2728,-1,-1
2714,2728,2729,-1,-1
2715,2729,2730,-1,-1
2716,2730,2731,-1,-1
2717,2731,2732,-1,-1
2718,2732,2733,-1,-1
2719,2733,2734,-1,-1
2720,2734,2735,-1,-1
2721,2735,2736,-1,-1
2722,2736,2737,-1,-1
2723,2737,2738,-1,-1
2724,2738,2739,-1,-1
2725,2739,2740,-1,-1
2726,2740,2741,-1,-1
2727,2741,2742,-1,-1
2728,2742,2743,-1,-1
2729,2743,2744,-1,-1
2730,2744,2745,-1,-1
2731,2745,2746,-1,-1
2732,2746,2747,-1,-1
2733,2747,2748,-1,-1
2734,2748,2749,-1,-1
2735,2749,2750,-1,-1
2736,2750,2751,-1,-1
2737,2751,2752,-1,-1
2738,2752,2753,-1,-1
2739,2753,2754,-1,-1
2740,2754,2755,-1,-1
2741,2755,2756,-1,-1
2742,2756,2757,-1,-1
2743,2757,2758,-1,-1
2744,2758,2759,-1,-1
2745,2759,2760,-1,-1
2746,2760,2761,-1,-1
2747,2761,2762,-1,-1
2748,2762,2763,-1,-1
2749,2763,2764,-1,-1
2750,2764,2765,-1,-1
2751,2765,2766,-1,-1
2752,2766,2767,-1,-1
2753,2767,2768,-1,-1
2754,2768,2769,-1,-1
2755,2769,2770,-1,-1
2756,2770,2771,-1,-1
2757,2771,2772,-1,-1
2758,2772,2773,-1,-1
2759,2773,2774,-1,-1
2760,2774,2775,-1,-1
2761,2775,2776,-1,-1
2762,2776,2777,-1,-1
2763,2777,2778,-1,-1
2764,2778,2779,-1,-1
2765,2779,2780,-1,-1
2766,2780,2781,-1,-1
2767,2781,2782,-1,-1
2768,2782,2783,-1,-1
2769,2783,2784,-1,-1
2770,2784,2785,-1,-1
2771,2785,2786,-1,-1
2772,2786,2787,-1,-1
2773,2787,2788,-1,-1
2774,2788,2789,-1,-1
2775,2789,2790,-1,-1
2776,2790,2791,-1,-1
2777,2791,2792,-1,-1
2778,2792,2793,-1,-1
2779,2793,2794,-1,-1
2780,2794,2795,-1,-1
2781,2795,2796,-1,-1
2782,2796,2797,-1,-1
2783,2797,2798,-1,-1
2784,2798,2799,-1,-1
2785,2799,2800,-1,-1
2786,2800,2801,-1,-1
2787,2801,2802,-1,-1
2788,2802,2803,-1,-1
2789,2803,2804,-1,-1
2790,2804,2805,-1,-1
2791,2805,2806,-1,-1
2791,2806,2807,-1,-1
2792,2807,2808,-1,-1
2793,2808,2809,-1,-1
2794,2809,2810,-1,-1
2795,2810,2811,-1,-1
2796,2811,2812,-1,-1
2797,2812,2813,-1,-1
2798,2813,2814,-1,-1
2799,2814,2815,-1,-1
2800,2815,2816,-1,-1
2801,2816,2817,-1,-1
2802,2817,2818,-1,-1
2803,2818,2819,-1,-1
2804,2819,2820,-1,-1
2805,2820,2821,-1,-1
2806,2821,2822,-1,-1
2807,2822,2823,-1,-1
2808,2823,2824,-1,-1
2809,2824,2825,-1,-1
2810,2825,2826,-1,-1
2811,2826,2827,-1,-1
2812,2827,2828,-1,-1
2813,2828,2829,-1,-1
2814,2829,2830,-1,-1
2815,2830,2831,-1,-1
2816,2831,2832,-1,-1
2816,2832,2833,-1,-1
2817,2833,2834,-1,-1
2818,2834,2835,-1,-1
2819,2835,2836,-1,-1
2820,2836,2837,-1,-1
2821,2837,2838,-1,-1
2822,2838,2839,-1,-1
2823,2839,2840,-1,-1
2824,2840,2841,-1,-1
2825,2841,2842,-1,-1
2826,2842,2843,-1,-1
2827,2843,2844,-1,-1
2828,2844,2845,-1,-1
2829,2845,2846,-1,-1
2830,2846,2847,-1,-1
2831,2847,2848,-1,-1
2832,2848,2849,-1,-1
2833,2849,2850,-1,-1
2834,2850,2851,-1,-1
2835,2851,2852,-1,-1
2836,2852,2853,-1,-1
2837,2853,2854,-1,-1
2838,2854,2855,-1,-1
2839,2855,2856,-1,-1
2840,2856,2857,-1,-1
2841,2857,2858,-1,-1
2842,2858,2859,-1,-1
2843,2859,2860,-1,-1
2844,2860,2861,-1,-1
2845,2861,2862,-1,-1
2846,2862,2863,-1,-1
2847,2863,2864,-1,-1
2848,2864,2865,-1,-1
2849,2865,2866,-1,-1
2850,2866,2867,-1,-1
2851,2867,2868,-1,-1
2852,2868,2869,-1,-1
2853,2869,2870,-1,-1
2854,2870,2871,-1,-1
2855,2871,2872,-1,-1
2856,2872,2873,-1,-1
2857,2873,2874,-1,-1
2858,2874,2875,-1,-1
2859,2875,2876,-1,-1
2860,2876,2877,-1,-1
2861,2877,2878,-1,-1
2862,2878,2879,-1,-1
2863,2879,2880,-1,-1
2864,2880,2881,-1,-1
2865,2881,2882,-1,-1
2866,2882,2883,-1,-1
2867,2883,2884,-1,-1
2868,2884,2885,-1,-1
2869,2885,2886,-1,-1
2869,2886,2887,-1,-1
2870,2887,2888,-1,-1
2871,2888,2889,-1,-1
2872,2889,2890,-1,-1
2873,2890,2891,-1,-1
2874,2891,2892,-1,-1
2875,2892,2893,-1,-1
2876,2893,2894,-1,-1
2877,2894,2895,-1,-1
2878,2895,2896,-1,-1
2879,2896,2897,-1,-1
2880,2897,2898,-1,-1
2881,2898,2899,-1,-1
2882,2899,2900,-1,-1
2883,2900,2901,-1,-1
2884,2901,2902,-1,-1
2885,2902,2903,-1,-1
2886,2903,2904,-1,-1
2887,2904,2905,-1,-1
2888,2905,2906,-1,-1
2889,2906,2907,-1,-1
2890,2907,2908,-1,-1
2891,2908,2909,-1,-1
2892,2909,2910,-1,-1
2893,2910,2911,-1,-1
2894,2911,2912,-1,-1
2895,2912,2913,-1,-1
2896,2913,2914,-1,-1
2897,2914,2915,-1,-1
2898,2915,2916,-1,-1
2899,2916,2917,-1,-1
2900,2917,2918,-1,-1
2901,2918,2919,-1,-1
2902,2919,2920,-1,-1
2903,2920,2921,-1,-1
2904,2921,2922,-1,-1
2905,2922,2923,-1,-1
2906,2923,2924,-1,-1
2907,2924,2925,-1,-1
2908,2925,2926,-1,-1
2909,2926,2927,-1,-1
2910,2927,2928,-1,-1
2911,2928,2929,-1,-1
2912,2929,2930,-1,-1
2913,2930,2931,-1,-1
2914,2931,2932,-1,-1
2915,2932,2933,-1,-1
2916,2933,2934,-1,-1
2917,2934,2935,-1,-1
2918,2935,2936,-1,-1
2919,2936,2937,-1,-1
2920,2937,2938,-1,-1
2921,2938,2939,-1,-1
2922,2939,2940,-1,-1
2923,2940,2941,-1,-1
2924,2941,2942,-1,-1
2925,2942,2943,-1,-1
2926,2943,2944,-1,-1
2927,2944,2945,-1,-1
2928,2945,2946,-1,-1
2929,2946,2947,-1,-1
2930,2947,2948,-1,-1
2931,2948,2949,-1,-1
2932,2949,2950,-1,-1
2933,2950,2951,-1,-1
2934,2951,2952,-1,-1
2935,2952,2953,-1,-1
2936,2953,2954,-1,-1
2937,2954,2955,-1,-1
2938,2955,2956,-1,-1
2939,2956,2957,-1,-1
2940,2957,2958,-1,-1
2941,2958,2959,-1,-1
2942,2959,2960,-1,-1
2943,2960,2961,-1,-1
2944,2961,2962,-1,-1
2945,2962,2963,-1,-1
2946,2963,2964,-1,-1
2947,2964,2965,-1,-1
2948,2965,2966,-1,-1
2949,2966,2967,-1,-1
2950,2967,2968,-1,-1
2951,2968,2969,-1,-1
2952,2969,2970,-1,-1
2953,2970,2971,-1,-1
2954,2971,2972,-1,-1
2955,2972,2973,-1,-1
2956,2973,2974,-1,-1
2957,2974,2975,-1,-1
2958,2975,2976,-1,-1
2959,2976,2977,-1,-1
2960,2977,2978,-1,-1
2961,2978,2979,-1,-1
2962,2979,2980,-1,-1
2963,2980,2981,-1,-1
2964,2981,2982,-1,-1
2965,2982,2983,-1,-1
2966,2983,2984,-1,-1
2967,2984,2985,-1,-1
2968,2985,2986,-1,-1
2969,2986,2987,-1,-1
2970,2987,2988,-1,-1
2971,2988,2989,-1,-1
2972,2989,2990,-1,-1
2973,2990,2991,-1,-1
2974,2991,2992,-1,-1
2975,2992,2993,-1,-1
2976,2993,2994,-1,-1
2977,2994,2995,-1,-1
2978,2995,2996,-1,-1
2979,2996,2997,-1,-1
2980,2997,2998,-1,-1
2981,2998,2999,-1,-1
2982,2999,3000,-1,-1
2983,3000,3001,-1,-1
2984,3001,3002,-1,-1
2985,3002,3003,-1,-1
2986,3003,3004,-1,-1
2987,3004,3005,-1,-1
2988,3005,3006,-1,-1
2989,3006,3007,-1,-1
2990,3007,3008,-1,-1
2991,3008,3009,-1,-1
2992,3009,3010,-1,-1
2993,3010,3011,-1,-1
2994,3011,3012,-1,-1
2995,3012,3013,-1,-1
2996,3013,3014,-1,-1
2997,3014,3015,-1,-1
2998,3015,3016,-1,-1
2999,3016,3017,-1,-1
3000,3017,3018,-1,-1
3001,3018,3019,-1,-1
3002,3019,3020,-1,-1
3003,3020,3021,-1,-1
3004,3021,3022,-1,-1
3005,3022,3023,-1,-1
3006,3023,3024,-1,-1
3007,3024,3025,-1,-1
3008,3025,3026,-1,-1
3009,3026,3027,-1,-1
3010,3027,3028,-1,-1
3011,3028,3029,-1,-1
3012,3029,3030,-1,-1
3013,3030,3031,-1,-1
3014,3031,3032,-1,-1
3015,3032,3033,-1,-1
3016,3033,3034,-1,-1
3017,3034,3035,-1,-1
3018,3035,3036,-1,-1
3019,3036,3037,-1,-1
3020,3037,3038,-1,-1
3021,3038,3039,-1,-1
3022,3039,3040,-1,-1
3023,3040,3041,-1,-1
3024,3041,3042,-1,-1
3025,3042,3043,-1,-1
3026,3043,3044,-1,-1
3027,3044,3045,-1,-1
3028,3045,3046,-1,-1
3029,3046,3047,-1,-1
3030,3047,3048,-1,-1
3031,3048,3049,-1,-1
3032,3049,3050,-1,-1
3033,3050,3051,-1,-1
3034,3051,3052,-1,-1
3035,3052,3053,-1,-1
3036,3053,3054,-1,-1
3037,3054,3055,-1,-1
3038,3055,3056,-1,-1
3039,3056,3057,-1,-1
3040,3057,3058,-1,-1
3041,3058,3059,-1,-1
3042,3059,3060,-1,-1
3043,3060,3061,-1,-1
3044,3061,3062,-1,-1
3045,3062,3063,-1,-1
3046,3063,3064,-1,-1
3047,3064,3065,-1,-1
3048,3065,3066,-1,-1
3049,3066,3067,-1,-1
3050,3067,3068,-1,-1
3051,3068,3069,-1,-1
3052,3069,3070,-1,-1
3053,3070,3071,-1,-1
3054,3071,3072,-1,-1
3055,3072,3073,-1,-1
3056,3073,3074,-1,-1
3057,3074,3075,-1,-1
3058,3075,3076,-1,-1
3059,3076,3077,-1,-1
3060,3077,3078,-1,-1
3061,3078,3079,-1,-1
3062,3079,3080,-1,-1
3063,3080,3081,-1,-1
3064,3081,3082,-1,-1
3065,3082,3083,-1,-1
3066,3083,3084,-1,-1
3067,3084,3085,-1,-1
3068,3085,3086,-1,-1
3069,3086,3087,-1,-1
3070,3087,3088,-1,-1
3071,3088,3089,-1,-1
3072,3089,3090,-1,-1
3073,3090,3091,-1,-1
3074,3091,3092,-1,-1
3075,3092,3093,-1,-1
3076,3093,3094,-1,-1
3077,3094,3095,-1,-1
3078,3095,3096,-1,-1
3079,3096,3097,-1,-1
3080,3097,3098,-1,-1
3081,3098,3099,-1,-1
3082,3099,3100,-1,-1
3083,3100,3101,-1,-1
3084,3101,3102,-1,-1
3085,3102,3103,-1,-1
3086,3103,3104,-1,-1
3087,3104,3105,-1,-1
3088,3105,3106,-1,-1
3089,3106,3107,-1,-1
3090,3107,3108,-1,-1
3091,3108,3109,-1,-1
3092,3109,3110,-1,-1
3093,3110,3111,-1,-1
3094,3111,3112,-1,-1
3095,3112,3113,-1,-1
3095,3113,3114,-1,-1
3096,3114,3115,-1,-1
3097,3115,3116,-1,-1
3098,3116,3117,-1,-1
3099,3117,3118,-1,-1
3100,3118,3119,-1,-1
3101,3119,3120,-1,-1
3102,3120,3121,-1,-1
3103,3121,3122,-1,-1
3104,3122,3123,-1,-1
3105,3123,3124,-1,-1
3106,3124,3125,-1,-1
3107,3125,3126,-1,-1
3108,3126,3127,-1,-1
3109,3127,3128,-1,-1
3110,3128,3129,-1,-1
3111,3129,3130,-1,-1
3112,3130,3131,-1,-1
3113,3131,3132,-1,-1
3114,3132,3133,-1,-1
3115,3133,3134,-1,-1
3116,3134,3135,-1,-1
3117,3135,3136,-1,-1
3118,3136,3137,-1,-1
3119,3137,3138,-1,-1
3120,3138,3139,-1,-1
3121,3139,3140,-1,-1
3122,3140,3141,-1,-1
3123,3141,3142,-1,-1
3124,3142,3143,-1,-1
3125,3143,3144,-1,-1
3126,3144,3145,-1,-1
3127,3145,3146,-1,-1
3128,3146,3147,-1,-1
3129,3147,3148,-1,-1
3130,3148,3149,-1,-1
3131,3149,3150,-1,-1
3132,3150,3151,-1,-1
3133,3151,3152,-1,-1
3134,3152,3153,-1,-1
3135,3153,3154,-1,-1
3136,3154,3155,-1,-1
3137,3155,3156,-1,-1
3138,3156,3157,-1,-1
3139,3157,3158,-1,-1
3140,3158,3159,-1,-1
3140,3159,3160,-1,-1
3141,3160,3161,-1,-1
3142,3161,3162,-1,-1
3143,3162,3163,-1,-1
3144,3163,3164,-1,-1
3145,3164,3165,-1,-1
3146,3165,3166,-1,-1
3147,3166,3167,-1,-1
3148,3167,3168,-1,-1
3149,3168,3169,-1,-1
3150,3169,3170,-1,-1
3151,3170,3171,-1,-1
3152,3171,3172,-1,-1
3153,3172,3173,-1,-1
3154,3173,3174,-1,-1
3155,3174,3175,-1,-1
3156,3175,3176,-1,-1
3157,3176,3177,-1,-1
3158,3177,3178,-1,-1
3159,3178,3179,-1,-1
3160,3179,3180,-1,-1
3161,3180,3181,-1,-1
3162,3181,3182,-1,-1
3163,3182,3183,-1,-1
3164,3183,3184,-1,-1
3165,3184,3185,-1,-1
3166,3185,3186,-1,-1
3167,3186,3187,-1,-1
3168,3187,3188,-1,-1
3169,3188,3189,-1,-1
3170,3189,3190,-1,-1
3171,3190,3191,-1,-1
3172,3191,3192,-1,-1
3173,3192,3193,-1,-1
3174,3193,3194,-1,-1
3175,3194,3195,-1,-1
3176,3195,3196,-1,-1
3177,3196,3197,-1,-1
3178,3197,3198,-1,-1
3179,3198,3199,-1,-1
3180,3199,3200,-1,-1
3181,3200,3201,-1,-1
3182,3201,3202,-1,-1
3183,3202,3203,-1,-1
3184,3203,3204,-1,-1
3185,3204,3205,-1,-1
3186,3205,3206,-1,-1
3187,3206,3207,-1,-1
3188,3207,3208,-1,-1
3189,3208,3209,-1,-1
3190,3209,3210,-1,-1
3191,3210,3211,-1,-1
3192,3211,3212,-1,-1
3193,3212,3213,-1,-1
3194,3213,3214,-1,-1
3195,3214,3215,-1,-1
3196,3215,3216,-1,-1
3197,3216,3217,-1,-1
3198,3217,3218,-1,-1
3199,3218,3219,-1,-1
3200,3219,3220,-1,-1
3201,3220,3221,-1,-1
3202,3221,3222,-1,-1
3203,3222,3223,-1,-1
3204,3223,3224,-1,-1
3205,3224,3225,-1,-1
3206,3225,3226,-1,-1
3207,3226,3227,-1,-1
3208,3227,3228,-1,-1
3209,3228,3229,-1,-1
3210,3229,3230,-1,-1
3211,3230,3231,-1,-1
3212,3231,3232,-1,-1
3213,3232,3233,-1,-1
3214,3233,3234,-1,-1
3215,3234,3235,-1,-1
3216,3235,3236,-1,-1
3217,3236,3237,-1,-1
3218,3237,3238,-1,-1
3219,3238,3239,-1,-1
3220,3239,3240,-1,-1
3221,3240,3241,-1,-1
3222,3241,3242,-1,-1
3223,3242,3243,-1,-1
3224,3243,3244,-1,-1
3225,3244,3245,-1,-1
3226,3245,3246,-1,-1
3227,3246,3247,-1,-1
3228,3247,3248,-1,-1
3229,3248,3249,-1,-1
3230,3249,3250,-1,-1
3231,3250,3251,-1,-1
3232,3251,3252,-1,-1
3233,3252,3253,-1,-1
3234,3253,3254,-1,-1
3235,3254,3255,-1,-1
3236,3255,3256,-1,-1
3237,3256,3257,-1,-1
3238,3257,3258,-1,-1
3239,3258,3259,-1,-1
3240,3259,3260,-1,-1
3241,3260,3261,-1,-1
3242,3261,3262,-1,-1
3243,3262,3263,-1,-1
3244,3263,3264,-1,-1
3245,3264,3265,-1,-1
3246,3265,3266,-1,-1
3247,3266,3267,-1,-1
3248,3267,3268,-1,-1
3249,3268,3269,-1,-1
3250,3269,3270,-1,-1
3251,3270,3271,-1,-1
3252,3271,3272,-1,-1
3253,3272,3273,-1,-1
3254,3273,3274,-1,-1
3255,3274,3275,-1,-1
3256,3275,3276,-1,-1
3257,3276,3277,-1,-1
3258,3277,3278,-1,-1
3259,3278,3279,-1,-1
3260,3279,3280,-1,-1
3261,3280,3281,-1,-1
3262,3281,3282,-1,-1
3263,3282,3283,-1,-1
3264,3283,3284,-1,-1
3265,3284,3285,-1,-1
3266,3285,3286,-1,-1
3267,3286,3287,-1,-1
3268,3287,3288,-1,-1
3269,3288,3289,-1,-1
3270,3289,3290,-1,-1
3271,3290,3291,-1,-1
3272,3291,3292,-1,-1
3273,3292,3293,-1,-1
3274,3293,3294,-1,-1
3275,3294,3295,-1,-1
3276,3295,3296,-1,-1
3277,3296,3297,-1,-1
3278,3297,3298,-1,-1
3279,3298,3299,-1,-1
3280,3299,3300,-1,-1
3281,3300,3301,-1,-1
3282,3301,3302,-1,-1
3283,3302,3303,-1,-1
3284,3303,3304,-1,-1
3285,3304,3305,-1,-1
3286,3305,3306,-1,-1
3287,3306,3307,-1,-1
3288,3307,3308,-1,-1
3289,3308,3309,-1,-1
3290,3309,3310,-1,-1
3291,3310,3311,-1,-1
3292,3311,3312,-1,-1
3293,3312,3313,-1,-1
3294,3313,3314,-1,-1
3295,3314,3315,-1,-1
3296,3315,3316,-1,-1
3297,3316,3317,-1,-1
3298,3317,3318,-1,-1
3299,3318,3319,-1,-1
3300,3319,3320,-1,-1
3301,3320,3321,-1,-1
3302,3321,3322,-1,-1
3303,3322,3323,-1,-1
3304,3323,3324,-1,-1
3305,3324,3325,-1,-1
3306,3325,3326,-1,-1
3307,3326,3327,-1,-1
3308,3327,3328,-1,-1
3309,3328,3329,-1,-1
3310,3329,3330,-1,-1
3311,3330,3331,-1,-1
3312,3331,3332,-1,-1
3313,3332,3333,-1,-1
3314,3333,3334,-1,-1
3315,3334,3335,-1,-1
3316,3335,3336,-1,-1
3317,3336,3337,-1,-1
3318,3337,3338,-1,-1
3319,3338,3339,-1,-1
3320,3339,3340,-1,-1
3321,3340,3341,-1,-1
3322,3341,3342,-1,-1
3323,3342,3343,-1,-1
3324,3343,3344,-1,-1
3325,3344,3345,-1,-1
3326,3345,3346,-1,-1
3327,3346,3347,-1,-1
3328,3347,3348,-1,-1
3329,3348,3349,-1,-1
3330,3349,3350,-1,-1
3331,3350,3351,-1,-1
3332,3351,3352,-1,-1
3333,3352,3353,-1,-1
3334,3353,3354,-1,-1
3335,3354,3355,-1,-1
3336,3355,3356,-1,-1
3337,3356,3357,-1,-1
3338,3357,3358,-1,-1
3339,3358,3359,-1,-1
3340,3359,3360,-1,-1
3341,3360,3361,-1,-1
3342,3361,3362,-1,-1
3343,3362,3363,-1,-1
3344,3363,3364,-1,-1
3345,3364,3365,-1,-1
3346,3365,3366,-1,-1
3347,3366,3367,-1,-1
3348,3367,3368,-1,-1
3349,3368,3369,-1,-1
3350,3369,3370,-1,-1
3351,3370,3371,-1,-1
3352,3371,3372,-1,-1
3353,3372,3373,-1,-1
3354,3373,3374,-1,-1
3355,3374,3375,-1,-1
3356,3375,3376,-1,-1
3357,3376,3377,-1,-1
3358,3377,3378,-1,-1
3359,3378,3379,-1,-1
3360,3379,3380,-1,-1
3361,3380,3381,-1,-1
3362,3381,3382,-1,-1
3363,3382,3383,-1,-1
3364,3383,3384,-1,-1
3365,3384,3385,-1,-1
3366,3385,3386,-1,-1
3367,3386,3387,-1,-1
3368,3387,3388,-1,-1
3369,3388,3389,-1,-1
3370,3389,3390,-1,-1
3371,3390,3391,-1,-1
3372,3391,3392,-1,-1
3373,3392,3393,-1,-1
3374,3393,3394,-1,-1
3375,3394,3395,-1,-1
3376,3395,3396,-1,-1
3377,3396,3397,-1,-1
3378,3397,3398,-1,-1
3379,3398,3399,-1,-1
3380,3399,3400,-1,-1
3381,3400,3401,-1,-1
3382,3401,3402,-1,-1
3383,3402,3403,-1,-1
3384,3403,3404,-1,-1
3385,3404,3405,-1,-1
3386,3405,3406,-1,-1
3387,3406,3407,-1,-1
3388,3407,3408,-1,-1
3389,3408,3409,-1,-1
3390,3409,3410,-1,-1
3391,3410,3411,-1,-1
3392,3411,3412,-1,-1
3393,3412,3413,-1,-1
3394,3413,3414,-1,-1
3395,3414,3415,-1,-1
3396,3415,3416,-1,-1
3397,3416,3417,-1,-1
3398,3417,3418,-1,-1
3399,3418,3419,-1,-1
3400,3419,3420,-1,-1
3401,3420,3421,-1,-1
3402,3421,3422,-1,-1
3403,3422,3423,-1,-1
3404,3423,3424,-1,-1
3405,3424,3425,-1,-1
3406,3425,3426,-1,-1
3407,3426,3427,-1,-1
3408,3427,3428,-1,-1
3409,3428,3429,-1,-1
3410,3429,3430,-1,-1
3411,3430,3431,-1,-1
3412,3431,3432,-1,-1
3413,3432,3433,-1,-1
3414,3433,3434,-1,-1
3415,3434,3435,-1,-1
3416,3435,3436,-1,-1
3417,3436,3437,-1,-1
3418,3437,3438,-1,-1
3419,3438,3439,-1,-1
3420,3439,3440,-1,-1
3421,3440,3441,-1,-1
3422,3441,3442,-1,-1
3423,3442,3443,-1,-1
3424,3443,3444,-1,-1
3425,3444,3445,-1,-1
3426,3445,3446,-1,-1
3427,3446,3447,-1,-1
3428,3447,3448,-1,-1
3429,3448,3449,-1,-1
3430,3449,3450,-1,-1
3431,3450,3451,-1,-1
3432,3451,3452,-1,-1
3433,3452,3453,-1,-1
3434,3453,3454,-1,-1
3435,3454,3455,-1,-1
3436,3455,3456,-1,-1
3437,3456,3457,-1,-1
3438,3457,3458,-1,-1
3439,3458,3459,-1,-1
3440,3459,3460,-1,-1
3441,3460,3461,-1,-1
3442,3461,3462,-1,-1
3443,3462,3463,-1,-1
3444,3463,3464,-1,-1
3445,3464,3465,-1,-1
3446,3465,3466,-1,-1
3447,3466,3467,-1,-1
3448,3467,3468,-1,-1
3449,3468,3469,-1,-1
3450,3469,3470,-1,-1
3451,3470,3471,-1,-1
3452,3471,3472,-1,-1
3453,3472,3473,-1,-1
3454,3473,3474,-1,-1
3455,3474,3475,-1,-1
3456,3475,3476,-1,-1
3457,3476,3477,-1,-1
3458,3477,3478,-1,-1
3459,3478,3479,-1,-1
3460,3479,3480,-1,-1
3461,3480,3481,-1,-1
3462,3481,3482,-1,-1
3463,3482,3483,-1,-1
3464,3483,3484,-1,-1
3465,3484,3485,-1,-1
3466,3485,3486,-1,-1
3467,3486,3487,-1,-1
3468,3487,3488,-1,-1
3469,3488,3489,-1,-1
3470,3489,3490,-1,-1
3471,3490,3491,-1,-1
3472,3491,3492,-1,-1
3473,3492,3493,-1,-1
3474,3493,3494,-1,-1
3475,3494,3495,-1,-1
3476,3495,3496,-1,-1
3477,3496,3497,-1,-1
3478,3497,3498,-1,-1
3479,3498,3499,-1,-1
3480,3499,3500,-1,-1
3481,3500,3501,-1,-1
3482,3501,3502,-1,-1
3483,3502,3503,-1,-1
3484,3503,3504,-1,-1
3485,3504,3505,-1,-1
3486,3505,3506,-1,-1
3487,3506,3507,-1,-1
3488,3507,3508,-1,-1
3489,3508,3509,-1,-1
3490,3509,3510,-1,-1
3491,3510,3511,-1,-1
3492,3511,3512,-1,-1
3493,3512,3513,-1,-1
3494,3513,3514,-1,-1
3495,3514,3515,-1,-1
3496,3515,3516,-1,-1
3497,3516,3517,-1,-1
3498,3517,3518,-1,-1
3499,3518,3519,-1,-1
3500,3519,3520,-1,-1
3501,3520,3521,-1,-1
3502,3521,3522,-1,-1
3502,3522,3523,-1,-1
3503,3523,3524,-1,-1
3504,3524,3525,-1,-1
3505,3525,3526,-1,-1
3506,3526,3527,-1,-1
3507,3527,3528,-1,-1
3508,3528,3529,-1,-1
3509,3529,3530,-1,-1
3510,3530,3531,-1,-1
3511,3531,3532,-1,-1
3512,3532,3533,-1,-1
3513,3533,3534,-1,-1
3514,3534,3535,-1,-1
3515,3535,3536,-1,-1
3516,3536,3537,-1,-1
3517,3537,3538,-1,-1
3518,3538,3539,-1,-1
3519,3539,3540,-1,-1
3520,3540,3541,-1,-1
3521,3541,3542,-1,-1
3522,3542,3543,-1,-1
3523,3543,3544,-1,-1
3524,3544,3545,-1,-1
3525,3545,3546,-1,-1
3526,3546,3547,-1,-1
3527,3547,3548,-1,-1
3528,3548,3549,-1,-1
3529,3549,3550,-1,-1
3530,3550,3551,-1,-1
3531,3551,3552,-1,-1
3532,3552,3553,-1,-1
3533,3553,3554,-1,-1
3534,3554,3555,-1,-1
3535,3555,3556,-1,-1
3536,3556,3557,-1,-1
3537,3557,3558,-1,-1
3538,3558,3559,-1,-1
3539,3559,3560,-1,-1
3540,3560,3561,-1,-1
3541,3561,3562,-1,-1
3542,3562,3563,-1,-1
3543,3563,3564,-1,-1
3544,3564,3565,-1,-1
3545,3565,3566,-1,-1
3546,3566,3567,-1,-1
3547,3567,3568,-1,-1
3548,3568,3569,-1,-1
3549,3569,3570,-1,-1
3550,3570,3571,-1,-1
3551,3571,3572,-1,-1
3552,3572,3573,-1,-1
3553,3573,3574,-1,-1
3554,3574,3575,-1,-1
3555,3575,3576,-1,-1
3556,3576,3577,-1,-1
3557,3577,3578,-1,-1
3558,3578,3579,-1,-1
3559,3579,3580,-1,-1
3560,3580,3581,-1,-1
3561,3581,3582,-1,-1
3562,3582,3583,-1,-1
3563,3583,3584,-1,-1
3564,3584,3585,-1,-1
3565,3585,3586,-1,-1
3566,3586,3587,-1,-1
3567,3587,3588,-1,-1
3568,3588,3589,-1,-1
3569,3589,3590,-1,-1
3570,3590,3591,-1,-1
3571,3591,3592,-1,-1
3572,3592,3593,-1,-1
3573,3593,3594,-1,-1
3574,3594,3595,-1,-1
3575,3595,3596,-1,-1
3576,3596,3597,-1,-1
3577,3597,3598,-1,-1
3578,3598,3599,-1,-1
3579,3599,3600,-1,-1
3580,3600,3601,-1,-1
3581,3601,3602,-1,-1
3582,3602,3603,-1,-1
3583,3603,3604,-1,-1
3584,3604,3605,-1,-1
3585,3605,3606,-1,-1
3586,3606,3607,-1,-1
3587,3607,3608,-1,-1
3588,3608,3609,-1,-1
3589,3609,3610,-1,-1
3590,3610,3611,-1,-1
3591,3611,3612,-1,-1
3592,3612,3613,-1,-1
3593,3613,3614,-1,-1
3594,3614,3615,-1,-1
3595,3615,3616,-1,-1
3596,3616,3617,-1,-1
3597,3617,3618,-1,-1
3598,3618,3619,-1,-1
3599,3619,3620,-1,-1
3600,3620,3621,-1,-1
3601,3621,3622,-1,-1
3602,3622,3623,-1,-1
3603,3623,3624,-1,-1
3604,3624,3625,-1,-1
3605,3625,3626,-1,-1
3606,3626,3627,-1,-1
3607,3627,3628,-1,-1
3608,3628,3629,-1,-1
3609,3629,3630,-1,-1
3610,3630,3631,-1,-1
3611,3631,3632,-1,-1
3612,3632,3633,-1,-1
3613,3633,3634,-1,-1
3614,3634,3635,-1,-1
3615,3635,3636,-1,-1
3616,3636,3637,-1,-1
3617,3637,3638,-1,-1
3618,3638,3639,-1,-1
3619,3639,3640,-1,-1
3620,3640,3641,-1,-1
3621,3641,3642,-1,-1
3622,3642,3643,-1,-1
3623,3643,3644,-1,-1
3624,3644,3645,-1,-1
3625,3645,3646,-1,-1
3626,3646,3647,-1,-1
3627,3647,3648,-1,-1
3628,3648,3649,-1,-1
3629,3649,3650,-1,-1
3630,3650,3651,-1,-1
3631,3651,3652,-1,-1
3632,3652,3653,-1,-1
3633,3653,3654,-1,-1
3634,3654,3655,-1,-1
3635,3655,3656,-1,-1
3636,3656,3657,-1,-1
3637,3657,3658,-1,-1
3638,3658,3659,-1,-1
3639,3659,3660,-1,-1
3640,3660,3661,-1,-1
3641,3661,3662,-1,-1
3642,3662,3663,-1,-1
3643,3663,3664,-1,-1
3644,3664,3665,-1,-1
3645,3665,3666,-1,-1
3646,3666,3667,-1,-1
3647,3667,3668,-1,-1
3648,3668,3669,-1,-1
3649,3669,3670,-1,-1
3650,3670,3671,-1,-1
3651,3671,3672,-1,-1
3652,3672,3673,-1,-1
3653,3673,3674,-1,-1
3654,3674,3675,-1,-1
3655,3675,3676,-1,-1
3656,3676,3677,-1,-1
3657,3677,3678,-1,-1
3658,3678,3679,-1,-1
3659,3679,3680,-1,-1
3660,3680,3681,-1,-1
3661,3681,3682,-1,-1
3662,3682,3683,-1,-1
3663,3683,3684,-1,-1
3664,3684,3685,-1,-1
3665,3685,3686,-1,-1
3666,3686,3687,-1,-1
3667,3687,3688,-1,-1
3668,3688,3689,-1,-1
3669,3689,3690,-1,-1
3670,3690,3691,-1,-1
3671,3691,3692,-1,-1
3672,3692,3693,-1,-1
3673,3693,3694,-1,-1
3674,3694,3695,-1,-1
3675,3695,3696,-1,-1
3676,3696,3697,-1,-1
3677,3697,3698,-1,-1
3678,3698,3699,-1,-1
3679,3699,3700,-1,-1
3680,3700,3701,-1,-1
3681,3701,3702,-1,-1
3682,3702,3703,-1,-1
3683,3703,3704,-1,-1
3684,3704,3705,-1,-1
3685,3705,3706,-1,-1
3686,3706,3707,-1,-1
3687,3707,3708,-1,-1
3688,3708,3709,-1,-1
3689,3709,3710,-1,-1
3690,3710,3711,-1,-1
3691,3711,3712,-1,-1
3692,3712,3713,-1,-1
3693,3713,3714,-1,-1
3694,3714,3715,-1,-1
3695,3715,3716,-1,-1
3696,3716,3717,-1,-1
3697,3717,3718,-1,-1
3698,3718,3719,-1,-1
3699,3719,3720,-1,-1
3700,3720,3721,-1,-1
3701,3721,3722,-1,-1
3702,3722,3723,-1,-1
3703,3723,3724,-1,-1
3704,3724,3725,-1,-1
3705,3725,3726,-1,-1
3706,3726,3727,-1,-1
3707,3727,3728,-1,-1
3708,3728,3729,-1,-1
3709,3729,3730,-1,-1
3710,3730,3731,-1,-1
3711,3731,3732,-1,-1
3712,3732,3733,-1,-1
3713,3733,3734,-1,-1
3714,3734,3735,-1,-1
3715,3735,3736,-1,-1
3716,3736,3737,-1,-1
3717,3737,3738,-1,-1
3718,3738,3739,-1,-1
3719,3739,3740,-1,-1
3720,3740,3741,-1,-1
3721,3741,3742,-1,-1
3722,3742,3743,-1,-1
3723,3743,3744,-1,-1
3724,3744,3745,-1,-1
3725,3745,3746,-1,-1
3726,3746,3747,-1,-1
3727,3747,3748,-1,-1
3728,3748,3749,-1,-1
3729,3749,3750,-1,-1
3730,3750,3751,-1,-1
3731,3751,3752,-1,-1
3732,3752,3753,-1,-1
3733,3753,3754,-1,-1
3734,3754,3755,-1,-1
3735,3755,3756,-1,-1
3736,3756,3757,-1,-1
3737,3757,3758,-1,-1
3738,3758,3759,-1,-1
3739,3759,3760,-1,-1
3740,3760,3761,-1,-1
3741,3761,3762,-1,-1
3742,3762,3763,-1,-1
3743,3763,3764,-1,-1
3744,3764,3765,-1,-1
3745,3765,3766,-1,-1
3746,3766,3767,-1,-1
3747,3767,3768,-1,-1
3748,3768,3769,-1,-1
3749,3769,3770,-1,-1
3750,3770,3771,-1,-1
3751,3771,3772,-1,-1
3752,3772,3773,-1,-1
3753,3773,3774,-1,-1
3754,3774,3775,-1,-1
3755,3775,3776,-1,-1
3756,3776,3777,-1,-1
3757,3777,3778,-1,-1
3758,3778,3779,-1,-1
3759,3779,3780,-1,-1
3760,3780,3781,-1,-1
3761,3781,3782,-1,-1
3762,3782,3783,-1,-1
3763,3783,3784,-1,-1
3764,3784,3785,-1,-1
3765,3785,3786,-1,-1
3766,3786,3787,-1,-1
3767,3787,3788,-1,-1
3768,3788,3789,-1,-1
3769,3789,3790,-1,-1
3770,3790,3791,-1,-1
3771,3791,3792,-1,-1
3772,3792,3793,-1,-1
3773,3793,3794,-1,-1
3774,3794,3795,-1,-1
3775,3795,3796,-1,-1
3776,3796,3797,-1,-1
3777,3797,3798,-1,-1
3778,3798,3799,-1,-1
3779,3799,3800,-1,-1
3780,3800,3801,-1,-1
3781,3801,3802,-1,-1
3782,3802,3803,-1,-1
3783,3803,3804,-1,-1
3784,3804,3805,-1,-1
3785,3805,3806,-1,-1
3786,3806,3807,-1,-1
3787,3807,3808,-1,-1
3788,3808,3809,-1,-1
3789,3809,3810,-1,-1
3790,3810,3811,-1,-1
3791,3811,3812,-1,-1
3792,3812,3813,-1,-1
3793,3813,3814,-1,-1
3794,3814,3815,-1,-1
3795,3815,3816,-1,-1
3796,3816,3817,-1,-1
3797,3817,3818,-1,-1
3798,3818,3819,-1,-1
3799,3819,3820,-1,-1
3800,3820,3821,-1,-1
3801,3821,3822,-1,-1
3802,3822,3823,-1,-1
3803,3823,3824,-1,-1
3804,3824,3825,-1,-1
3805,3825,3826,-1,-1
3806,3826,3827,-1,-1
3807,3827,3828,-1,-1
3808,3828,3829,-1,-1
3809,3829,3830,-1,-1
3810,3830,3831,-1,-1
3811,3831,3832,-1,-1
3812,3832,3833,-1,-1
3813,3833,3834,-1,-1
3814,3834,3835,-1,-1
3815,3835,3836,-1,-1
3816,3836,3837,-1,-1
3817,3837,3838,-1,-1
3818,3838,3839,-1,-1
3819,3839,3840,-1,-1
3820,3840,3841,-1,-1
3821,3841,3842,-1,-1
3822,3842,3843,-1,-1
3823,3843,3844,-1,-1
3824,3844,3845,-1,-1
3825,3845,3846,-1,-1
3826,3846,3847,-1,-1
3827,3847,3848,-1,-1
3828,3848,3849,-1,-1
3829,3849,3850,-1,-1
3830,3850,3851,-1,-1
3831,3851,3852,-1,-1
3832,3852,3853,-1,-1
3833,3853,3854,-1,-1
3834,3854,3855,-1,-1
3835,3855,3856,-1,-1
3836,3856,3857,-1,-1
3837,3857,3858,-1,-1
3838,3858,3859,-1,-1
3839,3859,3860,-1,-1
3840,3860,3861,-1,-1
3841,3861,3862,-1,-1
3842,3862,3863,-1,-1
3843,3863,3864,-1,-1
3844,3864,3865,-1,-1
3845,3865,3866,-1,-1
3846,3866,3867,-1,-1
3847,3867,3868,-1,-1
3848,3868,3869,-1,-1
3849,3869,3870,-1,-1
3850,3870,3871,-1,-1
3851,3871,3872,-1,-1
3852,3872,3873,-1,-1
3853,3873,3874,-1,-1
3854,3874,3875,-1,-1
3855,3875,3876,-1,-1
3856,3876,3877,-1,-1
3857,3877,3878,-1,-1
3858,3878,3879,-1,-1
3859,3879,3880,-1,-1
3860,3880,3881,-1,-1
3861,3881,3882,-1,-1
3862,3882,3883,-1,-1
3863,3883,3884,-1,-1
3864,3884,3885,-1,-1
3865,3885,3886,-1,-1
3866,3886,3887,-1,-1
3867,3887,3888,-1,-1
3868,3888,3889,-1,-1
3869,3889,3890,-1,-1
3870,3890,3891,-1,-1
3871,3891,3892,-1,-1
3872,3892,3893,-1,-1
3873,3893,3894,-1,-1
3874,3894,3895,-1,-1
3875,3895,3896,-1,-1
3876,3896,3897,-1,-1
3877,3897,3898,-1,-1
3878,3898,3899,-1,-1
3879,3899,3900,-1,-1
3880,3900,3901,-1,-1
3881,3901,3902,-1,-1
3882,3902,3903,-1,-1
3883,3903,3904,-1,-1
3884,3904,3905,-1,-1
3885,3905,3906,-1,-1
3886,3906,3907,-1,-1
3887,3907,3908,-1,-1
3888,3908,3909,-1,-1
3889,3909,3910,-1,-1
3890,3910,3911,-1,-1
3891,3911,3912,-1,-1
3892,3912,3913,-1,-1
3893,3913,3914,-1,-1
3894,3914,3915,-1,-1
3895,3915,3916,-1,-1
3896,3916,3917,-1,-1
3897,3917,3918,-1,-1
3898,3918,3919,-1,-1
3899,3919,3920,-1,-1
3900,3920,3921,-1,-1
3901,3921,3922,-1,-1
3902,3922,3923,-1,-1
3903,3923,3924,-1,-1
3904,3924,3925,-1,-1
3905,3925,3926,-1,-1
3906,3926,3927,-1,-1
3907,3927,3928,-1,-1
3908,3928,3929,-1,-1
3909,3929,3930,-1,-1
3910,3930,3931,-1,-1
3911,3931,3932,-1,-1
3912,3932,3933,-1,-1
3913,3933,3934,-1,-1
3914,3934,3935,-1,-1
3915,3935,3936,-1,-1
3916,3936,3937,-1,-1
3917,3937,3938,-1,-1
3918,3938,3939,-1,-1
3919,3939,3940,-1,-1
3920,3940,3941,-1,-1
3921,3941,3942,-1,-1
3922,3942,3943,-1,-1
3923,3943,3944,-1,-1
3924,3944,3945,-1,-1
3925,3945,3946,-1,-1
3926,3946,3947,-1,-1
3927,3947,3948,-1,-1
3928,3948,3949,-1,-1
3929,3949,3950,-1,-1
3930,3950,3951,-1,-1
3931,3951,3952,-1,-1
3932,3952,3953,-1,-1
3933,3953,3954,-1,-1
3934,3954,3955,-1,-1
3935,3955,3956,-1,-1
3936,3956,3957,-1,-1
3937,3957,3958,-1,-1
3938,3958,3959,-1,-1
3939,3959,3960,-1,-1
3940,3960,3961,-1,-1
3941,3961,3962,-1,-1
3942,3962,3963,-1,-1
3943,3963,3964,-1,-1
3944,3964,3965,-1,-1
3945,3965,3966,-1,-1
3946,3966,3967,-1,-1
3947,3967,3968,-1,-1
3948,3968,3969,-1,-1
3949,3969,3970,-1,-1
3950,3970,3971,-1,-1
3951,3971,3972,-1,-1
3952,3972,3973,-1,-1
3953,3973,3974,-1,-1
3954,3974,3975,-1,-1
3955,3975,3976,-1,-1
3956,3976,3977,-1,-1
3957,3977,3978,-1,-1
3958,3978,3979,-1,-1
3959,3979,3980,-1,-1
3960,3980,3981,-1,-1
3961,3980,3982,-1,-1
3962,3981,3983,-1,-1
3963,3982,3984,-1,-1
3964,3983,3985,-1,-1
3965,3984,3986,-1,-1
3966,3985,3987,-1,-1
3967,3986,3988,-1,-1
3968,3987,3989,-1,-1
3969,3988,3990,-1,-1
3970,3989,3991,-1,-1
3971,3990,3992,-1,-1
3972,3991,3993,-1,-1
3973,3992,3994,-1,-1
3974,3993,3995,-1,-1
3975,3994,3996,-1,-1
3976,3995,3997,-1,-1
3977,3996,3998,-1,-1
3978,3997,3999,-1,-1
3979,3998,4000,-1,-1
3980,3999,4001,-1,-1
3981,4000,4002,-1,-1
3982,4001,4003,-1,-1
3983,4002,4004,-1,-1
3984,4003,4005,-1,-1
3985,4004,4006,-1,-1
3986,4005,4007,-1,-1
3987,4006,4008,-1,-1
3988,4007,4009,-1,-1
3989,4008,4010,-1,-1
3990,4009,4011,-1,-1
3991,4010,4012,-1,-1
3992,4011,4013,-1,-1
3993,4012,4014,-1,-1
3994,4013,4015,-1,-1
3995,4014,4016,-1,-1
3996,4015,4017,-1,-1
3997,4016,4018,-1,-1
3998,4017,4019,-1,-1
3999,4018,4020,-1,-1
4000,4019,4021,-1,-1
4001,4020,4022,-1,-1
4002,4021,4023,-1,-1
4003,4022,4024,-1,-1
4004,4023,4025,-1,-1
4005,4024,4026,-1,-1
4006,4025,4027,-1,-1
4007,4026,4028,-1,-1
4008,4027,4029,-1,-1
4009,4028,4030,-1,-1
4010,4029,4031,-1,-1
4011,4030,4032,-1,-1
4012,4031,4033,-1,-1
4013,4032,4034,-1,-1
4014,4033,4035,-1,-1
4015,4034,4036,-1,-1
4016,4035,4037,-1,-1
4016,4036,4038,-1,-1
4017,4037,4039,-1,-1
4018,4038,4040,-1,-1
4019,4039,4041,-1,-1
4020,4040,4042,-1,-1
4021,4041,4043,-1,-1
4022,4042,4044,-1,-1
4023,4043,4045,-1,-1
4024,4044,4046,-1,-1
4025,4045,4047,-1,-1
4026,4046,4048,-1,-1
4027,4047,4049,-1,-1
4028,4048,4050,-1,-1
4029,4049,4051,-1,-1
4030,4050,4052,-1,-1
4031,4051,4053,-1,-1
4032,4052,4054,-1,-1
4033,4053,4055,-1,-1
4034,4054,4056,-1,-1
4035,4055,4057,-1,-1
4036,4056,4058,-1,-1
4037,4057,4059,-1,-1
4038,4058,4060,-1,-1
4039,4059,4061,-1,-1
4040,4060,4062,-1,-1
4041,4061,4063,-1,-1
4042,4062,4064,-1,-1
4043,4063,4065,-1,-1
4044,4064,4066,-1,-1
4045,4065,4067,-1,-1
4046,4066,4068,-1,-1
4047,4067,4069,-1,-1
4048,4068,4070,-1,-1
4049,4069,4071,-1,-1
4050,4070,4072,-1,-1
4051,4071,4073,-1,-1
4052,4072,4074,-1,-1
4053,4073,4075,-1,-1
4054,4074,4076,-1,-1
4055,4075,4077,-1,-1
4056,4076,4078,-1,-1
4057,4077,4079,-1,-1
4058,4078,4080,-1,-1
4059,4079,4081,-1,-1
4060,4080,4082,-1,-1
4061,4081,4083,-1,-1
4062,4082,4084,-1,-1
4063,4083,4085,-1,-1
4064,4084,4086,-1,-1
4065,4085,4087,-1,-1
4066,4086,4088,-1,-1
4067,4087,4089,-1,-1
4068,4088,4090,-1,-1
4069,4089,4091,-1,-1
4070,4090,4092,-1,-1
4071,4091,4093,-1,-1
4072,4092,4094,-1,-1
4073,4093,4095,-1,-1
4074,4094,4096,-1,-1
4075,4095,4097,-1,-1
4076,4096,4098,-1,-1
4077,4097,4099,-1,-1
4078,4098,4100,-1,-1
4079,4099,4101,-1,-1
4080,4100,4102,-1,-1
4081,4101,4103,-1,-1
4082,4102,4104,-1,-1
4083,4103,4105,-1,-1
4084,4104,4106,-1,-1
4085,4105,4107,-1,-1
4086,4106,4108,-1,-1
4087,4107,4109,-1,-1
4088,4108,4110,-1,-1
4089,4109,4111,-1,-1
4090,4110,4112,-1,-1
4091,4111,4113,-1,-1
4092,4112,4114,-1,-1
4093,4113,4115,-1,-1
4094,4114,4116,-1,-1
4095,4115,4117,-1,-1
4096,4116,4118,-1,-1
4097,4117,4119,-1,-1
4098,4118,4120,-1,-1
4099,4119,4121,-1,-1
4100,4120,4122,-1,-1
4101,4121,4123,-1,-1
4102,4122,4124,-1,-1
4103,4123,4125,-1,-1
4104,4124,4126,-1,-1
4105,4125,4127,-1,-1
4106,4126,4128,-1,-1
4107,4127,4129,-1,-1
4108,4128,4130,-1,-1
4109,4129,4131,-1,-1
4110,4130,4132,-1,-1
4111,4131,4133,-1,-1
4112,4132,4134,-1,-1
4113,4133,4135,-1,-1
4114,4134,4136,-1,-1
4114,4135,4137,-1,-1
4115,4136,4138,-1,-1
4116,4137,4139,-1,-1
4117,4138,4140,-1,-1
4118,4139,4141,-1,-1
4119,4140,4142,-1,-1
4120,4141,4143,-1,-1
4121,4142,4144,-1,-1
4122,4143,4145,-1,-1
4123,4144,4146,-1,-1
4124,4145,4147,-1,-1
4125,4146,4148,-1,-1
4126,4147,4149,-1,-1
4127,4148,4150,-1,-1
4128,4149,4151,-1,-1
4129,4150,4152,-1,-1
4130,4151,4153,-1,-1
4131,4152,4154,-1,-1
4132,4153,4155,-1,-1
4133,4154,4156,-1,-1
4134,4155,4157,-1,-1
4135,4156,4158,-1,-1
4136,4157,4159,-1,-1
4137,4158,4160,-1,-1
4138,4159,4161,-1,-1
4139,4160,4162,-1,-1
4140,4161,4163,-1,-1
4141,4162,4164,-1,-1
4142,4163,4165,-1,-1
4143,4164,4166,-1,-1
4144,4165,4167,-1,-1
4145,4166,4168,-1,-1
4146,4167,4169,-1,-1
4147,4168,4170,-1,-1
4148,4169,4171,-1,-1
4149,4170,4172,-1,-1
4150,4171,4173,-1,-1
4151,4172,4174,-1,-1
4152,4173,4175,-1,-1
4153,4174,4176,-1,-1
4154,4175,4177,-1,-1
4155,4176,4178,-1,-1
4156,4177,4179,-1,-1
4157,4178,4180,-1,-1
4158,4179,4181,-1,-1
4159,4180,4182,-1,-1
4160,4181,4183,-1,-1
4161,4182,4184,-1,-1
4162,4183,4185,-1,-1
4163,4184,4186,-1,-1
4164,4185,4187,-1,-1
4165,4186,4188,-1,-1
4166,4187,4189,-1,-1
4167,4188,4190,-1,-1
4168,4189,4191,-1,-1
4169,4190,4192,-1,-1
4170,4191,4193,-1,-1
4171,4192,4194,-1,-1
4172,4193,4195,-1,-1
4173,4194,4196,-1,-1
4174,4195,4197,-1,-1
4175,4196,4198,-1,-1
4176,4197,4199,-1,-1
4177,4198,4200,-1,-1
4178,4199,4201,-1,-1
4179,4199,4202,-1,-1
4180,4200,4203,-1,-1
4181,4201,4204,-1,-1
4182,4202,4205,-1,-1
4183,4203,4206,-1,-1
4184,4204,4207,-1,-1
4185,4205,4208,-1,-1
4186,4206,4209,-1,-1
4187,4207,4210,-1,-1
4188,4208,4211,-1,-1
4189,4209,4212,-1,-1
4190,4210,4213,-1,-1
4191,4211,4214,-1,-1
4192,4212,4215,-1,-1
4193,4213,4216,-1,-1
4194,4214,4217,-1,-1
4195,4215,4218,-1,-1
4196,4216,4219,-1,-1
4197,4217,4220,-1,-1
4198,4218,4221,-1,-1
4199,4219,4222,-1,-1
4200,4220,4223,-1,-1
4201,4221,4224,-1,-1
4202,4222,4225,-1,-1
4203,4223,4226,-1,-1
4204,4224,4227,-1,-1
4205,4225,4228,-1,-1
4206,4226,4229,-1,-1
4207,4227,4230,-1,-1
4208,4228,4231,-1,-1
4209,4229,4232,-1,-1
4210,4230,4233,-1,-1
4211,4231,4234,-1,-1
4212,4232,4235,-1,-1
4213,4233,4236,-1,-1
4214,4234,4237,-1,-1
4215,4235,4238,-1,-1
4216,4236,4239,-1,-1
4217,4237,4240,-1,-1
4218,4238,4241,-1,-1
4219,4239,4242,-1,-1
4220,4240,4243,-1,-1
4221,4241,4244,-1,-1
4222,4242,4245,-1,-1
4223,4243,4246,-1,-1
4224,4244,4247,-1,-1
4225,4245,4248,-1,-1
4226,4246,4249,-1,-1
4227,4247,4250,-1,-1
4227,4248,4251,-1,-1
4228,4249,4252,-1,-1
4229,4250,4253,-1,-1
4230,4251,4254,-1,-1
4231,4252,4255,-1,-1
4232,4253,4256,-1,-1
4233,4254,4257,-1,-1
4234,4255,4258,-1,-1
4235,4256,4259,-1,-1
4236,4257,4260,-1,-1
4237,4258,4261,-1,-1
4238,4259,4262,-1,-1
4239,4260,4263,-1,-1
4240,4261,4264,-1,-1
4241,4262,4265,-1,-1
4242,4263,4266,-1,-1
4243,4264,4267,-1,-1
4244,4265,4268,-1,-1
4245,4266,4269,-1,-1
4246,4267,4270,-1,-1
4247,4268,4271,-1,-1
4248,4269,4272,-1,-1
4249,4270,4273,-1,-1
4250,4271,4274,-1,-1
4251,4272,4275,-1,-1
4252,4273,4276,-1,-1
4253,4274,4277,-1,-1
4254,4275,4278,-1,-1
4255,4276,4279,-1,-1
4256,4277,4280,-1,-1
4257,4278,4281,-1,-1
4258,4279,4282,-1,-1
4259,4280,4283,-1,-1
4260,4281,4284,-1,-1
4261,4282,4285,-1,-1
4262,4283,4286,-1,-1
4263,4284,4287,-1,-1
4264,4285,4288,-1,-1
4265,4286,4289,-1,-1
4266,4287,4290,-1,-1
4267,4288,4291,-1,-1
4268,4289,4292,-1,-1
4269,4290,4293,-1,-1
4270,4291,4294,-1,-1
4271,4292,4295,-1,-1
4272,4293,4296,-1,-1
4273,4294,4297,-1,-1
4274,4295,4298,-1,-1
4275,4296,4299,-1,-1
4276,4297,4300,-1,-1
4277,4298,4301,-1,-1
4278,4299,4302,-1,-1
4279,4300,4303,-1,-1
4280,4301,4304,-1,-1
4281,4302,4305,-1,-1
4282,4303,4306,-1,-1
4283,4304,4307,-1,-1
4284,4305,4308,-1,-1
4285,4306,4309,-1,-1
4286,4307,4310,-1,-1
4287,4308,4311,-1,-1
4288,4309,4312,-1,-1
4289,4310,4313,-1,-1
4290,4311,4314,-1,-1
4291,4312,4315,-1,-1
4292,4313,4316,-1,-1
4293,4314,4317,-1,-1
4294,4315,4318,-1,-1
4295,4316,4319,-1,-1
4296,4317,4320,-1,-1
4297,4318,4321,-1,-1
4298,4319,4322,-1,-1
4299,4320,4323,-1,-1
4300,4321,4324,-1,-1
4301,4322,4325,-1,-1
4302,4323,4326,-1,-1
4303,4324,4327,-1,-1
4304,4325,4328,-1,-1
4305,4326,4329,-1,-1
4305,4327,4330,-1,-1
4306,4328,4331,-1,-1
4307,4329,4332,-1,-1
4308,4330,4333,-1,-1
4309,4331,4334,-1,-1
4310,4332,4335,-1,-1
4311,4333,4336,-1,-1
4312,4334,4337,-1,-1
4313,4335,4338,-1,-1
4314,4336,4339,-1,-1
4315,4337,4340,-1,-1
4316,4338,4341,-1,-1
4317,4339,4342,-1,-1
4318,4340,4343,-1,-1
4319,4341,4344,-1,-1
4320,4342,4345,-1,-1
4321,4343,4346,-1,-1
4322,4344,4347,-1,-1
4323,4345,4348,-1,-1
4324,4346,4349,-1,-1
4325,4347,4350,-1,-1
4326,4348,4351,-1,-1
4327,4349,4352,-1,-1
4328,4350,4353,-1,-1
4329,4351,4354,-1,-1
4330,4352,4355,-1,-1
4331,4353,4356,-1,-1
4332,4354,4357,-1,-1
4333,4355,4358,-1,-1
4334,4356,4359,-1,-1
4335,4357,4360,-1,-1
4336,4358,4361,-1,-1
4337,4359,4362,-1,-1
4338,4360,4363,-1,-1
4339,4361,4364,-1,-1
4340,4362,4365,-1,-1
4341,4363,4366,-1,-1
4342,4364,4367,-1,-1
4343,4365,4368,-1,-1
4344,4366,4369,-1,-1
4345,4367,4370,-1,-1
4346,4368,4371,-1,-1
4347,4369,4372,-1,-1
4348,4370,4373,-1,-1
4349,4371,4374,-1,-1
4350,4372,4375,-1,-1
4351,4373,4376,-1,-1
4352,4374,4377,-1,-1
4353,4375,4378,-1,-1
4354,4376,4379,-1,-1
4355,4377,4380,-1,-1
4356,4378,4381,-1,-1
4357,4379,4382,-1,-1
4358,4380,4383,-1,-1
4359,4381,4384,-1,-1
4360,4382,4385,-1,-1
4361,4383,4386,-1,-1
4362,4384,4387,-1,-1
4363,4385,4388,-1,-1
4363,4386,4389,-1,-1
4364,4387,4390,-1,-1
4365,4388,4391,-1,-1
4366,4389,4392,-1,-1
4367,4390,4393,-1,-1
4368,4391,4394,-1,-1
4369,4392,4395,-1,-1
4370,4393,4396,-1,-1
4371,4394,4397,-1,-1
4372,4395,4398,-1,-1