recipeinstructions,author,recipeingredient,recipeyield,recipecategory,totaltime,aggregaterating
0,-1,-1,0,1,0,-1
0,-1,-1,1,2,0,-1
0,-1,-1,2,3,1,-1
0,-1,-1,3,-1,2,-1
0,-1,-1,3,3,3,-1
0,-1,-1,4,3,3,-1
0,-1,-1,5,4,4,-1
0,-1,-1,6,5,5,-1
0,-1,-1,7,-1,6,-1
0,-1,-1,8,6,7,-1
0,-1,-1,9,7,8,-1
0,-1,-1,10,8,9,-1
0,-1,-1,11,9,10,-1
0,-1,-1,12,10,11,-1
0,-1,-1,13,11,12,-1
0,-1,-1,13,12,13,-1
0,-1,-1,14,12,14,-1
0,-1,-1,14,13,15,-1
0,-1,-1,14,14,15,-1
0,-1,-1,14,-1,16,-1
0,-1,-1,15,14,17,-1
0,-1,-1,15,14,17,-1
0,-1,-1,16,15,18,-1
0,-1,-1,17,16,19,-1
0,-1,-1,18,17,20,-1
0,-1,-1,19,-1,21,-1
0,-1,-1,20,18,22,-1
0,-1,-1,21,18,22,-1
0,-1,-1,22,18,23,-1
0,-1,-1,23,19,24,-1
0,-1,-1,24,20,24,-1
0,-1,-1,24,21,25,-1
0,-1,-1,25,22,26,-1
0,-1,-1,26,-1,27,-1
0,-1,-1,26,23,28,-1
0,-1,-1,27,23,29,-1
0,-1,-1,28,-1,30,-1
0,-1,-1,29,-1,31,-1
0,-1,-1,30,24,32,-1
0,-1,-1,31,25,33,-1
0,-1,-1,32,25,33,-1
0,-1,-1,33,-1,34,-1
0,-1,-1,34,26,35,-1
0,-1,-1,35,27,36,-1
0,-1,-1,36,28,37,-1
0,-1,-1,37,29,38,-1
0,-1,-1,38,30,39,-1
0,-1,-1,39,31,40,-1
0,-1,-1,40,32,41,-1
0,-1,-1,41,33,42,-1
0,-1,-1,42,34,43,-1
0,-1,-1,43,35,44,-1
0,-1,-1,44,35,45,-1
0,-1,-1,45,36,46,-1
0,-1,-1,46,36,46,-1
0,-1,-1,47,37,47,-1
0,-1,-1,48,38,48,-1
0,-1,-1,48,38,49,-1
0,-1,-1,49,38,49,-1
0,-1,-1,50,39,50,-1
0,-1,-1,51,40,51,-1
0,-1,-1,51,41,52,-1
0,-1,-1,51,41,52,-1
0,-1,-1,52,42,53,-1
0,-1,-1,53,43,54,-1
0,-1,-1,54,44,55,-1
0,-1,-1,55,45,56,-1
0,-1,-1,56,46,57,-1
0,-1,-1,57,47,58,-1
0,-1,-1,58,48,59,-1
0,-1,-1,59,-1,59,-1
0,-1,-1,60,49,60,-1
0,-1,-1,61,50,61,-1
0,-1,-1,62,50,62,-1
0,-1,-1,62,51,63,-1
0,-1,-1,63,51,64,-1
0,-1,-1,64,52,65,-1
0,-1,-1,65,53,66,-1
0,-1,-1,66,54,67,-1
0,-1,-1,67,55,68,-1
0,-1,-1,68,56,69,-1
0,-1,-1,68,56,69,-1
0,-1,-1,68,-1,70,-1
0,-1,-1,68,57,71,-1
0,-1,-1,69,58,72,-1
0,-1,-1,70,59,73,-1
0,-1,-1,71,60,74,-1
0,-1,-1,72,61,75,-1
0,-1,-1,73,62,75,-1
0,-1,-1,73,63,76,-1
0,-1,-1,74,64,77,-1
0,-1,-1,75,65,78,-1
0,-1,-1,76,66,79,-1
0,-1,-1,77,66,80,-1
0,-1,-1,78,67,80,-1
0,-1,-1,79,67,81,-1
0,-1,-1,80,68,82,-1
0,-1,-1,81,-1,82,-1
0,-1,-1,82,69,83,-1
0,-1,-1,82,70,84,-1
0,-1,-1,82,70,85,-1
0,-1,-1,83,70,86,-1
0,-1,-1,84,71,87,-1
0,-1,-1,85,71,88,-1
0,-1,-1,86,72,89,-1
0,-1,-1,86,73,90,-1
0,-1,-1,87,-1,90,-1
0,-1,-1,88,74,90,-1
0,-1,-1,89,75,91,-1
0,-1,-1,90,76,92,-1
0,-1,-1,91,77,93,-1
0,-1,-1,92,78,94,-1
0,-1,-1,92,79,95,-1
0,-1,-1,93,80,95,-1
0,-1,-1,94,80,96,-1
0,-1,-1,95,81,97,-1
0,-1,-1,96,82,98,-1
0,-1,-1,97,83,99,-1
0,-1,-1,98,-1,100,-1
0,-1,-1,99,83,101,-1
0,-1,-1,100,84,101,-1
0,-1,-1,100,84,102,-1
0,-1,-1,101,85,103,-1
0,-1,-1,102,86,103,-1
0,-1,-1,103,86,104,-1
0,-1,-1,104,87,105,-1
0,-1,-1,105,88,106,-1
0,-1,-1,106,89,107,-1
0,-1,-1,107,90,108,-1
0,-1,-1,107,91,109,-1
0,-1,-1,108,92,110,-1
0,-1,-1,109,-1,111,-1
0,-1,-1,110,93,112,-1
0,-1,-1,111,94,113,-1
0,-1,-1,112,94,114,-1
0,-1,-1,112,95,115,-1
0,-1,-1,113,96,116,-1
0,-1,-1,114,96,117,-1
0,-1,-1,115,-1,118,-1
0,-1,-1,116,97,119,-1
0,-1,-1,117,98,120,-1
0,-1,-1,118,98,120,-1
0,-1,-1,118,99,121,-1
0,-1,1,119,-1,122,-1
0,-1,-1,120,100,123,-1
0,-1,-1,120,101,123,-1
0,-1,-1,121,101,124,-1
0,-1,-1,121,-1,125,-1
0,-1,-1,121,102,126,-1
0,-1,-1,122,103,127,-1
0,-1,-1,123,104,128,-1
0,-1,-1,124,105,128,-1
0,-1,-1,125,105,128,-1
0,-1,-1,125,106,129,-1
0,-1,-1,126,107,130,-1
0,-1,-1,127,108,131,-1
0,-1,-1,128,108,132,-1
0,-1,-1,129,109,132,-1
0,-1,-1,130,110,133,-1
0,-1,-1,131,110,134,-1
0,-1,-1,132,111,135,-1
0,-1,-1,133,112,136,-1
0,-1,-1,134,113,137,-1
0,-1,-1,135,114,138,-1
0,-1,-1,136,-1,139,-1
0,-1,-1,136,-1,140,-1
0,-1,-1,136,115,141,-1
0,-1,-1,136,-1,142,-1
0,-1,-1,137,116,143,-1
0,-1,-1,137,117,144,-1
0,-1,-1,138,118,144,-1
0,-1,-1,138,119,145,-1
0,-1,-1,138,120,146,-1
0,-1,-1,138,121,147,-1
0,-1,-1,139,-1,148,-1
0,-1,-1,140,-1,149,-1
0,-1,-1,140,121,150,-1
0,-1,-1,140,122,151,-1
0,-1,-1,141,123,152,-1
0,-1,-1,142,124,153,-1
0,-1,-1,143,-1,154,-1
0,-1,-1,144,125,155,-1
0,-1,-1,145,126,155,-1
0,-1,-1,146,127,156,-1
0,-1,-1,147,128,157,-1
0,-1,-1,148,129,158,-1
0,-1,-1,149,130,159,-1
0,-1,-1,150,131,159,-1
0,-1,-1,151,131,160,-1
0,-1,-1,152,132,161,-1
0,-1,-1,152,133,162,-1
0,-1,-1,153,134,163,-1
0,-1,-1,154,134,164,-1
0,-1,-1,155,135,165,-1
0,-1,-1,156,136,166,-1
0,-1,-1,157,-1,167,-1
0,-1,-1,158,-1,168,-1
0,-1,-1,159,137,169,-1
0,-1,-1,160,138,170,-1
0,-1,-1,160,139,170,-1
0,-1,-1,161,140,170,-1
0,-1,-1,162,141,171,-1
0,-1,-1,163,142,172,-1
0,-1,-1,163,-1,173,-1
0,-1,-1,164,143,174,-1
0,-1,-1,165,144,175,-1
0,-1,-1,166,144,175,-1
0,-1,-1,167,145,176,-1
0,-1,-1,168,146,177,-1
0,-1,-1,169,147,178,-1
0,-1,-1,169,148,178,-1
0,-1,-1,170,149,179,-1
0,-1,-1,171,150,180,-1
0,-1,-1,172,151,181,-1
0,-1,-1,172,152,182,-1
0,-1,-1,172,152,183,-1
0,-1,-1,172,152,184,-1
0,-1,-1,173,152,185,-1
0,-1,-1,174,153,186,-1
0,-1,-1,175,154,187,-1
0,-1,-1,176,155,188,-1
0,-1,-1,176,156,189,-1
0,-1,-1,177,157,190,-1
0,-1,-1,178,157,191,-1
0,-1,-1,179,158,192,-1
0,-1,-1,180,158,193,-1
0,-1,-1,180,159,194,-1
0,-1,-1,181,159,195,-1
0,-1,-1,182,160,196,-1
0,-1,-1,183,-1,196,-1
0,-1,-1,184,161,197,-1
0,-1,-1,185,162,197,-1
0,-1,-1,186,163,198,-1
0,-1,-1,187,-1,199,-1
0,-1,-1,187,164,200,-1
0,-1,-1,187,165,200,-1
0,-1,-1,188,165,201,-1
0,-1,-1,189,166,201,-1
0,-1,-1,190,166,202,-1
0,-1,-1,190,167,203,-1
0,-1,-1,191,167,203,-1
0,-1,-1,192,168,204,-1
0,-1,-1,193,169,205,-1
0,-1,-1,194,170,206,-1
0,-1,-1,195,170,207,-1
0,-1,-1,196,171,208,-1
0,-1,-1,197,172,208,-1
0,-1,-1,198,173,209,-1
0,-1,-1,199,173,210,-1
0,-1,-1,199,174,211,-1
0,-1,-1,200,175,212,-1
0,-1,-1,201,176,213,-1
0,-1,-1,202,177,214,-1
0,-1,-1,203,177,214,-1
0,-1,-1,204,178,215,-1
0,-1,-1,205,179,216,-1
0,-1,-1,205,179,216,-1
0,-1,-1,205,179,216,-1
0,-1,-1,206,180,216,-1
0,-1,2,207,181,217,-1
0,-1,-1,208,182,218,-1
0,-1,-1,209,183,219,-1
0,-1,-1,210,-1,220,-1
0,-1,-1,211,184,221,-1
0,-1,-1,212,185,221,-1
0,-1,-1,212,186,222,-1
0,-1,-1,213,187,223,-1
0,-1,-1,214,188,224,-1
0,-1,-1,215,189,225,-1
0,-1,-1,216,190,226,-1
0,-1,-1,217,-1,227,-1
0,-1,-1,217,191,228,-1
0,-1,-1,218,191,229,-1
0,-1,-1,219,192,229,-1
0,-1,-1,220,193,229,-1
0,-1,-1,221,194,230,-1
0,-1,-1,222,195,231,-1
0,-1,-1,223,196,232,-1
0,-1,-1,224,197,233,-1
0,-1,-1,225,197,234,-1
0,-1,-1,226,198,235,-1
0,-1,-1,226,199,235,-1
0,-1,-1,227,200,235,-1
0,-1,-1,228,201,236,-1
0,-1,-1,229,202,237,-1
0,-1,-1,230,-1,237,-1
0,-1,-1,231,203,237,-1
0,-1,-1,232,204,238,-1
0,-1,-1,233,205,238,-1
0,-1,-1,234,206,239,-1
0,-1,-1,235,207,240,-1
0,-1,-1,236,208,241,-1
0,-1,-1,237,209,242,-1
0,-1,-1,238,210,243,-1
0,-1,-1,239,-1,244,-1
0,-1,-1,240,210,244,-1
0,-1,-1,241,211,245,-1
0,-1,-1,242,212,246,-1
0,-1,-1,243,213,246,-1
0,-1,-1,244,214,247,-1
0,-1,-1,245,215,248,-1
0,-1,-1,246,-1,249,-1
0,-1,-1,246,216,249,-1
0,-1,-1,247,217,250,-1
0,-1,-1,247,218,251,-1
0,-1,-1,248,219,252,-1
0,-1,3,249,-1,253,-1
0,-1,-1,250,220,254,-1
0,-1,-1,250,221,255,-1
0,-1,-1,251,-1,256,-1
0,-1,-1,252,-1,257,-1
0,-1,-1,253,222,258,-1
0,-1,-1,254,222,259,-1
0,-1,-1,255,223,260,-1
0,-1,-1,256,223,260,-1
0,-1,-1,257,224,261,-1
0,-1,-1,258,225,262,-1
0,-1,-1,259,225,263,-1
0,-1,-1,260,226,263,-1
0,-1,-1,261,227,264,-1
0,-1,-1,262,227,265,-1
0,-1,-1,263,-1,265,-1
0,-1,-1,263,228,266,-1
0,-1,-1,264,228,267,-1
0,-1,-1,264,228,267,-1
0,-1,-1,265,229,268,-1
0,-1,-1,266,230,269,-1
0,-1,-1,267,231,270,-1
0,-1,-1,268,232,271,-1
0,-1,-1,269,233,272,-1
0,-1,-1,270,234,273,-1
0,-1,-1,271,-1,274,-1
0,-1,-1,271,235,275,-1
0,-1,-1,272,235,276,-1
0,-1,-1,273,235,277,-1
0,-1,-1,273,-1,277,-1
0,-1,-1,274,236,278,-1
0,-1,-1,275,-1,279,-1
0,-1,-1,276,237,280,-1
0,-1,-1,277,-1,281,-1
0,-1,-1,278,-1,282,-1
0,-1,-1,279,238,283,-1
0,-1,-1,279,239,284,-1
0,-1,-1,279,240,285,-1
0,-1,-1,279,240,286,-1
0,-1,-1,280,240,287,-1
0,-1,-1,281,241,288,-1
0,-1,-1,282,242,289,-1
0,-1,-1,283,242,289,-1
0,-1,-1,284,242,290,-1
0,-1,-1,285,243,291,-1
0,-1,-1,286,244,291,-1
0,-1,-1,287,245,292,-1
0,-1,-1,288,246,293,-1
0,-1,-1,289,247,294,-1
0,-1,-1,290,248,295,-1
0,-1,-1,291,249,295,-1
0,-1,-1,292,-1,296,-1
0,-1,-1,293,249,297,-1
0,-1,-1,293,250,297,-1
0,-1,-1,294,251,297,-1
0,-1,-1,294,252,298,-1
0,-1,-1,295,252,299,-1
0,-1,4,296,-1,300,-1
0,-1,-1,297,253,301,-1
0,-1,-1,297,254,302,-1
0,-1,-1,298,254,303,-1
0,-1,-1,299,-1,304,-1
0,-1,-1,300,254,304,-1
0,-1,-1,301,254,305,-1
0,-1,-1,302,-1,306,-1
0,-1,-1,302,255,307,-1
0,-1,-1,303,256,308,-1
0,-1,-1,304,257,308,-1
0,-1,-1,305,257,309,-1
0,-1,-1,306,257,310,-1
0,-1,-1,306,258,311,-1
0,-1,-1,306,259,312,-1
0,-1,-1,307,260,313,-1
0,-1,-1,308,-1,314,-1
0,-1,-1,309,261,315,-1
0,-1,-1,310,262,316,-1
0,-1,-1,311,263,317,-1
0,-1,-1,312,-1,318,-1
0,-1,-1,313,264,318,-1
0,-1,-1,314,264,319,-1
0,-1,-1,315,265,320,-1
0,-1,-1,316,266,321,-1
0,-1,-1,317,267,322,-1
0,-1,-1,318,268,322,-1
0,-1,-1,319,269,322,-1
0,-1,-1,320,-1,323,-1
0,-1,-1,321,269,324,-1
0,-1,-1,322,270,325,-1
0,-1,-1,323,271,326,-1
0,-1,-1,324,271,327,-1
0,-1,-1,325,271,328,-1
0,-1,-1,325,271,328,-1
0,-1,-1,326,272,329,-1
0,-1,-1,327,273,330,-1
0,-1,-1,328,274,331,-1
0,-1,-1,329,275,332,-1
0,-1,-1,329,276,332,-1
0,-1,-1,330,276,333,-1
0,-1,-1,330,277,334,-1
0,-1,-1,331,278,335,-1
0,-1,-1,332,279,336,-1
0,-1,-1,333,-1,337,-1
0,-1,-1,334,-1,338,-1
0,-1,-1,335,279,339,-1
0,-1,-1,336,280,340,-1
0,-1,-1,337,281,341,-1
0,-1,-1,338,281,342,-1
0,-1,-1,339,281,343,-1
0,-1,-1,340,282,344,-1
0,-1,-1,341,283,345,-1
0,-1,-1,342,284,346,-1
0,-1,-1,343,285,346,-1
0,-1,-1,343,286,346,-1
0,-1,-1,344,287,347,-1
0,-1,-1,345,288,348,-1
0,-1,-1,346,-1,348,-1
0,-1,-1,347,289,348,-1
0,-1,-1,348,290,349,-1
0,-1,-1,349,291,350,-1
0,-1,-1,349,292,351,-1
0,-1,-1,350,293,352,-1
0,-1,-1,351,294,353,-1
0,-1,-1,351,294,353,-1
0,-1,-1,352,294,353,-1
0,-1,-1,353,295,353,-1
0,-1,-1,354,296,354,-1
0,-1,-1,355,-1,354,-1
0,-1,-1,356,297,355,-1
0,-1,-1,356,298,356,-1
0,-1,-1,356,298,357,-1
0,-1,-1,357,299,358,-1
0,-1,-1,358,300,359,-1
0,-1,-1,359,-1,360,-1
0,-1,-1,360,301,361,-1
0,-1,-1,361,302,362,-1
0,-1,-1,362,303,363,-1
0,-1,-1,363,304,363,-1
0,-1,-1,364,304,364,-1
0,-1,-1,365,304,365,-1
0,-1,-1,366,305,366,-1
0,-1,-1,366,306,367,-1
0,-1,-1,367,307,368,-1
0,-1,-1,368,308,369,-1
0,-1,-1,368,308,369,-1
0,-1,-1,369,309,370,-1
0,-1,-1,370,310,371,-1
0,-1,-1,370,311,372,-1
0,-1,-1,371,-1,373,-1
0,-1,-1,372,312,374,-1
0,-1,-1,373,313,374,-1
0,-1,-1,374,314,375,-1
0,-1,-1,375,315,376,-1
0,-1,-1,376,315,377,-1
0,-1,-1,377,-1,378,-1
0,-1,-1,378,-1,379,-1
0,-1,-1,379,316,380,-1
0,-1,-1,380,317,381,-1
0,-1,-1,381,318,382,-1
0,-1,-1,382,319,383,-1
0,-1,-1,383,320,383,-1
0,-1,-1,384,321,384,-1
0,-1,-1,385,322,384,-1
0,-1,-1,386,323,385,-1
0,-1,-1,386,323,386,-1
0,-1,-1,387,324,387,-1
0,-1,-1,387,325,387,-1
0,-1,-1,388,326,388,-1
0,-1,-1,389,326,388,-1
0,-1,-1,390,326,389,-1
0,-1,-1,391,327,389,-1
0,-1,-1,392,328,390,-1
0,-1,-1,392,329,391,-1
0,-1,-1,392,330,392,-1
0,-1,-1,392,331,393,-1
0,-1,-1,393,331,394,-1
0,-1,-1,394,332,395,-1
0,-1,-1,395,333,396,-1
0,-1,-1,396,334,397,-1
0,-1,-1,397,335,398,-1
0,-1,-1,398,336,399,-1
0,-1,-1,398,337,399,-1
0,-1,-1,399,-1,400,-1
0,-1,-1,400,-1,400,-1
0,-1,-1,400,338,401,-1
0,-1,-1,401,339,402,-1
0,-1,-1,402,339,403,-1
0,-1,-1,403,339,404,-1
0,-1,-1,404,339,405,-1
0,-1,-1,405,340,406,-1
0,-1,-1,406,341,406,-1
0,-1,-1,407,342,407,-1
0,-1,-1,408,343,408,-1
0,-1,-1,409,344,409,-1
0,-1,-1,410,345,409,-1
0,-1,-1,411,345,410,-1
0,-1,-1,412,346,411,-1
0,-1,-1,413,347,412,-1
0,-1,-1,414,348,413,-1
0,-1,-1,415,349,414,-1
0,-1,-1,415,-1,415,-1
0,-1,-1,416,349,416,-1
0,-1,-1,416,349,417,-1
0,-1,-1,417,-1,418,-1
0,-1,-1,418,-1,419,-1
0,-1,-1,418,350,419,-1
0,-1,-1,419,351,420,-1
0,-1,-1,420,351,421,-1
0,-1,-1,421,352,422,-1
0,-1,-1,422,353,423,-1
0,-1,-1,423,353,424,-1
0,-1,-1,423,354,425,-1
0,-1,-1,424,355,426,-1
0,-1,-1,425,356,427,-1
0,-1,-1,426,356,428,-1
0,-1,-1,427,357,429,-1
0,-1,-1,428,358,430,-1
0,-1,-1,429,359,430,-1
0,-1,-1,429,360,430,-1
0,-1,-1,430,360,431,-1
0,-1,-1,431,361,431,-1
0,-1,-1,432,362,431,-1
0,-1,-1,433,363,432,-1
0,-1,-1,434,364,432,-1
0,-1,-1,434,365,433,-1
0,-1,-1,434,366,433,-1
0,-1,-1,435,367,434,-1
0,-1,-1,436,368,434,-1
0,-1,-1,437,368,435,-1
0,-1,-1,438,369,436,-1
0,-1,-1,438,369,437,-1
0,-1,-1,439,370,437,-1
0,-1,-1,440,371,438,-1
0,-1,-1,440,372,438,-1
0,-1,-1,441,373,439,-1
0,-1,-1,442,373,440,-1
0,-1,-1,443,373,440,-1
0,-1,-1,444,374,441,-1
0,-1,-1,445,374,442,-1
0,-1,-1,446,374,443,-1
0,-1,-1,447,375,444,-1
0,-1,-1,447,375,444,-1
0,-1,-1,448,376,445,-1
0,-1,-1,449,377,446,-1
0,-1,-1,450,378,447,-1
0,-1,-1,451,-1,448,-1
0,-1,-1,452,-1,449,-1
0,-1,-1,453,379,449,-1
0,-1,-1,453,380,449,-1
0,-1,-1,454,-1,450,-1
0,-1,-1,455,381,451,-1
0,-1,-1,456,382,452,-1
0,-1,-1,457,383,453,-1
0,-1,-1,458,-1,453,-1
0,-1,-1,459,384,454,-1
0,-1,-1,460,385,455,-1
0,-1,-1,460,385,456,-1
0,-1,-1,461,386,457,-1
0,-1,-1,462,387,457,-1
0,-1,-1,463,387,458,-1
0,-1,-1,464,388,459,-1
0,-1,-1,464,389,459,-1
0,-1,-1,465,390,459,-1
0,-1,-1,465,391,460,-1
0,-1,-1,466,392,461,-1
0,-1,-1,467,392,462,-1
0,-1,-1,468,392,462,-1
0,-1,-1,468,392,462,-1
0,-1,-1,469,393,463,-1
0,-1,-1,470,394,464,-1
0,-1,-1,471,395,465,-1
0,-1,-1,472,396,466,-1
0,-1,-1,473,397,467,-1
0,-1,-1,474,398,468,-1
0,-1,-1,475,399,469,-1
0,-1,-1,476,400,470,-1
0,-1,-1,476,401,471,-1
0,-1,-1,477,402,472,-1
0,-1,-1,478,403,473,-1
0,-1,-1,479,404,474,-1
0,-1,-1,480,405,474,-1
0,-1,-1,480,406,474,-1
0,-1,-1,481,406,475,-1
0,-1,-1,482,-1,476,-1
0,-1,-1,483,406,476,-1
0,-1,-1,484,-1,477,-1
0,-1,-1,485,407,477,-1
0,-1,-1,486,408,478,-1
0,-1,-1,487,408,479,-1
0,-1,-1,488,408,480,-1
0,-1,-1,489,409,481,-1
0,-1,-1,490,410,482,-1
0,-1,-1,491,411,483,-1
0,-1,-1,492,412,484,-1
0,-1,-1,493,412,485,-1
0,-1,-1,493,413,486,-1
0,-1,-1,494,414,487,-1
0,-1,-1,495,414,488,-1
0,-1,-1,496,415,489,-1
0,-1,-1,497,-1,490,-1
0,-1,-1,498,415,491,-1
0,-1,-1,499,-1,491,-1
0,-1,5,500,-1,492,-1
0,-1,-1,501,416,493,-1
0,-1,-1,501,-1,494,-1
0,-1,-1,502,417,495,-1
0,-1,-1,503,418,495,-1
0,-1,-1,504,418,496,-1
0,-1,-1,505,419,497,-1
0,-1,-1,506,420,498,-1
0,-1,-1,506,421,499,-1
0,-1,-1,507,-1,500,-1
0,-1,-1,508,422,501,-1
0,-1,-1,509,423,502,-1
0,-1,-1,509,424,503,-1
0,-1,-1,510,425,504,-1
0,-1,-1,510,426,505,-1
0,-1,-1,511,426,506,-1
0,-1,-1,512,426,507,-1
0,-1,-1,513,427,508,-1
0,-1,-1,514,428,509,-1
0,-1,-1,514,428,509,-1
0,-1,-1,514,428,510,-1
0,-1,-1,515,-1,510,-1
0,-1,-1,516,429,510,-1
0,-1,-1,517,430,511,-1
0,-1,-1,518,431,512,-1
0,-1,-1,519,432,513,-1
0,-1,-1,520,433,514,-1
0,-1,-1,521,434,515,-1
0,-1,-1,522,-1,516,-1
0,-1,-1,523,435,517,-1
0,-1,-1,524,436,518,-1
0,-1,-1,525,437,519,-1
0,-1,-1,525,438,519,-1
0,-1,-1,526,439,520,-1
0,-1,-1,527,440,521,-1
0,-1,-1,528,441,522,-1
0,-1,-1,529,442,523,-1
0,-1,-1,530,443,524,-1
0,-1,-1,531,444,525,-1
0,-1,-1,532,445,526,-1
0,-1,-1,532,446,526,-1
0,-1,-1,533,447,527,-1
0,-1,-1,533,448,528,-1
0,-1,-1,534,449,529,-1
0,-1,-1,535,450,530,-1
0,-1,-1,536,450,531,-1
0,-1,-1,537,451,532,-1
0,-1,-1,538,452,533,-1
0,-1,-1,539,453,534,-1
0,-1,-1,540,453,535,-1
0,-1,-1,540,454,536,-1
0,-1,-1,541,455,537,-1
0,-1,-1,542,456,538,-1
0,-1,-1,543,457,539,-1
0,-1,-1,544,457,539,-1
0,-1,-1,545,458,540,-1
0,-1,-1,546,459,541,-1
0,-1,-1,547,459,542,-1
0,-1,-1,548,460,543,-1
0,-1,-1,549,461,544,-1
0,-1,-1,550,462,545,-1
0,-1,-1,551,463,545,-1
0,-1,-1,551,464,546,-1
0,-1,-1,551,464,547,-1
0,-1,-1,552,465,547,-1
0,-1,-1,553,466,548,-1
0,-1,-1,554,467,548,-1
0,-1,-1,555,468,549,-1
0,-1,-1,556,469,550,-1
0,-1,-1,557,470,551,-1
0,-1,-1,558,470,552,-1
0,-1,-1,559,471,552,-1
0,-1,-1,560,-1,553,-1
0,-1,-1,561,472,554,-1
0,-1,-1,562,472,554,-1
0,-1,-1,563,473,555,-1
0,-1,-1,564,474,556,-1
0,-1,-1,565,-1,557,-1
0,-1,-1,566,474,558,-1
0,-1,-1,566,475,559,-1
0,-1,-1,567,476,560,-1
0,-1,-1,568,477,561,-1
0,-1,-1,569,478,562,-1
0,-1,-1,570,479,563,-1
0,-1,-1,571,480,564,-1
0,-1,-1,572,480,565,-1
0,-1,-1,573,481,566,-1
0,-1,-1,574,482,567,-1
0,-1,-1,575,483,567,-1
0,-1,-1,576,484,567,-1
0,-1,-1,577,485,568,-1
0,-1,-1,578,485,569,-1
0,-1,-1,579,-1,570,-1
0,-1,-1,580,486,571,-1
0,-1,-1,581,487,572,-1
0,-1,-1,582,488,573,-1
0,-1,-1,583,489,574,-1
0,-1,-1,584,489,575,-1
0,-1,-1,585,490,576,-1
0,-1,-1,586,-1,576,-1
0,-1,-1,587,490,577,-1
0,-1,-1,588,491,577,-1
0,-1,-1,589,492,578,-1
0,-1,-1,589,-1,579,-1
0,-1,-1,590,493,579,-1
0,-1,-1,591,494,580,-1
0,-1,-1,592,495,581,-1
0,-1,-1,593,496,582,-1
0,-1,-1,594,496,583,-1
0,-1,-1,594,496,584,-1
0,-1,-1,595,497,584,-1
0,-1,-1,596,498,585,-1
0,-1,-1,597,-1,585,-1
0,-1,-1,598,499,586,-1
0,-1,-1,599,500,587,-1
0,-1,-1,600,501,588,-1
0,-1,-1,601,502,589,-1
0,-1,-1,602,503,590,-1
0,-1,-1,603,504,591,-1
0,-1,-1,603,504,591,-1
0,-1,-1,604,505,592,-1
0,-1,-1,605,505,593,-1
0,-1,-1,606,506,594,-1
0,-1,-1,607,507,595,-1
0,-1,-1,608,507,596,-1
0,-1,-1,609,508,597,-1
0,-1,-1,610,509,598,-1
0,-1,-1,611,510,599,-1
0,-1,-1,612,511,600,-1
0,-1,-1,613,512,600,-1
0,-1,-1,613,-1,601,-1
0,-1,-1,614,513,601,-1
0,-1,-1,615,513,602,-1
0,-1,-1,616,514,603,-1
0,-1,-1,617,-1,604,-1
0,-1,-1,618,515,605,-1
0,-1,-1,619,515,606,-1
0,-1,-1,620,515,607,-1
0,-1,-1,621,-1,607,-1
0,-1,-1,621,516,608,-1
0,-1,-1,622,517,609,-1
0,-1,-1,623,518,610,-1
0,-1,-1,624,519,611,-1
0,-1,-1,625,520,612,-1
0,-1,-1,625,521,613,-1
0,-1,-1,625,521,614,-1
0,-1,-1,626,522,614,-1
0,-1,-1,627,523,614,-1
0,-1,-1,628,523,614,-1
0,-1,-1,629,524,615,-1
0,-1,-1,629,525,615,-1
0,-1,-1,630,-1,616,-1
0,-1,-1,631,525,617,-1
0,-1,-1,631,525,618,-1
0,-1,-1,632,525,618,-1
0,-1,-1,633,-1,619,-1
0,-1,-1,634,-1,620,-1
0,-1,-1,635,525,621,-1
0,-1,-1,636,526,622,-1
0,-1,-1,637,527,623,-1
0,-1,-1,637,-1,624,-1
0,-1,-1,638,528,625,-1
0,-1,-1,639,529,626,-1
0,-1,-1,639,530,627,-1
0,-1,-1,640,531,627,-1
0,-1,-1,641,531,627,-1
0,-1,-1,642,532,628,-1
0,-1,-1,643,533,629,-1
0,-1,-1,644,533,629,-1
0,-1,-1,644,534,629,-1
0,-1,-1,645,535,629,-1
0,-1,-1,646,535,630,-1
0,-1,-1,647,536,631,-1
0,-1,-1,648,537,632,-1
0,-1,-1,648,538,633,-1
0,-1,-1,649,539,634,-1
0,-1,-1,650,540,634,-1
0,-1,-1,651,-1,635,-1
0,-1,-1,652,540,636,-1
0,-1,-1,653,541,637,-1
0,-1,-1,654,542,638,-1
0,-1,-1,655,543,638,-1
0,-1,-1,656,544,639,-1
0,-1,-1,656,545,640,-1
0,-1,-1,657,546,641,-1
0,-1,-1,658,547,642,-1
0,-1,-1,659,547,643,-1
0,-1,-1,659,547,644,-1
0,-1,-1,660,548,644,-1
0,-1,-1,660,-1,645,-1
0,-1,-1,661,549,646,-1
0,-1,-1,662,549,647,-1
0,-1,-1,663,550,647,-1
0,-1,-1,663,-1,648,-1
0,-1,-1,664,551,649,-1
0,-1,-1,665,551,649,-1
0,-1,-1,666,552,650,-1
0,-1,-1,667,553,651,-1
0,-1,-1,668,554,652,-1
0,-1,-1,669,554,653,-1
0,-1,-1,670,554,654,-1
0,-1,-1,671,-1,654,-1
0,-1,-1,671,554,655,-1
0,-1,-1,672,555,656,-1
0,-1,-1,673,556,657,-1
0,-1,-1,674,557,658,-1
0,-1,-1,675,557,659,-1
0,-1,-1,675,557,659,-1
0,-1,-1,676,558,660,-1
0,-1,-1,676,559,661,-1
0,-1,-1,677,560,662,-1
0,-1,-1,678,561,662,-1
0,-1,-1,679,562,663,-1
0,-1,-1,680,-1,664,-1
0,-1,-1,681,563,664,-1
0,-1,-1,682,564,665,-1
0,-1,-1,683,565,666,-1
0,-1,-1,684,-1,667,-1
0,-1,-1,685,-1,668,-1
0,-1,-1,686,566,668,-1
0,-1,-1,686,566,669,-1
0,-1,-1,687,567,670,-1
0,-1,-1,688,567,670,-1
0,-1,-1,689,567,671,-1
0,-1,-1,689,568,672,-1
0,-1,-1,690,569,673,-1
0,-1,-1,691,569,673,-1
0,-1,-1,692,570,674,-1
0,-1,-1,692,571,675,-1
0,-1,-1,693,572,676,-1
0,-1,-1,694,573,677,-1
0,-1,-1,694,573,678,-1
0,-1,-1,695,574,679,-1
0,-1,-1,695,574,680,-1
0,-1,-1,696,575,680,-1
0,-1,-1,696,575,680,-1
0,-1,-1,697,576,681,-1
0,-1,-1,698,577,682,-1
0,-1,-1,699,578,683,-1
0,-1,-1,699,579,684,-1
0,-1,-1,700,580,685,-1
0,-1,-1,701,581,686,-1
0,-1,-1,701,581,687,-1
0,-1,-1,702,-1,688,-1
0,-1,-1,702,582,689,-1
0,-1,-1,703,583,689,-1
0,-1,-1,704,584,690,-1
0,-1,-1,705,585,691,-1
0,-1,-1,706,586,692,-1
0,-1,-1,707,586,693,-1
0,-1,-1,708,587,694,-1
0,-1,-1,709,588,695,-1
0,-1,-1,709,589,695,-1
0,-1,-1,710,590,696,-1
0,-1,-1,711,591,697,-1
0,-1,-1,712,592,698,-1
0,-1,-1,713,593,699,-1
0,-1,-1,714,594,700,-1
0,-1,-1,715,595,700,-1
0,-1,-1,715,596,701,-1
0,-1,-1,715,-1,702,-1
0,-1,-1,715,597,702,-1
0,-1,-1,716,-1,703,-1
0,-1,-1,717,598,704,-1
0,-1,-1,718,599,705,-1
0,-1,-1,719,600,706,-1
0,-1,-1,719,-1,707,-1
0,-1,-1,720,601,708,-1
0,-1,-1,721,602,709,-1
0,-1,-1,722,603,710,-1
0,-1,-1,723,603,710,-1
0,-1,-1,723,604,711,-1
0,-1,-1,724,-1,712,-1
0,-1,-1,725,-1,713,-1
0,-1,-1,726,605,714,-1
0,-1,-1,727,606,715,-1
0,-1,-1,728,607,716,-1
0,-1,-1,728,-1,717,-1
0,-1,-1,729,608,718,-1
0,-1,-1,730,-1,719,-1
0,-1,-1,730,608,720,-1
0,-1,-1,730,609,721,-1
0,-1,-1,730,609,721,-1
0,-1,-1,731,609,722,-1
0,-1,-1,732,610,723,-1
0,-1,-1,733,611,723,-1
0,-1,-1,734,612,724,-1
0,-1,-1,735,613,725,-1
0,-1,-1,736,614,726,-1
0,-1,-1,737,615,727,-1
0,-1,-1,737,616,727,-1
0,-1,-1,737,617,728,-1
0,-1,-1,738,618,729,-1
0,-1,-1,739,618,729,-1
0,-1,-1,740,618,730,-1
0,-1,-1,741,619,731,-1
0,-1,-1,742,620,732,-1
0,-1,-1,743,621,732,-1
0,-1,-1,744,622,732,-1
0,-1,-1,745,623,733,-1
0,-1,-1,746,623,734,-1
0,-1,-1,747,624,735,-1
0,-1,-1,747,625,736,-1
0,-1,-1,748,626,737,-1
0,-1,-1,749,626,738,-1
0,-1,-1,750,627,739,-1
0,-1,-1,751,628,740,-1
0,-1,-1,752,629,741,-1
0,-1,-1,753,630,741,-1
0,-1,-1,754,631,741,-1
0,-1,-1,755,632,742,-1
0,-1,-1,756,632,742,-1
0,-1,-1,757,632,743,-1
0,-1,-1,758,633,744,-1
0,-1,-1,759,634,745,-1
0,-1,-1,760,635,746,-1
0,-1,-1,760,636,747,-1
0,-1,-1,761,636,748,-1
0,-1,-1,761,637,748,-1
0,-1,-1,762,638,749,-1
0,-1,-1,763,639,750,-1
0,-1,-1,763,640,751,-1
0,-1,-1,763,-1,751,-1
0,-1,-1,764,-1,752,-1
0,-1,-1,765,641,753,-1
0,-1,-1,766,642,754,-1
0,-1,-1,767,643,755,-1
0,-1,-1,768,644,756,-1
0,-1,-1,769,645,757,-1
0,-1,-1,770,646,758,-1
0,-1,-1,771,646,759,-1
0,-1,-1,772,646,759,-1
0,-1,-1,773,647,760,-1
0,-1,6,774,-1,761,-1
0,-1,-1,775,648,761,-1
0,-1,-1,775,648,762,-1
0,-1,-1,776,-1,763,-1
0,-1,-1,776,649,763,-1
0,-1,-1,777,-1,764,-1
0,-1,-1,777,650,765,-1
0,-1,-1,778,651,765,-1
0,-1,-1,778,652,765,-1
0,-1,-1,779,653,766,-1
0,-1,-1,780,654,767,-1
0,-1,-1,781,655,768,-1
0,-1,-1,782,-1,769,-1
0,-1,-1,782,656,769,-1
0,-1,-1,783,657,770,-1
0,-1,-1,783,657,771,-1
0,-1,-1,784,658,772,-1
0,-1,-1,785,659,773,-1
0,-1,-1,786,659,773,-1
0,-1,-1,786,660,774,-1
0,-1,-1,787,661,775,-1
0,-1,-1,788,661,776,-1
0,-1,-1,789,662,776,-1
0,-1,-1,790,663,777,-1
0,-1,-1,790,664,777,-1
0,-1,-1,791,665,778,-1
0,-1,-1,791,-1,779,-1
0,-1,-1,792,666,780,-1
0,-1,-1,792,666,781,-1
0,-1,-1,793,667,782,-1
0,-1,-1,794,668,783,-1
0,-1,-1,795,668,784,-1
0,-1,-1,796,669,784,-1
0,-1,-1,797,670,785,-1
0,-1,-1,798,671,786,-1
0,-1,-1,799,671,786,-1
0,-1,-1,799,672,787,-1
0,-1,-1,799,673,788,-1
0,-1,-1,800,674,788,-1
0,-1,-1,801,675,789,-1
0,-1,-1,802,-1,790,-1
0,-1,-1,803,675,790,-1
0,-1,-1,804,676,791,-1
0,-1,-1,805,-1,792,-1
0,-1,-1,806,677,792,-1
0,-1,-1,807,678,793,-1
0,-1,-1,808,679,794,-1
0,-1,-1,809,680,795,-1
0,-1,-1,810,680,796,-1
0,-1,-1,810,681,797,-1
0,-1,-1,811,682,798,-1
0,-1,-1,812,683,799,-1
0,-1,-1,812,684,800,-1
0,-1,-1,813,685,801,-1
0,-1,-1,814,686,802,-1
0,-1,-1,815,687,803,-1
0,-1,-1,816,687,804,-1
0,-1,-1,817,-1,805,-1
0,-1,-1,818,688,806,-1
0,-1,-1,818,689,807,-1
0,-1,-1,819,689,807,-1
0,-1,-1,820,689,808,-1
0,-1,-1,821,690,809,-1
0,-1,-1,821,691,810,-1
0,-1,-1,822,691,811,-1
0,-1,-1,823,691,812,-1
0,-1,-1,824,692,813,-1
0,-1,-1,825,693,814,-1
0,-1,-1,826,694,815,-1
0,-1,-1,826,695,816,-1
0,-1,-1,827,696,817,-1
0,-1,-1,828,697,818,-1
0,-1,-1,829,-1,819,-1
0,-1,-1,830,697,820,-1
0,-1,-1,830,698,821,-1
0,-1,-1,831,699,822,-1
0,-1,-1,832,699,823,-1
0,-1,-1,832,700,824,-1
0,-1,-1,832,700,825,-1
0,-1,-1,833,701,826,-1
0,-1,-1,834,702,827,-1
0,-1,-1,835,703,827,-1
0,-1,-1,836,704,828,-1
0,-1,-1,837,705,829,-1
0,-1,-1,838,706,830,-1
0,-1,-1,839,707,831,-1
0,-1,-1,840,707,831,-1
0,-1,-1,840,707,831,-1
0,-1,-1,841,708,831,-1
0,-1,-1,841,709,831,-1
0,-1,-1,842,-1,832,-1
0,-1,-1,843,709,833,-1
0,-1,-1,844,710,834,-1
0,-1,-1,845,711,835,-1
0,-1,-1,846,711,836,-1
0,-1,-1,846,712,837,-1
0,-1,-1,847,713,838,-1
0,-1,-1,847,714,839,-1
0,-1,-1,848,-1,840,-1
0,-1,-1,849,715,840,-1
0,-1,-1,849,716,841,-1
0,-1,-1,850,-1,842,-1
0,-1,-1,851,717,843,-1
0,-1,-1,852,718,844,-1
0,-1,-1,853,719,845,-1
0,-1,-1,854,719,845,-1
0,-1,-1,855,720,845,-1
0,-1,-1,856,721,845,-1
0,-1,-1,857,-1,846,-1
0,-1,-1,858,722,847,-1
0,-1,-1,859,723,847,-1
0,-1,-1,859,723,847,-1
0,-1,-1,860,724,848,-1
0,-1,-1,861,-1,849,-1
0,-1,-1,862,725,849,-1
0,-1,-1,863,725,850,-1
0,-1,-1,864,725,851,-1
0,-1,-1,865,726,852,-1
0,-1,-1,865,727,853,-1
0,-1,-1,866,728,854,-1
0,-1,-1,867,729,854,-1
0,-1,-1,868,730,855,-1
0,-1,-1,869,731,856,-1
0,-1,-1,870,732,857,-1
0,-1,-1,870,733,857,-1
0,-1,-1,870,734,858,-1
0,-1,-1,871,-1,859,-1
0,-1,-1,871,735,860,-1
0,-1,-1,872,735,861,-1
0,-1,-1,873,736,862,-1
0,-1,-1,873,-1,862,-1
0,-1,-1,874,737,863,-1
0,-1,-1,875,738,863,-1
0,-1,-1,876,-1,864,-1
0,-1,-1,877,739,865,-1
0,-1,-1,877,740,866,-1
0,-1,-1,878,740,867,-1
0,-1,-1,879,741,868,-1
0,-1,-1,880,742,869,-1
0,-1,-1,880,743,870,-1
0,-1,-1,881,743,871,-1
0,-1,-1,882,744,872,-1
0,-1,-1,883,745,872,-1
0,-1,-1,884,746,873,-1
0,-1,-1,884,-1,874,-1
0,-1,-1,885,-1,875,-1
0,-1,-1,886,747,875,-1
0,-1,-1,887,747,876,-1
0,-1,-1,888,747,877,-1
0,-1,-1,889,-1,877,-1
0,-1,-1,890,747,877,-1
0,-1,-1,891,747,878,-1
0,-1,-1,891,747,879,-1
0,-1,-1,891,748,880,-1
0,-1,-1,891,748,881,-1
0,-1,-1,892,749,881,-1
0,-1,-1,893,749,882,-1
0,-1,-1,894,750,883,-1
0,-1,-1,895,-1,884,-1
0,-1,-1,896,751,885,-1
0,-1,-1,896,752,886,-1
0,-1,-1,897,753,887,-1
0,-1,-1,898,754,888,-1
0,-1,-1,898,755,889,-1
0,-1,-1,899,756,890,-1
0,-1,-1,900,757,891,-1
0,-1,-1,901,758,892,-1
0,-1,-1,902,759,892,-1
0,-1,-1,902,759,893,-1
0,-1,-1,903,759,894,-1
0,-1,-1,904,760,894,-1
0,-1,-1,905,761,895,-1
0,-1,-1,905,762,896,-1
0,-1,-1,906,763,897,-1
0,-1,-1,907,763,897,-1
0,-1,-1,908,764,898,-1
0,-1,-1,909,764,899,-1
0,-1,-1,910,764,899,-1
0,-1,-1,911,765,900,-1
0,-1,-1,912,766,901,-1
0,-1,-1,913,766,902,-1
0,-1,-1,914,-1,903,-1
0,-1,-1,915,766,904,-1
0,-1,-1,916,766,905,-1
0,-1,-1,917,766,906,-1
0,-1,-1,918,766,907,-1
0,-1,-1,919,767,908,-1
0,-1,-1,920,768,909,-1
0,-1,-1,921,769,910,-1
0,-1,-1,922,770,911,-1
0,-1,-1,923,771,912,-1
0,-1,-1,924,772,913,-1
0,-1,-1,925,773,913,-1
0,-1,-1,925,774,914,-1
0,-1,-1,926,774,915,-1
0,-1,-1,927,774,916,-1
0,-1,-1,928,775,917,-1
0,-1,-1,929,776,918,-1
0,-1,-1,930,777,919,-1
0,-1,-1,931,778,920,-1
0,-1,-1,932,779,921,-1
0,-1,-1,932,780,922,-1
0,-1,-1,933,781,923,-1
0,-1,-1,933,781,924,-1
0,-1,-1,934,782,925,-1
0,-1,-1,935,783,926,-1
0,-1,-1,936,783,926,-1
0,-1,-1,937,783,927,-1
0,-1,-1,938,-1,927,-1
0,-1,-1,939,784,928,-1
0,-1,-1,940,784,928,-1
0,-1,-1,941,785,929,-1
0,-1,-1,942,785,930,-1
0,-1,-1,943,786,931,-1
0,-1,-1,943,787,931,-1
0,-1,-1,944,788,931,-1
0,-1,-1,945,788,932,-1
0,-1,-1,946,788,933,-1
0,-1,-1,947,789,934,-1
0,-1,-1,948,790,935,-1
0,-1,-1,949,790,936,-1
0,-1,-1,950,-1,937,-1
0,-1,-1,950,791,938,-1
0,-1,-1,951,791,939,-1
0,-1,-1,952,792,939,-1
0,-1,-1,953,793,939,-1
0,-1,-1,954,794,940,-1
0,-1,-1,955,795,941,-1
0,-1,-1,956,795,942,-1
0,-1,-1,956,795,943,-1
0,-1,-1,957,795,944,-1
0,-1,-1,957,795,945,-1
0,-1,-1,957,796,946,-1
0,-1,-1,958,796,946,-1
0,-1,-1,959,797,947,-1
0,-1,-1,959,798,948,-1
0,-1,-1,960,799,949,-1
0,-1,-1,961,799,950,-1
0,-1,-1,962,800,951,-1
0,-1,-1,963,801,952,-1
0,-1,-1,964,802,953,-1
0,-1,-1,965,803,954,-1
0,-1,-1,966,804,955,-1
0,-1,-1,967,-1,956,-1
0,-1,-1,968,805,957,-1
0,-1,-1,969,806,958,-1
0,-1,-1,970,807,959,-1
0,-1,-1,971,807,960,-1
0,-1,-1,971,-1,961,-1
0,-1,-1,972,807,962,-1
0,-1,-1,973,808,962,-1
0,-1,-1,974,-1,963,-1
0,-1,-1,975,809,964,-1
0,-1,-1,976,-1,965,-1
0,-1,-1,977,810,966,-1
0,-1,-1,978,811,967,-1
0,-1,-1,979,811,968,-1
0,-1,-1,980,811,969,-1
0,-1,-1,981,812,970,-1
0,-1,-1,982,813,971,-1
0,-1,-1,983,814,972,-1
0,-1,-1,984,814,973,-1
0,-1,-1,985,814,974,-1
0,-1,-1,986,815,975,-1
0,-1,-1,987,816,976,-1
0,-1,-1,988,817,977,-1
0,-1,-1,989,818,978,-1
0,-1,-1,990,819,979,-1
0,-1,-1,991,820,979,-1
0,-1,-1,992,821,980,-1
0,-1,-1,993,822,981,-1
0,-1,-1,994,823,982,-1
0,-1,-1,995,824,983,-1
0,-1,-1,996,825,983,-1
0,-1,7,997,-1,984,-1
0,-1,-1,997,-1,985,-1
0,-1,-1,998,826,986,-1
0,-1,-1,999,827,987,-1
0,-1,-1,1000,828,987,-1
0,-1,-1,1001,829,987,-1
0,-1,-1,1002,829,987,-1
0,-1,-1,1003,830,988,-1
0,-1,-1,1004,831,989,-1
0,-1,-1,1005,-1,990,-1
0,-1,-1,1006,832,991,-1
0,-1,-1,1006,833,992,-1
0,-1,-1,1007,834,993,-1
0,-1,-1,1008,835,994,-1
0,-1,-1,1009,836,994,-1
0,-1,-1,1010,837,994,-1
0,-1,-1,1011,838,995,-1
0,-1,-1,1012,839,996,-1
0,-1,-1,1013,840,996,-1
0,-1,-1,1014,841,997,-1
0,-1,-1,1015,842,998,-1
0,-1,-1,1016,843,999,-1
0,-1,-1,1017,844,999,-1
0,-1,-1,1018,844,999,-1
0,-1,-1,1019,-1,1000,-1
0,-1,-1,1020,845,1001,-1
0,-1,-1,1021,846,1001,-1
0,-1,8,1022,-1,1002,-1
0,-1,-1,1023,-1,1003,-1
0,-1,-1,1024,847,1004,-1
0,-1,-1,1025,-1,1005,-1
0,-1,-1,1026,847,1006,-1
0,-1,-1,1027,848,1007,-1
0,-1,-1,1027,848,1008,-1
0,-1,-1,1028,-1,1009,-1
0,-1,-1,1029,848,1010,-1
0,-1,-1,1030,849,1011,-1
0,-1,-1,1031,849,1012,-1
0,-1,-1,1031,850,1012,-1
0,-1,-1,1032,851,1013,-1
0,-1,-1,1032,852,1014,-1
0,-1,-1,1033,852,1014,-1
0,-1,-1,1034,852,1015,-1
0,-1,-1,1035,853,1016,-1
0,-1,-1,1036,854,1017,-1
0,-1,-1,1037,-1,1018,-1
0,-1,-1,1038,855,1018,-1
0,-1,-1,1039,856,1019,-1
0,-1,-1,1040,857,1020,-1
0,-1,-1,1041,858,1021,-1
0,-1,-1,1042,859,1022,-1
0,-1,-1,1042,860,1023,-1
0,-1,-1,1042,861,1024,-1
0,-1,-1,1043,862,1025,-1
0,-1,-1,1044,863,1026,-1
0,-1,-1,1045,864,1027,-1
0,-1,-1,1046,864,1028,-1
0,-1,-1,1046,865,1029,-1
0,-1,-1,1047,866,1030,-1
0,-1,-1,1047,866,1031,-1
0,-1,-1,1048,867,1032,-1
0,-1,-1,1049,-1,1033,-1
0,-1,-1,1050,867,1034,-1
0,-1,-1,1051,868,1035,-1
0,-1,-1,1052,869,1036,-1
0,-1,-1,1052,-1,1037,-1
0,-1,-1,1053,869,1038,-1
0,-1,-1,1054,870,1039,-1
0,-1,-1,1055,871,1040,-1
0,-1,-1,1055,872,1041,-1
0,-1,-1,1056,873,1041,-1
0,-1,-1,1056,873,1042,-1
0,-1,-1,1057,874,1043,-1
0,-1,-1,1058,875,1044,-1
0,-1,-1,1059,876,1045,-1
0,-1,-1,1060,877,1046,-1
0,-1,-1,1061,877,1047,-1
0,-1,-1,1062,878,1048,-1
0,-1,-1,1063,879,1049,-1
0,-1,-1,1064,-1,1050,-1
0,-1,-1,1065,880,1051,-1
0,-1,-1,1066,881,1052,-1
0,-1,-1,1067,882,1053,-1
0,-1,-1,1068,883,1054,-1
0,-1,-1,1068,884,1055,-1
0,-1,-1,1069,885,1056,-1
0,-1,-1,1070,885,1056,-1
0,-1,-1,1071,886,1057,-1
0,-1,-1,1072,887,1058,-1
0,-1,-1,1073,-1,1059,-1
0,-1,-1,1074,888,1059,-1
0,-1,-1,1074,889,1060,-1
0,-1,-1,1075,-1,1061,-1
0,-1,-1,1076,890,1062,-1
0,-1,-1,1077,891,1063,-1
0,-1,-1,1078,892,1064,-1
0,-1,-1,1079,892,1065,-1
0,-1,-1,1080,893,1066,-1
0,-1,-1,1081,893,1067,-1
0,-1,-1,1081,893,1067,-1
0,-1,-1,1081,894,1068,-1
0,-1,-1,1082,895,1068,-1
0,-1,-1,1082,896,1068,-1
0,-1,-1,1083,897,1069,-1
0,-1,-1,1083,898,1070,-1
0,-1,-1,1083,898,1070,-1
0,-1,-1,1084,899,1071,-1
0,-1,-1,1084,900,1072,-1
0,-1,-1,1085,901,1073,-1
0,-1,-1,1086,902,1074,-1
0,-1,-1,1087,-1,1075,-1
0,-1,-1,1088,903,1076,-1
0,-1,-1,1089,904,1077,-1
0,-1,-1,1090,-1,1078,-1
0,-1,-1,1091,905,1079,-1
0,-1,-1,1092,906,1080,-1
0,-1,-1,1093,907,1081,-1
0,-1,-1,1094,908,1082,-1
0,-1,-1,1095,908,1083,-1
0,-1,-1,1096,908,1084,-1
0,-1,-1,1096,909,1085,-1
0,-1,-1,1097,910,1086,-1
0,-1,-1,1098,-1,1087,-1
0,-1,-1,1098,911,1088,-1
0,-1,-1,1099,912,1088,-1
0,-1,-1,1100,913,1089,-1
0,-1,-1,1101,914,1090,-1
0,-1,-1,1102,915,1091,-1
0,-1,-1,1103,915,1092,-1
0,-1,-1,1104,916,1093,-1
0,-1,-1,1105,917,1094,-1
0,-1,-1,1105,918,1095,-1
0,-1,-1,1106,-1,1096,-1
0,-1,-1,1107,919,1097,-1
0,-1,-1,1108,920,1098,-1
0,-1,-1,1109,920,1099,-1
0,-1,-1,1109,920,1100,-1
0,-1,-1,1110,-1,1101,-1
0,-1,-1,1110,921,1102,-1
0,-1,-1,1111,922,1102,-1
0,-1,-1,1112,923,1102,-1
0,-1,-1,1113,924,1103,-1
0,-1,-1,1114,925,1104,-1
0,-1,-1,1115,925,1105,-1
0,-1,-1,1116,925,1105,-1
0,-1,-1,1117,925,1105,-1
0,-1,-1,1118,926,1106,-1
0,-1,-1,1118,927,1107,-1
0,-1,-1,1118,928,1107,-1
0,-1,-1,1119,929,1108,-1
0,-1,-1,1120,930,1109,-1
0,-1,-1,1121,930,1110,-1
0,-1,-1,1122,931,1111,-1
0,-1,-1,1123,932,1112,-1
0,-1,-1,1124,933,1112,-1
0,-1,-1,1124,933,1112,-1
0,-1,-1,1125,934,1113,-1
0,-1,-1,1125,-1,1114,-1
0,-1,-1,1125,-1,1114,-1
0,-1,-1,1125,934,1115,-1
0,-1,-1,1126,935,1115,-1
0,-1,-1,1127,936,1116,-1
0,-1,-1,1128,937,1117,-1
0,-1,-1,1128,938,1118,-1
0,-1,-1,1129,939,1118,-1
0,-1,-1,1129,940,1118,-1
0,-1,-1,1130,940,1119,-1
0,-1,-1,1131,941,1120,-1
0,-1,-1,1132,-1,1121,-1
0,-1,-1,1133,942,1122,-1
0,-1,-1,1134,943,1123,-1
0,-1,-1,1135,943,1123,-1
0,-1,-1,1136,944,1124,-1
0,-1,-1,1137,945,1125,-1
0,-1,-1,1138,946,1126,-1
0,-1,-1,1139,947,1127,-1
0,-1,-1,1140,948,1127,-1
0,-1,-1,1140,949,1128,-1
0,-1,-1,1140,-1,1129,-1
0,-1,-1,1140,-1,1130,-1
0,-1,-1,1141,950,1131,-1
0,-1,-1,1142,951,1132,-1
0,-1,-1,1143,952,1132,-1
0,-1,-1,1144,953,1132,-1
0,-1,-1,1145,954,1133,-1
0,-1,-1,1146,955,1134,-1
0,-1,-1,1147,956,1135,-1
0,-1,-1,1148,956,1136,-1
0,-1,-1,1149,957,1136,-1
0,-1,-1,1150,-1,1137,-1
0,-1,-1,1151,958,1138,-1
0,-1,-1,1152,959,1139,-1
0,-1,-1,1153,-1,1139,-1
0,-1,-1,1154,959,1139,-1
0,-1,-1,1155,960,1140,-1
0,-1,-1,1156,961,1141,-1
0,-1,-1,1157,962,1142,-1
0,-1,-1,1158,963,1143,-1
0,-1,-1,1159,963,1144,-1
0,-1,-1,1160,964,1145,-1
0,-1,-1,1161,965,1146,-1
0,-1,-1,1162,966,1147,-1
0,-1,-1,1163,966,1148,-1
0,-1,-1,1164,967,1149,-1
0,-1,-1,1165,967,1150,-1
0,-1,-1,1166,968,1151,-1
0,-1,-1,1166,-1,1151,-1
0,-1,-1,1167,969,1152,-1
0,-1,-1,1168,-1,1153,-1
0,-1,-1,1169,970,1154,-1
0,-1,-1,1170,971,1155,-1
0,-1,-1,1171,971,1156,-1
0,-1,-1,1172,972,1157,-1
0,-1,-1,1173,972,1158,-1
0,-1,-1,1174,973,1159,-1
0,-1,-1,1175,973,1160,-1
0,-1,-1,1176,974,1161,-1
0,-1,-1,1177,974,1162,-1
0,-1,-1,1178,975,1163,-1
0,-1,-1,1179,976,1164,-1
0,-1,-1,1180,977,1165,-1
0,-1,-1,1181,978,1166,-1
0,-1,-1,1182,978,1167,-1
0,-1,-1,1183,979,1168,-1
0,-1,-1,1184,979,1169,-1
0,-1,-1,1185,979,1169,-1
0,-1,-1,1186,-1,1170,-1
0,-1,-1,1186,980,1171,-1
0,-1,-1,1187,981,1171,-1
0,-1,-1,1188,982,1172,-1
0,-1,-1,1188,983,1172,-1
0,-1,-1,1189,984,1173,-1
0,-1,-1,1190,985,1174,-1
0,-1,-1,1191,986,1175,-1
0,-1,-1,1191,987,1176,-1
0,-1,-1,1191,-1,1177,-1
0,-1,-1,1191,-1,1178,-1
0,-1,-1,1192,988,1179,-1
0,-1,-1,1193,989,1180,-1
0,-1,-1,1193,990,1181,-1
0,-1,-1,1194,991,1182,-1
0,-1,-1,1195,992,1183,-1
0,-1,-1,1196,993,1184,-1
0,-1,-1,1196,994,1184,-1
0,-1,-1,1197,995,1184,-1
0,-1,-1,1198,996,1185,-1
0,-1,-1,1199,996,1185,-1
0,-1,-1,1200,997,1186,-1
0,-1,-1,1201,997,1186,-1
0,-1,-1,1202,997,1187,-1
0,-1,-1,1203,998,1187,-1
0,-1,-1,1204,999,1188,-1
0,-1,-1,1205,1000,1189,-1
0,-1,-1,1206,1001,1190,-1
0,-1,-1,1207,-1,1191,-1
0,-1,-1,1208,1002,1192,-1
0,-1,-1,1209,1003,1193,-1
0,-1,-1,1209,1003,1193,-1
0,-1,-1,1210,1004,1193,-1
0,-1,-1,1211,1005,1194,-1
0,-1,-1,1211,1006,1195,-1
0,-1,-1,1212,1007,1195,-1
0,-1,-1,1213,1007,1196,-1
0,-1,-1,1214,1008,1197,-1
0,-1,-1,1215,1009,1198,-1
0,-1,-1,1216,1010,1199,-1
0,-1,-1,1217,1011,1200,-1
0,-1,-1,1218,1012,1200,-1
0,-1,-1,1219,-1,1201,-1
0,-1,-1,1219,1012,1202,-1
0,-1,-1,1219,1013,1203,-1
0,-1,-1,1220,-1,1204,-1
0,-1,-1,1221,1014,1205,-1
0,-1,-1,1222,1015,1206,-1
0,-1,-1,1223,1016,1207,-1
0,-1,-1,1224,1017,1208,-1
0,-1,-1,1225,1018,1208,-1
0,-1,-1,1226,1018,1209,-1
0,-1,-1,1227,1018,1210,-1
0,-1,-1,1228,1019,1211,-1
0,-1,-1,1228,1020,1211,-1
0,-1,-1,1229,1021,1212,-1
0,-1,-1,1230,1022,1213,-1
0,-1,-1,1231,1023,1214,-1
0,-1,-1,1232,1024,1214,-1
0,-1,-1,1233,1025,1215,-1
0,-1,-1,1234,1026,1216,-1
0,-1,-1,1234,1027,1217,-1
0,-1,-1,1234,1028,1218,-1
0,-1,-1,1235,1029,1218,-1
0,-1,-1,1236,1030,1219,-1
0,-1,-1,1236,1031,1220,-1
0,-1,-1,1237,1032,1220,-1
0,-1,-1,1238,1033,1220,-1
0,-1,-1,1239,1034,1221,-1
0,-1,-1,1240,1035,1222,-1
0,-1,-1,1241,1035,1223,-1
0,-1,-1,1242,1036,1224,-1
0,-1,-1,1243,1036,1225,-1
0,-1,-1,1244,1037,1225,-1
0,-1,-1,1245,1038,1226,-1
0,-1,-1,1246,1039,1227,-1
0,-1,-1,1247,1040,1228,-1
0,-1,-1,1247,1041,1229,-1
0,-1,-1,1248,1042,1230,-1
0,-1,-1,1249,1043,1231,-1
0,-1,-1,1250,1044,1231,-1
0,-1,-1,1251,-1,1232,-1
0,-1,-1,1252,-1,1233,-1
0,-1,-1,1252,1045,1233,-1
0,-1,-1,1253,1046,1233,-1
0,-1,-1,1254,1046,1233,-1
0,-1,-1,1255,1046,1233,-1
0,-1,-1,1256,1047,1234,-1
0,-1,-1,1257,1048,1234,-1
0,-1,-1,1258,1049,1235,-1
0,-1,-1,1259,1050,1235,-1
0,-1,-1,1260,1051,1236,-1
0,-1,-1,1261,1052,1236,-1
0,-1,-1,1262,-1,1237,-1
0,-1,-1,1263,1053,1237,-1
0,-1,-1,1264,1054,1237,-1
0,-1,-1,1265,-1,1238,-1
0,-1,-1,1266,1055,1239,-1
0,-1,-1,1267,1056,1239,-1
0,-1,-1,1268,1057,1240,-1
0,-1,-1,1269,1058,1241,-1
0,-1,-1,1270,1058,1241,-1
0,-1,-1,1271,1058,1242,-1
0,-1,-1,1272,1059,1243,-1
0,-1,-1,1273,1060,1244,-1
0,-1,-1,1274,1061,1245,-1
0,-1,-1,1275,1062,1246,-1
0,-1,-1,1276,1063,1246,-1
0,-1,-1,1277,1064,1247,-1
0,-1,-1,1278,1065,1247,-1
0,-1,-1,1279,1066,1248,-1
0,-1,-1,1280,1067,1249,-1
0,-1,-1,1281,1068,1250,-1
0,-1,-1,1282,1069,1251,-1
0,-1,-1,1282,1070,1252,-1
0,-1,-1,1283,1071,1253,-1
0,-1,-1,1284,1072,1254,-1
0,-1,-1,1285,1073,1254,-1
0,-1,-1,1286,1073,1254,-1
0,-1,-1,1287,1074,1255,-1
0,-1,-1,1287,1075,1256,-1
0,-1,-1,1288,-1,1257,-1
0,-1,-1,1289,-1,1257,-1
0,-1,-1,1290,1076,1258,-1
0,-1,-1,1291,1077,1259,-1
0,-1,-1,1291,1078,1260,-1
0,-1,-1,1292,1079,1260,-1
0,-1,-1,1293,1079,1261,-1
0,-1,-1,1294,-1,1262,-1
0,-1,-1,1295,-1,1263,-1
0,-1,-1,1296,1080,1264,-1
0,-1,-1,1296,1080,1265,-1
0,-1,-1,1297,1080,1266,-1
0,-1,-1,1298,1081,1266,-1
0,-1,-1,1299,1082,1267,-1
0,-1,-1,1300,1083,1268,-1
0,-1,-1,1300,-1,1269,-1
0,-1,-1,1301,-1,1270,-1
0,-1,-1,1302,1084,1270,-1
0,-1,-1,1303,1085,1271,-1
0,-1,-1,1303,1086,1271,-1
0,-1,-1,1304,1087,1272,-1
0,-1,-1,1305,1088,1273,-1
0,-1,-1,1305,1089,1274,-1
0,-1,-1,1306,1089,1275,-1
0,-1,-1,1306,1089,1276,-1
0,-1,-1,1306,1089,1277,-1
0,-1,-1,1306,1090,1277,-1
0,-1,-1,1307,1091,1277,-1
0,-1,-1,1308,1092,1278,-1
0,-1,-1,1308,1093,1279,-1
0,-1,-1,1308,1094,1280,-1
0,-1,-1,1308,1095,1281,-1
0,-1,-1,1309,1096,1281,-1
0,-1,-1,1310,1097,1282,-1
0,-1,-1,1311,1097,1283,-1
0,-1,-1,1312,1098,1284,-1
0,-1,-1,1313,1099,1284,-1
0,-1,-1,1314,-1,1284,-1
0,-1,-1,1314,1100,1284,-1
0,-1,-1,1314,1101,1285,-1
0,-1,-1,1315,-1,1286,-1
0,-1,-1,1316,1101,1287,-1
0,-1,-1,1317,-1,1287,-1
0,-1,-1,1318,1102,1288,-1
0,-1,-1,1318,1103,1289,-1
0,-1,-1,1319,1104,1290,-1
0,-1,-1,1320,1105,1290,-1
0,-1,-1,1321,1106,1290,-1
0,-1,-1,1321,1107,1291,-1
0,-1,-1,1322,1108,1292,-1
0,-1,-1,1323,1109,1293,-1
0,-1,-1,1323,1109,1294,-1
0,-1,-1,1324,-1,1295,-1
0,-1,-1,1325,1110,1295,-1
0,-1,-1,1326,1111,1295,-1
0,-1,-1,1327,1111,1296,-1
0,-1,-1,1327,1112,1296,-1
0,-1,-1,1327,1113,1296,-1
0,-1,-1,1328,1114,1297,-1
0,-1,-1,1329,1115,1298,-1
0,-1,-1,1330,1116,1299,-1
0,-1,-1,1331,1116,1299,-1
0,-1,-1,1332,1117,1300,-1
0,-1,-1,1332,1118,1300,-1
0,-1,-1,1333,1118,1301,-1
0,-1,-1,1333,1118,1302,-1
0,-1,-1,1334,1118,1303,-1
0,-1,-1,1335,1119,1304,-1
0,-1,-1,1336,1120,1305,-1
0,-1,-1,1337,1121,1306,-1
0,-1,-1,1338,1122,1307,-1
0,-1,-1,1339,1122,1308,-1
0,-1,-1,1340,1123,1309,-1
0,-1,-1,1341,-1,1309,-1
0,-1,-1,1341,-1,1310,-1
0,-1,-1,1342,1124,1311,-1
0,-1,-1,1343,1124,1312,-1
0,-1,-1,1344,1125,1313,-1
0,-1,-1,1345,1125,1313,-1
0,-1,-1,1345,1126,1314,-1
0,-1,-1,1346,1126,1315,-1
0,-1,-1,1347,1127,1316,-1
0,-1,-1,1347,1127,1317,-1
0,-1,-1,1347,1127,1318,-1
0,-1,-1,1348,1127,1319,-1
0,-1,-1,1349,1128,1320,-1
0,-1,-1,1350,1129,1321,-1
0,-1,-1,1351,1130,1322,-1
0,-1,-1,1351,1131,1323,-1
0,-1,-1,1352,1132,1324,-1
0,-1,-1,1353,1133,1325,-1
0,-1,-1,1354,1134,1326,-1
0,-1,-1,1355,1135,1327,-1
0,-1,-1,1356,1136,1328,-1
0,-1,-1,1357,1137,1329,-1
0,-1,-1,1358,1138,1330,-1
0,-1,-1,1359,1139,1331,-1
0,-1,-1,1359,1140,1332,-1
0,-1,-1,1360,1141,1332,-1
0,-1,-1,1361,-1,1332,-1
0,-1,-1,1362,1142,1332,-1
0,-1,-1,1363,1143,1333,-1
0,-1,-1,1363,1144,1334,-1
0,-1,-1,1364,-1,1335,-1
0,-1,-1,1365,1145,1336,-1
0,-1,-1,1366,1146,1337,-1
0,-1,-1,1367,1146,1338,-1
0,-1,-1,1368,1147,1339,-1
0,-1,-1,1369,1148,1339,-1
0,-1,-1,1370,1149,1339,-1
0,-1,-1,1371,1149,1339,-1
0,-1,-1,1372,1150,1339,-1
0,-1,-1,1373,1151,1340,-1
0,-1,-1,1374,-1,1341,-1
0,-1,-1,1375,1152,1341,-1
0,-1,-1,1376,1153,1342,-1
0,-1,-1,1377,1154,1343,-1
0,-1,-1,1378,1155,1344,-1
0,-1,-1,1379,1156,1344,-1
0,-1,-1,1380,1157,1345,-1
0,-1,-1,1380,1158,1345,-1
0,-1,-1,1381,1158,1346,-1
0,-1,-1,1382,-1,1347,-1
0,-1,-1,1382,1159,1347,-1
0,-1,-1,1383,1160,1348,-1
0,-1,-1,1384,1160,1349,-1
0,-1,-1,1385,1161,1350,-1
0,-1,-1,1386,1162,1351,-1
0,-1,-1,1387,-1,1352,-1
0,-1,-1,1388,-1,1353,-1
0,-1,-1,1388,-1,1354,-1
0,-1,-1,1389,1163,1354,-1
0,-1,-1,1390,1164,1355,-1
0,-1,-1,1391,1164,1356,-1
0,-1,-1,1392,1165,1357,-1
0,-1,-1,1393,1165,1358,-1
0,-1,-1,1394,1166,1359,-1
0,-1,-1,1394,1167,1360,-1
0,-1,-1,1395,1168,1361,-1
0,-1,-1,1396,1169,1362,-1
0,-1,-1,1397,1170,1363,-1
0,-1,-1,1397,1171,1364,-1
0,-1,-1,1398,1172,1365,-1
0,-1,-1,1399,1173,1366,-1
0,-1,-1,1400,1174,1367,-1
0,-1,-1,1400,1174,1368,-1
0,-1,-1,1401,1174,1369,-1
0,-1,-1,1402,1175,1370,-1
0,-1,-1,1403,-1,1371,-1
0,-1,-1,1404,1176,1372,-1
0,-1,-1,1404,1177,1373,-1
0,-1,-1,1405,1178,1374,-1
0,-1,-1,1406,1179,1375,-1
0,-1,-1,1407,1180,1375,-1
0,-1,-1,1408,1181,1375,-1
0,-1,-1,1409,1182,1376,-1
0,-1,-1,1410,-1,1377,-1
0,-1,-1,1411,1183,1378,-1
0,-1,-1,1412,1183,1379,-1
0,-1,-1,1413,1184,1380,-1
0,-1,-1,1413,1185,1381,-1
0,-1,-1,1414,1186,1381,-1
0,-1,-1,1415,-1,1382,-1
0,-1,-1,1415,1187,1383,-1
0,-1,-1,1416,-1,1384,-1
0,-1,-1,1417,1188,1385,-1
0,-1,-1,1417,1189,1385,-1
0,-1,-1,1417,1190,1386,-1
0,-1,-1,1417,1190,1387,-1
0,-1,-1,1417,-1,1388,-1
0,-1,-1,1418,1191,1389,-1
0,-1,-1,1419,1192,1390,-1
0,-1,-1,1419,1193,1391,-1
0,-1,-1,1419,1194,1392,-1
0,-1,-1,1420,-1,1393,-1
0,-1,-1,1420,1195,1394,-1
0,-1,-1,1421,1196,1395,-1
0,-1,-1,1422,1197,1396,-1
0,-1,-1,1423,1198,1396,-1
0,-1,-1,1424,1199,1397,-1
0,-1,-1,1425,1200,1398,-1
0,-1,-1,1426,1201,1399,-1
0,-1,-1,1427,1202,1400,-1
0,-1,-1,1428,-1,1401,-1
0,-1,-1,1429,1203,1402,-1
0,-1,-1,1430,1204,1403,-1
0,-1,-1,1430,1205,1404,-1
0,-1,-1,1431,1206,1405,-1
0,-1,-1,1432,1207,1406,-1
0,-1,-1,1433,1208,1407,-1
0,-1,-1,1434,1209,1407,-1
0,-1,-1,1434,1209,1407,-1
0,-1,-1,1435,1209,1408,-1
0,-1,-1,1436,1210,1409,-1
0,-1,-1,1437,1211,1410,-1
0,-1,-1,1438,1212,1411,-1
0,-1,-1,1438,1213,1412,-1
0,-1,-1,1438,1213,1413,-1
0,-1,-1,1439,1214,1414,-1
0,-1,-1,1440,1214,1415,-1
0,-1,-1,1441,1215,1416,-1
0,-1,-1,1441,1216,1417,-1
0,-1,-1,1442,1216,1418,-1
0,-1,-1,1443,1217,1419,-1
0,-1,-1,1444,1218,1420,-1
0,-1,-1,1444,-1,1421,-1
0,-1,-1,1445,1219,1422,-1
0,-1,-1,1446,-1,1423,-1
0,-1,-1,1446,1220,1424,-1
0,-1,-1,1447,1221,1425,-1
0,-1,-1,1448,1222,1425,-1
0,-1,-1,1449,1222,1425,-1
0,-1,-1,1450,1222,1426,-1
0,-1,-1,1451,-1,1427,-1
0,-1,-1,1452,1223,1428,-1
0,-1,-1,1453,1224,1429,-1
0,-1,-1,1454,1225,1430,-1
0,-1,-1,1455,1226,1431,-1
0,-1,-1,1456,1227,1432,-1
0,-1,-1,1456,-1,1433,-1
0,-1,-1,1457,1227,1434,-1
0,-1,-1,1458,1227,1435,-1
0,-1,-1,1459,1228,1436,-1
0,-1,-1,1460,1229,1437,-1
0,-1,-1,1461,1230,1437,-1
0,-1,-1,1462,1231,1438,-1
0,-1,-1,1463,-1,1439,-1
0,-1,-1,1464,1231,1440,-1
0,-1,-1,1464,1231,1441,-1
0,-1,-1,1465,1232,1442,-1
0,-1,-1,1466,1232,1443,-1
0,-1,-1,1467,-1,1444,-1
0,-1,-1,1468,1233,1445,-1
0,-1,-1,1469,1233,1446,-1
0,-1,-1,1470,1234,1447,-1
0,-1,-1,1471,1235,1448,-1
0,-1,-1,1472,1236,1449,-1
0,-1,-1,1473,1237,1449,-1
0,-1,-1,1474,1237,1450,-1
0,-1,-1,1475,-1,1450,-1
0,-1,-1,1475,-1,1451,-1
0,-1,-1,1476,1237,1452,-1
0,-1,-1,1477,1237,1453,-1
0,-1,-1,1478,1237,1453,-1
0,-1,-1,1479,1238,1454,-1
0,-1,-1,1480,1239,1455,-1
0,-1,-1,1481,1240,1456,-1
0,-1,-1,1482,-1,1456,-1
0,-1,-1,1483,1241,1457,-1
0,-1,-1,1484,1242,1458,-1
0,-1,-1,1485,1243,1459,-1
0,-1,-1,1486,1243,1459,-1
0,-1,-1,1487,1244,1460,-1
0,-1,-1,1488,1245,1460,-1
0,-1,-1,1489,1246,1461,-1
0,-1,-1,1490,1247,1462,-1
0,-1,-1,1491,1248,1463,-1
0,-1,-1,1492,1249,1463,-1
0,-1,-1,1493,1250,1464,-1
0,-1,-1,1494,1251,1465,-1
0,-1,-1,1495,1252,1465,-1
0,-1,-1,1496,1253,1466,-1
0,-1,-1,1497,1254,1467,-1
0,-1,-1,1498,1255,1468,-1
0,-1,-1,1498,1256,1468,-1
0,-1,-1,1498,1257,1469,-1
0,-1,-1,1498,1258,1470,-1
0,-1,-1,1499,1259,1471,-1
0,-1,-1,1500,1259,1472,-1
0,-1,-1,1500,1260,1473,-1
0,-1,-1,1500,1261,1473,-1
0,-1,-1,1501,1262,1473,-1
0,-1,-1,1501,1263,1474,-1
0,-1,-1,1502,-1,1475,-1
0,-1,-1,1503,1264,1476,-1
0,-1,-1,1504,1265,1477,-1
0,-1,-1,1504,1265,1478,-1
0,-1,-1,1505,-1,1479,-1
0,-1,-1,1506,1266,1480,-1
0,-1,-1,1506,1267,1480,-1
0,-1,-1,1507,1268,1481,-1
0,-1,-1,1508,1269,1482,-1
0,-1,-1,1509,1270,1483,-1
0,-1,-1,1510,1271,1484,-1
0,-1,-1,1511,1272,1485,-1
0,-1,-1,1511,1273,1485,-1
0,-1,-1,1512,1274,1486,-1
0,-1,-1,1513,1275,1487,-1
0,-1,-1,1513,1276,1488,-1
0,-1,-1,1514,1277,1489,-1
0,-1,-1,1514,1278,1490,-1
0,-1,-1,1515,1279,1490,-1
0,-1,-1,1516,1280,1490,-1
0,-1,-1,1517,1280,1490,-1
0,-1,-1,1518,1280,1491,-1
0,-1,-1,1519,1281,1492,-1
0,-1,-1,1520,1282,1493,-1
0,-1,-1,1521,1283,1494,-1
0,-1,-1,1521,1284,1495,-1
0,-1,-1,1522,-1,1496,-1
0,-1,-1,1523,1285,1497,-1
0,-1,-1,1524,-1,1497,-1
0,-1,-1,1525,1286,1498,-1
0,-1,-1,1526,1286,1499,-1
0,-1,-1,1527,1287,1500,-1
0,-1,-1,1528,1288,1501,-1
0,-1,-1,1529,1288,1502,-1
0,-1,-1,1530,1289,1503,-1
0,-1,-1,1531,1290,1504,-1
0,-1,-1,1532,1291,1505,-1
0,-1,-1,1533,1292,1505,-1
0,-1,-1,1534,1293,1505,-1
0,-1,-1,1535,1294,1505,-1
0,-1,-1,1536,1295,1505,-1
0,-1,-1,1537,1295,1506,-1
0,-1,-1,1538,1295,1507,-1
0,-1,-1,1539,1296,1507,-1
0,-1,-1,1540,1296,1508,-1
0,-1,-1,1541,1297,1509,-1
0,-1,-1,1542,1298,1509,-1
0,-1,-1,1543,1299,1510,-1
0,-1,-1,1544,1299,1510,-1
0,-1,-1,1544,1300,1511,-1
0,-1,-1,1545,1300,1511,-1
0,-1,-1,1546,1301,1511,-1
0,-1,-1,1547,1301,1512,-1
0,-1,-1,1547,1301,1513,-1
0,-1,-1,1548,1302,1513,-1
0,-1,-1,1549,1303,1513,-1
0,-1,-1,1550,1304,1514,-1
0,-1,-1,1551,-1,1515,-1
0,-1,-1,1552,1305,1516,-1
0,-1,-1,1553,1306,1517,-1
0,-1,-1,1554,1307,1517,-1
0,-1,-1,1555,1308,1518,-1
0,-1,-1,1556,1308,1519,-1
0,-1,-1,1557,1308,1520,-1
0,-1,-1,1558,1309,1521,-1
0,-1,-1,1559,1310,1522,-1
0,-1,-1,1560,1311,1523,-1
0,-1,-1,1561,1312,1523,-1
0,-1,-1,1561,-1,1524,-1
0,-1,-1,1562,1313,1525,-1
0,-1,-1,1563,1314,1525,-1
0,-1,-1,1564,1315,1526,-1
0,-1,-1,1565,1316,1527,-1
0,-1,-1,1566,1317,1528,-1
0,-1,-1,1567,1318,1529,-1
0,-1,-1,1568,1319,1530,-1
0,-1,-1,1569,1320,1531,-1
0,-1,-1,1570,1321,1532,-1
0,-1,-1,1571,-1,1533,-1
0,-1,-1,1572,1321,1534,-1
0,-1,-1,1572,1321,1535,-1
0,-1,-1,1573,-1,1536,-1
0,-1,-1,1574,1322,1537,-1
0,-1,-1,1575,1323,1538,-1
0,-1,-1,1576,1324,1539,-1
0,-1,-1,1577,1325,1540,-1
0,-1,-1,1578,1325,1541,-1
0,-1,-1,1579,1326,1541,-1
0,-1,-1,1580,-1,1542,-1
0,-1,-1,1581,1327,1543,-1
0,-1,-1,1582,1328,1544,-1
0,-1,-1,1583,1329,1545,-1
0,-1,-1,1584,1330,1546,-1
0,-1,-1,1584,1330,1547,-1
0,-1,-1,1585,1331,1548,-1
0,-1,-1,1586,1332,1549,-1
0,-1,-1,1587,1332,1550,-1
0,-1,-1,1588,1332,1551,-1
0,-1,-1,1589,1332,1552,-1
0,-1,-1,1590,1333,1553,-1
0,-1,-1,1590,1333,1554,-1
0,-1,-1,1591,1333,1555,-1
0,-1,-1,1592,1334,1556,-1
0,-1,-1,1593,1334,1557,-1
0,-1,-1,1594,1335,1558,-1
0,-1,-1,1595,1336,1558,-1
0,-1,-1,1595,1337,1559,-1
0,-1,-1,1596,-1,1560,-1
0,-1,-1,1597,1338,1561,-1
0,-1,-1,1598,1339,1561,-1
0,-1,-1,1599,1339,1562,-1
0,-1,-1,1600,1340,1563,-1
0,-1,-1,1601,1341,1564,-1
0,-1,-1,1602,1342,1564,-1
0,-1,-1,1602,1343,1565,-1
0,-1,-1,1603,1344,1566,-1
0,-1,-1,1604,1345,1567,-1
0,-1,-1,1605,1346,1568,-1
0,-1,-1,1606,1347,1569,-1
0,-1,-1,1607,1347,1570,-1
0,-1,-1,1608,1348,1571,-1
0,-1,-1,1609,1348,1572,-1
0,-1,-1,1610,1348,1573,-1
0,-1,-1,1611,1348,1573,-1
0,-1,-1,1612,1348,1574,-1
0,-1,-1,1613,-1,1575,-1
0,-1,-1,1614,1349,1576,-1
0,-1,-1,1615,1350,1577,-1
0,-1,-1,1616,-1,1578,-1
0,-1,-1,1617,1350,1579,-1
0,-1,-1,1617,1351,1580,-1
0,-1,-1,1618,1352,1581,-1
0,-1,-1,1619,1353,1582,-1
0,-1,-1,1620,1354,1583,-1
0,-1,-1,1621,1355,1584,-1
0,-1,-1,1622,1356,1585,-1
0,-1,-1,1623,1357,1586,-1
0,-1,-1,1623,1357,1587,-1
0,-1,-1,1623,-1,1588,-1
0,-1,-1,1624,1358,1589,-1
0,-1,-1,1625,1359,1590,-1
0,-1,-1,1626,1360,1590,-1
0,-1,-1,1627,1360,1591,-1
0,-1,-1,1628,1361,1592,-1
0,-1,-1,1629,1361,1593,-1
0,-1,-1,1630,1362,1594,-1
0,-1,-1,1631,1363,1595,-1
0,-1,-1,1632,1363,1596,-1
0,-1,-1,1632,1363,1597,-1
0,-1,-1,1633,1364,1597,-1
0,-1,-1,1634,1365,1597,-1
0,-1,-1,1635,-1,1598,-1
0,-1,-1,1635,1366,1599,-1
0,-1,-1,1635,1367,1600,-1
0,-1,-1,1636,1368,1601,-1
0,-1,-1,1637,1368,1602,-1
0,-1,-1,1638,1369,1603,-1
0,-1,-1,1639,1370,1604,-1
0,-1,-1,1640,1371,1605,-1
0,-1,-1,1641,1372,1605,-1
0,-1,-1,1641,1372,1606,-1
0,-1,-1,1642,1373,1607,-1
0,-1,-1,1643,1374,1607,-1
0,-1,-1,1644,1374,1608,-1
0,-1,-1,1645,1375,1609,-1
0,-1,-1,1645,1375,1610,-1
0,-1,-1,1645,1376,1611,-1
0,-1,-1,1646,1377,1612,-1
0,-1,-1,1647,1378,1613,-1
0,-1,-1,1648,1379,1614,-1
0,-1,-1,1649,1380,1615,-1
0,-1,-1,1650,1381,1616,-1
0,-1,-1,1651,1382,1617,-1
0,-1,-1,1652,1383,1618,-1
0,-1,-1,1653,1384,1619,-1
0,-1,-1,1653,1385,1619,-1
0,-1,-1,1654,1386,1620,-1
0,-1,-1,1655,1387,1620,-1
0,-1,-1,1656,1387,1621,-1
0,-1,-1,1657,1388,1622,-1
0,-1,-1,1658,1389,1623,-1
0,-1,-1,1659,1390,1624,-1
0,-1,-1,1659,1391,1624,-1
0,-1,-1,1660,1392,1625,-1
0,-1,-1,1661,1393,1626,-1
0,-1,-1,1661,1394,1627,-1
0,-1,-1,1661,-1,1628,-1
0,-1,-1,1661,1394,1629,-1
0,-1,-1,1661,1395,1630,-1
0,-1,-1,1662,1396,1631,-1
0,-1,-1,1663,1397,1632,-1
0,-1,-1,1664,1398,1633,-1
0,-1,-1,1665,1399,1634,-1
0,-1,-1,1666,-1,1635,-1
0,-1,-1,1666,1400,1635,-1
0,-1,-1,1667,1401,1636,-1
0,-1,-1,1668,1402,1637,-1
0,-1,-1,1669,1403,1638,-1
0,-1,-1,1670,1403,1639,-1
0,-1,-1,1671,1404,1640,-1
0,-1,-1,1671,1405,1641,-1
0,-1,-1,1672,-1,1642,-1
0,-1,-1,1672,1406,1643,-1
0,-1,-1,1673,1407,1644,-1
0,-1,-1,1674,1408,1645,-1
0,-1,-1,1675,1409,1646,-1
0,-1,-1,1676,1409,1647,-1
0,-1,-1,1677,1410,1647,-1
0,-1,-1,1678,1411,1648,-1
0,-1,-1,1678,1412,1648,-1
0,-1,-1,1679,1412,1648,-1
0,-1,-1,1680,-1,1648,-1
0,-1,-1,1681,1412,1649,-1
0,-1,-1,1682,1413,1650,-1
0,-1,-1,1683,1414,1651,-1
0,-1,-1,1684,1415,1652,-1
0,-1,-1,1685,1416,1652,-1
0,-1,-1,1686,1416,1653,-1
0,-1,-1,1687,1416,1654,-1
0,-1,-1,1688,-1,1655,-1
0,-1,-1,1688,-1,1656,-1
0,-1,-1,1689,-1,1657,-1
0,-1,-1,1690,1417,1658,-1
0,-1,-1,1691,1417,1659,-1
0,-1,-1,1691,-1,1660,-1
0,-1,-1,1691,1418,1661,-1
0,-1,-1,1691,-1,1662,-1
0,-1,-1,1691,1419,1663,-1
0,-1,-1,1692,1420,1663,-1
0,-1,-1,1693,1421,1664,-1
0,-1,-1,1694,1422,1664,-1
0,-1,-1,1695,1423,1664,-1
0,-1,-1,1696,1424,1665,-1
0,-1,-1,1697,1425,1666,-1
0,-1,-1,1698,1426,1667,-1
0,-1,-1,1698,1427,1667,-1
0,-1,-1,1699,1428,1668,-1
0,-1,-1,1700,1428,1669,-1
0,-1,-1,1701,1429,1669,-1
0,-1,-1,1702,1430,1670,-1
0,-1,-1,1703,1430,1671,-1
0,-1,-1,1704,1431,1672,-1
0,-1,-1,1705,1431,1672,-1
0,-1,-1,1706,-1,1673,-1
0,-1,-1,1707,1431,1674,-1
0,-1,-1,1708,1431,1675,-1
0,-1,-1,1709,-1,1676,-1
0,-1,-1,1710,1432,1677,-1
0,-1,-1,1711,1433,1678,-1
0,-1,-1,1712,1434,1679,-1
0,-1,-1,1713,-1,1680,-1
0,-1,-1,1714,1435,1681,-1
0,-1,-1,1715,1436,1682,-1
0,-1,-1,1716,1437,1683,-1
0,-1,-1,1717,1438,1684,-1
0,-1,-1,1718,1439,1685,-1
0,-1,-1,1719,1440,1686,-1
0,-1,-1,1720,1440,1687,-1
0,-1,-1,1721,1441,1688,-1
0,-1,-1,1722,1442,1688,-1
0,-1,-1,1723,1443,1689,-1
0,-1,-1,1724,1443,1690,-1
0,-1,-1,1725,1444,1690,-1
0,-1,-1,1726,1445,1690,-1
0,-1,-1,1727,1446,1691,-1
0,-1,-1,1728,1447,1692,-1
0,-1,-1,1729,1448,1692,-1
0,-1,-1,1730,1449,1693,-1
0,-1,-1,1731,1450,1694,-1
0,-1,-1,1731,1450,1694,-1
0,-1,-1,1732,1451,1695,-1
0,-1,-1,1733,1452,1696,-1
0,-1,-1,1733,1453,1696,-1
0,-1,-1,1734,1454,1697,-1
0,-1,-1,1735,-1,1698,-1
0,-1,-1,1736,1455,1698,-1
0,-1,-1,1737,1456,1699,-1
0,-1,-1,1738,1457,1700,-1
0,-1,-1,1739,-1,1701,-1
0,-1,-1,1740,1458,1701,-1
0,-1,-1,1741,1459,1702,-1
0,-1,-1,1742,1459,1703,-1
0,-1,-1,1743,-1,1704,-1
0,-1,-1,1744,-1,1705,-1
0,-1,-1,1744,1459,1706,-1
0,-1,-1,1744,1460,1706,-1
0,-1,-1,1745,1461,1706,-1
0,-1,-1,1746,1462,1706,-1
0,-1,-1,1747,1462,1707,-1
0,-1,-1,1748,1463,1708,-1
0,-1,-1,1749,1463,1709,-1
0,-1,-1,1750,1464,1709,-1
0,-1,-1,1751,1465,1710,-1
0,-1,-1,1752,1466,1711,-1
0,-1,-1,1753,1467,1712,-1
0,-1,-1,1754,1467,1712,-1
0,-1,-1,1754,1467,1712,-1
0,-1,-1,1755,1468,1713,-1
0,-1,-1,1756,1469,1714,-1
0,-1,-1,1757,1470,1714,-1
0,-1,-1,1758,-1,1715,-1
0,-1,-1,1758,1471,1716,-1
0,-1,-1,1758,1471,1717,-1
0,-1,-1,1759,1472,1718,-1
0,-1,-1,1760,1473,1719,-1
0,-1,-1,1761,1474,1720,-1
0,-1,-1,1762,1474,1721,-1
0,-1,-1,1763,1475,1722,-1
0,-1,-1,1764,1476,1722,-1
0,-1,-1,1765,1477,1723,-1
0,-1,-1,1766,1478,1724,-1
0,-1,-1,1767,1479,1725,-1
0,-1,-1,1768,1480,1726,-1
0,-1,-1,1769,1481,1727,-1
0,-1,-1,1770,1482,1728,-1
0,-1,-1,1771,1483,1729,-1
0,-1,-1,1772,1483,1729,-1
0,-1,-1,1773,1484,1730,-1
0,-1,-1,1774,1485,1731,-1
0,-1,-1,1775,-1,1731,-1
0,-1,-1,1776,1486,1732,-1
0,-1,-1,1776,1486,1733,-1
0,-1,-1,1777,1487,1734,-1
0,-1,-1,1778,1487,1735,-1
0,-1,-1,1778,1488,1736,-1
0,-1,-1,1779,1489,1737,-1
0,-1,-1,1780,1490,1738,-1
0,-1,-1,1781,1491,1739,-1
0,-1,-1,1781,1492,1740,-1
0,-1,-1,1782,1493,1741,-1
0,-1,-1,1783,1494,1741,-1
0,-1,-1,1784,1495,1742,-1
0,-1,-1,1785,1496,1743,-1
0,-1,-1,1786,-1,1744,-1
0,-1,-1,1787,1497,1745,-1
0,-1,-1,1788,1498,1746,-1
0,-1,-1,1789,1499,1747,-1
0,-1,-1,1789,-1,1748,-1
0,-1,-1,1789,1500,1749,-1
0,-1,-1,1790,1501,1750,-1
0,-1,-1,1791,1502,1751,-1
0,-1,-1,1792,1502,1751,-1
0,-1,-1,1793,1503,1752,-1
0,-1,-1,1794,1504,1753,-1
0,-1,-1,1795,1504,1754,-1
0,-1,-1,1796,1505,1755,-1
0,-1,-1,1797,1506,1755,-1
0,-1,-1,1798,1506,1756,-1
0,-1,-1,1799,1507,1757,-1
0,-1,-1,1800,1508,1758,-1
0,-1,-1,1801,1509,1758,-1
0,-1,-1,1802,-1,1759,-1
0,-1,-1,1803,1510,1760,-1
0,-1,-1,1804,1511,1761,-1
0,-1,-1,1805,1511,1762,-1
0,-1,-1,1806,1512,1763,-1
0,-1,-1,1806,1513,1763,-1
0,-1,-1,1806,1514,1763,-1
0,-1,-1,1807,1514,1764,-1
0,-1,-1,1808,1515,1765,-1
0,-1,-1,1809,1516,1766,-1
0,-1,-1,1809,1517,1767,-1
0,-1,-1,1809,1518,1768,-1
0,-1,-1,1810,1519,1769,-1
0,-1,-1,1811,-1,1769,-1
0,-1,-1,1812,1519,1769,-1
0,-1,-1,1813,1520,1769,-1
0,-1,-1,1814,1521,1769,-1
0,-1,-1,1814,1522,1770,-1
0,-1,-1,1815,1523,1771,-1
0,-1,-1,1816,1524,1772,-1
0,-1,-1,1817,1525,1773,-1
0,-1,-1,1818,1526,1774,-1
0,-1,-1,1819,1527,1775,-1
0,-1,-1,1820,1528,1776,-1
0,-1,-1,1821,1529,1777,-1
0,-1,-1,1822,1529,1778,-1
0,-1,-1,1823,1530,1779,-1
0,-1,-1,1824,1531,1780,-1
0,-1,-1,1825,1531,1781,-1
0,-1,-1,1826,1532,1782,-1
0,-1,-1,1827,1533,1783,-1
0,-1,-1,1827,1533,1784,-1
0,-1,-1,1828,1533,1785,-1
0,-1,-1,1829,1533,1786,-1
0,-1,-1,1829,1534,1787,-1
0,-1,-1,1829,1535,1788,-1
0,-1,-1,1829,1536,1788,-1
0,-1,-1,1830,1537,1789,-1
0,-1,-1,1831,-1,1790,-1
0,-1,-1,1832,1537,1791,-1
0,-1,-1,1833,1538,1792,-1
0,-1,-1,1833,1539,1793,-1
0,-1,-1,1834,1539,1794,-1
0,-1,-1,1834,1539,1795,-1
0,-1,-1,1835,1540,1795,-1
0,-1,-1,1836,1541,1795,-1
0,-1,-1,1836,1541,1795,-1
0,-1,-1,1836,1542,1795,-1
0,-1,-1,1837,1543,1796,-1
0,-1,-1,1838,1544,1797,-1
0,-1,-1,1838,1544,1798,-1
0,-1,-1,1839,1545,1799,-1
0,-1,-1,1840,-1,1800,-1
0,-1,-1,1841,1546,1801,-1
0,-1,-1,1841,1547,1802,-1
0,-1,-1,1842,-1,1803,-1
0,-1,-1,1843,1548,1803,-1
0,-1,-1,1844,1549,1804,-1
0,-1,-1,1845,1550,1805,-1
0,-1,-1,1846,1551,1806,-1
0,-1,-1,1847,1552,1807,-1
0,-1,-1,1848,-1,1808,-1
0,-1,-1,1849,1553,1809,-1
0,-1,-1,1849,1554,1809,-1
0,-1,-1,1849,1555,1809,-1
0,-1,-1,1850,1556,1810,-1
0,-1,-1,1851,1556,1811,-1
0,-1,-1,1852,1557,1811,-1
0,-1,-1,1853,1558,1812,-1
0,-1,-1,1854,1559,1813,-1
0,-1,-1,1855,1560,1813,-1
0,-1,-1,1856,1561,1814,-1
0,-1,-1,1857,1562,1815,-1
0,-1,-1,1858,1563,1816,-1
0,-1,-1,1859,-1,1817,-1
0,-1,-1,1860,1564,1818,-1
0,-1,-1,1861,1565,1818,-1
0,-1,-1,1862,1566,1819,-1
0,-1,-1,1863,1567,1820,-1
0,-1,-1,1863,-1,1821,-1
0,-1,-1,1864,1568,1822,-1
0,-1,-1,1865,1569,1823,-1
0,-1,-1,1866,1570,1824,-1
0,-1,-1,1866,1571,1825,-1
0,-1,-1,1867,1572,1825,-1
0,-1,-1,1868,1572,1826,-1
0,-1,-1,1869,-1,1826,-1
0,-1,-1,1870,1573,1827,-1
0,-1,-1,1871,1574,1828,-1
0,-1,-1,1872,1575,1829,-1
0,-1,-1,1873,1576,1830,-1
0,-1,-1,1874,1576,1830,-1
0,-1,-1,1875,1577,1831,-1
0,-1,-1,1876,1578,1832,-1
0,-1,-1,1877,1579,1832,-1
0,-1,-1,1878,1580,1833,-1
0,-1,-1,1879,1581,1834,-1
0,-1,-1,1879,1582,1834,-1
0,-1,-1,1880,1583,1835,-1
0,-1,-1,1881,-1,1836,-1
0,-1,-1,1882,-1,1836,-1
0,-1,-1,1883,1584,1837,-1
0,-1,-1,1884,1585,1838,-1
0,-1,-1,1885,1585,1839,-1
0,-1,-1,1886,1585,1840,-1
0,-1,-1,1887,1586,1841,-1
0,-1,-1,1888,1587,1842,-1
0,-1,-1,1889,1587,1842,-1
0,-1,-1,1890,1587,1843,-1
0,-1,-1,1891,1588,1844,-1
0,-1,-1,1892,1588,1845,-1
0,-1,-1,1893,1589,1846,-1
0,-1,-1,1894,1590,1847,-1
0,-1,-1,1895,-1,1848,-1
0,-1,-1,1896,1591,1848,-1
0,-1,-1,1897,1592,1849,-1
0,-1,-1,1898,-1,1850,-1
0,-1,-1,1899,1592,1851,-1
0,-1,-1,1899,1593,1852,-1
0,-1,-1,1900,1594,1853,-1
0,-1,-1,1901,1595,1854,-1
0,-1,-1,1902,1596,1855,-1
0,-1,-1,1903,1597,1856,-1
0,-1,-1,1904,-1,1857,-1
0,-1,-1,1905,1598,1858,-1
0,-1,-1,1906,1599,1858,-1
0,-1,-1,1907,1600,1859,-1
0,-1,-1,1907,1601,1859,-1
0,-1,-1,1907,1602,1860,-1
0,-1,-1,1907,1603,1861,-1
0,-1,-1,1908,-1,1861,-1
0,-1,-1,1909,1604,1862,-1
0,-1,-1,1909,1605,1863,-1
0,-1,-1,1910,1606,1864,-1
0,-1,-1,1911,1607,1864,-1
0,-1,-1,1912,1607,1865,-1
0,-1,-1,1913,1608,1866,-1
0,-1,-1,1914,1609,1867,-1
0,-1,-1,1915,1610,1868,-1
0,-1,-1,1916,1611,1868,-1
0,-1,-1,1917,1612,1868,-1
0,-1,-1,1918,1612,1869,-1
0,-1,-1,1919,1613,1870,-1
0,-1,-1,1920,1613,1870,-1
0,-1,-1,1921,1613,1871,-1
0,-1,-1,1922,1614,1872,-1
0,-1,-1,1923,1615,1873,-1
0,-1,-1,1924,1615,1874,-1
0,-1,-1,1925,1616,1875,-1
0,-1,-1,1926,1617,1876,-1
0,-1,-1,1927,-1,1877,-1
0,-1,-1,1928,1618,1878,-1
0,-1,-1,1929,1619,1879,-1
0,-1,-1,1930,1620,1880,-1
0,-1,-1,1931,1621,1881,-1
0,-1,-1,1932,1621,1881,-1
0,-1,-1,1933,1622,1882,-1
0,-1,-1,1934,1622,1883,-1
0,-1,-1,1935,1623,1884,-1
0,-1,-1,1936,1624,1885,-1
0,-1,-1,1937,1625,1886,-1
0,-1,-1,1938,1626,1887,-1
0,-1,-1,1939,1627,1888,-1
0,-1,-1,1940,1628,1889,-1
0,-1,-1,1941,1628,1890,-1
0,-1,-1,1942,1629,1890,-1
0,-1,-1,1943,1629,1891,-1
0,-1,-1,1944,1630,1892,-1
0,-1,-1,1945,1630,1893,-1
0,-1,-1,1946,1630,1893,-1
0,-1,-1,1947,1631,1894,-1
0,-1,-1,1947,1632,1895,-1
0,-1,-1,1948,-1,1896,-1
0,-1,-1,1949,1633,1897,-1
0,-1,-1,1950,1634,1898,-1
0,-1,-1,1951,1635,1899,-1
0,-1,-1,1951,1636,1900,-1
0,-1,-1,1952,1637,1901,-1
0,-1,-1,1953,1638,1902,-1
0,-1,-1,1953,1638,1903,-1
0,-1,-1,1954,1639,1904,-1
0,-1,-1,1955,1640,1905,-1
0,-1,-1,1956,1641,1905,-1
0,-1,-1,1957,1642,1905,-1
0,-1,-1,1958,1642,1905,-1
0,-1,-1,1959,1643,1906,-1
0,-1,-1,1959,1644,1907,-1
0,-1,-1,1960,1645,1908,-1
0,-1,-1,1960,1646,1909,-1
0,-1,-1,1961,1647,1910,-1
0,-1,-1,1962,1648,1910,-1
0,-1,-1,1962,1648,1911,-1
0,-1,-1,1963,1649,1911,-1
0,-1,-1,1963,1650,1912,-1
0,-1,-1,1964,1650,1912,-1
0,-1,-1,1965,1651,1913,-1
0,-1,-1,1966,1652,1914,-1
0,-1,-1,1967,1653,1915,-1
0,-1,-1,1968,1654,1915,-1
0,-1,-1,1969,1655,1916,-1
0,-1,-1,1970,-1,1917,-1
0,-1,-1,1971,1656,1918,-1
0,-1,-1,1972,-1,1918,-1
0,-1,9,1973,1657,1918,-1
0,-1,-1,1974,1658,1918,-1
0,-1,-1,1975,1659,1919,-1
0,-1,-1,1976,1659,1920,-1
0,-1,-1,1977,1660,1921,-1
0,-1,-1,1977,1660,1922,-1
0,-1,-1,1977,1661,1922,-1
0,-1,-1,1977,1662,1923,-1
0,-1,-1,1978,1663,1924,-1
0,-1,-1,1979,-1,1924,-1
0,-1,-1,1979,-1,1925,-1
0,-1,-1,1980,1663,1926,-1
0,-1,-1,1981,1664,1926,-1
0,-1,-1,1982,1665,1926,-1
0,-1,-1,1983,1666,1927,-1
0,-1,-1,1984,1667,1928,-1
0,-1,-1,1985,1667,1928,-1
0,-1,-1,1985,1668,1929,-1
0,-1,-1,1986,1669,1930,-1
0,-1,-1,1987,1670,1931,-1
0,-1,-1,1988,1671,1931,-1
0,-1,-1,1988,1671,1932,-1
0,-1,-1,1989,1672,1933,-1
0,-1,-1,1990,1673,1934,-1
0,-1,-1,1991,-1,1935,-1
0,-1,-1,1992,1674,1936,-1
0,-1,-1,1993,1675,1937,-1
0,-1,-1,1994,1676,1938,-1
0,-1,-1,1995,1677,1939,-1
0,-1,-1,1996,1678,1940,-1
0,-1,-1,1997,1678,1941,-1
0,-1,-1,1997,1679,1942,-1
0,-1,-1,1997,1680,1943,-1
0,-1,-1,1998,1681,1944,-1
0,-1,-1,1999,-1,1945,-1
0,-1,-1,2000,1682,1946,-1
0,-1,-1,2001,1683,1947,-1
0,-1,-1,2002,1684,1948,-1
0,-1,-1,2003,1685,1949,-1
0,-1,-1,2004,1686,1950,-1
0,-1,-1,2005,1686,1950,-1
0,-1,-1,2006,1687,1950,-1
0,-1,-1,2006,1688,1951,-1
0,-1,-1,2007,1689,1952,-1
0,-1,-1,2007,1689,1953,-1
0,-1,-1,2007,1690,1953,-1
0,-1,-1,2008,1691,1954,-1
0,-1,-1,2009,1692,1955,-1
0,-1,-1,2010,1693,1956,-1
0,-1,-1,2011,1694,1957,-1
0,-1,-1,2011,1695,1958,-1
0,-1,-1,2012,1696,1959,-1
0,-1,-1,2013,1696,1960,-1
0,-1,-1,2014,-1,1961,-1
0,-1,-1,2014,1696,1962,-1
0,-1,-1,2015,1697,1963,-1
0,-1,-1,2016,1698,1964,-1
0,-1,-1,2017,1699,1964,-1
0,-1,-1,2018,1700,1965,-1
0,-1,-1,2019,1701,1966,-1
0,-1,-1,2019,1702,1966,-1
0,-1,-1,2020,1703,1967,-1
0,-1,-1,2021,1703,1968,-1
0,-1,-1,2022,1704,1969,-1
0,-1,-1,2023,1705,1970,-1
0,-1,-1,2023,1706,1970,-1
0,-1,-1,2024,1707,1971,-1
0,-1,-1,2025,1708,1972,-1
0,-1,-1,2026,1708,1973,-1
0,-1,-1,2027,1709,1974,-1
0,-1,-1,2028,1710,1974,-1
0,-1,-1,2029,1710,1975,-1
0,-1,-1,2030,1710,1976,-1
0,-1,-1,2031,1711,1977,-1
0,-1,-1,2032,-1,1978,-1
0,-1,-1,2033,1712,1978,-1
0,-1,-1,2033,1713,1979,-1
0,-1,-1,2034,1713,1980,-1
0,-1,-1,2035,1714,1980,-1
0,-1,-1,2036,1715,1981,-1
0,-1,-1,2037,1716,1982,-1
0,-1,-1,2038,1716,1982,-1
0,-1,-1,2038,1716,1982,-1
0,-1,-1,2039,1717,1983,-1
0,-1,-1,2040,1718,1984,-1
0,-1,-1,2041,1719,1984,-1
0,-1,-1,2042,1719,1985,-1
0,-1,-1,2043,1720,1986,-1
0,-1,-1,2044,1721,1987,-1
0,-1,-1,2045,1722,1987,-1
0,-1,-1,2046,1723,1988,-1
0,-1,-1,2047,1724,1989,-1
0,-1,-1,2048,-1,1990,-1
0,-1,-1,2049,1725,1991,-1
0,-1,-1,2050,1726,1992,-1
0,-1,-1,2050,-1,1993,-1
0,-1,-1,2050,1727,1994,-1
0,-1,-1,2051,-1,1995,-1
0,-1,-1,2052,1728,1996,-1
0,-1,-1,2053,1729,1997,-1
0,-1,-1,2054,1730,1998,-1
0,-1,-1,2055,1730,1999,-1
0,-1,-1,2055,1731,2000,-1
0,-1,-1,2055,1732,2001,-1
0,-1,-1,2056,1733,2002,-1
0,-1,-1,2057,1734,2002,-1
0,-1,-1,2057,1735,2003,-1
0,-1,-1,2058,1736,2004,-1
0,-1,-1,2059,1736,2005,-1
0,-1,-1,2060,1737,2005,-1
0,-1,-1,2061,1738,2006,-1
0,-1,-1,2062,-1,2007,-1
0,-1,-1,2063,-1,2008,-1
0,-1,-1,2063,1738,2009,-1
0,-1,-1,2064,1739,2010,-1
0,-1,-1,2065,1740,2010,-1
0,-1,-1,2066,1741,2010,-1
0,-1,-1,2066,1742,2011,-1
0,-1,-1,2067,1742,2012,-1
0,-1,-1,2068,1743,2013,-1
0,-1,-1,2068,1744,2013,-1
0,-1,-1,2069,1745,2014,-1
0,-1,-1,2069,1746,2014,-1
0,-1,-1,2070,1746,2015,-1
0,-1,-1,2071,1746,2016,-1
0,-1,-1,2071,1747,2016,-1
0,-1,-1,2072,1748,2017,-1
0,-1,-1,2073,1748,2018,-1
0,-1,-1,2074,1748,2019,-1
0,-1,-1,2075,1748,2020,-1
0,-1,-1,2076,-1,2021,-1
0,-1,-1,2077,1749,2022,-1
0,-1,-1,2078,1749,2023,-1
0,-1,-1,2079,1749,2024,-1
0,-1,-1,2080,1749,2025,-1
0,-1,-1,2081,1750,2026,-1
0,-1,-1,2081,1751,2026,-1
0,-1,-1,2081,1752,2027,-1
0,-1,-1,2082,1753,2027,-1
0,-1,-1,2083,1754,2028,-1
0,-1,-1,2084,1755,2029,-1
0,-1,-1,2085,1756,2030,-1
0,-1,-1,2086,1757,2030,-1
0,-1,-1,2087,1758,2031,-1
0,-1,-1,2088,1759,2032,-1
0,-1,-1,2089,1760,2033,-1
0,-1,-1,2089,1761,2034,-1
0,-1,-1,2090,1761,2035,-1
0,-1,-1,2091,1762,2036,-1
0,-1,-1,2092,1763,2036,-1
0,-1,-1,2093,1764,2037,-1
0,-1,-1,2094,1765,2038,-1
0,-1,-1,2095,1765,2038,-1
0,-1,-1,2096,1766,2039,-1
0,-1,-1,2097,1767,2040,-1
0,-1,-1,2098,1767,2041,-1
0,-1,-1,2099,1767,2042,-1
0,-1,-1,2100,1768,2042,-1
0,-1,-1,2101,1769,2043,-1
0,-1,-1,2102,1770,2044,-1
0,-1,-1,2103,1771,2045,-1
0,-1,-1,2103,1772,2046,-1
0,-1,-1,2103,1773,2047,-1
0,-1,-1,2104,1774,2047,-1
0,-1,-1,2105,1775,2048,-1
0,-1,-1,2105,1775,2049,-1
0,-1,-1,2105,1775,2049,-1
0,-1,-1,2106,1776,2049,-1
0,-1,-1,2107,1776,2050,-1
0,-1,-1,2108,1777,2051,-1
0,-1,-1,2108,1777,2051,-1
0,-1,-1,2108,1778,2052,-1
0,-1,-1,2108,1778,2053,-1
0,-1,-1,2109,-1,2053,-1
0,-1,-1,2110,1779,2054,-1
0,-1,-1,2111,1780,2055,-1
0,-1,-1,2111,1781,2055,-1
0,-1,-1,2111,1781,2056,-1
0,-1,-1,2112,-1,2057,-1
0,-1,-1,2112,1781,2057,-1
0,-1,-1,2113,-1,2058,-1
0,-1,-1,2114,1782,2059,-1
0,-1,-1,2115,1783,2060,-1
0,-1,-1,2116,1784,2060,-1
0,-1,-1,2116,1785,2060,-1
0,-1,-1,2116,1786,2061,-1
0,-1,-1,2117,1787,2062,-1
0,-1,-1,2118,1788,2063,-1
0,-1,-1,2119,1789,2064,-1
0,-1,-1,2120,1790,2064,-1
0,-1,-1,2120,1790,2065,-1
0,-1,-1,2121,1790,2066,-1
0,-1,-1,2122,1791,2067,-1
0,-1,-1,2122,1792,2068,-1
0,-1,-1,2123,1793,2068,-1
0,-1,-1,2124,1794,2069,-1
0,-1,-1,2125,1795,2069,-1
0,-1,-1,2126,-1,2070,-1
0,-1,-1,2127,-1,2070,-1
0,-1,-1,2127,1795,2071,-1
0,-1,-1,2128,1796,2072,-1
0,-1,-1,2128,1796,2073,-1
0,-1,-1,2128,1796,2074,-1
0,-1,-1,2129,1797,2075,-1
0,-1,-1,2130,1798,2076,-1
0,-1,-1,2131,-1,2077,-1
0,-1,-1,2132,1799,2078,-1
0,-1,-1,2133,1800,2079,-1
0,-1,-1,2134,1801,2080,-1
0,-1,-1,2135,-1,2081,-1
0,-1,-1,2136,1802,2082,-1
0,-1,-1,2136,1802,2082,-1
0,-1,-1,2137,1802,2082,-1
0,-1,-1,2137,1803,2082,-1
0,-1,-1,2138,1804,2083,-1
0,-1,-1,2139,1804,2084,-1
0,-1,-1,2140,1804,2085,-1
0,-1,-1,2140,1804,2086,-1
0,-1,-1,2141,1805,2087,-1
0,-1,-1,2142,1806,2087,-1
0,-1,-1,2143,1807,2088,-1
0,-1,-1,2144,1807,2089,-1
0,-1,-1,2144,1807,2089,-1
0,-1,-1,2145,1807,2090,-1
0,-1,-1,2145,1808,2091,-1
0,-1,-1,2146,1809,2091,-1
0,-1,-1,2147,1810,2092,-1
0,-1,-1,2148,-1,2093,-1
0,-1,-1,2149,1811,2094,-1
0,-1,-1,2149,1811,2094,-1
0,-1,-1,2150,1812,2095,-1
0,-1,-1,2151,1813,2096,-1
0,-1,-1,2152,1814,2097,-1
0,-1,-1,2153,1815,2098,-1
0,-1,-1,2154,1816,2099,-1
0,-1,-1,2154,1817,2100,-1
0,-1,-1,2155,1818,2101,-1
0,-1,-1,2156,1819,2102,-1
0,-1,-1,2157,1819,2103,-1
0,-1,-1,2158,1819,2104,-1
0,-1,-1,2158,1820,2105,-1
0,-1,-1,2159,1821,2106,-1
0,-1,-1,2159,1822,2107,-1
0,-1,-1,2159,1823,2107,-1
0,-1,-1,2160,-1,2108,-1
0,-1,-1,2161,1824,2109,-1
0,-1,-1,2162,1824,2109,-1
0,-1,-1,2163,1825,2110,-1
0,-1,-1,2164,1826,2111,-1
0,-1,-1,2165,1826,2112,-1
0,-1,-1,2166,1827,2113,-1
0,-1,-1,2167,1828,2114,-1
0,-1,-1,2168,1829,2115,-1
0,-1,-1,2168,1830,2116,-1
0,-1,-1,2169,1831,2117,-1
0,-1,-1,2170,1832,2118,-1
0,-1,-1,2171,1833,2119,-1
0,-1,-1,2172,1834,2120,-1
0,-1,-1,2173,1834,2121,-1
0,-1,-1,2174,1835,2122,-1
0,-1,-1,2175,1836,2123,-1
0,-1,-1,2176,-1,2124,-1
0,-1,-1,2177,1836,2124,-1
0,-1,-1,2178,1837,2125,-1
0,-1,-1,2179,-1,2126,-1
0,-1,-1,2180,1838,2127,-1
0,-1,-1,2181,1838,2128,-1
0,-1,-1,2182,1838,2129,-1
0,-1,-1,2183,1838,2130,-1
0,-1,-1,2183,1838,2130,-1
0,-1,-1,2184,1839,2131,-1
0,-1,-1,2185,1840,2132,-1
0,-1,-1,2186,1841,2133,-1
0,-1,-1,2187,1841,2134,-1
0,-1,-1,2188,1841,2134,-1
0,-1,-1,2189,1841,2134,-1
0,-1,-1,2190,1842,2135,-1
0,-1,-1,2191,1843,2136,-1
0,-1,-1,2192,1844,2136,-1
0,-1,-1,2192,1845,2137,-1
0,-1,-1,2193,1846,2138,-1
0,-1,-1,2194,-1,2139,-1
0,-1,-1,2195,1847,2140,-1
0,-1,-1,2196,1848,2141,-1
0,-1,-1,2197,1849,2142,-1
0,-1,-1,2198,1850,2143,-1
0,-1,-1,2199,1851,2144,-1
0,-1,-1,2199,-1,2144,-1
0,-1,-1,2200,1852,2145,-1
0,-1,-1,2200,1853,2146,-1
0,-1,-1,2200,-1,2147,-1
0,-1,-1,2201,1854,2147,-1
0,-1,-1,2202,1855,2148,-1
0,-1,-1,2203,-1,2149,-1
0,-1,-1,2204,1856,2150,-1
0,-1,-1,2205,1857,2151,-1
0,-1,-1,2206,1858,2152,-1
0,-1,-1,2207,1859,2153,-1
0,-1,-1,2208,1860,2154,-1
0,-1,-1,2209,1861,2155,-1
0,-1,-1,2210,1862,2156,-1
0,-1,-1,2211,1863,2157,-1
0,-1,-1,2212,-1,2158,-1
0,-1,-1,2213,1864,2158,-1
0,-1,-1,2214,1865,2158,-1
0,-1,-1,2215,1866,2159,-1
0,-1,-1,2216,1867,2160,-1
0,-1,-1,2217,1868,2160,-1
0,-1,-1,2218,1868,2160,-1
0,-1,-1,2219,1869,2161,-1
0,-1,-1,2219,1870,2162,-1
0,-1,-1,2219,1871,2163,-1
0,-1,-1,2220,-1,2164,-1
0,-1,-1,2221,1872,2165,-1
0,-1,-1,2222,1872,2165,-1
0,-1,-1,2223,1873,2165,-1
0,-1,-1,2223,1874,2166,-1
0,-1,-1,2224,1875,2167,-1
0,-1,-1,2225,1875,2168,-1
0,-1,-1,2226,1876,2169,-1
0,-1,-1,2227,1877,2170,-1
0,-1,-1,2228,1878,2171,-1
0,-1,-1,2229,1879,2172,-1
0,-1,-1,2230,1880,2173,-1
0,-1,-1,2231,1881,2173,-1
0,-1,-1,2232,1882,2174,-1
0,-1,-1,2232,1883,2175,-1
0,-1,-1,2233,1883,2176,-1
0,-1,-1,2233,1884,2177,-1
0,-1,-1,2234,1885,2178,-1
0,-1,-1,2234,1886,2178,-1
0,-1,-1,2235,-1,2179,-1
0,-1,-1,2236,1887,2180,-1
0,-1,-1,2236,1887,2181,-1
0,-1,-1,2236,1887,2182,-1
0,-1,-1,2237,1888,2183,-1
0,-1,-1,2238,1889,2183,-1
0,-1,-1,2239,1889,2184,-1
0,-1,-1,2240,1889,2184,-1
0,-1,-1,2241,1889,2185,-1
0,-1,-1,2242,1889,2186,-1
0,-1,-1,2243,1889,2186,-1
0,-1,-1,2244,1889,2187,-1
0,-1,-1,2245,-1,2188,-1
0,-1,-1,2246,1890,2188,-1
0,-1,-1,2247,1891,2189,-1
0,-1,-1,2248,1892,2190,-1
0,-1,-1,2249,1893,2191,-1
0,-1,-1,2250,1893,2192,-1
0,-1,-1,2251,1894,2192,-1
0,-1,-1,2252,1895,2193,-1
0,-1,-1,2253,-1,2194,-1
0,-1,-1,2254,1896,2195,-1
0,-1,-1,2255,1896,2195,-1
0,-1,-1,2255,-1,2196,-1
0,-1,-1,2256,1896,2197,-1
0,-1,-1,2257,1897,2197,-1
0,-1,-1,2257,1898,2198,-1
0,-1,-1,2258,1899,2199,-1
0,-1,-1,2258,1900,2200,-1
0,-1,-1,2258,1901,2201,-1
0,-1,-1,2259,1902,2202,-1
0,-1,-1,2259,1902,2203,-1
0,-1,-1,2260,1903,2204,-1
0,-1,-1,2261,-1,2205,-1
0,-1,-1,2262,1904,2206,-1
0,-1,-1,2263,1905,2207,-1
0,-1,-1,2264,1906,2208,-1
0,-1,-1,2265,1906,2209,-1
0,-1,-1,2265,1906,2210,-1
0,-1,-1,2266,1907,2210,-1
0,-1,-1,2267,1908,2211,-1
0,-1,-1,2268,1909,2212,-1
0,-1,-1,2269,1910,2213,-1
0,-1,-1,2269,1911,2213,-1
0,-1,-1,2270,1912,2214,-1
0,-1,-1,2271,1913,2215,-1
0,-1,-1,2271,1913,2216,-1
0,-1,-1,2272,1913,2217,-1
0,-1,-1,2273,-1,2217,-1
0,-1,-1,2274,-1,2218,-1
0,-1,-1,2275,1914,2218,-1
0,-1,-1,2275,1915,2219,-1
0,-1,-1,2276,1915,2219,-1
0,-1,-1,2277,1915,2220,-1
0,-1,-1,2278,1915,2221,-1
0,-1,-1,2279,1916,2221,-1
0,-1,-1,2280,1917,2222,-1
0,-1,-1,2281,1918,2223,-1
0,-1,-1,2281,1919,2224,-1
0,-1,-1,2281,1920,2225,-1
0,-1,-1,2282,1920,2225,-1
0,-1,-1,2282,1921,2225,-1
0,-1,-1,2283,1921,2226,-1
0,-1,-1,2284,1922,2227,-1
0,-1,-1,2285,1923,2228,-1
0,-1,-1,2286,1924,2229,-1
0,-1,-1,2287,1925,2230,-1
0,-1,-1,2288,1926,2230,-1
0,-1,-1,2289,1926,2230,-1
0,-1,-1,2289,1927,2231,-1
0,-1,-1,2290,1928,2231,-1
0,-1,-1,2291,1929,2232,-1
0,-1,-1,2292,1930,2233,-1
0,-1,-1,2293,1931,2234,-1
0,-1,-1,2294,1932,2235,-1
0,-1,-1,2295,1933,2235,-1
0,-1,-1,2296,1934,2235,-1
0,-1,-1,2297,1935,2236,-1
0,-1,-1,2298,1936,2237,-1
0,-1,-1,2299,1937,2238,-1
0,-1,-1,2300,1938,2238,-1
0,-1,-1,2301,1939,2239,-1
0,-1,-1,2302,1940,2240,-1
0,-1,-1,2302,1941,2240,-1
0,-1,-1,2303,-1,2240,-1
0,-1,-1,2304,1942,2241,-1
0,-1,-1,2305,1942,2242,-1
0,-1,-1,2305,1943,2243,-1
0,-1,-1,2306,1944,2243,-1
0,-1,-1,2307,-1,2244,-1
0,-1,-1,2308,1945,2244,-1
0,-1,-1,2309,1945,2245,-1
0,-1,-1,2310,1946,2246,-1
0,-1,-1,2311,1947,2247,-1
0,-1,-1,2312,1947,2247,-1
0,-1,-1,2312,1948,2248,-1
0,-1,-1,2313,-1,2249,-1
0,-1,-1,2314,1949,2250,-1
0,-1,-1,2315,1949,2251,-1
0,-1,-1,2316,1950,2252,-1
0,-1,-1,2317,1951,2253,-1
0,-1,-1,2318,1951,2254,-1
0,-1,-1,2319,1952,2255,-1
0,-1,-1,2320,-1,2256,-1
0,-1,-1,2321,1953,2257,-1
0,-1,-1,2321,1953,2257,-1
0,-1,-1,2322,-1,2258,-1
0,-1,-1,2323,1954,2258,-1
0,-1,-1,2324,1955,2259,-1
0,-1,-1,2325,1955,2260,-1
0,-1,-1,2325,1956,2260,-1
0,-1,-1,2325,1957,2260,-1
0,-1,-1,2326,1958,2261,-1
0,-1,-1,2326,1959,2261,-1
0,-1,-1,2327,1960,2262,-1
0,-1,-1,2328,1961,2263,-1
0,-1,-1,2329,-1,2264,-1
0,-1,-1,2330,1962,2265,-1
0,-1,-1,2330,1963,2265,-1
0,-1,-1,2331,1963,2266,-1
0,-1,-1,2332,1964,2267,-1
0,-1,-1,2333,-1,2268,-1
0,-1,-1,2333,1965,2269,-1
0,-1,-1,2333,1966,2270,-1
0,-1,-1,2334,1967,2270,-1
0,-1,-1,2335,1968,2271,-1
0,-1,-1,2336,1969,2271,-1
0,-1,-1,2337,1970,2271,-1
0,-1,-1,2338,1971,2271,-1
0,-1,-1,2338,1972,2271,-1
0,-1,-1,2339,1972,2271,-1
0,-1,-1,2340,1973,2272,-1
0,-1,-1,2341,1974,2273,-1
0,-1,-1,2342,1975,2274,-1
0,-1,-1,2343,1975,2275,-1
0,-1,-1,2344,1976,2276,-1
0,-1,-1,2345,1977,2277,-1
0,-1,-1,2345,1978,2278,-1
0,-1,-1,2346,1979,2279,-1
0,-1,-1,2347,-1,2280,-1
0,-1,-1,2348,1980,2281,-1
0,-1,-1,2349,1981,2282,-1
0,-1,-1,2349,1982,2282,-1
0,-1,-1,2349,1983,2283,-1
0,-1,-1,2350,1984,2284,-1
0,-1,-1,2351,1985,2285,-1
0,-1,-1,2352,1986,2286,-1
0,-1,-1,2353,1986,2286,-1
0,-1,-1,2353,-1,2287,-1
0,-1,-1,2354,1986,2288,-1
0,-1,-1,2355,1986,2289,-1
0,-1,-1,2356,1987,2290,-1
0,-1,-1,2357,1988,2290,-1
0,-1,-1,2358,1989,2291,-1
0,-1,-1,2359,1989,2291,-1
0,-1,-1,2360,1990,2292,-1
0,-1,-1,2361,1991,2293,-1
0,-1,-1,2362,1992,2294,-1
0,-1,-1,2362,1993,2295,-1
0,-1,-1,2363,1994,2295,-1
0,-1,-1,2364,1995,2296,-1
0,-1,-1,2365,1996,2296,-1
0,-1,-1,2366,-1,2296,-1
0,-1,-1,2367,1997,2297,-1
0,-1,-1,2368,1998,2298,-1
0,-1,-1,2368,1999,2299,-1
0,-1,-1,2369,2000,2300,-1
0,-1,-1,2370,2001,2301,-1
0,-1,-1,2371,2002,2301,-1
0,-1,-1,2372,2003,2302,-1
0,-1,-1,2373,2004,2303,-1
0,-1,-1,2374,2004,2304,-1
0,-1,-1,2375,2005,2305,-1
0,-1,-1,2375,2005,2305,-1
0,-1,-1,2376,2005,2306,-1
0,-1,-1,2377,2005,2307,-1
0,-1,-1,2378,2005,2308,-1
0,-1,-1,2379,2006,2309,-1
0,-1,-1,2380,2007,2310,-1
0,-1,-1,2381,2007,2311,-1
0,-1,-1,2382,2007,2312,-1
0,-1,-1,2383,2008,2313,-1
0,-1,-1,2384,2008,2314,-1
0,-1,-1,2385,2008,2315,-1
0,-1,-1,2386,2009,2316,-1
0,-1,-1,2386,-1,2316,-1
0,-1,-1,2387,-1,2317,-1
0,-1,-1,2387,2010,2318,-1
0,-1,-1,2388,2011,2319,-1
0,-1,-1,2389,2012,2320,-1
0,-1,-1,2390,2013,2321,-1
0,-1,-1,2391,2014,2322,-1
0,-1,-1,2391,2015,2322,-1
0,-1,-1,2392,2016,2323,-1
0,-1,-1,2393,2017,2324,-1
0,-1,-1,2394,2017,2324,-1
0,-1,-1,2395,2018,2325,-1
0,-1,-1,2396,2019,2326,-1
0,-1,-1,2397,2020,2327,-1
0,-1,-1,2398,2021,2328,-1
0,-1,-1,2399,2022,2329,-1
0,-1,-1,2400,2022,2329,-1
0,-1,-1,2401,2023,2330,-1
0,-1,-1,2402,2024,2331,-1
0,-1,-1,2403,2025,2331,-1
0,-1,-1,2403,2026,2332,-1
0,-1,-1,2404,2027,2332,-1
0,-1,-1,2405,2028,2333,-1
0,-1,-1,2406,2029,2334,-1
0,-1,-1,2407,2030,2335,-1
0,-1,-1,2408,2031,2335,-1
0,-1,-1,2409,2032,2335,-1
0,-1,-1,2410,2033,2335,-1
0,-1,-1,2411,2034,2335,-1
0,-1,-1,2412,2035,2336,-1
0,-1,-1,2412,-1,2337,-1
0,-1,-1,2413,-1,2338,-1
0,-1,-1,2414,2036,2339,-1
0,-1,-1,2415,2037,2340,-1
0,-1,-1,2416,2038,2341,-1
0,-1,-1,2417,2039,2342,-1
0,-1,-1,2418,2040,2342,-1
0,-1,-1,2419,2041,2343,-1
0,-1,-1,2420,2042,2344,-1
0,-1,-1,2421,2043,2345,-1
0,-1,-1,2422,2044,2346,-1
0,-1,-1,2423,2045,2347,-1
0,-1,-1,2424,2046,2348,-1
0,-1,-1,2425,2047,2348,-1
0,-1,-1,2426,2048,2348,-1
0,-1,-1,2427,2049,2348,-1
0,-1,-1,2428,2050,2348,-1
0,-1,-1,2429,2051,2349,-1
0,-1,-1,2429,2052,2350,-1
0,-1,-1,2430,2053,2350,-1
0,-1,-1,2431,2054,2351,-1
0,-1,-1,2432,2055,2352,-1
0,-1,-1,2433,2055,2353,-1
0,-1,-1,2434,-1,2354,-1
0,-1,-1,2435,2056,2355,-1
0,-1,-1,2436,2057,2356,-1
0,-1,-1,2437,2058,2357,-1
0,-1,-1,2438,2059,2358,-1
0,-1,-1,2439,2060,2359,-1
0,-1,-1,2440,2061,2360,-1
0,-1,-1,2441,2062,2361,-1
0,-1,-1,2442,2062,2361,-1
0,-1,-1,2443,-1,2362,-1
0,-1,-1,2444,-1,2363,-1
0,-1,-1,2445,2063,2364,-1
0,-1,-1,2445,2063,2365,-1
0,-1,-1,2445,2063,2366,-1
0,-1,-1,2446,2064,2367,-1
0,-1,-1,2447,2065,2367,-1
0,-1,-1,2447,2066,2367,-1
0,-1,-1,2448,2066,2368,-1
0,-1,-1,2449,2067,2368,-1
0,-1,-1,2450,2068,2369,-1
0,-1,-1,2451,2068,2370,-1
0,-1,-1,2452,2069,2371,-1
0,-1,-1,2452,2070,2371,-1
0,-1,-1,2453,2071,2372,-1
0,-1,-1,2453,-1,2373,-1
0,-1,-1,2454,2072,2374,-1
0,-1,-1,2455,2072,2375,-1
0,-1,-1,2455,2073,2376,-1
0,-1,-1,2456,2074,2377,-1
0,-1,-1,2457,2074,2378,-1
0,-1,-1,2458,2075,2379,-1
0,-1,-1,2459,2076,2380,-1
0,-1,-1,2460,2077,2381,-1
0,-1,-1,2460,2078,2381,-1
0,-1,-1,2461,2079,2382,-1
0,-1,-1,2461,2080,2383,-1
0,-1,-1,2462,2081,2384,-1
0,-1,-1,2463,2081,2385,-1
0,-1,-1,2464,2082,2386,-1
0,-1,-1,2465,2083,2387,-1
0,-1,-1,2466,2084,2388,-1
0,-1,-1,2467,-1,2389,-1
0,-1,-1,2468,2084,2390,-1
0,-1,-1,2469,2085,2390,-1
0,-1,-1,2469,2086,2391,-1
0,-1,-1,2470,2086,2391,-1
0,-1,-1,2471,2087,2392,-1
0,-1,-1,2472,2088,2393,-1
0,-1,-1,2473,2089,2393,-1
0,-1,-1,2473,2090,2394,-1
0,-1,-1,2474,2091,2394,-1
0,-1,-1,2474,2091,2394,-1
0,-1,-1,2475,2092,2394,-1
0,-1,-1,2476,2093,2395,-1
0,-1,-1,2477,2094,2396,-1
0,-1,-1,2478,2095,2396,-1
0,-1,-1,2479,2096,2396,-1
0,-1,-1,2480,2097,2397,-1
0,-1,-1,2481,2098,2398,-1
0,-1,-1,2482,2099,2399,-1
0,-1,-1,2483,2100,2399,-1
0,-1,-1,2484,2100,2399,-1
0,-1,-1,2485,2101,2400,-1
0,-1,-1,2486,2102,2401,-1
0,-1,-1,2487,2103,2402,-1
0,-1,-1,2488,2104,2403,-1
0,-1,-1,2488,2105,2403,-1
0,-1,-1,2488,2106,2403,-1
0,-1,-1,2488,2107,2404,-1
0,-1,-1,2489,2108,2405,-1
0,-1,-1,2489,2109,2406,-1
0,-1,-1,2490,2110,2407,-1
0,-1,-1,2491,2111,2407,-1
0,-1,-1,2492,2112,2408,-1
0,-1,-1,2493,2112,2409,-1
0,-1,-1,2493,2113,2410,-1
0,-1,-1,2494,2113,2411,-1
0,-1,-1,2495,2114,2412,-1
0,-1,-1,2495,-1,2412,-1
0,-1,-1,2496,2115,2413,-1
0,-1,-1,2497,2116,2414,-1
0,-1,-1,2498,2117,2415,-1
0,-1,-1,2499,2118,2416,-1
0,-1,-1,2500,2119,2416,-1
0,-1,-1,2501,2120,2417,-1
0,-1,-1,2502,2121,2418,-1
0,-1,-1,2502,2121,2419,-1
0,-1,-1,2503,-1,2420,-1
0,-1,-1,2504,2122,2421,-1
0,-1,-1,2505,2122,2421,-1
0,-1,-1,2505,2123,2422,-1
0,-1,-1,2506,2124,2423,-1
0,-1,-1,2507,2125,2424,-1
0,-1,-1,2508,2126,2425,-1
0,-1,-1,2508,2127,2426,-1
0,-1,-1,2509,2128,2427,-1
0,-1,-1,2510,2129,2427,-1
0,-1,-1,2511,2129,2428,-1
0,-1,-1,2512,2129,2429,-1
0,-1,-1,2513,2129,2430,-1
0,-1,-1,2514,2130,2430,-1
0,-1,-1,2514,2131,2430,-1
0,-1,-1,2515,2132,2431,-1
0,-1,-1,2516,2133,2432,-1
0,-1,-1,2517,2134,2433,-1
0,-1,-1,2518,2135,2433,-1
0,-1,-1,2519,2136,2434,-1
0,-1,-1,2520,2137,2435,-1
0,-1,-1,2521,2138,2436,-1
0,-1,-1,2522,2138,2437,-1
0,-1,-1,2522,2139,2438,-1
0,-1,-1,2523,2140,2439,-1
0,-1,-1,2524,2141,2440,-1
0,-1,-1,2525,2141,2441,-1
0,-1,-1,2526,2142,2441,-1
0,-1,-1,2527,2143,2442,-1
0,-1,-1,2528,2143,2443,-1
0,-1,-1,2529,2144,2443,-1
0,-1,-1,2529,2145,2444,-1
0,-1,-1,2530,2146,2445,-1
0,-1,-1,2531,2147,2446,-1
0,-1,-1,2532,2147,2447,-1
0,-1,-1,2533,2148,2447,-1
0,-1,-1,2534,2149,2448,-1
0,-1,-1,2535,2149,2448,-1
0,-1,-1,2536,2150,2449,-1
0,-1,-1,2537,2151,2450,-1
0,-1,-1,2538,2152,2450,-1
0,-1,-1,2539,2153,2451,-1
0,-1,-1,2540,2153,2452,-1
0,-1,-1,2541,2154,2453,-1
0,-1,-1,2542,-1,2454,-1
0,-1,-1,2543,2155,2455,-1
0,-1,-1,2544,2155,2456,-1
0,-1,-1,2545,2156,2456,-1
0,-1,-1,2545,2157,2456,-1
0,-1,-1,2546,2158,2457,-1
0,-1,-1,2547,2158,2458,-1
0,-1,-1,2547,2159,2459,-1
0,-1,-1,2548,2160,2460,-1
0,-1,-1,2549,-1,2460,-1
0,-1,-1,2550,-1,2461,-1
0,-1,-1,2551,2161,2462,-1
0,-1,-1,2552,2162,2463,-1
0,-1,-1,2553,2162,2464,-1
0,-1,-1,2554,2163,2465,-1
0,-1,-1,2555,2164,2466,-1
0,-1,-1,2556,2165,2467,-1
0,-1,-1,2557,2165,2468,-1
0,-1,-1,2557,2166,2468,-1
0,-1,-1,2558,2167,2469,-1
0,-1,-1,2559,2168,2470,-1
0,-1,-1,2559,2168,2470,-1
0,-1,-1,2560,2169,2471,-1
0,-1,-1,2561,2170,2472,-1
0,-1,-1,2562,2170,2472,-1
0,-1,-1,2563,2171,2473,-1
0,-1,-1,2564,2172,2474,-1
0,-1,-1,2564,2173,2475,-1
0,-1,-1,2565,-1,2475,-1
0,-1,-1,2566,2173,2476,-1
0,-1,-1,2567,2173,2476,-1
0,-1,-1,2567,2173,2477,-1
0,-1,-1,2567,2174,2478,-1
0,-1,-1,2567,2175,2478,-1
0,-1,-1,2568,2176,2479,-1
0,-1,-1,2569,2177,2480,-1
0,-1,-1,2570,2177,2481,-1
0,-1,-1,2571,2178,2482,-1
0,-1,-1,2572,2179,2483,-1
0,-1,-1,2573,2180,2484,-1
0,-1,-1,2573,2181,2484,-1
0,-1,-1,2573,2182,2485,-1
0,-1,-1,2574,2182,2486,-1
0,-1,-1,2575,2183,2487,-1
0,-1,-1,2576,2184,2488,-1
0,-1,-1,2577,2185,2489,-1
0,-1,-1,2578,2186,2490,-1
0,-1,-1,2579,2187,2490,-1
0,-1,-1,2580,2188,2491,-1
0,-1,-1,2581,2189,2492,-1
0,-1,-1,2582,2190,2493,-1
0,-1,-1,2583,2190,2494,-1
0,-1,-1,2583,2190,2495,-1
0,-1,-1,2584,2191,2496,-1
0,-1,-1,2585,2192,2497,-1
0,-1,-1,2585,2193,2498,-1
0,-1,-1,2586,2194,2498,-1
0,-1,-1,2587,2195,2499,-1
0,-1,-1,2587,2196,2500,-1
0,-1,-1,2587,2197,2501,-1
0,-1,-1,2588,2198,2501,-1
0,-1,-1,2589,2198,2502,-1
0,-1,-1,2590,2199,2502,-1
0,-1,-1,2591,2200,2503,-1
0,-1,-1,2591,2201,2504,-1
0,-1,-1,2592,2202,2505,-1
0,-1,-1,2593,2203,2505,-1
0,-1,-1,2594,2204,2506,-1
0,-1,-1,2595,2205,2506,-1
0,-1,-1,2596,2206,2507,-1
0,-1,-1,2597,-1,2508,-1
0,-1,-1,2598,2207,2509,-1
0,-1,-1,2599,2208,2510,-1
0,-1,-1,2600,2209,2511,-1
0,-1,-1,2601,2210,2512,-1
0,-1,-1,2602,2211,2512,-1
0,-1,-1,2602,2212,2513,-1
0,-1,-1,2603,2213,2514,-1
0,-1,-1,2603,-1,2515,-1
0,-1,-1,2604,2214,2516,-1
0,-1,-1,2604,2215,2517,-1
0,-1,-1,2605,2216,2518,-1
0,-1,-1,2606,2217,2519,-1
0,-1,-1,2607,2217,2519,-1
0,-1,-1,2608,2217,2520,-1
0,-1,-1,2609,2217,2521,-1
0,-1,-1,2610,2218,2521,-1
0,-1,-1,2610,2219,2522,-1