author,recipeingredient,preptime,cooktime,aggregaterating
1,-1,-1,-1,-1
2,-1,-1,-1,-1
3,-1,1,1,-1
4,-1,1,2,-1
5,-1,-1,-1,-1
6,-1,2,3,-1
7,-1,-1,-1,-1
8,-1,2,3,-1
9,-1,-1,-1,-1
10,-1,3,4,-1
11,-1,-1,5,-1
12,-1,4,6,-1
13,-1,5,7,-1
14,-1,6,8,-1
15,-1,7,9,-1
16,-1,8,10,-1
17,-1,9,11,-1
18,-1,10,12,-1
19,-1,-1,-1,-1
20,-1,-1,-1,-1
21,-1,-1,-1,-1
22,-1,11,13,-1
23,-1,11,14,-1
24,-1,-1,-1,-1
25,-1,-1,-1,-1
26,-1,12,15,-1
27,-1,-1,-1,-1
28,-1,13,16,-1
29,-1,13,17,-1
-1,-1,-1,-1,-1
30,-1,-1,-1,-1
31,-1,-1,-1,-1
32,-1,14,18,-1
33,-1,-1,-1,-1
34,-1,15,19,-1
35,-1,16,20,-1
36,-1,-1,-1,-1
37,-1,17,21,-1
-1,-1,-1,-1,-1
38,-1,-1,-1,-1
39,-1,18,21,-1
40,-1,-1,-1,-1
41,-1,19,22,-1
42,-1,19,23,-1
43,-1,20,24,-1
44,-1,-1,-1,-1
45,-1,20,25,-1
46,-1,-1,-1,-1
47,-1,-1,-1,-1
48,-1,-1,-1,-1
49,-1,-1,-1,-1
50,-1,21,26,-1
51,-1,22,27,-1
52,-1,23,28,-1
53,-1,-1,-1,-1
54,-1,23,29,-1
55,-1,-1,-1,-1
56,-1,24,-1,-1
57,-1,-1,-1,-1
58,-1,25,30,-1
59,-1,26,31,-1
60,-1,-1,-1,-1
61,-1,27,32,-1
62,-1,-1,-1,-1
63,-1,-1,-1,-1
64,-1,-1,-1,-1
65,-1,27,33,-1
66,-1,28,34,-1
67,-1,-1,-1,-1
68,-1,-1,-1,-1
69,-1,28,35,-1
70,-1,29,36,-1
71,-1,30,37,-1
72,-1,-1,-1,-1
73,-1,31,38,-1
74,-1,-1,39,-1
75,-1,32,40,-1
76,-1,-1,-1,-1
77,-1,32,41,-1
78,-1,-1,-1,-1
79,-1,32,42,-1
80,-1,-1,-1,-1
81,-1,33,43,-1
82,-1,34,44,-1
83,-1,35,45,-1
84,-1,36,46,-1
85,-1,-1,-1,-1
86,-1,37,47,-1
87,-1,-1,-1,-1
88,1,38,48,-1
89,-1,38,49,-1
90,-1,38,50,-1
91,-1,-1,-1,-1
92,-1,-1,-1,-1
93,-1,38,51,-1
94,-1,-1,-1,-1
95,-1,-1,-1,-1
96,-1,-1,-1,-1
97,-1,-1,-1,-1
98,-1,-1,-1,-1
99,-1,39,52,-1
100,-1,-1,-1,-1
101,-1,-1,-1,-1
102,-1,40,53,-1
103,-1,41,54,-1
104,-1,42,55,-1
105,-1,43,56,-1
106,-1,44,57,-1
107,-1,-1,-1,-1
108,-1,-1,-1,-1
109,-1,45,58,-1
110,-1,46,59,-1
111,-1,-1,-1,-1
112,-1,-1,-1,-1
113,-1,-1,60,-1
114,-1,-1,-1,-1
115,-1,46,61,-1
116,-1,-1,-1,-1
117,-1,46,62,-1
118,-1,-1,-1,-1
119,-1,47,63,-1
120,-1,-1,-1,-1
121,-1,48,64,-1
122,-1,49,65,-1
-1,-1,-1,66,-1
123,-1,50,67,-1
124,-1,51,68,-1
125,-1,-1,-1,-1
126,-1,-1,-1,-1
127,-1,-1,-1,-1
128,-1,-1,-1,-1
129,-1,-1,-1,-1
130,-1,52,-1,-1
131,-1,-1,-1,-1
132,-1,53,69,-1
133,-1,-1,-1,-1
134,-1,54,-1,-1
135,-1,-1,-1,-1
136,-1,-1,-1,-1
137,-1,55,70,-1
138,-1,-1,-1,-1
139,-1,56,71,-1
140,-1,-1,-1,-1
141,-1,57,72,-1
142,-1,-1,-1,-1
143,-1,58,73,-1
144,-1,-1,74,-1
145,-1,-1,-1,-1
146,-1,-1,-1,-1
147,-1,-1,-1,-1
148,-1,-1,-1,-1
149,-1,-1,-1,-1
150,-1,-1,-1,-1
151,-1,-1,-1,-1
152,-1,-1,-1,-1
153,-1,59,-1,-1
154,-1,-1,-1,-1
155,-1,-1,75,-1
156,-1,-1,-1,-1
157,-1,-1,-1,-1
158,-1,59,76,-1
159,-1,-1,-1,-1
160,-1,60,76,-1
161,-1,61,77,-1
162,-1,-1,78,-1
163,-1,-1,-1,-1
164,-1,62,79,-1
165,-1,-1,-1,-1
166,-1,63,80,-1
167,-1,-1,-1,-1
168,-1,-1,-1,-1
169,-1,64,81,-1
170,-1,65,82,-1
171,-1,66,83,-1
172,-1,-1,-1,-1
173,-1,-1,-1,-1
174,-1,-1,-1,-1
175,-1,-1,-1,-1
176,-1,-1,-1,-1
177,-1,-1,-1,-1
178,-1,-1,-1,-1
179,-1,-1,-1,-1
180,-1,67,84,-1
181,-1,67,85,-1
182,-1,-1,-1,-1
183,-1,-1,-1,-1
184,-1,68,86,-1
185,-1,-1,-1,-1
186,-1,69,87,-1
187,-1,-1,-1,-1
188,-1,-1,-1,-1
189,-1,70,88,-1
190,-1,71,89,-1
191,-1,-1,-1,-1
192,-1,72,90,-1
193,-1,-1,-1,-1
194,-1,73,91,-1
195,-1,73,92,-1
196,-1,74,93,-1
197,-1,75,94,-1
198,-1,-1,-1,-1
199,-1,76,95,-1
200,-1,-1,-1,-1
201,-1,77,96,-1
202,-1,-1,-1,-1
203,-1,-1,-1,-1
-1,-1,78,97,-1
204,-1,-1,-1,-1
205,-1,-1,-1,-1
206,-1,-1,-1,-1
207,-1,-1,-1,-1
208,-1,-1,-1,-1
209,-1,79,98,-1
210,-1,-1,-1,-1
211,-1,80,99,-1
212,-1,80,100,-1
213,-1,-1,-1,-1
214,-1,-1,-1,-1
215,-1,-1,-1,-1
216,-1,81,101,-1
217,-1,-1,-1,-1
218,-1,82,102,-1
219,-1,-1,-1,-1
220,-1,-1,-1,-1
221,-1,83,103,-1
222,-1,84,104,-1
223,-1,84,105,-1
223,-1,85,106,-1
224,-1,86,107,-1
225,-1,87,108,-1
226,-1,-1,-1,-1
227,-1,87,109,-1
228,-1,88,110,-1
229,-1,89,111,-1
230,-1,90,112,-1
231,-1,91,113,-1
232,-1,92,114,-1
233,-1,93,115,-1
234,-1,94,116,-1
235,-1,-1,-1,-1
236,-1,95,117,-1
237,-1,-1,-1,-1
238,-1,-1,-1,-1
239,-1,-1,-1,-1
240,-1,-1,-1,-1
241,-1,-1,-1,-1
242,-1,-1,-1,-1
243,-1,-1,-1,-1
244,-1,96,118,-1
245,-1,-1,119,-1
245,-1,96,120,-1
246,-1,-1,-1,-1
247,-1,97,121,-1
248,-1,-1,122,-1
249,-1,98,123,-1
250,-1,99,124,-1
251,-1,100,125,-1
252,-1,100,-1,-1
253,-1,100,126,-1
254,-1,-1,-1,-1
255,-1,-1,-1,-1
256,-1,101,127,-1
257,-1,102,128,-1
258,-1,-1,-1,-1
258,-1,103,129,-1
259,-1,-1,-1,-1
260,-1,-1,-1,-1
261,-1,104,130,-1
262,-1,-1,-1,-1
263,-1,-1,-1,-1
264,-1,-1,-1,-1
265,-1,-1,-1,-1
266,-1,105,131,-1
267,-1,106,132,-1
268,-1,-1,-1,-1
268,-1,-1,-1,-1
269,-1,-1,-1,-1
270,-1,106,133,-1
271,-1,106,134,-1
272,-1,107,135,-1
273,-1,108,136,-1
274,-1,-1,-1,-1
275,-1,108,137,-1
276,-1,109,138,-1
277,-1,110,139,-1
278,-1,111,140,-1
279,-1,111,141,-1
280,-1,112,142,-1
281,-1,-1,-1,-1
282,-1,-1,-1,-1
283,-1,113,143,-1
284,-1,-1,-1,-1
285,-1,-1,-1,-1
286,-1,114,144,-1
287,-1,115,145,-1
288,-1,116,146,-1
289,-1,-1,-1,-1
290,-1,117,147,-1
291,-1,118,148,-1
292,-1,-1,-1,-1
293,-1,-1,-1,-1
294,-1,-1,-1,-1
295,-1,119,149,-1
296,-1,-1,-1,-1
297,-1,-1,-1,-1
298,-1,120,150,-1
299,-1,120,151,-1
300,-1,121,152,-1
301,-1,122,153,-1
302,-1,-1,-1,-1
303,-1,-1,-1,-1
304,-1,-1,-1,-1
305,-1,-1,-1,-1
306,-1,122,154,-1
307,-1,123,155,-1
308,-1,-1,-1,-1
309,-1,124,156,-1
310,-1,125,157,-1
311,-1,-1,-1,-1
312,-1,-1,-1,-1
313,-1,-1,-1,-1
314,-1,126,158,-1
315,-1,-1,-1,-1
316,-1,127,159,-1
317,-1,128,160,-1
318,-1,128,161,-1
319,-1,129,162,-1
320,-1,-1,-1,-1
321,-1,130,163,-1
322,-1,-1,-1,-1
323,-1,131,164,-1
324,-1,131,165,-1
325,-1,132,166,-1
326,-1,-1,-1,-1
327,-1,133,166,-1
328,-1,-1,-1,-1
329,-1,134,167,-1
330,-1,134,168,-1
331,-1,135,169,-1
332,-1,136,170,-1
333,-1,-1,171,-1
334,-1,-1,172,-1
335,-1,-1,-1,-1
336,-1,-1,-1,-1
337,-1,137,173,-1
338,-1,-1,-1,-1
339,-1,-1,-1,-1
340,-1,138,174,-1
341,-1,-1,-1,-1
342,-1,139,175,-1
343,-1,-1,-1,-1
-1,-1,140,176,-1
344,-1,-1,-1,-1
345,-1,-1,-1,-1
346,-1,-1,-1,-1
347,-1,141,177,-1
348,-1,-1,-1,-1
349,-1,142,178,-1
350,-1,-1,179,-1
351,-1,143,180,-1
352,-1,144,181,-1
353,-1,-1,-1,-1
354,-1,-1,-1,-1
355,-1,-1,-1,-1
356,-1,-1,-1,-1
357,-1,-1,-1,-1
358,-1,145,182,-1
359,-1,-1,-1,-1
360,-1,-1,-1,-1
361,-1,-1,-1,-1
362,-1,146,183,-1
-1,-1,-1,-1,-1
363,-1,-1,-1,-1
364,-1,-1,-1,-1
365,-1,-1,-1,-1
366,-1,-1,-1,-1
367,-1,-1,-1,-1
368,-1,146,184,-1
369,-1,147,185,-1
370,-1,148,186,-1
371,-1,149,187,-1
372,-1,-1,-1,-1
373,-1,149,188,-1
374,-1,-1,-1,-1
375,-1,-1,-1,-1
376,-1,-1,-1,-1
377,-1,150,189,-1
378,-1,-1,-1,-1
379,-1,-1,-1,-1
380,-1,151,190,-1
381,-1,-1,191,-1
382,-1,-1,-1,-1
383,-1,152,192,-1
384,-1,153,193,-1
385,-1,-1,-1,-1
386,-1,-1,-1,-1
387,-1,-1,-1,-1
388,-1,-1,-1,-1
389,-1,154,194,-1
390,-1,155,-1,-1
391,-1,156,195,-1
392,-1,-1,-1,-1
393,-1,157,196,-1
394,-1,-1,-1,-1
395,-1,-1,-1,-1
396,-1,-1,-1,-1
397,-1,158,197,-1
398,-1,159,198,-1
399,-1,-1,-1,-1
400,-1,-1,-1,-1
401,-1,-1,199,-1
402,-1,160,200,-1
403,-1,161,201,-1
403,-1,162,202,-1
404,-1,162,203,-1
405,-1,-1,-1,-1
406,-1,-1,-1,-1
407,-1,-1,-1,-1
408,-1,163,204,-1
409,-1,163,205,-1
410,-1,-1,-1,-1
411,-1,164,206,-1
412,-1,-1,-1,-1
413,-1,-1,-1,-1
414,-1,-1,-1,-1
-1,-1,-1,207,-1
415,-1,-1,-1,-1
416,-1,165,208,-1
417,-1,-1,-1,-1
418,-1,-1,-1,-1
419,-1,166,209,-1
420,-1,167,210,-1
421,-1,-1,-1,-1
422,-1,-1,-1,-1
423,-1,-1,-1,-1
424,-1,-1,-1,-1
425,-1,-1,-1,-1
426,-1,168,211,-1
427,-1,-1,-1,-1
428,-1,168,212,-1
429,-1,-1,-1,-1
430,-1,-1,-1,-1
431,-1,-1,-1,-1
432,-1,-1,-1,-1
433,-1,-1,-1,-1
434,-1,168,213,-1
435,-1,-1,-1,-1
436,-1,-1,-1,-1
437,-1,-1,-1,-1
438,-1,169,214,-1
439,-1,-1,-1,-1
440,-1,170,215,-1
441,-1,-1,-1,-1
442,-1,170,215,-1
443,-1,171,216,-1
444,-1,172,217,-1
445,-1,173,218,-1
446,-1,174,219,-1
447,-1,175,-1,-1
448,-1,176,220,-1
449,-1,177,221,-1
450,-1,178,222,-1
451,-1,-1,-1,-1
452,-1,-1,-1,-1
453,-1,179,223,-1
454,-1,180,224,-1
455,-1,181,225,-1
456,-1,182,226,-1
457,-1,183,-1,-1
458,-1,-1,-1,-1
459,-1,-1,-1,-1
460,-1,-1,-1,-1
-1,-1,-1,-1,-1
461,-1,184,227,-1
462,-1,-1,-1,-1
463,-1,-1,-1,-1
464,-1,-1,-1,-1
465,-1,-1,-1,-1
466,-1,-1,-1,-1
467,-1,184,228,-1
468,-1,185,229,-1
469,-1,186,230,-1
470,-1,187,230,-1
471,-1,187,230,-1
472,-1,187,231,-1
473,-1,188,232,-1
474,-1,189,233,-1
475,-1,190,234,-1
476,-1,-1,-1,-1
477,-1,191,235,-1
-1,-1,191,236,-1
478,-1,192,237,-1
479,-1,193,238,-1
480,-1,-1,-1,-1
481,-1,194,239,-1
482,-1,195,239,-1
483,-1,196,240,-1
484,-1,-1,-1,-1
485,-1,-1,-1,-1
486,-1,-1,-1,-1
-1,-1,-1,241,-1
487,-1,197,242,-1
488,-1,-1,-1,-1
489,-1,-1,-1,-1
490,-1,-1,-1,-1
491,-1,-1,-1,-1
492,-1,198,243,-1
493,-1,199,244,-1
494,-1,-1,-1,-1
495,-1,200,245,-1
496,-1,-1,-1,-1
497,-1,-1,-1,-1
498,-1,201,246,-1
499,-1,-1,-1,-1
500,-1,202,247,-1
501,-1,203,248,-1
502,-1,-1,-1,-1
503,-1,-1,-1,-1
504,-1,203,249,-1
505,-1,204,250,-1
506,-1,-1,-1,-1
507,-1,205,251,-1
508,-1,-1,-1,-1
509,-1,205,251,-1
510,-1,206,251,-1
511,-1,207,252,-1
512,-1,208,253,-1
513,-1,208,254,-1
514,-1,209,255,-1
515,-1,-1,-1,-1
516,-1,-1,-1,-1
517,-1,210,256,-1
518,-1,-1,-1,-1
519,-1,-1,-1,-1
520,-1,211,256,-1
521,-1,-1,-1,-1
522,-1,212,257,-1
523,-1,-1,-1,-1
524,-1,-1,-1,-1
525,-1,-1,-1,-1
526,-1,-1,-1,-1
527,-1,213,258,-1
528,-1,214,259,-1
529,-1,-1,-1,-1
530,-1,215,260,-1
531,-1,216,260,-1
532,-1,216,261,-1
532,-1,216,262,-1
533,-1,217,263,-1
534,-1,218,264,-1
535,-1,219,265,-1
-1,-1,-1,-1,-1
536,-1,220,266,-1
537,-1,221,267,-1
-1,-1,-1,268,-1
538,-1,-1,-1,-1
539,-1,222,269,-1
540,-1,-1,-1,-1
541,-1,-1,-1,-1
542,-1,-1,-1,-1
543,-1,223,270,-1
544,-1,-1,-1,-1
545,-1,-1,-1,-1
546,-1,-1,-1,-1
547,-1,224,271,-1
548,-1,224,272,-1
549,-1,225,273,-1
550,-1,-1,-1,-1
551,-1,226,274,-1
552,-1,-1,-1,-1
553,-1,-1,-1,-1
554,-1,-1,-1,-1
-1,-1,227,275,-1
555,-1,228,276,-1
556,-1,-1,-1,-1
557,-1,228,276,-1
558,-1,-1,-1,-1
559,-1,229,-1,-1
560,-1,-1,-1,-1
561,-1,230,277,-1
562,-1,231,278,-1
563,-1,232,279,-1
564,-1,233,280,-1
565,-1,234,-1,-1
566,-1,-1,-1,-1
567,-1,-1,-1,-1
568,-1,-1,-1,-1
569,-1,-1,-1,-1
570,-1,235,281,-1
571,-1,236,282,-1
572,-1,237,283,-1
573,-1,238,284,-1
574,-1,-1,-1,-1
575,-1,239,285,-1
576,-1,-1,-1,-1
577,-1,-1,286,-1
578,-1,240,287,-1
579,-1,-1,-1,-1
580,-1,-1,-1,-1
581,-1,-1,-1,-1
582,-1,-1,-1,-1
583,-1,241,288,-1
584,-1,-1,-1,-1
585,-1,-1,-1,-1
586,-1,242,289,-1
587,-1,-1,-1,-1
588,-1,242,290,-1
589,-1,243,291,-1
590,-1,-1,-1,-1
591,-1,-1,-1,-1
592,-1,244,292,-1
593,-1,-1,-1,-1
594,-1,-1,-1,-1
595,-1,-1,-1,-1
596,-1,-1,-1,-1
597,-1,-1,-1,-1
598,-1,245,293,-1
599,-1,-1,294,-1
600,-1,246,295,-1
601,-1,247,296,-1
602,-1,248,296,-1
603,-1,-1,-1,-1
604,-1,249,297,-1
605,-1,-1,-1,-1
606,-1,-1,-1,-1
607,-1,-1,-1,-1
608,-1,249,298,-1
609,-1,250,299,-1
610,-1,-1,-1,-1
611,-1,251,300,-1
612,-1,252,301,-1
613,-1,252,302,-1
614,-1,-1,-1,-1
615,-1,-1,-1,-1
616,-1,253,303,-1
617,-1,-1,-1,-1
618,-1,-1,-1,-1
619,-1,-1,-1,-1
620,-1,-1,-1,-1
621,-1,-1,-1,-1
622,-1,-1,-1,-1
623,-1,-1,-1,-1
624,-1,-1,-1,-1
625,-1,-1,-1,-1
626,-1,-1,-1,-1
627,-1,253,304,-1
628,-1,-1,-1,-1
629,-1,253,305,-1
630,-1,254,306,-1
631,-1,255,307,-1
632,-1,-1,-1,-1
633,-1,256,-1,-1
634,-1,257,308,-1
635,-1,-1,-1,-1
636,-1,258,309,-1
637,-1,-1,-1,-1
638,-1,-1,-1,-1
639,-1,259,-1,-1
640,-1,260,310,-1
641,-1,261,311,-1
642,-1,262,312,-1
643,-1,-1,-1,-1
644,-1,-1,-1,-1
645,-1,-1,-1,-1
646,-1,-1,-1,-1
647,-1,-1,-1,-1
648,-1,263,313,-1
649,-1,264,314,-1
650,-1,-1,315,-1
651,-1,265,316,-1
652,-1,-1,-1,-1
653,-1,-1,-1,-1
654,-1,266,317,-1
655,-1,267,318,-1
656,-1,-1,-1,-1
657,-1,268,319,-1
658,-1,269,320,-1
659,-1,-1,-1,-1
660,-1,270,321,-1
661,-1,270,322,-1
662,-1,-1,-1,-1
663,-1,-1,-1,-1
664,-1,270,323,-1
665,-1,271,324,-1
666,-1,272,325,-1
667,-1,-1,-1,-1
668,-1,-1,-1,-1
669,-1,-1,-1,-1
670,-1,-1,-1,-1
671,-1,-1,-1,-1
672,-1,273,326,-1
673,-1,273,327,-1
674,-1,-1,-1,-1
675,-1,-1,-1,-1
676,-1,274,328,-1
677,-1,-1,-1,-1
678,-1,-1,-1,-1
679,-1,-1,-1,-1
680,-1,275,329,-1
681,-1,-1,-1,-1
682,-1,-1,-1,-1
683,-1,276,330,-1
684,-1,-1,-1,-1
685,-1,277,331,-1
686,-1,277,332,-1
687,-1,278,333,-1
688,-1,278,334,-1
689,-1,-1,-1,-1
690,-1,279,335,-1
691,-1,-1,-1,-1
692,2,280,336,-1
693,-1,-1,-1,-1
694,-1,-1,-1,-1
695,-1,-1,-1,-1
696,-1,280,337,-1
697,-1,-1,-1,-1
698,-1,-1,-1,-1
699,-1,280,338,-1
700,-1,-1,-1,-1
701,-1,281,339,-1
702,-1,282,340,-1
703,-1,283,341,-1
704,-1,-1,-1,-1
705,-1,284,342,-1
706,-1,-1,-1,-1
707,-1,-1,-1,-1
708,-1,-1,-1,-1
709,-1,-1,-1,-1
710,-1,284,343,-1
711,-1,285,344,-1
712,-1,286,345,-1
713,-1,287,346,-1
714,-1,288,347,-1
715,-1,289,348,-1
716,-1,290,-1,-1
717,-1,-1,-1,-1
718,-1,-1,-1,-1
719,-1,291,349,-1
720,-1,292,350,-1
721,-1,293,351,-1
722,-1,-1,-1,-1
723,-1,294,352,-1
724,-1,295,353,-1
724,-1,296,354,-1
725,3,-1,-1,-1
726,-1,-1,-1,-1
727,-1,-1,-1,-1
728,-1,-1,-1,-1
729,-1,297,355,-1
730,-1,-1,-1,-1
731,-1,-1,-1,-1
732,-1,-1,-1,-1
733,-1,298,-1,-1
734,-1,-1,-1,-1
735,-1,299,356,-1
736,-1,300,357,-1
737,-1,301,357,-1
738,-1,302,358,-1
739,-1,-1,-1,-1
740,-1,-1,-1,-1
741,-1,303,359,-1
742,-1,304,-1,-1
743,-1,-1,359,-1
744,4,-1,-1,-1
745,-1,305,360,-1
746,-1,-1,-1,-1
747,-1,306,361,-1
748,-1,307,362,-1
749,-1,-1,-1,-1
750,-1,-1,-1,-1
751,-1,308,363,-1
752,-1,-1,-1,-1
753,-1,309,-1,-1
754,-1,310,364,-1
755,-1,-1,-1,-1
756,-1,311,365,-1
757,-1,-1,-1,-1
758,-1,312,366,-1
759,-1,-1,-1,-1
760,-1,-1,-1,-1
761,-1,313,367,-1
762,-1,-1,-1,-1
763,-1,-1,-1,-1
764,-1,-1,-1,-1
765,-1,-1,-1,-1
766,-1,314,368,-1
767,-1,-1,-1,-1
768,-1,-1,-1,-1
769,-1,-1,-1,-1
770,-1,315,369,-1
771,-1,-1,-1,-1
772,-1,316,370,-1
773,-1,317,371,-1
774,-1,318,372,-1
775,-1,-1,-1,-1
776,-1,-1,-1,-1
777,-1,318,373,-1
778,-1,-1,-1,-1
779,-1,319,374,-1
780,-1,-1,-1,-1
781,-1,-1,-1,-1
-1,-1,320,375,-1
782,-1,321,376,-1
783,-1,321,377,-1
-1,-1,-1,378,-1
784,-1,322,379,-1
785,-1,-1,-1,-1
786,-1,-1,-1,-1
787,-1,-1,-1,-1
788,-1,-1,-1,-1
789,-1,-1,-1,-1
790,-1,323,380,-1
791,-1,-1,-1,-1
792,-1,-1,-1,-1
793,-1,324,381,-1
794,-1,-1,382,-1
795,-1,-1,-1,-1
796,-1,325,383,-1
797,-1,326,384,-1
798,-1,327,385,-1
799,-1,328,386,-1
800,-1,329,387,-1
801,-1,330,388,-1
802,-1,-1,-1,-1
803,-1,330,389,-1
804,-1,-1,-1,-1
805,-1,330,390,-1
806,-1,331,391,-1
807,-1,332,392,-1
808,-1,332,392,-1
809,-1,-1,-1,-1
810,-1,-1,-1,-1
811,-1,-1,-1,-1
812,-1,-1,-1,-1
813,-1,333,393,-1
814,-1,-1,-1,-1
815,-1,334,394,-1
816,-1,-1,395,-1
817,-1,-1,-1,-1
818,-1,-1,-1,-1
819,-1,335,396,-1
820,-1,336,397,-1
821,-1,-1,-1,-1
822,-1,337,398,-1
823,-1,-1,-1,-1
824,-1,338,399,-1
825,-1,-1,-1,-1
826,-1,-1,-1,-1
827,-1,-1,-1,-1
828,-1,-1,400,-1
829,-1,339,401,-1
830,-1,340,402,-1
831,-1,-1,-1,-1
832,-1,341,403,-1
833,-1,-1,-1,-1
834,-1,342,404,-1
835,-1,-1,-1,-1
836,-1,-1,-1,-1
837,-1,-1,-1,-1
838,-1,343,405,-1
839,-1,-1,-1,-1
840,-1,344,406,-1
841,-1,-1,-1,-1
842,-1,345,407,-1
-1,-1,-1,408,-1
843,-1,-1,-1,-1
844,-1,346,409,-1
845,-1,-1,-1,-1
846,-1,-1,-1,-1
847,-1,-1,-1,-1
848,-1,-1,-1,-1
849,-1,347,410,-1
850,-1,-1,-1,-1
851,-1,-1,-1,-1
852,-1,-1,-1,-1
853,-1,-1,-1,-1
854,-1,-1,-1,-1
855,-1,-1,411,-1
856,-1,348,412,-1
857,-1,349,413,-1
858,-1,349,414,-1
859,-1,350,415,-1
860,-1,-1,-1,-1
861,-1,-1,-1,-1
862,-1,-1,-1,-1
863,-1,351,416,-1
864,-1,352,417,-1
865,-1,353,418,-1
866,-1,354,419,-1
867,-1,-1,-1,-1
868,-1,-1,-1,-1
869,-1,354,420,-1
870,-1,355,421,-1
871,-1,356,421,-1
872,-1,357,422,-1
873,-1,-1,-1,-1
874,-1,358,423,-1
875,-1,-1,-1,-1
876,-1,-1,-1,-1
877,-1,358,424,-1
878,-1,-1,-1,-1
879,-1,-1,-1,-1
880,-1,359,425,-1
881,-1,-1,-1,-1
882,-1,-1,-1,-1
883,-1,359,426,-1
884,-1,360,427,-1
885,-1,361,428,-1
886,-1,362,429,-1
887,-1,363,430,-1
888,-1,-1,-1,-1
889,-1,364,431,-1
890,-1,365,432,-1
891,-1,365,433,-1
892,-1,366,434,-1
893,-1,367,435,-1
894,-1,-1,-1,-1
895,-1,368,436,-1
896,-1,-1,-1,-1
897,-1,-1,-1,-1
898,-1,-1,-1,-1
899,-1,369,437,-1
900,-1,370,438,-1
901,-1,370,439,-1
902,-1,370,440,-1
903,-1,371,441,-1
904,-1,372,442,-1
905,-1,-1,-1,-1
906,-1,-1,-1,-1
907,-1,-1,-1,-1
908,-1,-1,-1,-1
909,-1,-1,-1,-1
910,-1,373,443,-1
911,-1,374,444,-1
912,-1,-1,-1,-1
913,-1,375,445,-1
914,-1,-1,-1,-1
915,-1,376,446,-1
916,-1,377,447,-1
917,-1,-1,-1,-1
918,-1,377,448,-1
919,-1,378,449,-1
920,-1,379,450,-1
921,-1,380,451,-1
922,-1,-1,-1,-1
923,-1,381,-1,-1
924,-1,-1,-1,-1
925,-1,-1,-1,-1
926,-1,-1,-1,-1
927,-1,382,452,-1
928,-1,-1,-1,-1
929,-1,-1,-1,-1
930,-1,-1,-1,-1
931,-1,383,-1,-1
932,-1,-1,-1,-1
933,-1,384,453,-1
934,-1,385,454,-1
935,-1,-1,-1,-1
936,-1,-1,-1,-1
937,-1,-1,-1,-1
938,-1,386,455,-1
939,-1,387,456,-1
940,-1,-1,-1,-1
941,-1,387,457,-1
942,-1,388,458,-1
943,-1,389,459,-1
944,-1,-1,-1,-1
945,-1,-1,-1,-1
946,-1,-1,-1,-1
947,-1,390,460,-1
948,-1,-1,-1,-1
949,-1,391,461,-1
950,-1,392,462,-1
951,-1,-1,-1,-1
952,-1,-1,-1,-1
953,-1,392,463,-1
954,-1,392,464,-1
955,-1,393,465,-1
956,-1,394,466,-1
957,-1,-1,-1,-1
958,-1,394,467,-1
959,-1,395,468,-1
960,-1,-1,-1,-1
961,-1,-1,-1,-1
962,-1,396,469,-1
963,-1,397,470,-1
964,-1,-1,-1,-1
965,-1,-1,-1,-1
966,-1,-1,-1,-1
967,-1,-1,-1,-1
968,-1,-1,-1,-1
969,-1,398,471,-1
970,-1,-1,-1,-1
971,-1,-1,-1,-1
972,-1,-1,-1,-1
973,-1,-1,-1,-1
974,-1,-1,472,-1
975,-1,399,473,-1
976,-1,-1,-1,-1
977,-1,400,474,-1
978,-1,-1,-1,-1
979,-1,-1,-1,-1
980,-1,-1,-1,-1
981,-1,401,475,-1
982,-1,402,476,-1
983,-1,-1,-1,-1
984,-1,-1,-1,-1
985,-1,403,477,-1
986,-1,-1,-1,-1
987,-1,-1,-1,-1
988,-1,403,478,-1
989,-1,404,479,-1
990,-1,-1,-1,-1
991,-1,405,480,-1
992,-1,-1,-1,-1
993,-1,405,481,-1
994,-1,406,482,-1
995,-1,-1,-1,-1
996,-1,407,483,-1
997,-1,-1,-1,-1
998,-1,-1,-1,-1
999,-1,408,484,-1
1000,-1,409,485,-1
1001,-1,410,486,-1
1002,-1,411,487,-1
1003,-1,412,488,-1
1004,-1,413,489,-1
-1,-1,-1,490,-1
1005,-1,-1,-1,-1
1006,-1,-1,-1,-1
1007,-1,-1,-1,-1
1008,-1,-1,-1,-1
1009,-1,-1,-1,-1
1010,-1,414,491,-1
1011,-1,414,492,-1
1012,-1,414,492,-1
1013,-1,415,-1,-1
1014,-1,416,493,-1
1015,-1,-1,-1,-1
1016,-1,417,494,-1
1017,-1,-1,-1,-1
1018,-1,-1,-1,-1
1019,-1,-1,-1,-1
1020,-1,-1,-1,-1
1021,-1,-1,-1,-1
1022,-1,-1,-1,-1
1023,-1,-1,-1,-1
1024,-1,-1,-1,-1
1025,-1,418,495,-1
1026,-1,-1,-1,-1
1027,-1,418,495,-1
1028,-1,-1,-1,-1
1029,-1,418,495,-1
1030,-1,-1,-1,-1
1031,-1,419,496,-1
1032,-1,-1,-1,-1
1033,-1,-1,-1,-1
1034,-1,420,497,-1
1035,-1,420,498,-1
1036,-1,421,499,-1
1037,-1,421,500,-1
1038,-1,-1,-1,-1
1039,-1,-1,-1,-1
1040,-1,421,501,-1
1041,-1,422,502,-1
1042,-1,-1,-1,-1
1043,-1,422,503,-1
1044,-1,423,504,-1
1045,-1,424,505,-1
1046,-1,-1,-1,-1
1047,-1,-1,-1,-1
1048,-1,425,506,-1
1049,-1,426,507,-1
1050,-1,-1,-1,-1
1051,-1,-1,-1,-1
1052,-1,427,508,-1
1053,-1,-1,509,-1
1054,-1,-1,-1,-1
1055,-1,-1,-1,-1
1056,-1,-1,-1,-1
1057,-1,428,510,-1
1058,-1,429,511,-1
1059,-1,-1,-1,-1
1060,-1,-1,-1,-1
1061,-1,-1,-1,-1
1062,-1,430,512,-1
1063,-1,431,513,-1
1064,-1,-1,-1,-1
1065,-1,432,514,-1
1066,-1,-1,-1,-1
1067,-1,433,515,-1
1068,-1,434,516,-1
1069,-1,435,517,-1
1070,-1,-1,-1,-1
1071,-1,436,518,-1
1072,-1,437,519,-1
1073,-1,-1,520,-1
1074,-1,-1,-1,-1
1075,-1,-1,521,-1
1076,-1,438,522,-1
1077,-1,-1,-1,-1
1078,-1,-1,523,-1
1079,-1,438,-1,-1
1080,-1,-1,-1,-1
1081,-1,-1,-1,-1
1082,-1,-1,-1,-1
1083,-1,-1,-1,-1
1084,-1,-1,-1,-1
1085,-1,439,524,-1
1086,-1,440,525,-1
1087,-1,-1,-1,-1
1088,-1,-1,-1,-1
1089,-1,-1,-1,-1
1090,-1,-1,-1,-1
-1,-1,-1,-1,-1
1091,-1,-1,-1,-1
1092,-1,441,526,-1
1093,-1,441,527,-1
1094,-1,442,-1,-1
1095,-1,443,528,-1
1096,-1,-1,-1,-1
1097,-1,443,529,-1
1098,-1,-1,-1,-1
1099,-1,444,530,-1
1100,-1,444,531,-1
1101,-1,-1,-1,-1
1102,-1,445,532,-1
1103,-1,-1,-1,-1
1104,-1,446,533,-1
1105,-1,-1,-1,-1
1106,-1,-1,-1,-1
1107,-1,447,534,-1
1108,-1,448,535,-1
1109,-1,-1,-1,-1
1110,-1,-1,-1,-1
1111,-1,-1,-1,-1
1112,-1,-1,-1,-1
1113,-1,-1,-1,-1
1114,-1,-1,-1,-1
1115,-1,448,536,-1
1116,-1,-1,-1,-1
1117,-1,-1,-1,-1
1118,-1,449,537,-1
1119,-1,-1,-1,-1
1120,-1,450,538,-1
1121,-1,-1,-1,-1
1122,-1,-1,-1,-1
1123,-1,-1,-1,-1
1124,-1,-1,-1,-1
1125,-1,451,538,-1
1126,-1,451,538,-1
1127,-1,452,539,-1
1128,-1,-1,-1,-1
1129,-1,-1,540,-1
1130,-1,-1,-1,-1
1131,-1,453,541,-1
1132,-1,454,542,-1
1133,-1,455,543,-1
1134,-1,456,544,-1
1135,-1,457,545,-1
1136,-1,458,546,-1
1137,-1,458,547,-1
1138,-1,-1,-1,-1
1139,-1,459,547,-1
1140,-1,-1,548,-1
1141,-1,-1,-1,-1
1142,-1,-1,-1,-1
1143,-1,-1,-1,-1
1144,-1,-1,-1,-1
1145,-1,460,549,-1
1146,-1,461,550,-1
1147,-1,-1,-1,-1
-1,-1,462,551,-1
1148,-1,463,552,-1
1149,-1,-1,-1,-1
1150,-1,-1,-1,-1
1151,-1,-1,-1,-1
1152,-1,464,-1,-1
1153,-1,-1,-1,-1
1154,-1,-1,-1,-1
1155,-1,-1,-1,-1
1156,-1,465,553,-1
1157,-1,-1,-1,-1
1158,-1,466,554,-1
1159,-1,-1,-1,-1
1160,-1,467,555,-1
1161,-1,-1,-1,-1
1162,-1,-1,-1,-1
1163,-1,468,556,-1
1164,-1,-1,-1,-1
1165,-1,469,556,-1
1166,-1,469,557,-1
1167,-1,470,558,-1
1168,-1,471,559,-1
1169,-1,-1,-1,-1
1170,-1,472,560,-1
1171,-1,-1,-1,-1
1172,-1,-1,-1,-1
1173,-1,473,561,-1
1174,-1,474,562,-1
1175,-1,475,563,-1
1176,-1,476,564,-1
1177,-1,477,565,-1
1178,-1,478,566,-1
1179,-1,479,-1,-1
1180,-1,480,567,-1
1181,-1,481,568,-1
1182,-1,482,569,-1
1183,-1,483,570,-1
1184,-1,484,-1,-1
1185,-1,-1,-1,-1
1186,-1,-1,-1,-1
1187,-1,485,570,-1
1188,-1,-1,-1,-1
1189,-1,486,571,-1
1190,-1,486,572,-1
1191,-1,-1,-1,-1
1192,-1,-1,-1,-1
1193,-1,-1,-1,-1
1194,-1,-1,-1,-1
1195,-1,487,573,-1
1196,-1,488,574,-1
1197,-1,-1,575,-1
1198,-1,489,576,-1
1199,-1,490,577,-1
1200,-1,491,578,-1
1201,-1,-1,-1,-1
1202,-1,492,579,-1
1203,-1,493,580,-1
1204,-1,494,581,-1
1205,-1,495,582,-1
1206,-1,-1,-1,-1
1207,-1,-1,-1,-1
1208,-1,496,583,-1
1209,-1,-1,584,-1
1210,-1,-1,-1,-1
1211,-1,-1,-1,-1
1212,-1,497,585,-1
1213,-1,498,586,-1
1214,-1,-1,-1,-1
1215,-1,499,587,-1
1216,-1,-1,-1,-1
1217,-1,500,588,-1
1218,-1,501,589,-1
1219,-1,501,590,-1
1220,-1,502,591,-1
1221,-1,-1,-1,-1
1222,-1,503,592,-1
1223,-1,504,593,-1
1224,-1,504,594,-1
1225,-1,505,595,-1
1226,-1,506,596,-1
1227,-1,-1,597,-1
1228,-1,507,598,-1
1229,-1,-1,-1,-1
1230,-1,-1,-1,-1
1231,-1,508,599,-1
1232,-1,-1,-1,-1
1233,-1,509,599,-1
1234,-1,510,600,-1
1235,-1,-1,-1,-1
1236,-1,-1,-1,-1
1237,-1,-1,-1,-1
1238,-1,511,601,-1
1239,-1,512,602,-1
1240,-1,-1,-1,-1
1241,-1,-1,-1,-1
1242,-1,-1,-1,-1
1243,-1,513,603,-1
-1,-1,-1,604,-1
1244,-1,514,605,-1
1244,-1,515,606,-1
1245,-1,515,607,-1
1246,-1,516,608,-1
1247,-1,517,609,-1
1248,-1,518,610,-1
1249,-1,519,611,-1
1250,-1,520,612,-1
1251,-1,-1,-1,-1
1252,-1,521,613,-1
1253,-1,-1,-1,-1
1254,-1,522,614,-1
1255,-1,-1,-1,-1
1256,-1,523,615,-1
1257,-1,-1,-1,-1
1258,-1,-1,-1,-1
1259,-1,-1,-1,-1
1260,-1,-1,-1,-1
1261,-1,-1,-1,-1
1262,-1,524,-1,-1
1263,-1,-1,-1,-1
1264,-1,525,616,-1
1265,-1,526,617,-1
1266,-1,-1,-1,-1
1267,-1,-1,-1,-1
1268,-1,-1,-1,-1
1269,-1,526,618,-1
1270,-1,526,619,-1
1271,-1,-1,-1,-1
1272,-1,527,620,-1
1273,-1,-1,-1,-1
1274,-1,528,621,-1
1275,-1,-1,-1,-1
1276,-1,-1,622,-1
1277,-1,-1,-1,-1
1278,-1,529,623,-1
1279,-1,530,624,-1
1280,-1,-1,-1,-1
1281,-1,531,625,-1
1282,-1,532,626,-1
1283,-1,533,627,-1
1284,-1,533,628,-1
1285,-1,-1,-1,-1
1286,-1,534,629,-1
1287,-1,535,630,-1
1288,-1,536,631,-1
1289,-1,537,632,-1
1290,-1,538,633,-1
1291,-1,539,634,-1
1292,-1,540,635,-1
1293,-1,-1,-1,-1
1294,-1,-1,-1,-1
1295,-1,-1,-1,-1
1296,-1,541,636,-1
1297,-1,542,637,-1
1298,-1,542,638,-1
-1,-1,543,639,-1
1299,-1,543,640,-1
1300,-1,-1,-1,-1
1301,-1,-1,-1,-1
1302,-1,-1,-1,-1
1303,-1,544,640,-1
1304,-1,-1,-1,-1
1305,-1,545,641,-1
-1,-1,546,642,-1
1306,-1,-1,-1,-1
1307,-1,-1,-1,-1
1308,-1,-1,-1,-1
1309,-1,-1,-1,-1
1310,-1,-1,-1,-1
1311,-1,547,643,-1
1312,-1,547,644,-1
1313,-1,-1,-1,-1
1314,-1,-1,-1,-1
1315,-1,-1,-1,-1
1316,-1,-1,-1,-1
1317,-1,547,645,-1
1318,-1,-1,-1,-1
1319,-1,-1,-1,-1
1320,-1,548,646,-1
1321,-1,549,647,-1
1322,-1,550,648,-1
1323,-1,-1,649,-1
1324,-1,550,650,-1
1325,-1,551,651,-1
1326,-1,552,652,-1
1327,-1,-1,-1,-1
1328,-1,552,653,-1
1329,-1,553,654,-1
1330,-1,554,655,-1
1331,-1,555,656,-1
1332,-1,556,657,-1
1333,-1,557,658,-1
1334,-1,-1,-1,-1
1335,-1,558,-1,-1
1336,-1,-1,-1,-1
1337,-1,-1,-1,-1
1338,-1,558,659,-1
1339,-1,-1,-1,-1
1340,-1,-1,-1,-1
1341,-1,559,660,-1
1342,-1,560,661,-1
1343,-1,-1,-1,-1
1344,-1,561,662,-1
1345,-1,-1,-1,-1
1346,-1,-1,-1,-1
1347,-1,-1,-1,-1
1348,-1,562,663,-1
1349,-1,563,664,-1
1350,-1,564,665,-1
1351,-1,-1,-1,-1
1352,-1,565,666,-1
1353,-1,-1,-1,-1
1354,-1,-1,-1,-1
1355,-1,566,667,-1
1356,-1,-1,-1,-1
1357,-1,567,668,-1
1358,-1,568,669,-1
1359,-1,-1,-1,-1
1360,-1,568,670,-1
1361,-1,-1,-1,-1
1362,-1,-1,-1,-1
1363,-1,569,671,-1
1364,-1,-1,-1,-1
1365,-1,570,672,-1
1366,-1,-1,-1,-1
1367,-1,571,673,-1
1368,-1,-1,-1,-1
1369,-1,-1,-1,-1
1370,-1,-1,-1,-1
1371,-1,572,674,-1
1372,-1,573,675,-1
1373,-1,-1,-1,-1
1374,-1,573,676,-1
1375,-1,-1,-1,-1
1376,-1,-1,-1,-1
1377,-1,574,-1,-1
1378,-1,-1,-1,-1
1379,-1,-1,-1,-1
1380,-1,-1,-1,-1
1381,-1,-1,-1,-1
1382,-1,-1,-1,-1
1383,-1,575,677,-1
1384,-1,-1,-1,-1
1385,-1,-1,-1,-1
1386,-1,-1,-1,-1
1387,-1,576,678,-1
1388,-1,577,679,-1
1389,-1,-1,-1,-1
1390,-1,-1,-1,-1
1391,-1,578,680,-1
1392,-1,-1,-1,-1
1393,-1,-1,-1,-1
1394,-1,-1,681,-1
1395,-1,-1,-1,-1
1396,-1,579,682,-1
1397,-1,-1,-1,-1
1398,-1,580,683,-1
1399,-1,581,684,-1
1400,-1,-1,-1,-1
1401,-1,582,685,-1
1402,-1,583,686,-1
1403,-1,584,687,-1
1404,-1,585,688,-1
1405,-1,-1,-1,-1
1406,-1,586,689,-1
1407,-1,587,690,-1
1408,-1,588,691,-1
1409,-1,-1,-1,-1
1410,-1,-1,-1,-1
1411,-1,-1,-1,-1
1412,-1,589,692,-1
1413,-1,-1,-1,-1
1414,-1,590,693,-1
1415,-1,-1,-1,-1
1416,-1,591,694,-1
1417,-1,-1,-1,-1
1418,-1,-1,-1,-1
1419,-1,592,-1,-1
1420,-1,-1,-1,-1
1421,-1,-1,-1,-1
1422,-1,593,695,-1
1423,-1,-1,-1,-1
1424,-1,-1,-1,-1
1425,-1,-1,-1,-1
1426,-1,-1,-1,-1
1427,-1,593,696,-1
1428,-1,-1,-1,-1
1429,-1,594,697,-1
1430,-1,-1,-1,-1
1431,-1,595,698,-1
1432,-1,-1,-1,-1
1433,-1,596,699,-1
1434,-1,-1,700,-1
1435,-1,-1,-1,-1
1436,-1,-1,-1,-1
1437,-1,-1,-1,-1
1438,-1,-1,-1,-1
1439,-1,-1,-1,-1
1440,-1,-1,-1,-1
1441,-1,-1,-1,-1
1442,-1,-1,-1,-1
1443,-1,597,701,-1
1444,-1,-1,-1,-1
1445,-1,597,701,-1
1446,-1,598,702,-1
1447,-1,-1,-1,-1
1448,-1,-1,-1,-1
1449,-1,-1,-1,-1
1450,-1,-1,703,-1
1451,-1,599,704,-1
1452,-1,-1,-1,-1
1453,-1,-1,-1,-1
1454,-1,600,705,-1
1455,-1,601,706,-1
1456,-1,-1,-1,-1
1457,-1,602,707,-1
1458,-1,603,708,-1
1459,-1,-1,-1,-1
1460,-1,-1,-1,-1
1461,-1,-1,-1,-1
1462,-1,-1,-1,-1
1463,-1,-1,-1,-1
1464,-1,-1,-1,-1
1465,-1,-1,-1,-1
1466,-1,603,709,-1
1467,-1,604,710,-1
1468,-1,-1,-1,-1
1469,-1,-1,711,-1
1470,-1,605,712,-1
1471,-1,-1,-1,-1
1472,-1,-1,-1,-1
1473,-1,-1,-1,-1
1474,-1,606,713,-1
1475,-1,-1,-1,-1
1476,-1,-1,-1,-1
1477,-1,-1,-1,-1
1478,-1,-1,-1,-1
1479,-1,-1,-1,-1
1480,-1,-1,-1,-1
1481,-1,607,714,-1
1482,-1,608,715,-1
1483,-1,609,716,-1
1484,-1,610,-1,-1
1485,-1,-1,-1,-1
1486,-1,-1,-1,-1
1487,-1,-1,-1,-1
1488,-1,-1,-1,-1
1489,-1,-1,-1,-1
1490,-1,-1,-1,-1
1491,-1,611,717,-1
1492,-1,612,718,-1
1493,-1,-1,-1,-1
1494,-1,613,719,-1
1495,-1,-1,-1,-1
1496,-1,-1,720,-1
1497,-1,-1,-1,-1
1498,-1,614,721,-1
1499,-1,-1,-1,-1
1500,-1,-1,-1,-1
1501,-1,-1,-1,-1
1502,-1,-1,-1,-1
1503,-1,-1,-1,-1
1504,-1,615,722,-1
1505,-1,-1,-1,-1
1506,-1,-1,-1,-1
1507,-1,-1,-1,-1
1508,-1,-1,-1,-1
1509,-1,616,723,-1
1510,-1,616,724,-1
1511,-1,617,725,-1
1512,-1,618,726,-1
1513,-1,-1,-1,-1
1514,-1,619,727,-1
1515,-1,-1,-1,-1
1516,-1,620,728,-1
1517,-1,-1,-1,-1
1518,-1,620,729,-1
1519,-1,-1,-1,-1
1520,-1,620,730,-1
1521,-1,-1,-1,-1
1522,-1,621,731,-1
1523,-1,-1,-1,-1
1524,-1,-1,-1,-1
1525,-1,622,732,-1
1526,-1,623,733,-1
1527,-1,-1,-1,-1
1528,-1,-1,-1,-1
1529,-1,624,734,-1
1530,-1,-1,-1,-1
1531,-1,-1,-1,-1
1532,-1,625,735,-1
1533,-1,625,736,-1
1534,-1,-1,-1,-1
1535,-1,625,737,-1
1536,-1,626,738,-1
1537,-1,627,739,-1
1538,-1,-1,-1,-1
1539,-1,628,739,-1
1540,-1,629,740,-1
1541,-1,630,741,-1
1542,-1,630,742,-1
1543,-1,631,743,-1
1544,-1,-1,-1,-1
1545,-1,-1,-1,-1
1546,-1,-1,-1,-1
1547,-1,632,744,-1
1548,-1,632,745,-1
1549,-1,633,746,-1
1550,-1,-1,-1,-1
1551,-1,634,747,-1
1552,-1,634,-1,-1
1553,-1,634,748,-1
1554,-1,635,749,-1
1555,-1,636,750,-1
1556,-1,637,751,-1
1557,-1,638,752,-1
1558,-1,-1,-1,-1
1559,-1,639,753,-1
1560,-1,640,754,-1
1561,-1,-1,-1,-1
1562,-1,641,755,-1
1563,-1,-1,-1,-1
1564,-1,-1,-1,-1
1565,-1,-1,-1,-1
1566,-1,642,756,-1
1567,-1,-1,-1,-1
1568,-1,-1,-1,-1
1569,-1,643,757,-1
1570,-1,-1,-1,-1
1571,-1,644,758,-1
1572,-1,644,759,-1
1573,-1,645,760,-1
1574,-1,646,-1,-1
1575,-1,647,761,-1
1576,-1,648,762,-1
1577,-1,649,763,-1
1578,-1,650,764,-1
1579,-1,-1,-1,-1
1580,-1,651,765,-1
1581,-1,-1,-1,-1
1582,-1,652,766,-1
1583,-1,-1,-1,-1
1584,-1,-1,-1,-1
1585,-1,-1,-1,-1
1586,-1,653,767,-1
1587,-1,654,768,-1
1588,-1,655,769,-1
1589,-1,656,770,-1
1590,-1,-1,-1,-1
1591,-1,657,771,-1
1592,-1,658,772,-1
1593,-1,-1,-1,-1
1594,-1,-1,-1,-1
1595,-1,-1,-1,-1
1596,-1,658,773,-1
1597,-1,659,774,-1
1598,-1,660,775,-1
1599,-1,-1,-1,-1
1600,-1,661,776,-1
1601,-1,662,777,-1
1602,-1,663,778,-1
1603,-1,-1,-1,-1
1604,-1,-1,-1,-1
1605,-1,664,779,-1
1605,-1,665,780,-1
1606,-1,666,781,-1
1607,-1,-1,-1,-1
1608,-1,667,782,-1
1609,-1,668,783,-1
1610,-1,669,784,-1
1611,-1,670,785,-1
1612,-1,-1,786,-1
1613,-1,671,787,-1
1614,-1,-1,-1,-1
1615,-1,-1,-1,-1
1616,-1,-1,-1,-1
1617,-1,-1,-1,-1
1618,-1,-1,-1,-1
1619,-1,672,788,-1
1620,-1,673,789,-1
1621,-1,674,789,-1
1622,-1,675,790,-1
1623,-1,-1,-1,-1
1624,-1,-1,791,-1
1625,-1,-1,-1,-1
1626,-1,676,792,-1
1627,-1,-1,-1,-1
1628,-1,-1,-1,-1
1629,-1,-1,-1,-1
1630,-1,-1,-1,-1
1631,-1,677,793,-1
1632,-1,678,794,-1
1633,-1,679,795,-1
1634,-1,680,796,-1
1635,-1,-1,-1,-1
1636,-1,-1,-1,-1
1637,-1,-1,-1,-1
1638,-1,-1,-1,-1
1639,-1,681,797,-1
1640,-1,681,798,-1
1641,-1,-1,-1,-1
1642,-1,682,799,-1
1643,-1,683,800,-1
1644,-1,-1,-1,-1
1645,-1,684,801,-1
1646,-1,685,802,-1
1647,-1,-1,-1,-1
1648,-1,685,803,-1
1649,-1,686,804,-1
1650,-1,-1,-1,-1
1651,-1,687,805,-1
1652,-1,687,806,-1
1653,-1,688,807,-1
1654,-1,-1,-1,-1
1655,-1,-1,-1,-1
1656,-1,688,808,-1
1657,-1,689,809,-1
1658,-1,-1,-1,-1
-1,-1,-1,-1,-1
1659,-1,690,810,-1
1660,-1,691,811,-1
1661,-1,-1,812,-1
1662,-1,692,813,-1
1663,-1,-1,-1,-1
1664,-1,-1,-1,-1
1665,-1,-1,-1,-1
1666,-1,-1,-1,-1
1667,-1,-1,-1,-1
1668,-1,-1,-1,-1
1669,-1,693,814,-1
1670,-1,-1,-1,-1
1671,-1,-1,-1,-1
1672,-1,694,815,-1
1673,-1,695,816,-1
1674,-1,-1,-1,-1
1675,-1,-1,-1,-1
1676,-1,696,817,-1
1677,-1,-1,-1,-1
1678,-1,696,818,-1
1679,-1,696,818,-1
1680,-1,697,819,-1
1681,-1,698,820,-1
-1,-1,-1,-1,-1
-1,-1,-1,-1,-1
1682,-1,699,821,-1
1683,-1,700,822,-1
1684,-1,701,823,-1
1685,-1,702,824,-1
1686,-1,703,825,-1
1687,-1,704,826,-1
1688,-1,705,827,-1
-1,-1,-1,828,-1
1689,-1,-1,-1,-1
1690,-1,-1,-1,-1
1691,-1,706,829,-1
-1,-1,-1,-1,-1
1692,-1,707,830,-1
1693,-1,-1,-1,-1
1694,-1,-1,-1,-1
1695,-1,-1,-1,-1
1696,-1,708,-1,-1
1697,-1,709,831,-1
1698,-1,710,832,-1
1699,-1,711,833,-1
1700,-1,-1,-1,-1
1701,-1,-1,-1,-1
1702,-1,712,834,-1
1703,-1,713,835,-1
1704,-1,-1,-1,-1
1705,-1,714,-1,-1
1706,-1,-1,-1,-1
1707,-1,-1,-1,-1
1708,-1,715,836,-1
1709,-1,716,-1,-1
1710,-1,-1,-1,-1
1711,-1,-1,-1,-1
1712,-1,-1,-1,-1
1713,-1,-1,837,-1
1714,-1,-1,-1,-1
1715,-1,717,838,-1
1716,-1,-1,-1,-1
1717,-1,-1,-1,-1
1718,-1,-1,-1,-1
1719,-1,718,839,-1
1720,-1,719,840,-1
1721,-1,720,841,-1
1722,-1,-1,-1,-1
1722,-1,-1,-1,-1
1723,-1,-1,-1,-1
1724,-1,-1,-1,-1
1725,-1,720,842,-1
1726,-1,-1,-1,-1
1727,-1,720,843,-1
1728,-1,720,844,-1
1729,-1,721,845,-1
1730,-1,722,846,-1
1731,-1,723,847,-1
1732,-1,-1,848,-1
1733,-1,724,849,-1
1734,-1,724,850,-1
1735,-1,-1,-1,-1
1736,-1,725,851,-1
1737,-1,726,852,-1
1738,-1,-1,-1,-1
1739,-1,-1,-1,-1
1740,-1,726,853,-1
1741,-1,727,854,-1
1742,-1,-1,-1,-1
1743,-1,-1,-1,-1
1744,-1,-1,-1,-1
1745,-1,727,855,-1
1746,-1,728,856,-1
1747,-1,729,-1,-1
1748,-1,-1,-1,-1
1749,-1,730,857,-1
1750,-1,731,858,-1
1751,-1,732,859,-1
1752,-1,-1,-1,-1
1753,-1,-1,-1,-1
1754,-1,733,-1,-1
1755,-1,734,860,-1
1756,-1,-1,861,-1
1757,-1,735,862,-1
1758,-1,-1,-1,-1
1759,-1,736,863,-1
1760,-1,-1,-1,-1
1761,-1,-1,-1,-1
1762,-1,737,864,-1
1763,-1,738,864,-1
1764,-1,739,865,-1
1765,-1,740,866,-1
1766,-1,741,867,-1
1767,-1,741,868,-1
-1,-1,742,869,-1
1768,-1,-1,-1,-1
1769,-1,743,-1,-1
-1,-1,-1,870,-1
-1,-1,-1,871,-1
1770,-1,-1,-1,-1
1771,-1,743,872,-1
1772,-1,-1,-1,-1
1773,-1,-1,-1,-1
1774,-1,-1,-1,-1
1775,-1,744,873,-1
1776,-1,-1,-1,-1
1777,-1,-1,-1,-1
1778,-1,-1,-1,-1
1779,-1,745,874,-1
1780,-1,746,875,-1
1781,-1,-1,-1,-1
1782,-1,746,876,-1
1783,-1,-1,-1,-1
1784,-1,-1,-1,-1
1785,-1,-1,-1,-1
1786,-1,-1,-1,-1
1787,-1,-1,-1,-1
1788,-1,746,877,-1
1789,-1,746,878,-1
1790,-1,747,879,-1
1791,-1,747,880,-1
1792,-1,-1,-1,-1
1793,-1,748,881,-1
1794,-1,-1,-1,-1
1795,-1,-1,-1,-1
1796,-1,-1,-1,-1
1797,-1,-1,-1,-1
1798,-1,-1,-1,-1
1799,-1,749,882,-1
1800,-1,-1,-1,-1
1801,-1,750,883,-1
1802,-1,-1,-1,-1
1803,-1,-1,-1,-1
1804,-1,751,884,-1
1805,-1,752,885,-1
1806,-1,752,886,-1
1807,-1,753,887,-1
1808,-1,754,888,-1
1809,-1,755,-1,-1
1810,-1,-1,-1,-1
1811,-1,756,889,-1
1812,-1,-1,-1,-1
1813,-1,757,890,-1
1814,-1,758,891,-1
1815,-1,759,-1,-1
1816,-1,760,892,-1
1817,-1,761,893,-1
1818,-1,-1,-1,-1
1819,-1,761,894,-1
1820,-1,-1,-1,-1
1821,-1,762,895,-1
1822,-1,-1,-1,-1
1823,-1,-1,-1,-1
1824,-1,-1,-1,-1
1825,-1,-1,-1,-1
1826,-1,762,896,-1
1827,-1,-1,-1,-1
1828,-1,763,897,-1
1829,-1,764,898,-1
1830,-1,-1,-1,-1
1831,-1,764,899,-1
1832,-1,765,-1,-1
1833,-1,766,900,-1
1834,-1,-1,-1,-1
1835,-1,-1,-1,-1
1836,-1,-1,-1,-1
1837,-1,-1,-1,-1
1838,-1,767,901,-1
1839,-1,-1,-1,-1
-1,-1,768,902,-1
1840,-1,768,903,-1
1841,-1,768,904,-1
1842,-1,-1,-1,-1
1843,-1,-1,-1,-1
1844,-1,769,905,-1
1845,-1,770,905,-1
1846,-1,771,906,-1
1847,-1,772,907,-1
1848,-1,-1,-1,-1
1849,-1,-1,-1,-1
1850,-1,-1,-1,-1
1851,-1,-1,-1,-1
1852,-1,-1,-1,-1
1853,-1,773,908,-1
1854,-1,-1,-1,-1
1855,-1,774,909,-1
1856,-1,775,910,-1
1857,-1,-1,-1,-1
1858,-1,-1,-1,-1
1859,-1,-1,-1,-1
1860,-1,-1,-1,-1
1861,-1,-1,-1,-1
1862,-1,776,911,-1
1863,-1,776,912,-1
1864,-1,776,913,-1
1865,-1,-1,-1,-1
1866,-1,777,914,-1
1867,-1,-1,915,-1
1868,-1,778,916,-1
1869,-1,779,-1,-1
1870,-1,780,917,-1
1871,-1,781,918,-1
1872,-1,-1,-1,-1
1873,-1,-1,-1,-1
1874,-1,782,919,-1
1875,-1,783,920,-1
1876,-1,784,921,-1
1877,-1,785,922,-1
1878,-1,785,923,-1
1879,-1,786,924,-1
1880,-1,-1,-1,-1
1881,-1,-1,-1,-1
1882,-1,-1,-1,-1
1883,-1,787,925,-1
1884,-1,-1,-1,-1
1885,-1,788,926,-1
1886,-1,-1,-1,-1
1887,-1,789,927,-1
1888,-1,790,928,-1
1889,-1,791,929,-1
1890,-1,-1,-1,-1
1891,-1,792,930,-1
1892,-1,-1,930,-1
1893,-1,-1,-1,-1
1894,-1,-1,-1,-1
1895,-1,793,931,-1
1896,-1,794,932,-1
1897,-1,-1,-1,-1
1898,-1,795,933,-1
1899,-1,-1,-1,-1
1900,-1,-1,-1,-1
1901,-1,-1,-1,-1
1902,-1,-1,-1,-1
1903,-1,796,934,-1
1904,-1,797,935,-1
1905,-1,798,936,-1
1906,-1,-1,-1,-1
1907,-1,-1,-1,-1
1908,-1,-1,-1,-1
1909,-1,799,937,-1
1910,-1,800,938,-1
1911,-1,-1,-1,-1
1912,-1,801,939,-1
1913,-1,-1,-1,-1
1914,-1,-1,-1,-1
1915,-1,-1,-1,-1
1916,-1,-1,-1,-1
1917,-1,802,940,-1
1918,-1,803,941,-1
1919,-1,804,942,-1
1920,-1,804,943,-1
1921,-1,-1,-1,-1
1922,-1,805,944,-1
1923,-1,-1,-1,-1
1924,-1,-1,-1,-1
1925,-1,806,945,-1
1926,-1,806,946,-1
1927,-1,807,947,-1
1928,-1,-1,-1,-1
1929,-1,-1,-1,-1
1930,-1,807,948,-1
1931,-1,807,949,-1
1932,-1,808,950,-1
1933,-1,-1,-1,-1
1934,-1,-1,-1,-1
1935,-1,809,951,-1
-1,-1,-1,-1,-1
1936,-1,810,952,-1
1937,-1,-1,-1,-1
1938,-1,811,953,-1
1939,-1,-1,-1,-1
1940,-1,812,954,-1
1941,-1,813,955,-1
1942,-1,814,956,-1
1943,-1,815,957,-1
1944,-1,816,958,-1
1945,-1,-1,-1,-1
1946,-1,-1,-1,-1
1947,-1,817,959,-1
1948,-1,-1,-1,-1
1949,-1,-1,-1,-1
1950,-1,818,960,-1
-1,-1,-1,-1,-1
1951,-1,819,961,-1
1952,-1,-1,-1,-1
1953,-1,820,962,-1
1954,-1,821,963,-1
1955,-1,-1,-1,-1
1956,-1,-1,-1,-1
1957,-1,-1,-1,-1
1958,-1,821,964,-1
1959,-1,-1,-1,-1
1960,-1,822,965,-1
1961,-1,822,966,-1
1962,-1,822,967,-1
1963,-1,-1,-1,-1
1964,-1,-1,-1,-1
1965,-1,822,968,-1
1966,-1,-1,969,-1
1967,-1,-1,-1,-1
1968,-1,823,970,-1
1969,-1,-1,-1,-1
1970,-1,-1,-1,-1
1971,-1,824,971,-1
1972,-1,825,972,-1
1973,-1,-1,-1,-1
1974,-1,826,973,-1
1975,5,827,974,-1
1976,-1,-1,-1,-1
1976,-1,828,975,-1
1977,-1,829,976,-1
1978,-1,830,977,-1
1979,-1,831,978,-1
1980,-1,832,979,-1
1981,-1,833,980,-1
1982,-1,834,981,-1
1983,-1,-1,-1,-1
1984,-1,835,982,-1
1985,-1,-1,-1,-1
1986,-1,836,983,-1
1987,-1,-1,-1,-1
1988,-1,-1,-1,-1
1989,-1,-1,-1,-1
1990,-1,837,984,-1
1991,-1,838,985,-1
1992,-1,839,986,-1
1993,-1,840,987,-1
1994,-1,841,988,-1
1995,-1,-1,-1,-1
1996,-1,-1,-1,-1
1997,-1,842,989,-1
1998,-1,843,990,-1
1999,-1,844,991,-1
2000,-1,-1,-1,-1
2001,-1,845,992,-1
2002,-1,-1,-1,-1
2003,-1,-1,993,-1
2004,-1,-1,-1,-1
2005,-1,846,994,-1
2006,-1,847,995,-1
2007,-1,-1,-1,-1
2008,-1,848,996,-1
2009,-1,849,997,-1
2010,6,850,998,-1
2011,-1,-1,-1,-1
2012,-1,-1,-1,-1
2013,-1,851,999,-1
2014,-1,852,1000,-1
2015,-1,-1,-1,-1
2016,7,853,1001,-1
2017,-1,-1,-1,-1
2018,-1,-1,-1,-1
2019,-1,-1,-1,-1
2020,-1,854,1002,-1
2021,-1,-1,-1,-1
2022,-1,854,1003,-1
2023,-1,855,-1,-1
2024,-1,-1,-1,-1
2025,-1,856,1004,-1
2026,-1,-1,-1,-1
2027,-1,-1,-1,-1
2028,-1,857,1005,-1
2029,-1,858,1006,-1
2030,-1,-1,-1,-1
2031,-1,858,1007,-1
2032,-1,859,1008,-1
2033,-1,860,1009,-1
2034,-1,860,1010,-1
2035,-1,-1,-1,-1
2036,-1,-1,-1,-1
2037,-1,-1,-1,-1
2038,-1,-1,-1,-1
2039,-1,861,1010,-1
2040,-1,862,1011,-1
2041,-1,-1,-1,-1
2042,-1,863,1012,-1
2043,-1,863,1013,-1
2044,-1,863,1014,-1
2045,-1,864,1015,-1
2046,-1,865,1016,-1
2047,-1,-1,-1,-1
2048,-1,866,1017,-1
2049,-1,-1,-1,-1
2050,-1,867,1018,-1
2051,-1,-1,-1,-1
2052,-1,868,1019,-1
2053,-1,869,1020,-1
2054,-1,-1,-1,-1
2055,-1,-1,-1,-1
2056,-1,-1,-1,-1
2057,-1,-1,1021,-1
2058,-1,-1,-1,-1
2059,-1,870,1022,-1
2060,-1,-1,-1,-1
2061,-1,871,1023,-1
2062,-1,-1,-1,-1
2063,-1,-1,-1,-1
2064,-1,-1,-1,-1
2065,-1,871,1024,-1
2066,-1,872,1025,-1
2067,-1,872,1026,-1
2068,-1,872,1027,-1
2069,-1,873,1028,-1
2070,-1,874,1029,-1
2071,-1,875,1030,-1
2072,-1,-1,-1,-1
2073,-1,-1,-1,-1
2074,-1,-1,-1,-1
2075,-1,876,1031,-1
2076,-1,-1,-1,-1
2077,-1,-1,-1,-1
2078,-1,877,1032,-1
2079,-1,877,1033,-1
2080,-1,-1,-1,-1
2081,-1,877,1034,-1
2082,-1,-1,-1,-1
2083,-1,-1,-1,-1
2084,-1,-1,-1,-1
2085,-1,878,1035,-1
2086,-1,-1,-1,-1
-1,-1,-1,-1,-1
-1,-1,879,1036,-1
2087,-1,880,1037,-1
2088,-1,-1,-1,-1
2089,-1,881,1038,-1
2090,-1,-1,-1,-1
2091,-1,-1,-1,-1
2092,-1,-1,-1,-1
2093,-1,-1,-1,-1
2094,-1,-1,-1,-1
2095,-1,881,1039,-1
2096,-1,-1,-1,-1
2097,-1,882,1040,-1
2098,-1,-1,-1,-1
2099,-1,883,1041,-1
2100,-1,-1,-1,-1
2101,-1,884,1042,-1
2102,-1,-1,-1,-1
2103,-1,884,1042,-1
2104,-1,-1,-1,-1
2105,-1,-1,-1,-1
2106,-1,-1,1042,-1
2107,-1,885,1042,-1
2108,-1,-1,-1,-1
2109,-1,-1,-1,-1
2110,-1,886,1043,-1
2111,-1,-1,-1,-1
2112,-1,-1,-1,-1
2113,-1,-1,-1,-1
2114,-1,887,1044,-1
2115,-1,887,1045,-1
2116,-1,888,1046,-1
2117,-1,-1,-1,-1
2118,-1,889,1047,-1
2119,-1,-1,-1,-1
2120,-1,-1,-1,-1
2121,-1,-1,-1,-1
2122,-1,890,1048,-1
2123,-1,-1,-1,-1
2124,-1,891,1049,-1
2125,-1,-1,-1,-1
2126,-1,-1,-1,-1
2127,-1,892,1050,-1
2128,-1,-1,-1,-1
2129,-1,-1,-1,-1
2130,-1,-1,-1,-1
2131,-1,893,1051,-1
2132,-1,894,1052,-1
2133,-1,-1,-1,-1
2134,-1,-1,-1,-1
2135,-1,895,1053,-1
2136,-1,-1,-1,-1
2137,-1,896,1054,-1
2138,-1,-1,-1,-1
2139,-1,-1,-1,-1
2140,-1,-1,1055,-1
2141,-1,896,1056,-1
2142,-1,897,1057,-1
2143,-1,898,1058,-1
2144,-1,-1,-1,-1
2145,-1,899,1058,-1
2146,-1,900,1059,-1
2147,-1,900,1059,-1
2148,-1,900,1060,-1
2149,-1,901,1061,-1
2150,-1,-1,-1,-1
2151,-1,901,1062,-1
2152,-1,-1,-1,-1
2153,-1,901,1063,-1
2154,-1,-1,-1,-1
2155,-1,-1,-1,-1
2156,-1,-1,-1,-1
2157,-1,-1,-1,-1
2158,-1,-1,-1,-1
2159,-1,-1,-1,-1
2160,-1,-1,-1,-1
2161,-1,-1,-1,-1
2162,-1,901,-1,-1
2163,-1,-1,-1,-1
2164,-1,-1,-1,-1
2165,-1,-1,1064,-1
2166,-1,902,1065,-1
2167,-1,902,1066,-1
2168,-1,-1,-1,-1
2169,-1,-1,-1,-1
2170,-1,903,1067,-1
2171,-1,904,1068,-1
2172,-1,905,1069,-1
2173,-1,-1,-1,-1
2174,-1,906,1070,-1
2175,-1,907,1071,-1
2176,-1,-1,-1,-1
2177,-1,-1,-1,-1
2178,-1,-1,-1,-1
2179,-1,908,1072,-1
2180,-1,909,1073,-1
-1,-1,-1,-1,-1
2181,-1,910,1074,-1
2182,-1,911,1075,-1
2183,-1,-1,-1,-1
2184,-1,-1,-1,-1
2185,-1,912,1076,-1
2186,-1,-1,-1,-1
2187,-1,913,1077,-1
2188,-1,-1,-1,-1
2189,-1,-1,-1,-1
2190,-1,-1,-1,-1
2191,-1,-1,-1,-1
2192,-1,-1,-1,-1
2193,-1,-1,-1,-1
2194,-1,-1,-1,-1
2195,-1,914,1078,-1
2196,-1,915,1079,-1
2197,-1,916,1080,-1
2198,-1,-1,-1,-1
2199,-1,-1,-1,-1
2200,-1,916,1081,-1
2201,-1,917,1082,-1
2202,-1,917,1083,-1
2203,-1,918,1084,-1
2204,-1,919,1084,-1
2205,-1,-1,-1,-1
2206,-1,-1,-1,-1
2207,-1,-1,-1,-1
2208,-1,920,1085,-1
2209,-1,921,-1,-1
2210,-1,-1,-1,-1
2211,-1,921,1086,-1
2212,-1,922,1087,-1
2213,-1,923,1088,-1
2214,-1,-1,-1,-1
2215,-1,-1,-1,-1
2216,-1,924,1089,-1
2217,-1,-1,-1,-1
2218,-1,924,1090,-1
2219,-1,-1,-1,-1
2220,-1,-1,-1,-1
2221,-1,925,1091,-1
2222,-1,925,1092,-1
2223,-1,926,1093,-1
2224,-1,927,1094,-1
2225,-1,-1,-1,-1
2226,-1,-1,-1,-1
2227,-1,-1,-1,-1
2228,-1,928,1095,-1
2229,-1,-1,1096,-1
2230,-1,929,1097,-1
2231,-1,930,1098,-1
2232,-1,-1,-1,-1
2233,-1,931,1099,-1
2234,-1,932,1100,-1
2235,-1,-1,-1,-1
2236,-1,-1,-1,-1
2237,-1,-1,-1,-1
2238,-1,-1,-1,-1
2239,-1,932,1101,-1
2240,-1,-1,-1,-1
2241,-1,932,1102,-1
2242,-1,-1,-1,-1
2243,-1,-1,-1,-1
2244,-1,-1,-1,-1
2244,-1,-1,-1,-1
2245,-1,-1,-1,-1
2246,-1,-1,-1,-1
2247,-1,-1,-1,-1
2248,-1,933,1103,-1
2249,-1,934,1104,-1
2250,-1,935,1105,-1
2251,-1,936,1106,-1
2252,-1,937,1107,-1
2253,-1,-1,-1,-1
2254,-1,937,1108,-1
2255,-1,938,1109,-1
2256,-1,-1,-1,-1
2257,-1,939,1110,-1
2258,-1,940,1111,-1
2259,-1,941,1112,-1
2260,-1,-1,-1,-1
2261,-1,-1,-1,-1
2262,-1,942,1113,-1
2263,-1,943,1114,-1
2264,-1,944,1115,-1
2265,-1,-1,-1,-1
2266,-1,-1,-1,-1
2267,-1,945,1116,-1
2268,-1,-1,-1,-1
2269,-1,946,1117,-1
2270,-1,-1,1118,-1
2271,-1,946,1119,-1
2272,-1,-1,-1,-1
2273,-1,947,1120,-1
2274,-1,948,1121,-1
2275,-1,949,1122,-1
2276,-1,-1,-1,-1
2277,-1,-1,-1,-1
2278,-1,-1,-1,-1
2279,-1,-1,-1,-1
2280,-1,-1,-1,-1
2281,-1,-1,-1,-1
2282,-1,-1,-1,-1
2283,-1,-1,-1,-1
2284,-1,-1,-1,-1
-1,-1,-1,-1,-1
2285,-1,-1,-1,-1
2286,-1,-1,-1,-1
2287,-1,950,1123,-1
2288,-1,-1,-1,-1
2289,-1,951,1124,-1
2290,-1,952,1125,-1
2291,-1,953,-1,-1
2292,-1,954,1126,-1
2293,-1,-1,-1,-1
2294,-1,955,1127,-1
2295,-1,956,-1,-1
2296,-1,-1,-1,-1
2297,-1,957,1128,-1
2298,-1,-1,-1,-1
2299,-1,-1,-1,-1
2300,-1,-1,-1,-1
2301,-1,958,1129,-1
2302,-1,-1,-1,-1
2303,-1,-1,-1,-1
2304,-1,-1,-1,-1
2305,-1,959,1130,-1
2306,-1,-1,1131,-1
2307,-1,960,1132,-1
2308,-1,961,1133,-1
2309,-1,-1,-1,-1
2310,-1,-1,-1,-1
2311,-1,962,1134,-1
2312,-1,963,1135,-1
2313,-1,964,1136,-1
2314,-1,-1,-1,-1
2315,-1,965,1137,-1
2316,-1,966,1138,-1
2317,-1,-1,-1,-1
2318,-1,967,1139,-1
2319,-1,968,1140,-1
2320,-1,969,-1,-1
2321,-1,-1,-1,-1
2322,-1,970,1141,-1
2323,-1,971,1142,-1
2324,-1,972,1143,-1
2325,-1,-1,-1,-1
2326,-1,-1,-1,-1
2327,-1,973,1144,-1
2328,-1,-1,-1,-1
-1,-1,973,1145,-1
2329,-1,974,1146,-1
2330,-1,975,1147,-1
2331,-1,975,1148,-1
2332,-1,976,1149,-1
2333,-1,977,1150,-1
2334,-1,978,1151,-1
2335,-1,978,1152,-1
2336,-1,979,1153,-1
2337,-1,-1,-1,-1
2338,-1,-1,-1,-1
2339,-1,-1,1154,-1
2340,-1,-1,-1,-1
2341,-1,-1,-1,-1
2342,-1,980,1155,-1
2343,-1,980,1156,-1
2344,-1,981,1157,-1
2345,-1,-1,-1,-1
2346,-1,-1,-1,-1
2347,-1,-1,-1,-1
2348,-1,982,1158,-1
2349,-1,983,1158,-1
2350,-1,-1,-1,-1
2351,-1,984,1159,-1
2352,-1,-1,-1,-1
2353,-1,-1,-1,-1
2354,-1,985,1160,-1
2355,-1,-1,-1,-1
2356,-1,985,1161,-1
2357,-1,-1,-1,-1
2358,-1,-1,-1,-1
2359,-1,-1,-1,-1
2360,-1,-1,-1,-1
2361,-1,986,1162,-1
2362,-1,987,1163,-1
2363,-1,-1,-1,-1
2364,-1,-1,-1,-1
2365,-1,988,1164,-1
2366,-1,-1,-1,-1
2367,-1,-1,-1,-1
2368,-1,-1,-1,-1
2369,-1,-1,-1,-1
2370,-1,989,1165,-1
2371,-1,990,1166,-1
2372,-1,-1,-1,-1
2373,-1,991,1167,-1
2374,-1,-1,-1,-1
2375,-1,992,1168,-1
2376,-1,993,1168,-1
2377,-1,-1,-1,-1
2378,-1,994,1169,-1
2379,-1,-1,-1,-1
2380,-1,-1,-1,-1
2381,-1,-1,-1,-1
2382,-1,995,1170,-1
2383,-1,-1,-1,-1
2384,-1,996,1171,-1
2385,-1,-1,-1,-1
2386,-1,997,1172,-1
2387,-1,998,1173,-1
2388,-1,999,1173,-1
2389,-1,-1,-1,-1
2390,-1,1000,1174,-1
2391,-1,1001,1175,-1
2392,-1,-1,-1,-1
2393,-1,-1,-1,-1
2394,-1,1002,1176,-1
-1,-1,-1,-1,-1
2395,-1,-1,-1,-1
2396,-1,-1,-1,-1
2397,-1,-1,-1,-1
2398,-1,1003,1177,-1
2399,-1,1004,1178,-1
2400,-1,-1,-1,-1
2401,-1,1005,1179,-1
2402,-1,-1,-1,-1
2403,-1,1005,1180,-1
2404,-1,1006,1181,-1
2405,-1,-1,-1,-1
2406,-1,1007,1182,-1
2407,-1,-1,-1,-1
2408,-1,-1,-1,-1
2409,-1,-1,-1,-1
2410,-1,1008,1182,-1
2411,-1,-1,-1,-1
2412,-1,-1,-1,-1
2413,-1,-1,-1,-1
2414,-1,-1,-1,-1
2415,-1,-1,-1,-1
2416,-1,1009,1183,-1
2417,-1,-1,-1,-1
2418,-1,-1,-1,-1
2419,-1,1010,1184,-1
2420,-1,-1,-1,-1
2421,-1,-1,-1,-1
2422,-1,-1,-1,-1
2423,-1,1011,1185,-1
2424,-1,1012,1186,-1
2425,-1,1013,1187,-1
2426,-1,1014,1188,-1
2427,-1,1015,1189,-1
2428,-1,-1,-1,-1
2429,-1,-1,-1,-1
2430,-1,-1,-1,-1
2431,-1,1016,1190,-1
2432,-1,-1,-1,-1
2433,-1,-1,-1,-1
2434,-1,1016,1191,-1
2435,-1,-1,-1,-1
2436,-1,-1,-1,-1
2437,-1,-1,-1,-1
2438,-1,1016,1192,-1
2439,-1,1016,1193,-1
2440,-1,-1,-1,-1
2441,-1,1016,1194,-1
2442,-1,-1,-1,-1
2443,-1,-1,-1,-1
2444,-1,-1,-1,-1
2445,-1,1016,1195,-1
2446,-1,-1,-1,-1
2447,-1,-1,-1,-1
2448,-1,-1,-1,-1
2449,-1,-1,-1,-1
2450,-1,-1,-1,-1
2451,-1,-1,-1,-1
2452,-1,1017,1196,-1
2453,-1,1017,1197,-1
2454,-1,1018,1198,-1
2455,-1,1019,1199,-1
2456,-1,1019,1200,-1
2457,-1,1020,1201,-1
2458,-1,-1,-1,-1
2459,-1,-1,-1,-1
2460,-1,1021,1202,-1
2461,-1,1022,1203,-1
2462,-1,-1,-1,-1
2463,-1,1022,1204,-1
2464,-1,-1,-1,-1
2465,-1,1023,1205,-1
2466,-1,-1,-1,-1
2467,-1,-1,-1,-1
2468,-1,1024,1206,-1
-1,-1,-1,1207,-1
2469,-1,-1,-1,-1
2470,-1,-1,-1,-1
2471,-1,1025,1208,-1
2472,-1,-1,-1,-1
2473,-1,-1,-1,-1
2474,-1,-1,-1,-1
2475,-1,-1,-1,-1
2476,-1,-1,-1,-1
2477,-1,-1,-1,-1
2478,-1,1026,1209,-1
2479,-1,-1,-1,-1
2480,-1,1027,1210,-1
2481,-1,-1,-1,-1
2482,-1,-1,-1,-1
2483,-1,1028,1211,-1
2484,-1,1029,1212,-1
2485,-1,-1,-1,-1
2486,-1,1030,1213,-1
2487,-1,-1,-1,-1
2488,-1,1031,1214,-1
2489,-1,-1,1215,-1
2490,-1,1032,1216,-1
2491,-1,1033,-1,-1
2492,-1,-1,-1,-1
2493,-1,1034,1217,-1
2494,-1,-1,-1,-1
2495,-1,-1,-1,-1
2496,-1,-1,-1,-1
2497,-1,1035,1218,-1
2498,-1,1036,1219,-1
2499,-1,1037,1220,-1
2500,-1,-1,1221,-1
2501,-1,1038,1222,-1
2502,-1,1039,-1,-1
2503,-1,-1,-1,-1
2504,-1,1040,1223,-1
2505,-1,1041,1224,-1
2506,-1,-1,-1,-1
2507,-1,-1,-1,-1
2508,-1,1041,1225,-1
2509,-1,1042,1226,-1
2510,-1,1042,1227,-1
2511,-1,1043,1228,-1
2512,-1,1043,1228,-1
2513,-1,-1,-1,-1
2514,-1,1044,1229,-1
2515,-1,1044,1230,-1
2516,-1,1045,1231,-1
2517,-1,1045,1232,-1
2518,-1,-1,-1,-1
2519,-1,1046,-1,-1
2520,-1,1047,1233,-1
2521,-1,-1,-1,-1
2522,-1,-1,-1,-1
2523,-1,1048,1234,-1
2524,-1,-1,-1,-1
2525,-1,-1,-1,-1
2526,-1,-1,-1,-1
2527,-1,1049,1235,-1
2528,-1,-1,-1,-1
2529,-1,1050,1236,-1
2530,-1,-1,-1,-1
2531,-1,-1,-1,-1
2532,-1,1051,1237,-1
2533,-1,-1,-1,-1
2534,-1,-1,1238,-1
2535,-1,-1,-1,-1
2536,-1,1052,1239,-1
2537,-1,1053,1240,-1
2538,-1,1054,1241,-1
2539,-1,-1,-1,-1
2540,-1,-1,-1,-1
2541,-1,1055,1242,-1
2542,-1,1056,1243,-1
2543,-1,1057,1244,-1
2544,-1,-1,-1,-1
2545,-1,-1,-1,-1
2546,-1,-1,-1,-1
2547,-1,-1,-1,-1
2548,-1,1058,1245,-1
2549,-1,-1,-1,-1
2550,-1,-1,-1,-1
2551,-1,-1,-1,-1
2552,-1,1059,1246,-1
2553,-1,-1,-1,-1
2554,-1,1060,1247,-1
2555,-1,-1,-1,-1
2556,-1,-1,-1,-1
2557,-1,-1,-1,-1
2558,-1,1061,-1,-1
2559,-1,1062,1248,-1
2560,-1,1063,1249,-1
2561,-1,1064,1250,-1
2562,-1,1065,1251,-1
2563,-1,1066,1252,-1
2564,-1,1067,1253,-1
2565,-1,-1,-1,-1
2566,-1,1068,1254,-1
2567,-1,1069,1255,-1
2568,-1,-1,-1,-1
2569,-1,1069,1256,-1
2570,-1,1070,1257,-1
2571,-1,-1,-1,-1
2572,-1,-1,-1,-1
2573,-1,-1,-1,-1
2574,-1,1071,1258,-1
2575,-1,-1,1259,-1
2576,-1,-1,1260,-1
2577,-1,1071,1261,-1
2578,-1,1072,1262,-1
2579,-1,1073,1263,-1
2580,-1,-1,-1,-1
2581,-1,-1,-1,-1
2582,-1,1074,1264,-1
2583,-1,-1,-1,-1
2584,-1,-1,-1,-1
2585,-1,1075,1265,-1
2586,-1,1076,1266,-1
2587,-1,-1,-1,-1
-1,-1,1077,1267,-1
2588,-1,1078,1268,-1
2589,-1,1079,1269,-1
2590,-1,-1,-1,-1
2591,-1,-1,-1,-1
2592,-1,-1,-1,-1
2593,-1,1080,1270,-1
2594,-1,-1,-1,-1
2595,-1,-1,-1,-1
2596,-1,-1,-1,-1
2597,-1,-1,-1,-1
2598,-1,-1,1271,-1
2599,-1,1081,1272,-1
2600,-1,1082,1273,-1
2601,-1,1083,1274,-1
2602,-1,1084,1274,-1
2603,-1,1085,1275,-1
2604,-1,-1,1276,-1
2605,-1,-1,-1,-1
2606,-1,1086,-1,-1
2607,-1,1087,1277,-1
2608,-1,-1,-1,-1
2609,-1,-1,1278,-1
2610,-1,-1,-1,-1
-1,-1,-1,-1,-1
-1,-1,-1,1279,-1
2611,-1,-1,-1,-1
2612,-1,1088,1280,-1
2613,-1,1089,1281,-1
2614,-1,-1,-1,-1
2615,-1,-1,-1,-1
2616,-1,1090,1282,-1
2617,-1,1091,1283,-1
2618,-1,1092,1284,-1
2619,-1,1093,1285,-1
2620,-1,1094,1286,-1
2621,-1,-1,-1,-1
2622,-1,-1,-1,-1
2623,-1,-1,-1,-1
2624,-1,1095,1287,-1
2625,-1,1096,1288,-1
2626,-1,-1,-1,-1
2627,-1,-1,-1,-1
2628,-1,-1,-1,-1
2629,-1,-1,-1,-1
2630,-1,-1,-1,-1
2631,-1,1096,1289,-1
2632,-1,1097,1290,-1
2633,-1,1098,1291,-1
2634,-1,1099,1292,-1
2635,-1,1100,-1,-1
2636,-1,1100,1293,-1
2637,-1,1101,1294,-1
2638,-1,-1,-1,-1
2639,-1,-1,-1,-1
2640,-1,-1,-1,-1
2641,-1,1102,1295,-1
2642,-1,1103,1296,-1
2643,-1,1104,1297,-1
2644,-1,-1,-1,-1
2645,-1,1105,1298,-1
2646,-1,-1,-1,-1
2647,-1,-1,-1,-1
2648,-1,1106,1299,-1
2649,-1,-1,-1,-1
2650,-1,-1,-1,-1
2651,-1,-1,-1,-1
2652,-1,1107,1300,-1
2653,-1,1107,1301,-1
2654,-1,1108,1302,-1
2655,8,1109,1303,-1
2656,-1,1109,1304,-1
2657,-1,-1,-1,-1
2658,-1,1110,1305,-1
2659,-1,-1,-1,-1
2660,-1,1110,1306,-1
2661,-1,1110,1307,-1
2662,-1,1111,1308,-1
2663,-1,-1,-1,-1
2664,-1,-1,-1,-1
2665,-1,1112,1309,-1
2666,-1,1113,1310,-1
2667,-1,1114,1311,-1
2668,-1,1115,-1,-1
2669,-1,1116,1312,-1
2670,-1,1117,1313,-1
2671,-1,1117,1314,-1
-1,-1,1118,1315,-1
2672,-1,1119,1316,-1
2673,-1,-1,-1,-1
2674,-1,1120,1317,-1
2675,-1,1121,1318,-1
2676,-1,-1,-1,-1
2677,-1,-1,-1,-1
2678,-1,-1,-1,-1
2679,-1,-1,-1,-1
2680,-1,-1,-1,-1
2681,-1,-1,-1,-1
2682,-1,1121,1319,-1
2683,-1,-1,1320,-1
2684,-1,-1,-1,-1
2685,-1,-1,-1,-1
2686,-1,-1,-1,-1
2687,-1,1122,1321,-1
2688,-1,1123,1322,-1
2689,-1,-1,-1,-1
2690,-1,1124,1323,-1
2691,-1,1125,1324,-1
2692,-1,-1,-1,-1
2693,-1,1126,1325,-1
2694,-1,1127,1326,-1
2695,-1,-1,-1,-1
2696,-1,1128,1327,-1
2697,-1,-1,-1,-1
2698,-1,1128,1328,-1
2699,-1,1129,1329,-1
2700,-1,-1,-1,-1
2701,-1,-1,-1,-1
2702,-1,1130,1330,-1
2703,-1,1130,1331,-1
2704,-1,-1,1332,-1
2705,-1,-1,-1,-1
2706,-1,1131,1333,-1
2707,-1,-1,-1,-1
2708,-1,1132,1334,-1
2709,-1,1133,1335,-1
2710,-1,-1,-1,-1
2711,-1,1134,1336,-1
2712,-1,-1,1337,-1
2713,-1,1134,1338,-1
2714,-1,-1,-1,-1
2715,-1,1135,1339,-1
2716,-1,-1,-1,-1
2717,-1,1136,1339,-1
2718,-1,-1,-1,-1
2719,-1,-1,-1,-1
2720,-1,-1,-1,-1
2721,-1,-1,-1,-1
2722,-1,-1,-1,-1
2723,-1,1137,1340,-1
2724,-1,-1,-1,-1
2725,-1,-1,-1,-1
2726,-1,1137,1341,-1
2727,-1,-1,-1,-1
2728,-1,1137,1342,-1
2729,-1,1138,1343,-1
2730,-1,1139,1344,-1
2731,-1,-1,-1,-1
2732,-1,1140,1345,-1
2733,-1,-1,-1,-1
2734,-1,1141,-1,-1
2735,-1,-1,-1,-1
2736,-1,1142,1346,-1
2737,-1,-1,-1,-1
2738,-1,1142,1347,-1
2739,-1,1143,1348,-1
2740,-1,-1,-1,-1
2741,-1,1144,1349,-1
2742,-1,-1,-1,-1
2743,-1,1144,1350,-1
2744,-1,-1,-1,-1
2745,-1,-1,-1,-1
2746,-1,-1,-1,-1
2747,-1,1145,1351,-1
2748,-1,1145,1352,-1
2749,-1,1146,1353,-1
2750,-1,-1,-1,-1
2751,-1,-1,-1,-1
2752,-1,-1,-1,-1
2753,-1,1147,1354,-1
2754,-1,-1,-1,-1
2755,-1,1147,1355,-1
2756,-1,-1,-1,-1
2757,-1,-1,-1,-1
2758,-1,-1,-1,-1
2759,-1,-1,-1,-1
2760,-1,-1,-1,-1
2761,-1,1148,1356,-1
2762,-1,-1,-1,-1
2763,-1,1149,1357,-1
2764,-1,-1,1358,-1
2765,-1,1150,1359,-1
2766,-1,-1,-1,-1
2767,-1,1151,1360,-1
2768,-1,-1,-1,-1
2769,-1,-1,-1,-1
2770,-1,1152,1361,-1
2771,-1,-1,-1,-1
2772,-1,-1,-1,-1
2773,-1,1153,1362,-1
2774,-1,1154,1363,-1
2775,-1,-1,-1,-1
2776,-1,-1,-1,-1
2777,-1,-1,-1,-1
2778,-1,-1,-1,-1
2779,-1,-1,-1,-1
2780,-1,-1,-1,-1
2781,-1,1155,1364,-1
2782,-1,-1,-1,-1
2783,-1,1156,1365,-1
2784,-1,-1,-1,-1
2785,-1,-1,1366,-1
2786,-1,-1,-1,-1
-1,-1,1157,1367,-1
2787,-1,-1,-1,-1
2788,-1,1158,1368,-1
2789,-1,1159,1369,-1
2790,-1,1160,1370,-1
2791,-1,1161,1371,-1
2792,-1,1162,1372,-1
2793,-1,1162,1373,-1
2794,-1,-1,-1,-1
2795,-1,-1,-1,-1
2796,-1,1163,1374,-1
2797,-1,-1,-1,-1
2798,-1,1164,1375,-1
2799,-1,-1,-1,-1
2800,-1,1165,1376,-1
2801,-1,1166,1377,-1
2802,-1,-1,-1,-1
2803,-1,1166,1378,-1
2804,-1,-1,-1,-1
2805,-1,1166,1379,-1
2806,-1,-1,-1,-1
2807,-1,1167,1379,-1
2808,-1,1168,1380,-1
2809,-1,1169,1381,-1
2810,-1,-1,-1,-1
2811,-1,-1,-1,-1
2812,-1,1170,1382,-1
2813,-1,1171,1383,-1
2814,-1,-1,-1,-1
2815,-1,1172,1384,-1
2816,-1,1173,1385,-1
2817,-1,1174,1386,-1
2818,-1,-1,-1,-1
2819,-1,-1,-1,-1
2820,-1,-1,-1,-1
2821,-1,1175,1387,-1
2822,-1,1176,1388,-1
2823,-1,1177,1389,-1
2824,-1,-1,-1,-1
2825,-1,-1,-1,-1
2826,-1,1178,1390,-1
2827,-1,-1,-1,-1
2828,-1,1179,1391,-1
2829,-1,1180,1392,-1
2830,-1,1181,1393,-1
2831,-1,-1,-1,-1
2832,-1,1182,1394,-1
2833,-1,-1,-1,-1
2834,-1,1183,1395,-1
2835,-1,1184,1396,-1
2836,-1,-1,-1,-1
2837,-1,-1,-1,-1
2838,-1,1184,1397,-1
2839,-1,-1,-1,-1
2840,-1,1185,1398,-1
2841,-1,1186,1399,-1
2842,-1,-1,-1,-1
-1,-1,1187,1400,-1
2843,-1,-1,-1,-1
2844,-1,-1,-1,-1
2845,-1,1188,1401,-1
2846,-1,1188,1402,-1
2847,-1,-1,-1,-1
2848,-1,1189,1403,-1
2849,-1,1190,1404,-1
2850,-1,1190,1405,-1
2851,-1,-1,-1,-1
2852,-1,-1,1406,-1
2853,-1,1191,1407,-1
2854,-1,-1,-1,-1
2855,-1,1192,1408,-1
2856,-1,-1,-1,-1
2857,-1,-1,-1,-1
2858,-1,1193,1409,-1
2859,-1,1194,1410,-1
2860,-1,-1,-1,-1
2861,-1,-1,-1,-1
2862,-1,1195,1411,-1
2863,-1,-1,1412,-1
2864,-1,1196,1413,-1
2865,-1,-1,-1,-1
2866,-1,1197,-1,-1
2867,-1,1198,1414,-1
2868,-1,-1,-1,-1
2869,-1,-1,-1,-1
2870,-1,-1,-1,-1
2871,-1,1198,1415,-1
2872,-1,-1,-1,-1
2873,-1,-1,-1,-1
2874,-1,-1,-1,-1
2875,-1,-1,-1,-1
2876,-1,-1,-1,-1
2877,-1,-1,-1,-1
2878,-1,-1,-1,-1
2879,-1,-1,-1,-1
2880,-1,1198,1416,-1
2881,-1,1198,1416,-1
2882,-1,1199,1417,-1
2883,-1,1200,1418,-1
2884,-1,-1,-1,-1
2885,-1,1201,-1,-1
2886,-1,-1,-1,-1
2887,-1,-1,-1,-1
2888,-1,-1,-1,-1
2889,-1,-1,-1,-1
2890,-1,-1,-1,-1
2891,-1,-1,-1,-1
2892,-1,1202,1419,-1
2893,-1,-1,-1,-1
2894,-1,1203,1420,-1
2895,-1,1204,-1,-1
2896,-1,-1,-1,-1
2897,-1,1205,1421,-1
2898,-1,-1,-1,-1
2898,-1,-1,-1,-1
2899,-1,1206,1422,-1
2900,-1,1207,1423,-1
2901,-1,1208,1424,-1
2902,-1,1209,1425,-1
2903,-1,1210,1426,-1
2904,-1,1211,1427,-1
2905,-1,1211,1428,-1
2906,-1,1211,1429,-1
2907,-1,1211,1430,-1
2908,-1,-1,-1,-1
2909,-1,-1,-1,-1
2910,-1,1212,1431,-1
2911,-1,-1,-1,-1
2912,-1,1213,1432,-1
2913,-1,-1,-1,-1
2914,-1,1214,1433,-1
2915,-1,1215,1434,-1
2916,-1,-1,1435,-1
2917,-1,-1,-1,-1
2918,-1,-1,-1,-1
2919,-1,1216,1436,-1
2920,-1,1217,1437,-1
2921,-1,1218,1438,-1
2922,-1,1219,1439,-1
2923,-1,1220,1440,-1
2924,-1,1221,1441,-1
2925,-1,1222,1442,-1
-1,-1,1223,1443,-1
2926,-1,-1,-1,-1
2927,-1,1224,1444,-1
2928,-1,-1,-1,-1
2929,-1,-1,-1,-1
2930,-1,-1,-1,-1
2931,-1,1225,1445,-1
2932,-1,-1,-1,-1
2933,-1,1225,1446,-1
2934,-1,1225,1447,-1
2935,-1,-1,-1,-1
2936,-1,-1,-1,-1
2937,-1,1226,1447,-1
2938,-1,-1,-1,-1
2939,-1,1227,1448,-1
2940,-1,1228,1449,-1
2941,-1,1229,1450,-1
2942,-1,-1,-1,-1
2943,-1,-1,-1,-1
2944,-1,1230,1451,-1
2945,-1,1231,1452,-1
2946,-1,1232,1453,-1
2947,-1,1232,1454,-1
2948,-1,-1,-1,-1
-1,-1,1233,1455,-1
2949,-1,-1,-1,-1
2950,-1,-1,-1,-1
2951,-1,1234,1456,-1
2952,-1,-1,-1,-1
2953,-1,-1,-1,-1
2954,-1,1235,1457,-1
2955,-1,1236,1458,-1
2956,-1,-1,-1,-1
2957,-1,-1,-1,-1
2958,-1,1237,1459,-1
2959,-1,1238,1460,-1
2960,-1,-1,-1,-1
2961,-1,-1,-1,-1
2962,-1,1239,1461,-1
2963,-1,1239,1462,-1
2964,-1,1240,1463,-1
2965,-1,1241,1464,-1
2966,-1,-1,-1,-1
2967,-1,-1,-1,-1
2968,-1,1242,1465,-1
2969,-1,-1,-1,-1
2970,-1,1242,1466,-1
2971,-1,-1,-1,-1
2972,-1,-1,-1,-1
2973,-1,1243,1467,-1
2974,-1,-1,-1,-1
2975,-1,-1,-1,-1
2976,-1,-1,1467,-1
2977,-1,1243,1468,-1
2978,-1,1243,1469,-1
2979,-1,-1,-1,-1
2980,-1,-1,-1,-1
2981,-1,-1,-1,-1
2982,-1,-1,-1,-1
2983,-1,-1,-1,-1
2984,-1,1244,1470,-1
2985,-1,1244,1471,-1
2986,-1,-1,-1,-1
2987,-1,-1,-1,-1
2988,-1,1245,1472,-1
2989,-1,1246,1473,-1
2990,-1,-1,-1,-1
2991,-1,-1,1474,-1
2992,-1,1246,1475,-1
2993,-1,1247,1476,-1
2994,-1,1248,1477,-1
2995,-1,-1,-1,-1
2996,-1,1248,1478,-1
2997,-1,-1,-1,-1
2998,-1,-1,-1,-1
2999,-1,1249,1479,-1
3000,-1,-1,-1,-1
3001,-1,-1,-1,-1
3002,-1,-1,-1,-1
3003,-1,1250,1480,-1
3004,-1,-1,-1,-1
3005,-1,1251,1481,-1
3006,-1,1252,1482,-1
3007,-1,-1,-1,-1
3008,-1,-1,-1,-1
3009,-1,-1,-1,-1
3010,-1,1253,1483,-1
3011,-1,1254,1484,-1
3012,-1,-1,-1,-1
3013,-1,1255,1485,-1
3014,-1,1256,1486,-1
3015,-1,-1,1487,-1
3016,-1,-1,-1,-1
3017,-1,-1,-1,-1
3018,-1,-1,-1,-1
3019,-1,1257,-1,-1
3020,-1,-1,-1,-1
3021,-1,-1,1488,-1
3022,-1,1258,1489,-1
3023,-1,1258,1490,-1
3024,-1,1259,1491,-1
3025,-1,-1,-1,-1
3026,-1,-1,-1,-1
3027,-1,-1,-1,-1
3028,-1,1260,1492,-1
3029,-1,-1,-1,-1
3030,-1,-1,-1,-1
3031,-1,-1,-1,-1
3032,-1,-1,-1,-1
3033,-1,1261,1493,-1
3034,-1,-1,1494,-1
3035,-1,-1,-1,-1
3036,-1,1262,1494,-1
3037,-1,1263,1495,-1
3038,-1,1264,1496,-1
3039,-1,1265,1497,-1
3040,-1,1266,1498,-1
3041,-1,1267,1499,-1
3042,-1,-1,-1,-1
3043,-1,-1,-1,-1
3044,-1,-1,1500,-1
3045,-1,1268,1501,-1
3046,-1,1269,1502,-1
3047,-1,-1,-1,-1
3048,-1,-1,-1,-1
3049,-1,1270,1503,-1
3050,-1,-1,-1,-1
3051,-1,-1,-1,-1
3052,-1,1271,1504,-1
3053,-1,-1,-1,-1
3054,-1,1272,1505,-1
3055,-1,-1,-1,-1
3056,-1,-1,-1,-1
3057,-1,1273,1506,-1
3058,-1,1274,1507,-1
3059,-1,-1,-1,-1
3060,-1,-1,-1,-1
3061,-1,-1,-1,-1
3062,-1,-1,-1,-1
3063,-1,-1,-1,-1
3064,-1,-1,-1,-1
3065,-1,1275,1508,-1
3066,-1,1276,1509,-1
3067,-1,-1,-1,-1
3068,-1,-1,-1,-1
3069,-1,-1,-1,-1
3070,-1,1277,1510,-1
3071,-1,1277,1511,-1
3072,-1,1278,1512,-1
3073,-1,-1,-1,-1
3074,-1,-1,-1,-1
3075,-1,1279,1513,-1
3076,-1,1280,1514,-1
3077,-1,1281,1515,-1
3078,-1,-1,-1,-1
3079,-1,-1,-1,-1
3080,-1,1282,1516,-1
3081,-1,1283,1517,-1
3082,-1,1284,1518,-1
3083,-1,-1,-1,-1
3084,-1,-1,-1,-1
3085,-1,-1,-1,-1
3086,-1,1285,1519,-1
3087,-1,-1,-1,-1
3088,-1,-1,-1,-1
3089,-1,-1,-1,-1
3090,-1,1286,1520,-1
3091,-1,1287,1521,-1
3092,-1,-1,-1,-1
3093,-1,1288,1522,-1
3094,-1,-1,-1,-1
3095,-1,-1,-1,-1
3096,-1,-1,-1,-1
3097,-1,1288,1523,-1
-1,-1,1289,1524,-1
3098,-1,1290,1525,-1
3099,-1,-1,-1,-1
3100,-1,-1,-1,-1
-1,-1,-1,1526,-1
3101,-1,-1,-1,-1
3102,-1,-1,-1,-1
3103,-1,1291,1527,-1
3104,-1,1292,1528,-1
-1,-1,-1,1529,-1
3105,-1,-1,-1,-1
3106,-1,-1,-1,-1
3107,-1,1293,-1,-1
3108,-1,1294,1529,-1
3109,-1,1295,1530,-1
3110,-1,-1,-1,-1
3111,-1,1296,1531,-1
3112,-1,-1,-1,-1
3112,-1,-1,-1,-1
3113,-1,1297,1532,-1
3114,-1,-1,-1,-1
3115,-1,1298,1533,-1
3116,-1,-1,-1,-1
3117,-1,-1,-1,-1
3118,-1,1299,1534,-1
3119,-1,1300,1535,-1
-1,-1,-1,-1,-1
3120,-1,1301,1536,-1
3121,-1,1302,1537,-1
3122,-1,1303,1538,-1
3123,-1,-1,-1,-1
3124,-1,-1,-1,-1
3125,-1,1304,1539,-1
3126,-1,1305,1540,-1
3127,-1,1305,1541,-1
3128,-1,1306,1542,-1
3129,-1,1307,1543,-1
3130,-1,1308,-1,-1
3131,-1,1309,1544,-1
3132,-1,-1,-1,-1
3133,-1,1310,1545,-1
3134,-1,1311,1546,-1
3135,-1,-1,-1,-1
3136,-1,1312,1547,-1
3137,-1,1313,1547,-1
3138,-1,1314,1548,-1
3139,-1,-1,-1,-1
3140,-1,1315,1549,-1
3141,-1,1316,1550,-1
3142,-1,-1,-1,-1
3143,-1,1317,1551,-1
3144,-1,-1,-1,-1
3145,-1,1318,1552,-1
3146,-1,1319,1553,-1
3147,-1,1320,1554,-1
3148,-1,-1,-1,-1
3149,-1,1321,1555,-1
3150,-1,-1,-1,-1
3151,-1,1322,1556,-1
3152,-1,-1,-1,-1
3153,-1,-1,-1,-1
3154,-1,-1,1557,-1
3155,-1,-1,-1,-1
3156,-1,1323,1558,-1
3157,-1,-1,-1,-1
3158,-1,1323,1559,-1
3159,-1,1324,1560,-1
3160,-1,-1,-1,-1
3161,-1,1324,1561,-1
3162,-1,1325,1562,-1
3163,-1,-1,-1,-1
3164,-1,-1,1563,-1
3165,-1,-1,-1,-1
3166,-1,1326,1564,-1
3167,-1,1326,1565,-1
3168,-1,1327,1566,-1
3169,-1,-1,-1,-1
3170,-1,1328,1567,-1
3171,-1,-1,-1,-1
3172,-1,1328,1567,-1
3173,-1,-1,-1,-1
3174,-1,-1,-1,-1
3175,-1,1328,1568,-1
3176,-1,-1,-1,-1
3177,-1,1329,1569,-1
3178,-1,1329,1570,-1
3179,-1,1330,1571,-1
3180,-1,1331,-1,-1
3181,-1,1332,1572,-1
3182,-1,-1,-1,-1
3183,-1,-1,-1,-1
3184,-1,-1,-1,-1
3185,-1,-1,-1,-1
3186,-1,-1,-1,-1
3187,-1,-1,1573,-1
3188,-1,-1,-1,-1
3189,-1,1333,1574,-1
3190,-1,-1,-1,-1
3191,-1,-1,-1,-1
3192,-1,1334,1575,-1
3193,-1,-1,-1,-1
3194,-1,-1,-1,-1
3195,-1,-1,1576,-1
3196,-1,-1,-1,-1
3197,-1,-1,-1,-1
3198,-1,1334,1577,-1
3199,-1,1334,1578,-1
3200,-1,1334,1579,-1
3201,-1,1335,1580,-1
-1,-1,-1,-1,-1
3202,-1,-1,-1,-1
3203,-1,1336,1581,-1
3204,-1,1337,1582,-1
3205,-1,1338,1583,-1
3206,-1,1338,1583,-1
3207,-1,1339,1584,-1
3208,-1,-1,-1,-1
3209,-1,1340,1585,-1
3210,-1,1341,1586,-1
3211,-1,1342,1587,-1
3212,-1,1343,1588,-1
3213,-1,1344,1589,-1
3214,-1,-1,-1,-1
3215,-1,1345,1590,-1
3216,-1,-1,-1,-1
3217,-1,-1,-1,-1
3218,-1,1346,1591,-1
3219,-1,1346,1592,-1
3220,-1,-1,1593,-1
3221,-1,1347,1594,-1
3222,-1,1348,1595,-1
3223,-1,-1,-1,-1
3224,-1,1349,1596,-1
3225,-1,1350,1597,-1
3226,-1,-1,-1,-1
3227,-1,1350,1598,-1
3228,-1,-1,-1,-1
3229,-1,-1,-1,-1
3230,-1,1351,1599,-1
-1,-1,-1,1600,-1
3231,-1,1352,1601,-1
3232,-1,-1,-1,-1
3233,-1,-1,-1,-1
3234,-1,-1,-1,-1
3235,-1,-1,-1,-1
3236,-1,-1,-1,-1
3237,-1,1353,1602,-1
3238,-1,1354,1603,-1
3239,-1,-1,-1,-1
3240,-1,-1,-1,-1
3241,-1,1355,1604,-1
3242,-1,1355,1605,-1
3243,-1,-1,-1,-1
3244,-1,-1,-1,-1
3245,-1,1356,1606,-1
3246,-1,1357,1607,-1
3247,-1,-1,-1,-1
3248,-1,1358,1608,-1
3249,-1,1359,1609,-1
3250,-1,-1,-1,-1
3251,-1,1360,1610,-1
3252,-1,-1,-1,-1
3253,-1,1361,1611,-1
3254,-1,-1,-1,-1
3255,-1,1362,1612,-1
3256,-1,-1,-1,-1
3257,-1,-1,-1,-1
3258,-1,1363,1613,-1
3259,-1,1364,1614,-1
3260,-1,-1,-1,-1
3261,-1,1365,1615,-1
3262,-1,1366,1616,-1
3263,-1,-1,-1,-1
3264,-1,-1,-1,-1
3265,-1,1366,1617,-1
3266,-1,-1,-1,-1
3267,-1,-1,-1,-1
3268,-1,1366,1618,-1
3269,-1,-1,-1,-1
3270,-1,1366,1619,-1
3271,-1,1367,1620,-1
3272,-1,1367,1621,-1
3273,-1,-1,-1,-1
-1,-1,-1,1622,-1
3274,-1,1367,1623,-1
3275,-1,-1,-1,-1
-1,-1,-1,-1,-1
3276,-1,1368,1624,-1
3277,-1,-1,-1,-1
3278,-1,1369,1625,-1
3279,-1,1370,1626,-1
3280,-1,-1,-1,-1
3281,-1,-1,-1,-1
3282,-1,1371,1627,-1
3283,-1,1372,1628,-1
3284,-1,-1,-1,-1
3285,-1,1373,1629,-1
3286,-1,-1,-1,-1
3287,-1,-1,-1,-1
3288,-1,1374,1630,-1
3289,-1,-1,-1,-1
3290,-1,1375,1631,-1
3291,-1,-1,-1,-1
3292,-1,-1,-1,-1
3293,-1,-1,-1,-1
3294,-1,-1,-1,-1
3295,-1,1376,1632,-1
3296,-1,1377,1633,-1
3297,-1,1378,1634,-1
3298,-1,1378,1635,-1
3299,-1,-1,-1,-1
3300,-1,1379,1636,-1
3301,-1,1380,1637,-1
3302,-1,1381,1637,-1
3303,-1,1381,1638,-1
3304,-1,1382,1639,-1
3305,-1,1383,1640,-1
3306,-1,-1,-1,-1
3307,-1,1383,1640,-1
3308,-1,1384,1641,-1
3309,-1,-1,-1,-1
3310,-1,1385,1642,-1
3311,-1,1386,1643,-1
3312,-1,-1,-1,-1
3313,-1,-1,-1,-1
3314,-1,-1,-1,-1
3315,-1,-1,-1,-1
3316,-1,1387,1644,-1
3317,-1,-1,-1,-1
3318,-1,-1,-1,-1
3319,9,-1,-1,-1
3320,-1,1388,1645,-1
3321,-1,-1,-1,-1
3322,-1,-1,-1,-1
3323,-1,1389,1646,-1
3324,-1,-1,-1,-1
3325,-1,1390,1647,-1
3326,-1,1391,1648,-1
3327,-1,1392,1649,-1
3328,-1,1393,1650,-1
3329,-1,-1,-1,-1
3330,-1,1394,1651,-1
3331,-1,-1,-1,-1
3332,-1,1395,1652,-1
3333,-1,1396,1653,-1
3334,-1,-1,-1,-1
3335,-1,-1,-1,-1
3336,-1,-1,-1,-1
3337,-1,-1,-1,-1
3338,-1,-1,-1,-1
3339,-1,-1,-1,-1
3340,-1,-1,-1,-1
3341,-1,1397,1654,-1
3342,-1,1398,1655,-1
3343,-1,-1,-1,-1
3344,-1,-1,-1,-1
3345,-1,1399,1656,-1
3346,-1,-1,-1,-1
3347,-1,-1,-1,-1
3348,-1,1400,1657,-1
3349,-1,-1,-1,-1
3350,-1,-1,-1,-1
3351,-1,-1,-1,-1
3352,-1,-1,-1,-1
3353,-1,-1,-1,-1
3354,-1,-1,-1,-1
3355,-1,1401,1658,-1
3356,-1,-1,-1,-1
3357,-1,-1,-1,-1
3358,-1,-1,-1,-1
3359,-1,-1,-1,-1
3360,-1,1402,1659,-1
3361,-1,1403,1660,-1
3362,-1,1404,1661,-1
3363,-1,1405,1662,-1
3364,-1,-1,-1,-1
3365,-1,-1,-1,-1
3366,-1,-1,-1,-1
3367,-1,-1,-1,-1
3368,-1,-1,-1,-1
3369,-1,1405,1663,-1
3370,-1,-1,-1,-1
3371,-1,1406,1664,-1
3372,-1,-1,-1,-1
3373,-1,-1,-1,-1
3374,-1,1407,1665,-1
3375,-1,1408,1666,-1
3376,-1,-1,-1,-1
3377,-1,-1,1667,-1
3378,-1,-1,-1,-1
3379,-1,1409,1668,-1
3380,-1,1410,1669,-1
3381,-1,1411,1670,-1
3382,-1,1411,1671,-1
3383,-1,1411,1672,-1
3384,-1,-1,-1,-1
3385,-1,1412,1673,-1
3386,-1,-1,-1,-1
3387,-1,-1,-1,-1
3388,-1,-1,-1,-1
3389,-1,-1,-1,-1
3390,-1,-1,-1,-1
3391,-1,1413,1674,-1
3392,-1,1414,1675,-1
3393,-1,-1,-1,-1
3394,-1,-1,-1,-1
3395,-1,1414,1676,-1
3396,-1,1415,1677,-1
3397,-1,-1,-1,-1
3398,-1,-1,-1,-1
3399,-1,-1,-1,-1
3400,-1,-1,-1,-1
3401,-1,-1,-1,-1
3402,-1,1416,1678,-1
3403,-1,1417,1679,-1
3404,-1,-1,-1,-1
3405,-1,-1,-1,-1
3406,-1,1417,1680,-1
3407,-1,-1,-1,-1
3408,-1,-1,-1,-1
3409,-1,-1,-1,-1
3410,-1,-1,-1,-1
3411,-1,-1,-1,-1
3412,-1,1418,1681,-1
3413,-1,1419,1682,-1
3414,-1,1420,1683,-1
3415,-1,1421,1684,-1
3416,-1,1422,1685,-1
3417,-1,1423,1686,-1
3418,-1,-1,-1,-1
3419,-1,1424,1687,-1
3420,-1,1425,1688,-1
3421,-1,1425,1689,-1
3422,-1,-1,-1,-1
3423,-1,-1,-1,-1
3424,-1,-1,-1,-1
3425,-1,1426,1690,-1
3426,-1,-1,-1,-1
3427,-1,1427,1691,-1
3428,-1,-1,-1,-1
3429,-1,-1,-1,-1
3430,-1,-1,-1,-1
3431,-1,1428,1692,-1
3432,-1,-1,1693,-1
3433,-1,1429,1694,-1
3434,-1,-1,-1,-1
3435,-1,-1,-1,-1
3436,-1,-1,-1,-1
3437,-1,-1,-1,-1
3438,-1,1430,1695,-1
3439,-1,-1,-1,-1
3440,-1,-1,-1,-1
3441,-1,1431,1696,-1
3442,-1,1432,1697,-1
3443,-1,1433,1698,-1
3444,-1,1434,1699,-1
3445,-1,1435,1700,-1
3446,-1,1436,-1,-1
3447,-1,-1,-1,-1
3448,-1,-1,-1,-1
3449,-1,1437,-1,-1
3450,-1,-1,1701,-1
3451,-1,-1,-1,-1
3452,-1,1438,1702,-1
3453,-1,1439,1702,-1
3454,-1,-1,-1,-1
3455,-1,1440,1703,-1
3456,-1,1441,1704,-1
3457,-1,-1,-1,-1
3458,-1,1442,1705,-1
3459,-1,1443,-1,-1
3460,-1,1444,1706,-1
3461,-1,-1,-1,-1
3462,-1,-1,-1,-1
3463,-1,1445,1707,-1
3464,-1,1446,1708,-1
3465,-1,1446,1709,-1
3466,-1,-1,-1,-1
3467,-1,-1,-1,-1
3468,-1,1447,1710,-1
3469,-1,1448,1711,-1
3470,-1,1449,1712,-1
3471,-1,1450,1713,-1
3472,-1,1451,1714,-1
3473,-1,-1,-1,-1
3474,-1,-1,-1,-1
3475,-1,1452,1715,-1
3476,-1,-1,-1,-1
3477,-1,-1,-1,-1
3478,-1,-1,-1,-1
3479,-1,1453,1716,-1
3480,-1,1454,1717,-1
3481,-1,1455,1718,-1
3482,-1,-1,-1,-1
3483,-1,-1,-1,-1
3484,-1,-1,-1,-1
3485,-1,1456,1719,-1