name,recipeyield,totaltime,aggregaterating,ingredients,interactioncount
0,1,1,0,-1,0
1,2,2,0,-1,1
2,3,3,0,-1,2
3,-1,-1,0,-1,3
4,-1,-1,0,-1,4
5,4,4,0,-1,5
6,5,5,0,-1,6
7,-1,-1,0,-1,7
8,6,6,0,-1,8
9,7,7,0,-1,9
10,-1,-1,0,-1,9
11,8,8,0,-1,10
12,9,9,0,-1,11
13,-1,-1,0,-1,12
14,9,10,0,-1,13
15,10,11,0,-1,14
16,11,12,0,-1,15
17,12,13,0,-1,16
18,13,14,0,-1,17
19,14,15,0,-1,18
20,-1,-1,0,-1,19
21,-1,-1,0,-1,20
22,-1,-1,0,-1,21
23,-1,-1,0,-1,22
24,-1,-1,0,-1,23
25,14,16,0,-1,24
26,-1,-1,0,-1,25
27,15,17,0,-1,26
28,15,18,0,-1,27
29,-1,-1,0,-1,28
30,16,19,0,-1,29
31,-1,-1,0,-1,30
32,17,20,0,-1,31
33,-1,-1,0,-1,32
34,-1,-1,0,-1,32
35,-1,-1,0,-1,33
36,18,21,0,-1,34
37,19,22,0,-1,35
38,-1,-1,0,-1,36
39,20,23,0,-1,37
40,-1,-1,0,-1,38
41,-1,-1,0,-1,38
42,21,23,0,-1,39
43,22,24,0,-1,39
44,23,25,0,-1,40
45,24,26,0,-1,41
46,-1,-1,0,-1,42
47,-1,-1,0,-1,43
48,25,27,0,-1,44
49,26,28,0,-1,44
50,27,29,0,-1,45
51,27,29,0,-1,46
52,28,30,0,-1,47
53,29,31,0,-1,48
54,-1,-1,0,-1,48
55,30,32,0,-1,49
56,31,32,0,-1,50
57,32,33,0,-1,51
58,-1,-1,0,-1,52
59,32,34,0,-1,53
60,32,35,0,-1,54
61,-1,-1,0,-1,54
62,33,36,0,-1,55
63,-1,-1,0,-1,56
64,34,37,0,-1,57
65,35,38,0,-1,58
66,36,39,0,-1,59
67,37,40,0,-1,60
68,-1,-1,0,-1,61
69,38,41,0,-1,62
70,38,42,0,-1,63
71,39,43,0,-1,64
72,-1,-1,0,-1,65
73,40,44,0,-1,66
74,41,45,0,-1,67
75,42,46,0,-1,67
76,-1,-1,0,-1,68
77,-1,-1,0,-1,68
78,43,47,0,-1,69
79,44,48,0,-1,70
80,45,49,0,-1,71
81,46,50,0,-1,72
82,47,51,0,-1,73
83,-1,-1,0,-1,74
84,48,52,0,-1,75
85,49,53,0,-1,76
86,50,54,0,-1,77
87,51,55,0,-1,78
88,-1,-1,0,-1,78
89,-1,-1,0,-1,79
90,-1,-1,0,-1,80
91,52,56,0,-1,80
92,53,57,0,-1,81
93,-1,-1,0,-1,82
94,54,57,0,-1,83
95,-1,-1,0,-1,84
96,-1,-1,0,-1,84
97,55,58,0,-1,85
98,-1,-1,0,-1,85
99,56,59,0,-1,86
100,57,60,0,-1,87
101,58,61,0,-1,88
102,59,61,0,-1,89
103,60,62,0,-1,90
104,61,62,0,-1,91
105,62,63,0,-1,92
106,63,64,0,-1,93
107,64,65,0,-1,94
108,-1,-1,0,-1,95
109,64,66,0,-1,96
110,64,67,0,-1,97
111,-1,-1,0,-1,98
112,64,68,0,-1,99
113,-1,-1,0,-1,100
114,-1,-1,0,-1,101
115,65,69,0,-1,102
116,-1,-1,0,-1,103
117,-1,-1,0,-1,104
118,-1,-1,0,-1,104
119,66,70,0,-1,105
120,-1,-1,0,-1,105
121,67,71,0,-1,106
122,-1,-1,0,-1,107
123,-1,-1,0,-1,108
124,68,71,0,-1,109
125,-1,-1,0,-1,110
126,-1,-1,0,-1,111
127,-1,-1,0,-1,111
128,-1,-1,0,-1,112
129,-1,-1,0,-1,113
130,69,72,0,-1,114
131,70,73,0,-1,114
132,-1,-1,0,-1,115
133,71,74,0,-1,115
134,-1,-1,0,-1,116
135,-1,-1,0,-1,117
136,72,75,0,-1,118
137,-1,-1,0,-1,119
138,-1,-1,0,-1,119
139,73,75,0,-1,120
140,-1,-1,0,-1,121
141,-1,-1,0,-1,121
142,-1,-1,0,-1,121
143,-1,-1,0,-1,122
144,-1,-1,0,-1,123
145,74,76,0,-1,124
146,75,77,0,-1,125
147,-1,-1,0,-1,126
148,76,78,0,-1,127
149,77,79,0,-1,128
150,78,80,0,-1,129
151,79,81,0,-1,130
152,80,82,0,-1,130
153,81,83,0,-1,131
154,82,84,0,-1,132
155,83,85,0,-1,133
156,-1,-1,0,-1,134
157,-1,-1,0,-1,135
158,-1,-1,0,-1,136
159,84,86,0,-1,137
160,85,87,0,-1,138
161,85,88,0,-1,139
162,85,88,0,-1,140
163,86,89,0,-1,141
164,-1,-1,0,-1,142
165,-1,-1,0,-1,143
166,-1,-1,0,-1,144
167,-1,-1,0,-1,144
168,87,90,0,-1,145
169,88,91,0,-1,146
170,-1,-1,0,-1,147
171,89,92,0,-1,148
172,-1,-1,0,-1,148
173,-1,-1,0,-1,149
174,90,93,0,-1,150
175,-1,-1,0,-1,151
176,91,94,0,-1,152
177,-1,-1,0,-1,153
178,92,95,0,-1,154
179,93,96,0,-1,155
180,94,97,0,-1,156
181,95,98,0,-1,157
182,96,99,0,-1,157
183,-1,-1,0,-1,158
184,97,100,0,-1,159
185,-1,-1,0,-1,160
186,98,101,0,-1,161
187,98,102,0,-1,162
188,99,103,0,-1,163
189,-1,-1,0,-1,164
190,100,104,0,-1,165
191,100,105,0,-1,166
192,100,106,0,-1,167
193,101,107,0,-1,168
194,-1,-1,0,-1,169
195,102,108,0,-1,170
196,-1,-1,0,-1,171
197,103,109,0,-1,172
198,104,110,0,-1,173
199,105,111,0,-1,174
200,-1,-1,0,-1,175
201,-1,-1,0,-1,176
202,106,112,0,-1,177
203,-1,-1,0,-1,178
204,107,113,0,-1,179
205,108,114,0,-1,180
206,-1,-1,0,-1,181
207,109,115,0,-1,181
208,-1,-1,0,-1,181
209,-1,-1,0,-1,181
210,110,116,0,-1,182
211,-1,-1,0,-1,183
212,111,117,0,-1,184
213,-1,-1,0,-1,185
214,112,118,0,-1,186
215,-1,-1,0,-1,186
216,-1,-1,0,-1,186
217,113,119,0,-1,187
218,-1,-1,0,-1,188
219,-1,-1,0,-1,189
220,114,120,0,-1,190
221,114,121,0,-1,191
222,-1,-1,0,-1,192
223,-1,-1,0,-1,192
224,115,122,0,-1,193
225,116,123,0,-1,194
226,117,124,0,-1,195
227,118,125,0,-1,196
228,-1,-1,0,-1,197
229,119,126,0,-1,197
230,120,127,0,-1,198
231,121,128,0,-1,199
232,122,129,0,-1,200
233,-1,-1,0,-1,201
234,123,130,0,-1,202
235,124,131,0,-1,203
236,125,132,0,-1,203
237,126,133,0,-1,204
238,127,133,0,-1,205
239,128,134,0,-1,206
240,129,135,0,-1,207
241,130,136,0,-1,208
242,131,137,0,-1,209
243,-1,-1,0,-1,209
244,132,138,0,-1,210
245,-1,-1,0,-1,211
246,-1,-1,0,-1,212
247,133,138,0,-1,212
248,-1,-1,0,-1,213
249,134,139,0,-1,214
250,135,140,0,-1,215
251,-1,-1,0,-1,216
252,-1,-1,0,-1,217
253,136,141,0,-1,218
254,137,142,0,-1,219
255,-1,-1,0,-1,220
256,-1,-1,0,-1,221
257,138,143,0,-1,222
258,-1,-1,0,-1,223
259,-1,-1,0,-1,224
260,-1,-1,0,-1,225
261,-1,-1,0,-1,226
262,-1,-1,0,-1,227
263,139,144,0,-1,228
264,140,145,0,-1,229
265,141,146,0,-1,230
266,142,147,0,-1,231
267,143,148,0,-1,232
268,144,149,0,-1,233
269,145,149,0,-1,234
270,146,150,0,-1,235
271,147,151,0,-1,236
272,148,152,0,-1,237
273,149,153,0,-1,238
274,-1,-1,0,-1,239
275,150,154,0,-1,240
276,-1,-1,0,-1,241
277,151,155,0,-1,242
278,152,155,0,-1,243
279,153,156,0,-1,244
280,-1,-1,0,-1,244
281,154,157,0,-1,245
282,154,158,0,-1,246
283,-1,-1,0,-1,247
284,-1,-1,0,-1,248
285,155,158,0,-1,249
286,156,158,0,-1,249
287,157,158,0,-1,250
288,158,158,0,-1,251
289,159,158,0,-1,251
290,160,159,0,-1,252
291,161,160,0,-1,253
292,162,160,0,-1,254
293,-1,-1,0,-1,255
294,163,161,0,-1,256
295,-1,-1,0,-1,257
296,-1,-1,0,-1,258
297,164,162,0,-1,259
298,-1,-1,0,-1,260
299,165,163,0,-1,261
300,166,164,0,-1,262
301,167,165,0,-1,263
302,167,166,0,-1,264
303,168,166,0,-1,265
304,-1,-1,0,-1,266
305,169,167,0,-1,267
306,170,168,0,-1,268
307,-1,-1,0,-1,269
308,171,169,0,-1,270
309,-1,-1,0,-1,271
310,172,170,0,-1,272
311,-1,-1,0,-1,273
312,-1,-1,0,-1,274
313,-1,-1,0,-1,275
314,-1,-1,0,-1,276
315,-1,-1,0,-1,277
316,-1,-1,0,-1,277
317,173,171,0,-1,278
318,-1,-1,0,-1,279
319,174,172,0,-1,280
320,174,173,0,-1,280
321,-1,-1,0,-1,281
322,175,174,0,-1,282
323,176,175,0,-1,283
324,-1,-1,0,-1,284
325,177,175,0,-1,285
326,-1,-1,0,-1,286
327,178,176,0,-1,287
328,-1,-1,0,-1,288
329,-1,-1,0,-1,289
330,179,177,0,-1,290
331,180,178,0,-1,291
332,180,179,0,-1,292
333,181,180,0,-1,293
334,-1,-1,0,-1,294
335,182,181,0,-1,295
336,183,182,0,-1,296
337,-1,-1,0,-1,297
338,184,183,0,-1,298
339,185,184,0,-1,299
340,-1,-1,0,-1,300
341,186,185,0,-1,301
342,187,186,0,-1,302
343,-1,-1,0,-1,303
344,188,187,0,-1,304
345,-1,-1,0,-1,305
346,-1,-1,0,-1,305
347,-1,-1,0,-1,306
348,-1,-1,0,-1,306
349,189,188,0,-1,307
350,-1,-1,0,-1,308
351,-1,-1,0,-1,309
352,-1,-1,0,-1,310
353,190,189,0,-1,311
354,-1,-1,0,-1,312
355,-1,-1,0,-1,312
356,-1,-1,0,-1,312
357,-1,-1,0,-1,313
358,191,190,0,-1,314
359,192,191,0,-1,315
360,193,192,0,-1,315
361,-1,-1,0,-1,316
362,-1,-1,0,-1,316
363,194,193,0,-1,317
364,195,194,0,-1,318
365,196,194,0,-1,319
366,196,195,0,-1,320
367,-1,-1,0,-1,321
368,-1,-1,0,-1,322
369,-1,-1,0,-1,323
370,197,196,0,-1,324
371,-1,-1,0,-1,325
372,198,197,0,-1,326
373,198,198,0,-1,327
374,-1,-1,0,-1,328
375,199,199,0,-1,329
376,200,200,0,-1,330
377,201,201,0,-1,330
378,202,202,0,-1,331
379,-1,-1,0,-1,332
380,203,203,0,-1,332
381,204,204,0,-1,333
382,205,205,0,-1,334
383,206,206,0,-1,335
384,207,207,0,-1,336
385,208,208,0,-1,337
386,209,209,0,-1,338
387,-1,-1,0,-1,339
388,-1,-1,0,-1,340
389,-1,-1,0,-1,341
390,210,210,0,-1,342
391,211,211,0,-1,343
392,212,212,0,-1,344
393,-1,-1,0,-1,345
394,213,213,0,-1,346
395,-1,-1,0,-1,347
396,214,214,0,-1,348
397,215,215,0,-1,349
398,216,216,0,-1,350
399,217,217,0,-1,351
400,-1,-1,0,-1,352
401,-1,-1,0,-1,353
402,-1,-1,0,-1,354
403,217,218,0,-1,355
404,-1,-1,0,-1,356
405,218,219,0,-1,357
406,-1,-1,0,-1,358
407,219,220,0,-1,359
408,220,221,0,-1,360
409,221,222,0,-1,361
410,-1,-1,0,-1,362
411,222,223,0,-1,363
412,-1,-1,0,-1,364
413,223,223,0,-1,365
414,-1,-1,0,-1,366
415,224,224,0,-1,367
416,-1,-1,0,-1,368
417,225,225,0,-1,369
418,225,225,0,-1,370
419,226,225,0,-1,371
420,-1,-1,0,-1,372
421,-1,-1,0,-1,372
422,227,226,0,-1,373
423,228,226,0,-1,374
424,-1,-1,0,-1,374
425,-1,-1,0,-1,375
426,-1,-1,0,-1,375
427,-1,-1,0,-1,376
428,-1,-1,0,-1,377
429,229,227,0,-1,377
430,230,228,0,-1,378
431,231,229,0,-1,379
432,-1,-1,0,-1,380
433,-1,-1,0,-1,381
434,232,230,0,-1,382
435,-1,-1,0,-1,383
436,233,230,0,-1,384
437,234,230,0,-1,384
438,234,230,0,-1,385
439,235,230,0,-1,386
440,-1,-1,0,-1,387
441,236,231,0,-1,388
442,-1,-1,0,-1,389
443,-1,-1,0,-1,390
444,-1,-1,0,-1,391
445,-1,-1,0,-1,391
446,237,232,0,-1,392
447,-1,-1,0,-1,393
448,238,233,0,-1,394
449,-1,-1,0,-1,394
450,239,234,0,-1,395
451,-1,-1,0,-1,396
452,240,235,0,-1,397
453,241,236,0,-1,398
454,242,237,0,-1,399
455,-1,-1,0,-1,399
456,243,238,0,-1,400
457,244,239,0,-1,401
458,-1,-1,0,-1,402
459,245,240,0,-1,403
460,246,241,0,-1,404
461,246,242,0,-1,404
462,247,243,0,-1,405
463,247,244,0,-1,406
464,-1,-1,0,-1,407
465,-1,-1,0,-1,408
466,248,244,0,-1,409
467,248,245,0,-1,410
468,249,245,0,-1,411
469,250,245,0,-1,412
470,251,245,0,-1,413
471,252,246,0,-1,414
472,252,247,0,-1,415
473,253,248,0,-1,416
474,254,249,0,-1,417
475,-1,-1,0,-1,418
476,-1,-1,0,-1,419
477,255,250,0,-1,420
478,-1,-1,0,-1,421
479,-1,-1,0,-1,422
480,256,250,0,-1,423
481,257,251,0,-1,424
482,-1,-1,0,-1,425
483,-1,-1,0,-1,425
484,258,252,0,-1,425
485,258,253,0,-1,425
486,259,254,0,-1,426
487,-1,-1,0,-1,427
488,259,255,0,-1,428
489,260,256,0,-1,429
490,261,257,0,-1,429
491,261,258,0,-1,430
492,261,259,0,-1,431
493,262,260,0,-1,432
494,263,261,0,-1,433
495,264,262,0,-1,434
496,265,263,0,-1,435
497,-1,-1,0,-1,436
498,266,264,0,-1,437
499,-1,-1,0,-1,438
500,266,265,0,-1,438
501,-1,-1,0,-1,439
502,-1,-1,0,-1,439
503,267,266,0,-1,440
504,268,267,0,-1,440
505,268,268,0,-1,441
506,-1,-1,0,-1,442
507,269,269,0,-1,443
508,-1,-1,0,-1,444
509,270,270,0,-1,445
510,-1,-1,0,-1,446
511,-1,-1,0,-1,447
512,271,270,0,-1,448
513,-1,-1,0,-1,449
514,-1,-1,0,-1,450
515,272,271,0,-1,451
516,273,272,0,-1,452
517,274,273,0,-1,453
518,275,274,0,-1,454
519,276,275,0,-1,454
520,-1,-1,0,-1,455
521,-1,-1,0,-1,456
522,277,276,0,-1,457
523,-1,-1,0,-1,458
524,278,277,0,-1,459
525,279,278,0,-1,460
526,280,279,0,-1,461
527,-1,-1,0,-1,461
528,-1,-1,0,-1,462
529,-1,-1,0,-1,463
530,281,279,0,-1,464
531,282,280,0,-1,465
532,283,281,0,-1,466
533,284,282,0,-1,467
534,-1,-1,0,-1,468
535,285,283,0,-1,469
536,-1,-1,0,-1,470
537,286,284,0,-1,471
538,287,285,0,-1,472
539,288,286,0,-1,473
540,-1,-1,0,-1,474
541,-1,-1,0,-1,475
542,289,287,0,-1,476
543,290,288,0,-1,477
544,291,289,0,-1,478
545,-1,-1,0,-1,479
546,292,290,0,-1,480
547,293,291,0,-1,481
548,-1,-1,0,-1,482
549,-1,-1,0,-1,483
550,294,292,0,-1,483
551,-1,-1,0,-1,484
552,-1,-1,0,-1,485
553,295,293,0,-1,486
554,296,294,0,-1,487
555,-1,-1,0,-1,488
556,296,295,0,-1,489
557,-1,-1,0,-1,490
558,297,296,0,-1,490
559,298,297,0,-1,491
560,-1,-1,0,-1,492
561,-1,-1,0,-1,492
562,299,298,0,-1,493
563,-1,-1,0,-1,494
564,300,299,0,-1,495
565,-1,-1,0,-1,496
566,301,300,0,-1,497
567,302,301,0,-1,498
568,303,302,0,-1,499
569,304,303,0,-1,500
570,305,304,0,-1,501
571,-1,-1,0,-1,502
572,306,305,0,-1,502
573,307,305,0,-1,503
574,308,306,0,-1,504
575,-1,-1,0,-1,505
576,309,307,0,-1,505
577,310,308,0,-1,506
578,311,309,0,-1,507
579,-1,-1,0,-1,508
580,-1,-1,0,-1,509
581,-1,-1,0,-1,509
582,312,309,0,-1,510
583,313,310,0,-1,511
584,314,311,0,-1,512
585,315,311,0,-1,513
586,-1,-1,0,-1,514
587,315,312,0,-1,515
588,-1,-1,0,-1,516
589,315,313,0,-1,517
590,-1,-1,0,-1,517
591,315,314,0,-1,518
592,316,315,0,-1,519
593,316,316,0,-1,520
594,-1,-1,0,-1,521
595,-1,-1,0,-1,522
596,316,317,0,-1,523
597,-1,-1,0,-1,524
598,317,318,0,-1,525
599,318,319,0,-1,526
600,-1,-1,0,-1,527
601,-1,-1,0,-1,527
602,319,320,0,-1,528
603,-1,-1,0,-1,529
604,320,321,0,-1,530
605,321,322,0,-1,531
606,-1,-1,0,-1,532
607,-1,-1,0,-1,532
608,322,323,0,-1,533
609,323,324,0,-1,534
610,324,325,0,-1,535
611,325,326,0,-1,536
612,-1,-1,0,-1,537
613,326,327,0,-1,538
614,-1,-1,0,-1,539
615,326,328,0,-1,540
616,327,329,0,-1,541
617,328,329,0,-1,542
618,329,330,0,-1,543
619,-1,-1,0,-1,544
620,330,331,0,-1,545
621,331,332,0,1,545
622,332,333,0,-1,546
623,-1,-1,0,-1,547
624,333,334,0,-1,548
625,334,335,0,-1,549
626,335,335,0,-1,550
627,-1,-1,0,-1,551
628,-1,-1,0,-1,551
629,-1,-1,0,-1,551
630,-1,-1,0,-1,551
631,-1,-1,0,-1,551
632,336,335,0,-1,551
633,337,336,0,-1,552
634,-1,-1,0,-1,553
635,-1,-1,0,-1,554
636,-1,-1,0,-1,554
637,338,337,0,-1,555
638,-1,-1,0,-1,556
639,-1,-1,0,-1,557
640,-1,-1,0,-1,558
641,338,338,0,-1,559
642,339,339,0,-1,560
643,-1,-1,0,-1,561
644,340,340,0,-1,562
645,-1,-1,0,-1,563
646,-1,-1,0,-1,563
647,341,341,0,-1,564
648,-1,-1,0,-1,565
649,342,342,0,-1,566
650,342,343,0,-1,567
651,342,344,0,-1,568
652,-1,-1,0,-1,569
653,-1,-1,0,-1,569
654,343,345,0,-1,570
655,-1,-1,0,-1,571
656,344,346,0,-1,572
657,-1,-1,0,-1,573
658,-1,-1,0,-1,574
659,345,347,0,-1,575
660,346,348,0,-1,576
661,-1,-1,0,-1,577
662,347,349,0,-1,578
663,348,350,0,-1,579
664,349,350,0,-1,580
665,-1,-1,0,-1,581
666,350,351,0,-1,582
667,351,352,0,-1,583
668,352,353,0,-1,584
669,-1,-1,0,-1,585
670,353,353,0,-1,586
671,354,354,0,-1,587
672,-1,-1,0,-1,587
673,-1,-1,0,-1,588
674,355,355,0,-1,589
675,-1,-1,0,-1,590
676,355,356,0,-1,591
677,356,357,0,-1,592
678,357,358,0,-1,593
679,-1,-1,0,-1,594
680,-1,-1,0,-1,595
681,357,359,0,-1,596
682,357,360,0,-1,597
683,358,361,0,-1,598
684,359,362,0,-1,599
685,-1,-1,0,-1,600
686,-1,-1,0,-1,601
687,-1,-1,0,-1,602
688,360,363,0,-1,603
689,-1,-1,0,-1,604
690,361,363,0,-1,605
691,362,364,0,-1,606
692,363,365,0,-1,607
693,364,366,0,-1,608
694,365,367,0,-1,609
695,366,368,0,-1,610
696,367,369,0,-1,611
697,-1,-1,0,-1,612
698,368,370,0,-1,613
699,369,371,0,-1,614
700,-1,-1,0,-1,615
701,-1,-1,0,-1,616
702,370,372,0,-1,617
703,371,373,0,-1,618
704,-1,-1,0,-1,619
705,372,374,0,-1,620
706,-1,-1,0,-1,621
707,373,375,0,-1,622
708,374,376,0,-1,623
709,375,377,0,-1,624
710,376,377,0,-1,625
711,377,378,0,-1,626
712,-1,-1,0,-1,627
713,-1,-1,0,-1,628
714,-1,-1,0,-1,629
715,378,379,0,-1,630
716,-1,-1,0,-1,631
717,-1,-1,0,-1,632
718,379,380,0,-1,633
719,-1,-1,0,-1,634
720,380,381,0,-1,635
721,-1,-1,0,-1,636
722,-1,-1,0,-1,637
723,381,382,0,-1,638
724,-1,-1,0,-1,639
725,382,383,0,-1,640
726,383,384,0,-1,641
727,-1,-1,0,-1,642
728,-1,-1,0,-1,643
729,384,385,0,-1,644
730,-1,-1,0,-1,645
731,385,386,0,-1,646
732,386,387,0,-1,647
733,-1,-1,0,-1,648
734,-1,-1,0,-1,649
735,-1,-1,0,-1,650
736,-1,-1,0,-1,651
737,-1,-1,0,-1,652
738,-1,-1,0,-1,653
739,387,387,0,-1,654
740,388,387,0,-1,655
741,-1,-1,0,-1,656
742,-1,-1,0,-1,657
743,389,388,0,-1,658
744,-1,-1,0,-1,659
745,390,389,0,-1,660
746,391,390,0,-1,661
747,392,391,0,-1,662
748,393,392,0,-1,663
749,394,393,0,-1,664
750,-1,-1,0,-1,665
751,395,393,0,-1,666
752,396,394,0,-1,667
753,-1,-1,0,-1,668
754,397,395,0,-1,669
755,398,396,0,-1,670
756,399,397,0,-1,671
757,400,398,0,-1,672
758,400,399,0,-1,673
759,400,400,0,-1,674
760,-1,-1,0,-1,675
761,401,400,0,-1,676
762,-1,-1,0,-1,677
763,-1,-1,0,-1,677
764,402,401,0,-1,678
765,-1,-1,0,-1,679
766,402,402,0,-1,680
767,403,403,0,-1,681
768,-1,-1,0,-1,682
769,404,404,0,-1,683
770,405,405,0,-1,684
771,406,406,0,-1,685
772,407,407,0,-1,685
773,-1,-1,0,-1,686
774,407,408,0,-1,687
775,408,409,0,-1,688
776,409,410,0,-1,689
777,410,411,0,-1,690
778,411,412,0,-1,691
779,412,413,0,-1,692
780,-1,-1,0,-1,693
781,413,413,0,-1,694
782,414,414,0,-1,695
783,-1,-1,0,-1,696
784,415,415,0,-1,697
785,-1,-1,0,-1,698
786,416,416,0,-1,699
787,-1,-1,0,-1,700
788,-1,-1,0,-1,700
789,-1,-1,0,-1,701
790,417,417,0,-1,702
791,417,418,0,-1,703
792,418,419,0,-1,703
793,419,420,0,-1,704
794,-1,-1,0,-1,705
795,-1,-1,0,-1,706
796,419,421,0,-1,706
797,-1,-1,0,-1,707
798,420,422,0,-1,708
799,-1,-1,0,-1,709
800,421,423,0,-1,710
801,-1,-1,0,-1,711
802,422,424,0,-1,712
803,423,424,0,-1,713
804,-1,-1,0,-1,714
805,424,424,0,-1,715
806,425,425,0,-1,716
807,426,426,0,-1,717
808,426,427,0,-1,718
809,-1,-1,0,-1,719
810,-1,-1,0,-1,720
811,427,427,0,-1,721
812,428,428,0,-1,722
813,-1,-1,0,-1,723
814,428,429,0,-1,724
815,-1,-1,0,-1,725
816,-1,-1,0,-1,726
817,-1,-1,0,-1,726
818,429,430,0,-1,727
819,-1,-1,0,-1,728
820,430,431,0,-1,729
821,431,432,0,-1,730
822,-1,-1,0,-1,731
823,432,433,0,-1,732
824,433,434,0,-1,733
825,433,435,0,-1,734
826,434,436,0,-1,735
827,435,437,0,-1,736
828,-1,-1,0,-1,737
829,436,438,0,-1,738
830,436,439,0,-1,739
831,-1,-1,0,-1,740
832,437,440,0,-1,741
833,-1,-1,0,-1,741
834,437,441,0,-1,742
835,-1,-1,0,-1,743
836,-1,-1,0,-1,743
837,-1,-1,0,-1,744
838,-1,-1,0,-1,745
839,-1,-1,0,-1,745
840,-1,-1,0,-1,745
841,-1,-1,0,-1,746
842,-1,-1,0,-1,747
843,437,442,0,-1,748
844,-1,-1,0,-1,749
845,437,443,0,-1,750
846,-1,-1,0,-1,751
847,438,444,0,-1,752
848,-1,-1,0,-1,753
849,439,445,0,-1,754
850,440,446,0,-1,755
851,-1,-1,0,-1,756
852,441,446,0,-1,757
853,442,447,0,-1,758
854,443,448,0,-1,759
855,-1,-1,0,-1,760
856,444,448,0,-1,761
857,445,449,0,-1,762
858,446,450,0,-1,763
859,447,450,0,-1,764
860,448,451,0,-1,765
861,449,452,0,-1,766
862,450,453,0,-1,767
863,450,454,0,-1,768
864,451,455,0,-1,769
865,452,456,0,-1,770
866,452,457,0,-1,771
867,453,458,0,-1,772
868,-1,-1,0,-1,773
869,-1,-1,0,-1,774
870,-1,-1,0,-1,775
871,454,459,0,-1,776
872,-1,-1,0,-1,777
873,455,460,0,-1,778
874,-1,-1,0,-1,779
875,-1,-1,0,-1,779
876,456,461,0,-1,780
877,-1,-1,0,-1,781
878,457,462,0,-1,782
879,458,463,0,-1,783
880,-1,-1,0,-1,784
881,459,464,0,-1,784
882,460,465,0,-1,785
883,-1,-1,0,-1,786
884,461,466,0,-1,786
885,462,467,0,-1,787
886,-1,-1,0,-1,788
887,462,468,0,-1,789
888,-1,-1,0,-1,790
889,463,469,0,-1,791
890,-1,-1,0,-1,792
891,464,470,0,-1,793
892,-1,-1,0,-1,794
893,-1,-1,0,-1,794
894,464,471,0,-1,795
895,-1,-1,0,-1,796
896,465,472,0,-1,797
897,466,473,0,-1,798
898,-1,-1,0,-1,799
899,-1,-1,0,-1,800
900,467,474,0,-1,801
901,-1,-1,0,-1,802
902,468,474,0,-1,803
903,-1,-1,0,-1,804
904,469,475,0,-1,805
905,-1,-1,0,-1,806
906,-1,-1,0,-1,807
907,-1,-1,0,-1,808
908,470,476,0,-1,809
909,471,476,0,-1,810
910,472,477,0,-1,811
911,-1,-1,0,-1,812
912,-1,-1,0,-1,813
913,473,478,0,-1,814
914,-1,-1,0,-1,815
915,473,479,0,-1,816
916,-1,-1,0,-1,817
917,-1,-1,0,-1,818
918,474,480,0,-1,818
919,475,481,0,-1,819
920,476,482,0,-1,820
921,477,483,0,-1,821
922,478,484,0,-1,822
923,-1,-1,0,-1,822
924,479,485,0,-1,822
925,480,485,0,-1,823
926,481,485,0,-1,824
927,-1,-1,0,-1,825
928,482,486,0,-1,826
929,-1,-1,0,-1,827
930,483,487,0,-1,828
931,484,488,0,-1,829
932,-1,-1,0,-1,830
933,-1,-1,0,-1,831
934,-1,-1,0,-1,831
935,-1,-1,0,-1,832
936,-1,-1,0,-1,833
937,-1,-1,0,-1,834
938,485,489,0,-1,835
939,-1,-1,0,-1,836
940,-1,-1,0,-1,836
941,-1,-1,0,-1,836
942,486,490,0,-1,837
943,487,491,0,-1,838
944,-1,-1,0,-1,839
945,488,492,0,-1,840
946,489,492,0,-1,841
947,490,492,0,-1,842
948,-1,-1,0,-1,843
949,491,493,0,-1,844
950,-1,-1,0,-1,845
951,-1,-1,0,-1,845
952,492,494,0,-1,846
953,493,495,0,-1,846
954,494,496,0,-1,847
955,495,497,0,-1,848
956,-1,-1,0,-1,849
957,496,498,0,-1,850
958,497,498,0,-1,851
959,-1,-1,0,-1,851
960,-1,-1,0,-1,852
961,498,499,0,-1,853
962,-1,-1,0,-1,854
963,499,500,0,-1,855
964,-1,-1,0,-1,856
965,500,501,0,-1,857
966,-1,-1,0,-1,858
967,501,502,0,-1,859
968,-1,-1,0,-1,859
969,502,503,0,-1,860
970,503,504,0,-1,861
971,-1,-1,0,-1,862
972,-1,-1,0,-1,863
973,-1,-1,0,-1,864
974,504,505,0,-1,865
975,-1,-1,0,-1,866
976,505,506,0,-1,867
977,506,506,0,-1,868
978,507,507,0,-1,869
979,-1,-1,0,-1,870
980,508,508,0,-1,871
981,-1,-1,0,-1,872
982,509,509,0,-1,873
983,510,510,0,-1,874
984,511,511,0,-1,875
985,512,512,0,-1,876
986,513,513,0,-1,877
987,513,514,0,-1,878
988,514,515,0,-1,879
989,515,516,0,-1,880
990,516,517,0,-1,881
991,517,517,0,-1,882
992,-1,-1,0,-1,883
993,517,517,0,-1,884
994,518,518,0,-1,885
995,-1,-1,0,-1,886
996,-1,-1,0,-1,887
997,-1,-1,0,-1,888
998,519,519,0,-1,888
999,-1,-1,0,-1,889
1000,520,520,0,-1,890
1001,521,521,0,-1,891
1002,522,521,0,-1,892
1003,523,522,0,-1,893
1004,524,523,0,-1,894
1005,524,524,0,-1,895
1006,-1,-1,0,-1,896
1007,-1,-1,0,-1,896
1008,525,525,0,-1,897
1009,526,526,0,-1,898
1010,526,527,0,-1,899
1011,527,528,0,-1,900
1012,528,529,0,-1,901
1013,-1,-1,0,-1,902
1014,-1,-1,0,-1,903
1015,-1,-1,0,-1,904
1016,-1,-1,0,-1,905
1017,-1,-1,0,-1,906
1018,529,530,0,-1,907
1019,529,531,0,-1,908
1020,530,532,0,-1,909
1021,-1,-1,0,-1,910
1022,531,533,0,-1,911
1023,-1,-1,0,-1,912
1024,531,534,0,-1,913
1025,532,535,0,-1,914
1026,533,536,0,-1,915
1027,-1,-1,0,-1,916
1028,534,537,0,-1,917
1029,535,538,0,-1,917
1030,-1,-1,0,-1,918
1031,-1,-1,0,-1,919
1032,535,539,0,-1,920
1033,535,540,0,-1,920
1034,536,541,0,-1,921
1035,537,541,0,-1,922
1036,538,542,0,-1,923
1037,539,543,0,-1,924
1038,540,544,0,-1,925
1039,-1,-1,0,-1,926
1040,-1,-1,0,-1,926
1041,541,545,0,-1,927
1042,-1,-1,0,-1,928
1043,-1,-1,0,-1,928
1044,-1,-1,0,-1,929
1045,-1,-1,0,-1,929
1046,-1,-1,0,-1,929
1047,-1,-1,0,-1,929
1048,-1,-1,0,-1,930
1049,542,546,0,-1,931
1050,-1,-1,0,-1,932
1051,-1,-1,0,-1,932
1052,-1,-1,0,-1,933
1053,-1,-1,0,-1,934
1054,543,547,0,-1,935
1055,544,548,0,-1,936
1056,545,549,0,-1,937
1057,546,550,0,-1,938
1058,547,551,0,-1,939
1059,-1,-1,0,-1,940
1060,-1,-1,0,-1,941
1061,548,552,0,-1,942
1062,-1,-1,0,-1,943
1063,-1,-1,0,-1,944
1064,-1,-1,0,-1,945
1065,-1,-1,0,-1,946
1066,549,552,0,-1,946
1067,549,553,0,-1,947
1068,-1,-1,0,-1,948
1069,549,554,0,-1,948
1070,-1,-1,0,-1,949
1071,-1,-1,0,-1,950
1072,-1,-1,0,-1,950
1073,550,555,0,-1,950
1074,551,556,0,-1,951
1075,552,557,0,-1,952
1076,-1,-1,0,-1,953
1077,-1,-1,0,-1,954
1078,553,558,0,-1,955
1079,554,559,0,-1,955
1080,555,560,0,-1,956
1081,556,561,0,-1,957
1082,557,562,0,-1,958
1083,558,563,0,-1,959
1084,559,564,0,-1,960
1085,-1,-1,0,-1,961
1086,560,565,0,-1,962
1087,-1,-1,0,-1,962
1088,561,566,0,-1,962
1089,562,567,0,-1,962
1090,563,567,0,-1,963
1091,564,567,0,-1,964
1092,565,568,0,-1,964
1093,-1,-1,0,-1,964
1094,566,569,0,-1,964
1095,567,569,0,-1,965
1096,-1,-1,0,-1,965
1097,568,570,0,-1,965
1098,569,571,0,-1,966
1099,-1,-1,0,-1,967
1100,570,572,0,-1,968
1101,570,572,0,-1,969
1102,570,573,0,-1,969
1103,-1,-1,0,-1,970
1104,-1,-1,0,-1,970
1105,571,574,0,-1,971
1106,572,574,0,-1,972
1107,-1,-1,0,-1,973
1108,-1,-1,0,-1,973
1109,573,575,0,-1,974
1110,-1,-1,0,-1,975
1111,573,576,0,-1,976
1112,573,577,0,-1,977
1113,574,578,0,-1,978
1114,575,579,0,-1,979
1115,576,580,0,-1,980
1116,577,581,0,-1,981
1117,578,582,0,-1,982
1118,579,583,0,-1,983
1119,-1,-1,0,-1,984
1120,580,584,0,-1,985
1121,-1,-1,0,-1,986
1122,-1,-1,0,-1,986
1123,-1,-1,0,-1,987
1124,580,585,0,-1,988
1125,-1,-1,0,-1,989
1126,-1,-1,0,-1,989
1127,580,586,0,-1,990
1128,580,587,0,-1,991
1129,-1,-1,0,-1,992
1130,580,588,0,-1,993
1131,581,588,0,-1,994
1132,582,589,0,-1,995
1133,583,590,0,-1,996
1134,-1,-1,0,-1,997
1135,-1,-1,0,-1,997
1136,584,591,0,-1,998
1137,585,592,0,-1,999
1138,-1,-1,0,-1,1000
1139,586,593,0,-1,1001
1140,-1,-1,0,-1,1002
1141,587,594,0,-1,1003
1142,-1,-1,0,-1,1004
1143,588,595,0,-1,1005
1144,-1,-1,0,-1,1006
1145,588,596,0,-1,1007
1146,589,596,0,-1,1008
1147,590,597,0,-1,1009
1148,-1,-1,0,-1,1010
1149,591,597,0,-1,1011
1150,592,598,0,-1,1012
1151,593,599,0,-1,1013
1152,-1,-1,0,-1,1014
1153,594,600,0,-1,1015
1154,-1,-1,0,-1,1016
1155,595,601,0,-1,1017
1156,-1,-1,0,-1,1018
1157,-1,-1,0,-1,1019
1158,596,602,0,-1,1020
1159,597,603,0,-1,1021
1160,-1,-1,0,-1,1022
1161,-1,-1,0,-1,1023
1162,-1,-1,0,-1,1024
1163,-1,-1,0,-1,1025
1164,598,604,0,-1,1026
1165,-1,-1,0,-1,1027
1166,599,605,0,-1,1028
1167,600,606,0,-1,1029
1168,601,606,0,-1,1030
1169,601,607,0,-1,1031
1170,602,608,0,-1,1032
1171,603,609,0,-1,1033
1172,-1,-1,0,-1,1034
1173,604,610,0,-1,1035
1174,605,611,0,-1,1036
1175,-1,-1,0,-1,1037
1176,606,612,0,-1,1038
1177,-1,-1,0,-1,1039
1178,-1,-1,0,-1,1039
1179,607,613,0,-1,1040
1180,-1,-1,0,-1,1041
1181,607,614,0,-1,1042
1182,608,614,0,-1,1043
1183,609,615,0,-1,1043
1184,610,616,0,-1,1044
1185,-1,-1,0,-1,1044
1186,-1,-1,0,-1,1044
1187,611,616,0,-1,1045
1188,-1,-1,0,-1,1046
1189,-1,-1,0,-1,1047
1190,612,617,0,-1,1048
1191,613,617,0,-1,1049
1192,-1,-1,0,-1,1050
1193,-1,-1,0,-1,1051
1194,614,618,0,-1,1052
1195,615,619,0,-1,1053
1196,-1,-1,0,-1,1054
1197,616,620,0,-1,1055
1198,617,621,0,-1,1056
1199,618,622,0,-1,1057
1200,618,623,0,-1,1058
1201,619,624,0,-1,1059
1202,620,625,0,-1,1060
1203,621,626,0,-1,1061
1204,622,627,0,-1,1061
1205,623,627,0,-1,1062
1206,623,628,0,-1,1062
1207,624,629,0,-1,1063
1208,625,630,0,-1,1064
1209,626,631,0,-1,1065
1210,-1,-1,0,-1,1066
1211,626,632,0,-1,1067
1212,-1,-1,0,-1,1068
1213,-1,-1,0,-1,1069
1214,627,633,0,-1,1070
1215,-1,-1,0,-1,1071
1216,628,634,0,-1,1072
1217,629,635,0,-1,1073
1218,-1,-1,0,-1,1074
1219,630,636,0,-1,1075
1220,631,637,0,-1,1076
1221,-1,-1,0,-1,1077
1222,632,638,0,-1,1078
1223,633,638,0,-1,1079
1224,-1,-1,0,-1,1080
1225,634,639,0,-1,1081
1226,634,640,0,-1,1082
1227,-1,-1,0,-1,1083
1228,635,641,0,-1,1084
1229,636,642,0,-1,1085
1230,-1,-1,0,-1,1086
1231,-1,-1,0,-1,1086
1232,637,643,0,-1,1086
1233,638,644,0,-1,1087
1234,639,645,0,-1,1088
1235,639,646,0,-1,1089
1236,-1,-1,0,-1,1090
1237,640,646,0,-1,1091
1238,-1,-1,0,-1,1092
1239,-1,-1,0,-1,1093
1240,-1,-1,0,-1,1094
1241,-1,-1,0,-1,1095
1242,641,647,0,-1,1096
1243,642,648,0,-1,1097
1244,-1,-1,0,-1,1098
1245,-1,-1,0,-1,1098
1246,643,649,0,-1,1099
1247,643,650,0,-1,1100
1248,-1,-1,0,-1,1101
1249,644,650,0,-1,1102
1250,645,650,0,-1,1103
1251,-1,-1,0,-1,1104
1252,646,651,0,-1,1105
1253,647,652,0,-1,1106
1254,-1,-1,0,-1,1107
1255,648,653,0,-1,1108
1256,-1,-1,0,-1,1109
1257,-1,-1,0,-1,1109
1258,649,654,0,-1,1110
1259,-1,-1,0,-1,1111
1260,-1,-1,0,-1,1112
1261,650,655,0,-1,1113
1262,651,656,0,-1,1114
1263,-1,-1,0,-1,1115
1264,652,657,0,-1,1116
1265,-1,-1,0,-1,1117
1266,653,658,0,-1,1118
1267,654,659,0,-1,1119
1268,655,660,0,-1,1120
1269,656,661,0,-1,1121
1270,-1,-1,0,-1,1122
1271,657,662,0,-1,1123
1272,658,663,0,-1,1124
1273,-1,-1,0,-1,1125
1274,-1,-1,0,-1,1125
1275,659,664,0,-1,1126
1276,660,665,0,-1,1127
1277,661,665,0,-1,1128
1278,662,665,0,-1,1129
1279,-1,-1,0,-1,1129
1280,-1,-1,0,-1,1130
1281,663,666,0,-1,1131
1282,-1,-1,0,-1,1132
1283,664,667,0,-1,1133
1284,665,667,0,-1,1134
1285,666,668,0,-1,1135
1286,-1,-1,0,-1,1136
1287,-1,-1,0,-1,1137
1288,-1,-1,0,-1,1138
1289,667,669,0,-1,1139
1290,668,670,0,-1,1140
1291,-1,-1,0,-1,1141
1292,-1,-1,0,-1,1142
1293,669,671,0,-1,1142
1294,670,672,0,-1,1143
1295,-1,-1,0,-1,1144
1296,-1,-1,0,-1,1145
1297,671,673,0,-1,1146
1298,-1,-1,0,-1,1147
1299,-1,-1,0,-1,1147
1300,-1,-1,0,-1,1147
1301,-1,-1,0,-1,1147
1302,-1,-1,0,-1,1147
1303,-1,-1,0,-1,1147
1304,672,674,0,-1,1148
1305,673,675,0,-1,1149
1306,-1,-1,0,-1,1150
1307,674,676,0,-1,1151
1308,675,677,0,-1,1152
1309,676,677,0,-1,1153
1310,677,678,0,-1,1154
1311,678,679,0,-1,1155
1312,-1,-1,0,-1,1156
1313,679,680,0,-1,1157
1314,680,681,0,-1,1158
1315,681,681,0,-1,1159
1316,-1,-1,0,-1,1160
1317,682,682,0,-1,1161
1318,-1,-1,0,-1,1162
1319,683,683,0,-1,1163
1320,-1,-1,0,-1,1164
1321,684,684,0,-1,1165
1322,685,685,0,-1,1166
1323,686,686,0,-1,1167
1324,-1,-1,0,-1,1168
1325,-1,-1,0,-1,1169
1326,687,687,0,-1,1170
1327,688,688,0,-1,1171
1328,689,689,0,-1,1172
1329,-1,-1,0,-1,1173
1330,-1,-1,0,-1,1174
1331,-1,-1,0,-1,1174
1332,690,690,0,-1,1175
1333,690,691,0,-1,1176
1334,-1,-1,0,-1,1177
1335,691,692,0,-1,1178
1336,-1,-1,0,-1,1179
1337,-1,-1,0,-1,1179
1338,-1,-1,0,-1,1179
1339,-1,-1,0,-1,1180
1340,-1,-1,0,-1,1181
1341,-1,-1,0,-1,1182
1342,-1,-1,0,-1,1182
1343,692,693,0,-1,1183
1344,-1,-1,0,-1,1184
1345,693,694,0,-1,1185
1346,694,695,0,-1,1185
1347,695,696,0,-1,1186
1348,-1,-1,0,-1,1187
1349,-1,-1,0,-1,1188
1350,696,696,0,-1,1189
1351,697,697,0,-1,1190
1352,-1,-1,0,-1,1191
1353,698,698,0,-1,1192
1354,-1,-1,0,-1,1193
1355,-1,-1,0,-1,1193
1356,-1,-1,0,-1,1194
1357,-1,-1,0,-1,1194
1358,699,699,0,-1,1195
1359,700,700,0,-1,1196
1360,-1,-1,0,-1,1197
1361,-1,-1,0,-1,1197
1362,701,701,0,-1,1197
1363,-1,-1,0,-1,1197
1364,-1,-1,0,-1,1198
1365,-1,-1,0,-1,1199
1366,-1,-1,0,-1,1200
1367,-1,-1,0,-1,1201
1368,702,702,0,-1,1202
1369,703,703,0,-1,1203
1370,703,704,0,-1,1204
1371,704,705,0,-1,1205
1372,705,705,0,-1,1206
1373,-1,-1,0,-1,1207
1374,-1,-1,0,-1,1207
1375,706,706,0,-1,1208
1376,-1,-1,0,-1,1209
1377,-1,-1,0,-1,1209
1378,-1,-1,0,-1,1210
1379,-1,-1,0,-1,1211
1380,-1,-1,0,-1,1212
1381,707,706,0,-1,1212
1382,708,707,0,-1,1212
1383,709,708,0,-1,1213
1384,-1,-1,0,-1,1214
1385,709,709,0,-1,1215
1386,-1,-1,0,-1,1216
1387,709,710,0,-1,1217
1388,710,711,0,-1,1218
1389,-1,-1,0,-1,1219
1390,-1,-1,0,-1,1219
1391,-1,-1,0,-1,1219
1392,711,711,0,-1,1220
1393,-1,-1,0,-1,1221
1394,-1,-1,0,-1,1222
1395,712,712,0,-1,1223
1396,713,713,0,-1,1224
1397,714,714,0,-1,1225
1398,715,715,0,-1,1226
1399,716,715,0,-1,1227
1400,717,716,0,-1,1228
1401,718,717,0,-1,1229
1402,-1,-1,0,-1,1230
1403,719,718,0,-1,1231
1404,-1,-1,0,-1,1232
1405,-1,-1,0,-1,1233
1406,-1,-1,0,-1,1234
1407,-1,-1,0,-1,1235
1408,720,719,0,-1,1236
1409,-1,-1,0,-1,1237
1410,721,720,0,-1,1238
1411,722,721,0,-1,1239
1412,723,721,0,-1,1240
1413,724,721,0,-1,1240
1414,725,722,0,-1,1241
1415,726,723,0,-1,1242
1416,727,724,0,-1,1243
1417,728,725,0,-1,1244
1418,-1,-1,0,-1,1245
1419,-1,-1,0,-1,1246
1420,728,726,0,-1,1247
1421,729,727,0,-1,1248
1422,730,728,0,-1,1249
1423,730,729,0,-1,1250
1424,-1,-1,0,-1,1251
1425,731,730,0,-1,1252
1426,732,731,0,-1,1253
1427,-1,-1,0,-1,1254
1428,733,732,0,-1,1255
1429,734,733,0,-1,1256
1430,-1,-1,0,-1,1257
1431,-1,-1,0,-1,1258
1432,735,734,0,-1,1259
1433,-1,-1,0,-1,1260
1434,736,735,0,-1,1261
1435,737,736,0,-1,1262
1436,-1,-1,0,-1,1263
1437,737,737,0,-1,1263
1438,738,737,0,-1,1263
1439,-1,-1,0,-1,1264
1440,-1,-1,0,-1,1265
1441,739,737,0,-1,1266
1442,740,738,0,-1,1267
1443,741,738,0,-1,1268
1444,-1,-1,0,-1,1269
1445,741,738,0,-1,1270
1446,-1,-1,0,-1,1271
1447,742,739,0,-1,1272
1448,743,740,0,-1,1273
1449,744,741,0,-1,1274
1450,-1,-1,0,-1,1275
1451,744,742,0,-1,1276
1452,744,743,0,-1,1277
1453,744,744,0,-1,1278
1454,744,744,0,-1,1279
1455,744,745,0,-1,1280
1456,744,746,0,-1,1281
1457,-1,-1,0,-1,1282
1458,-1,-1,0,-1,1283
1459,745,747,0,-1,1283
1460,746,748,0,-1,1284
1461,-1,-1,0,-1,1284
1462,-1,-1,0,-1,1285
1463,-1,-1,0,-1,1286
1464,747,749,0,-1,1287
1465,748,750,0,-1,1288
1466,-1,-1,0,-1,1289
1467,-1,-1,0,-1,1290
1468,749,750,0,-1,1291
1469,750,751,0,-1,1292
1470,-1,-1,0,-1,1292
1471,-1,-1,0,-1,1292
1472,751,752,0,-1,1293
1473,752,753,0,-1,1294
1474,753,754,0,-1,1295
1475,754,755,0,-1,1296
1476,-1,-1,0,-1,1297
1477,-1,-1,0,-1,1297
1478,-1,-1,0,-1,1297
1479,755,756,0,-1,1298
1480,-1,-1,0,-1,1299
1481,755,757,0,-1,1300
1482,755,758,0,-1,1301
1483,-1,-1,0,-1,1302
1484,755,759,0,-1,1303
1485,756,760,0,-1,1304
1486,757,761,0,-1,1305
1487,758,762,0,-1,1306
1488,759,763,0,-1,1307
1489,760,764,0,-1,1308
1490,-1,-1,0,-1,1309
1491,761,765,0,-1,1310
1492,-1,-1,0,-1,1311
1493,-1,-1,0,-1,1311
1494,-1,-1,0,-1,1312
1495,762,766,0,-1,1313
1496,763,767,0,-1,1314
1497,764,768,0,-1,1315
1498,-1,-1,0,-1,1316
1499,-1,-1,0,-1,1317
1500,765,769,0,-1,1318
1501,766,770,0,-1,1319
1502,-1,-1,0,-1,1320
1503,766,771,0,-1,1321
1504,767,771,0,-1,1322
1505,768,772,0,-1,1323
1506,769,773,0,-1,1323
1507,770,774,0,-1,1324
1508,-1,-1,0,-1,1325
1509,-1,-1,0,-1,1326
1510,771,775,0,-1,1327
1511,-1,-1,0,-1,1328
1512,772,776,0,-1,1329
1513,-1,-1,0,-1,1330
1514,773,777,0,-1,1331
1515,774,778,0,-1,1332
1516,-1,-1,0,-1,1333
1517,-1,-1,0,-1,1333
1518,-1,-1,0,-1,1333
1519,775,779,0,-1,1334
1520,-1,-1,0,-1,1335
1521,-1,-1,0,-1,1336
1522,776,780,0,-1,1337
1523,777,780,0,-1,1338
1524,-1,-1,0,-1,1339
1525,-1,-1,0,-1,1339
1526,-1,-1,0,-1,1339
1527,-1,-1,0,-1,1339
1528,778,781,0,-1,1340
1529,779,782,0,-1,1341
1530,780,783,0,-1,1342
1531,781,784,0,-1,1343
1532,-1,-1,0,-1,1344
1533,-1,-1,0,-1,1344
1534,-1,-1,0,-1,1344
1535,-1,-1,0,-1,1345
1536,782,785,0,-1,1346
1537,783,786,0,-1,1347
1538,784,786,0,-1,1347
1539,785,786,0,-1,1347
1540,-1,-1,0,-1,1348
1541,-1,-1,0,-1,1348
1542,-1,-1,0,-1,1349
1543,785,787,0,-1,1349
1544,785,788,0,-1,1350
1545,786,789,0,-1,1351
1546,787,789,0,-1,1352
1547,788,789,0,-1,1353
1548,-1,-1,0,-1,1354
1549,-1,-1,0,-1,1355
1550,789,790,0,-1,1356
1551,790,791,0,-1,1357
1552,-1,-1,0,-1,1358
1553,-1,-1,0,-1,1358
1554,791,792,0,-1,1359
1555,792,793,0,-1,1360
1556,793,793,0,-1,1360
1557,794,794,0,-1,1361
1558,795,794,0,-1,1362
1559,-1,-1,0,-1,1363
1560,-1,-1,0,-1,1364
1561,796,795,0,-1,1365
1562,-1,-1,0,-1,1366
1563,797,796,0,-1,1367
1564,798,797,0,-1,1368
1565,799,798,0,-1,1369
1566,-1,-1,0,-1,1370
1567,800,799,0,-1,1371
1568,-1,-1,0,-1,1372
1569,801,800,0,-1,1373
1570,-1,-1,0,-1,1374
1571,802,801,0,-1,1375
1572,803,802,0,-1,1376
1573,-1,-1,0,-1,1377
1574,-1,-1,0,-1,1378
1575,804,803,0,-1,1379
1576,-1,-1,0,-1,1380
1577,-1,-1,0,-1,1381
1578,805,804,0,-1,1382
1579,-1,-1,0,-1,1383
1580,806,805,0,-1,1384
1581,807,805,0,-1,1385
1582,-1,-1,0,-1,1386
1583,-1,-1,0,-1,1386
1584,808,806,0,-1,1387
1585,-1,-1,0,-1,1388
1586,-1,-1,0,-1,1389
1587,809,807,0,-1,1390
1588,810,808,0,-1,1391
1589,811,809,0,-1,1392
1590,-1,-1,0,-1,1393
1591,-1,-1,0,-1,1394
1592,-1,-1,0,-1,1395
1593,812,810,0,-1,1396
1594,813,810,0,-1,1397
1595,-1,-1,0,-1,1398
1596,814,811,0,-1,1399
1597,-1,-1,0,-1,1400
1598,-1,-1,0,-1,1401
1599,814,812,0,-1,1402
1600,814,813,0,-1,1403
1601,-1,-1,0,-1,1404
1602,815,814,0,-1,1405
1603,-1,-1,0,-1,1406
1604,816,815,0,-1,1407
1605,817,816,0,-1,1408
1606,817,817,0,-1,1409
1607,818,818,0,-1,1410
1608,819,819,0,-1,1411
1609,820,820,0,-1,1412
1610,-1,-1,0,-1,1412
1611,821,821,0,-1,1413
1612,822,822,0,-1,1414
1613,823,823,0,-1,1415
1614,824,824,0,-1,1416
1615,-1,-1,0,-1,1417
1616,824,824,0,-1,1417
1617,825,824,0,-1,1418
1618,-1,-1,0,-1,1419
1619,826,824,0,-1,1420
1620,-1,-1,0,-1,1421
1621,-1,-1,0,-1,1421
1622,-1,-1,0,-1,1422
1623,827,825,0,-1,1423
1624,828,826,0,-1,1424
1625,-1,-1,0,-1,1425
1626,-1,-1,0,-1,1426
1627,-1,-1,0,-1,1427
1628,829,827,0,-1,1428
1629,830,828,0,-1,1429
1630,831,829,0,-1,1430
1631,-1,-1,0,-1,1431
1632,832,830,0,-1,1432
1633,-1,-1,0,-1,1433
1634,833,830,0,-1,1434
1635,834,831,0,-1,1435
1636,-1,-1,0,-1,1436
1637,-1,-1,0,-1,1437
1638,835,832,0,-1,1438
1639,-1,-1,0,-1,1439
1640,836,833,0,-1,1440
1641,837,834,0,-1,1441
1642,838,835,0,-1,1442
1643,839,836,0,-1,1443
1644,-1,-1,0,-1,1443
1645,840,837,0,-1,1444
1646,-1,-1,0,-1,1445
1647,-1,-1,0,-1,1446
1648,-1,-1,0,-1,1447
1649,-1,-1,0,-1,1447
1650,-1,-1,0,-1,1448
1651,841,838,0,-1,1449
1652,842,839,0,-1,1450
1653,843,840,0,-1,1451
1654,844,841,0,-1,1452
1655,845,842,0,-1,1453
1656,846,843,0,-1,1454
1657,847,843,0,-1,1455
1658,-1,-1,0,-1,1456
1659,848,844,0,-1,1457
1660,849,845,0,-1,1458
1661,-1,-1,0,-1,1459
1662,850,846,0,-1,1460
1663,851,847,0,-1,1461
1664,-1,-1,0,-1,1462
1665,852,848,0,-1,1463
1666,853,849,0,-1,1464
1667,-1,-1,0,-1,1465
1668,854,850,0,-1,1466
1669,855,851,0,-1,1467
1670,856,851,0,-1,1468
1671,857,852,0,-1,1469
1672,858,853,0,-1,1470
1673,-1,-1,0,-1,1471
1674,-1,-1,0,-1,1472
1675,859,854,0,-1,1473
1676,860,854,0,-1,1474
1677,-1,-1,0,-1,1475
1678,861,854,0,-1,1476
1679,862,855,0,-1,1477
1680,862,856,0,-1,1478
1681,863,857,0,-1,1479
1682,864,858,0,-1,1480
1683,865,859,0,-1,1481
1684,-1,-1,0,-1,1482
1685,866,860,0,-1,1483
1686,-1,-1,0,-1,1483
1687,867,861,0,-1,1484
1688,-1,-1,0,-1,1485
1689,-1,-1,0,-1,1486
1690,868,862,0,-1,1487
1691,869,863,0,-1,1488
1692,870,863,0,-1,1489
1693,-1,-1,0,-1,1490
1694,-1,-1,0,-1,1490
1695,871,864,0,-1,1491
1696,-1,-1,0,-1,1492
1697,-1,-1,0,-1,1493
1698,872,865,0,-1,1494
1699,-1,-1,0,-1,1495
1700,873,866,0,-1,1496
1701,-1,-1,0,-1,1497
1702,874,866,0,-1,1498
1703,-1,-1,0,-1,1499
1704,-1,-1,0,-1,1500
1705,875,866,0,-1,1501
1706,876,867,0,-1,1502
1707,-1,-1,0,-1,1503
1708,877,868,0,-1,1504
1709,-1,-1,0,-1,1505
1710,877,869,0,-1,1506
1711,-1,-1,0,-1,1506
1712,-1,-1,0,-1,1507
1713,878,870,0,-1,1507
1714,879,871,0,-1,1507
1715,-1,-1,0,-1,1507
1716,880,872,0,-1,1508
1717,-1,-1,0,-1,1509
1718,880,873,0,-1,1510
1719,880,874,0,-1,1511
1720,881,875,0,-1,1512
1721,-1,-1,0,-1,1513
1722,882,876,0,-1,1514
1723,883,877,0,-1,1514
1724,884,878,0,-1,1515
1725,885,879,0,-1,1516
1726,-1,-1,0,-1,1517
1727,886,880,0,-1,1518
1728,887,881,0,-1,1519
1729,888,882,0,-1,1520
1730,-1,-1,0,-1,1521
1731,-1,-1,0,-1,1521
1732,889,883,0,-1,1521
1733,890,884,0,-1,1522
1734,-1,-1,0,-1,1523
1735,891,885,0,-1,1524
1736,892,886,0,-1,1525
1737,-1,-1,0,-1,1526
1738,893,887,0,-1,1527
1739,893,888,0,-1,1528
1740,894,889,0,-1,1529
1741,895,890,0,-1,1530
1742,896,891,0,-1,1531
1743,-1,-1,0,-1,1532
1744,-1,-1,0,-1,1532
1745,-1,-1,0,-1,1533
1746,897,892,0,-1,1533
1747,-1,-1,0,-1,1534
1748,-1,-1,0,-1,1535
1749,-1,-1,0,-1,1536
1750,-1,-1,0,-1,1537
1751,-1,-1,0,-1,1538
1752,898,893,0,-1,1539
1753,-1,-1,0,-1,1540
1754,899,894,0,-1,1541
1755,900,895,0,-1,1542
1756,901,896,0,-1,1543
1757,-1,-1,0,-1,1544
1758,902,897,0,-1,1545
1759,903,898,0,-1,1546
1760,-1,-1,0,-1,1547
1761,-1,-1,0,-1,1547
1762,904,899,0,-1,1548
1763,904,900,0,-1,1549
1764,904,900,0,-1,1550
1765,-1,-1,0,-1,1551
1766,904,901,0,-1,1552
1767,-1,-1,0,-1,1553
1768,905,902,0,-1,1554
1769,906,903,0,-1,1555
1770,907,904,0,-1,1556
1771,908,904,0,-1,1557
1772,-1,-1,0,-1,1558
1773,909,905,0,-1,1559
1774,910,906,0,-1,1560
1775,-1,-1,0,-1,1561
1776,-1,-1,0,-1,1562
1777,-1,-1,0,-1,1563
1778,911,907,0,-1,1564
1779,-1,-1,0,-1,1565
1780,912,908,0,-1,1566
1781,913,909,0,-1,1567
1782,914,910,0,-1,1568
1783,-1,-1,0,-1,1569
1784,915,911,0,-1,1570
1785,-1,-1,0,-1,1571
1786,-1,-1,0,-1,1571
1787,916,912,0,-1,1572
1788,917,913,0,-1,1573
1789,918,914,0,-1,1574
1790,919,915,0,-1,1575
1791,-1,-1,0,-1,1576
1792,920,916,0,-1,1577
1793,-1,-1,0,-1,1578
1794,921,916,0,-1,1579
1795,922,916,0,-1,1580
1796,923,916,0,-1,1581
1797,924,916,0,-1,1582
1798,925,917,0,-1,1583
1799,926,918,0,-1,1584
1800,927,919,0,-1,1585
1801,927,920,0,-1,1586
1802,-1,-1,0,-1,1587
1803,-1,-1,0,-1,1587
1804,-1,-1,0,-1,1588
1805,928,921,0,-1,1589
1806,929,922,0,-1,1590
1807,930,922,0,-1,1591
1808,-1,-1,0,-1,1592
1809,-1,-1,0,-1,1592
1810,931,923,0,-1,1592
1811,-1,-1,0,-1,1593
1812,932,924,0,-1,1594
1813,-1,-1,0,-1,1595
1814,933,925,0,-1,1596
1815,-1,-1,0,-1,1597
1816,933,926,0,-1,1598
1817,934,927,0,-1,1599
1818,-1,-1,0,-1,1600
1819,935,928,0,-1,1601
1820,936,929,0,-1,1602
1821,937,930,0,-1,1603
1822,938,931,0,-1,1603
1823,939,932,0,-1,1604
1824,940,933,0,-1,1604
1825,941,934,0,-1,1605
1826,942,935,0,-1,1606
1827,-1,-1,0,-1,1607
1828,943,936,0,-1,1608
1829,-1,-1,0,-1,1609
1830,944,937,0,-1,1610
1831,-1,-1,0,-1,1611
1832,945,938,0,-1,1612
1833,-1,-1,0,-1,1613
1834,946,939,0,-1,1614
1835,947,940,0,-1,1615
1836,947,941,0,-1,1616
1837,-1,-1,0,-1,1617
1838,948,942,0,-1,1618
1839,949,943,0,-1,1619
1840,-1,-1,0,-1,1620
1841,950,944,0,-1,1621
1842,-1,-1,0,-1,1622
1843,950,945,0,-1,1623
1844,-1,-1,0,-1,1624
1845,951,946,0,-1,1625
1846,-1,-1,0,-1,1626
1847,-1,-1,0,-1,1627
1848,-1,-1,0,-1,1627
1849,952,947,0,-1,1628
1850,953,948,0,-1,1629
1851,-1,-1,0,-1,1630
1852,954,948,0,-1,1631
1853,-1,-1,0,-1,1632
1854,-1,-1,0,-1,1633
1855,955,948,0,-1,1634
1856,956,948,0,-1,1635
1857,-1,-1,0,-1,1636
1858,957,949,0,-1,1637
1859,-1,-1,0,-1,1638
1860,-1,-1,0,-1,1638
1861,958,950,0,-1,1639
1862,959,951,0,-1,1640
1863,960,952,0,-1,1641
1864,-1,-1,0,-1,1642
1865,961,953,0,-1,1643
1866,962,953,0,-1,1644
1867,963,953,0,-1,1645
1868,964,954,0,-1,1646
1869,965,955,0,-1,1647
1870,966,956,0,-1,1648
1871,-1,-1,0,-1,1649
1872,967,957,0,-1,1650
1873,968,958,0,-1,1651
1874,-1,-1,0,-1,1652
1875,969,958,0,-1,1653
1876,-1,-1,0,-1,1654
1877,970,958,0,-1,1655
1878,-1,-1,0,-1,1656
1879,971,959,0,-1,1657
1880,972,960,0,-1,1658
1881,-1,-1,0,-1,1659
1882,-1,-1,0,-1,1660
1883,-1,-1,0,-1,1660
1884,-1,-1,0,-1,1660
1885,973,961,0,-1,1661
1886,974,962,0,-1,1662
1887,975,963,0,-1,1663
1888,-1,-1,0,-1,1664
1889,-1,-1,0,-1,1665
1890,976,964,0,-1,1666
1891,977,965,0,-1,1667
1892,-1,-1,0,-1,1668
1893,-1,-1,0,-1,1669
1894,978,966,0,-1,1670
1895,-1,-1,0,-1,1671
1896,-1,-1,0,-1,1672
1897,979,967,0,-1,1673
1898,980,968,0,-1,1674
1899,981,969,0,-1,1675
1900,982,970,0,-1,1676
1901,-1,-1,0,-1,1677
1902,983,971,0,-1,1677
1903,984,972,0,-1,1678
1904,985,973,0,-1,1679
1905,-1,-1,0,-1,1680
1906,986,974,0,-1,1681
1907,986,975,0,-1,1682
1908,987,976,0,-1,1682
1909,-1,-1,0,-1,1683
1910,-1,-1,0,-1,1684
1911,988,977,0,-1,1685
1912,989,977,0,-1,1686
1913,989,978,0,-1,1687
1914,990,978,0,-1,1688
1915,991,978,0,-1,1689
1916,992,979,0,-1,1690
1917,993,980,0,-1,1691
1918,-1,-1,0,-1,1692
1919,994,981,0,-1,1693
1920,994,982,0,-1,1694
1921,995,983,0,-1,1695
1922,-1,-1,0,-1,1696
1923,-1,-1,0,-1,1697
1924,996,984,0,-1,1698
1925,-1,-1,0,-1,1698
1926,997,985,0,-1,1699
1927,998,986,0,-1,1700
1928,999,987,0,-1,1701
1929,1000,988,0,-1,1702
1930,1001,989,0,-1,1703
1931,-1,-1,0,-1,1704
1932,1002,990,0,-1,1705
1933,1003,991,0,-1,1706
1934,1004,992,0,-1,1707
1935,1005,993,0,-1,1708
1936,-1,-1,0,-1,1709
1937,1006,994,0,-1,1710
1938,1007,994,0,-1,1711
1939,1008,995,0,-1,1712
1940,1009,996,0,-1,1713
1941,-1,-1,0,-1,1714
1942,-1,-1,0,-1,1715
1943,1010,997,0,-1,1716
1944,1011,998,0,-1,1717
1945,-1,-1,0,-1,1718
1946,-1,-1,0,-1,1719
1947,-1,-1,0,-1,1719
1948,1012,999,0,-1,1720
1949,1013,999,0,-1,1721
1950,1014,1000,0,-1,1722
1951,1015,1001,0,-1,1723
1952,1015,1002,0,-1,1724
1953,1015,1003,0,-1,1725
1954,-1,-1,0,-1,1726
1955,-1,-1,0,-1,1727
1956,1016,1003,0,-1,1728
1957,-1,-1,0,-1,1729
1958,1017,1004,0,-1,1730
1959,-1,-1,0,-1,1731
1960,-1,-1,0,-1,1732
1961,1018,1005,0,-1,1733
1962,1019,1006,0,-1,1734
1963,1020,1007,0,-1,1735
1964,1021,1008,0,-1,1736
1965,1022,1008,0,-1,1737
1966,1023,1009,0,-1,1738
1967,1024,1010,0,-1,1738
1968,-1,-1,0,-1,1739
1969,1025,1011,0,-1,1740
1970,-1,-1,0,-1,1741
1971,1026,1012,0,-1,1742
1972,1027,1013,0,-1,1743
1973,-1,-1,0,-1,1744
1974,1028,1014,0,-1,1745
1975,-1,-1,0,-1,1746
1976,1028,1015,0,-1,1747
1977,1029,1016,0,-1,1748
1978,1030,1017,0,-1,1749
1979,-1,-1,0,-1,1750
1980,-1,-1,0,-1,1750
1981,1031,1018,0,-1,1751
1982,-1,-1,0,-1,1752
1983,1032,1019,0,-1,1752
1984,-1,-1,0,-1,1753
1985,1033,1020,0,-1,1754
1986,-1,-1,0,-1,1755
1987,-1,-1,0,-1,1756
1988,1033,1021,0,-1,1757
1989,-1,-1,0,-1,1758
1990,1034,1022,0,-1,1759
1991,1035,1023,0,-1,1760
1992,1036,1024,0,-1,1761
1993,1037,1025,0,-1,1761
1994,-1,-1,0,-1,1762
1995,1038,1026,0,-1,1763
1996,1039,1027,0,-1,1764
1997,1040,1028,0,-1,1765
1998,-1,-1,0,-1,1765
1999,1041,1029,0,-1,1766
2000,-1,-1,0,-1,1767
2001,1042,1030,0,-1,1768
2002,-1,-1,0,-1,1769
2003,1043,1031,0,-1,1770
2004,-1,-1,0,-1,1771
2005,-1,-1,0,-1,1772
2006,-1,-1,0,-1,1772
2007,-1,-1,0,-1,1773
2008,-1,-1,0,-1,1774
2009,-1,-1,0,-1,1775
2010,-1,-1,0,-1,1776
2011,-1,-1,0,-1,1777
2012,1043,1032,0,-1,1778
2013,-1,-1,0,-1,1779
2014,1043,1033,0,-1,1780
2015,-1,-1,0,-1,1781
2016,1044,1034,0,-1,1782
2017,1045,1035,0,-1,1783
2018,-1,-1,0,-1,1784
2019,1046,1035,0,-1,1785
2020,-1,-1,0,-1,1786
2021,-1,-1,0,-1,1786
2022,1047,1036,0,-1,1786
2023,1048,1037,0,-1,1787
2024,1049,1038,0,-1,1788
2025,-1,-1,0,-1,1789
2026,1050,1039,0,-1,1790
2027,-1,-1,0,-1,1791
2028,1051,1040,0,-1,1792
2029,-1,-1,0,-1,1793
2030,-1,-1,0,-1,1794
2031,-1,-1,0,-1,1795
2032,1052,1041,0,-1,1796
2033,-1,-1,0,-1,1797
2034,-1,-1,0,-1,1798
2035,-1,-1,0,-1,1798
2036,-1,-1,0,-1,1798
2037,-1,-1,0,-1,1799
2038,1052,1041,0,-1,1800
2039,-1,-1,0,-1,1801
2040,1053,1042,0,-1,1802
2041,1053,1043,0,-1,1803
2042,-1,-1,0,-1,1804
2043,-1,-1,0,-1,1804
2044,1054,1044,0,-1,1805
2045,-1,-1,0,-1,1806
2046,1055,1045,0,-1,1807
2047,1056,1046,0,-1,1808
2048,-1,-1,0,-1,1809
2049,-1,-1,0,-1,1809
2050,1056,1047,0,-1,1810
2051,1056,1047,0,-1,1811
2052,1057,1048,0,-1,1812
2053,1058,1049,0,-1,1813
2054,1059,1050,0,-1,1813
2055,1060,1051,0,-1,1814
2056,1061,1052,0,-1,1815
2057,-1,-1,0,-1,1816
2058,-1,-1,0,-1,1817
2059,1061,1053,0,-1,1818
2060,-1,-1,0,-1,1819
2061,-1,-1,0,-1,1820
2062,-1,-1,0,-1,1821
2063,-1,-1,0,-1,1822
2064,-1,-1,0,-1,1823
2065,-1,-1,0,-1,1824
2066,-1,-1,0,-1,1825
2067,-1,-1,0,-1,1825
2068,1062,1054,0,-1,1825
2069,1062,1054,0,-1,1826
2070,1063,1055,0,-1,1827
2071,-1,-1,0,-1,1828
2072,1064,1056,0,-1,1828
2073,1065,1056,0,-1,1829
2074,-1,-1,0,-1,1830
2075,-1,-1,0,-1,1831
2076,-1,-1,0,-1,1831
2077,1066,1057,0,-1,1832
2078,1067,1058,0,-1,1833
2079,1068,1059,0,-1,1834
2080,1069,1060,0,-1,1835
2081,1070,1061,0,-1,1836
2082,-1,-1,0,-1,1837
2083,-1,-1,0,-1,1838
2084,-1,-1,0,-1,1839
2085,-1,-1,0,-1,1840
2086,-1,-1,0,-1,1841
2087,-1,-1,0,-1,1842
2088,1071,1062,0,-1,1843
2089,-1,-1,0,-1,1844
2090,1072,1063,0,-1,1845
2091,-1,-1,0,-1,1846
2092,1073,1064,0,-1,1847
2093,1074,1065,0,-1,1847
2094,1075,1066,0,-1,1848
2095,1076,1067,0,-1,1849
2096,1077,1068,0,-1,1850
2097,-1,-1,0,-1,1851
2098,1078,1069,0,-1,1852
2099,-1,-1,0,-1,1853
2100,1079,1070,0,-1,1854
2101,-1,-1,0,-1,1855
2102,1080,1070,0,-1,1855
2103,1081,1071,0,-1,1856
2104,1082,1072,0,-1,1857
2105,-1,-1,0,-1,1857
2106,-1,-1,0,-1,1857
2107,1083,1073,0,-1,1858
2108,-1,-1,0,-1,1859
2109,-1,-1,0,-1,1860
2110,-1,-1,0,-1,1860
2111,1084,1074,0,-1,1861
2112,1085,1075,0,-1,1862
2113,-1,-1,0,-1,1863
2114,1086,1076,0,-1,1864
2115,1087,1077,0,-1,1865
2116,1088,1078,0,-1,1866
2117,1088,1079,0,-1,1867
2118,1088,1079,0,-1,1868
2119,-1,-1,0,-1,1869
2120,-1,-1,0,-1,1870
2121,1088,1079,0,-1,1871
2122,1089,1080,0,-1,1872
2123,-1,-1,0,-1,1873
2124,-1,-1,0,-1,1873
2125,-1,-1,0,-1,1874
2126,1090,1081,0,-1,1875
2127,1091,1082,0,-1,1876
2128,1092,1083,0,-1,1877
2129,1093,1084,0,-1,1878
2130,-1,-1,0,-1,1879
2131,-1,-1,0,-1,1880
2132,-1,-1,0,-1,1881
2133,1094,1085,0,-1,1882
2134,1095,1086,0,-1,1883
2135,-1,-1,0,-1,1884
2136,1096,1087,0,-1,1885
2137,-1,-1,0,-1,1886
2138,-1,-1,0,-1,1887
2139,-1,-1,0,-1,1887
2140,-1,-1,0,-1,1888
2141,-1,-1,0,-1,1889
2142,-1,-1,0,-1,1890
2143,-1,-1,0,-1,1891
2144,1097,1088,0,-1,1892
2145,-1,-1,0,-1,1893
2146,1098,1089,0,-1,1894
2147,1099,1090,0,-1,1895
2148,1100,1091,0,-1,1896
2149,1101,1092,0,-1,1897
2150,-1,-1,0,-1,1898
2151,1102,1093,0,-1,1899
2152,-1,-1,0,-1,1900
2153,1103,1094,0,-1,1901
2154,-1,-1,0,-1,1902
2155,1103,1095,0,-1,1902
2156,1104,1096,0,-1,1903
2157,-1,-1,0,-1,1904
2158,1105,1097,0,-1,1905
2159,-1,-1,0,-1,1906
2160,1106,1098,0,-1,1907
2161,-1,-1,0,-1,1908
2162,-1,-1,0,-1,1909
2163,1107,1099,0,-1,1910
2164,-1,-1,0,-1,1911
2165,1108,1100,0,-1,1911
2166,-1,-1,0,-1,1911
2167,-1,-1,0,-1,1912
2168,1109,1100,0,-1,1912
2169,1109,1101,0,-1,1913
2170,1109,1102,0,-1,1914
2171,1109,1103,0,-1,1915
2172,1110,1104,0,-1,1916
2173,1110,1104,0,-1,1917
2174,-1,-1,0,-1,1918
2175,1111,1105,0,-1,1919
2176,-1,-1,0,-1,1920
2177,1112,1106,0,-1,1921
2178,-1,-1,0,-1,1922
2179,1113,1107,0,-1,1923
2180,1114,1108,0,-1,1924
2181,1115,1109,0,-1,1925
2182,1115,1110,0,-1,1925
2183,-1,-1,0,-1,1926
2184,-1,-1,0,-1,1927
2185,1116,1111,0,-1,1928
2186,-1,-1,0,-1,1929
2187,1117,1112,0,-1,1930
2188,-1,-1,0,-1,1931
2189,1118,1112,0,-1,1931
2190,-1,-1,0,-1,1931
2191,1119,1112,0,-1,1932
2192,-1,-1,0,-1,1933
2193,1119,1112,0,-1,1934
2194,1120,1113,0,-1,1935
2195,-1,-1,0,-1,1935
2196,1121,1114,0,-1,1935
2197,-1,-1,0,-1,1936
2198,1122,1115,0,-1,1937
2199,-1,-1,0,-1,1938
2200,1122,1116,0,-1,1939
2201,1123,1116,0,-1,1940
2202,-1,-1,0,-1,1941
2203,-1,-1,0,-1,1942
2204,-1,-1,0,-1,1942
2205,-1,-1,0,-1,1943
2206,-1,-1,0,-1,1944
2207,1124,1117,0,-1,1945
2208,-1,-1,0,-1,1946
2209,1124,1118,0,-1,1947
2210,1125,1119,0,-1,1948
2211,1126,1120,0,-1,1949
2212,-1,-1,0,-1,1950
2213,-1,-1,0,-1,1950
2214,1127,1121,0,-1,1951
2215,1128,1122,0,-1,1952
2216,1129,1123,0,-1,1953
2217,-1,-1,0,-1,1954
2218,-1,-1,0,-1,1955
2219,-1,-1,0,-1,1956
2220,-1,-1,0,-1,1957
2221,-1,-1,0,-1,1958
2222,1130,1124,0,-1,1959
2223,1131,1125,0,-1,1959
2224,1132,1126,0,-1,1960
2225,-1,-1,0,-1,1961
2226,1133,1127,0,-1,1961
2227,-1,-1,0,-1,1962
2228,-1,-1,0,-1,1963
2229,-1,-1,0,-1,1964
2230,-1,-1,0,-1,1965
2231,1134,1128,0,-1,1966
2232,-1,-1,0,-1,1967
2233,-1,-1,0,-1,1968
2234,1135,1129,0,-1,1969
2235,1136,1130,0,-1,1970
2236,1137,1131,0,-1,1970
2237,-1,-1,0,-1,1971
2238,-1,-1,0,-1,1972
2239,-1,-1,0,-1,1973
2240,1138,1132,0,-1,1973
2241,-1,-1,0,-1,1974
2242,1139,1133,0,-1,1975
2243,1140,1133,0,-1,1975
2244,1141,1134,0,-1,1976
2245,1142,1135,0,-1,1977
2246,1143,1136,0,-1,1978
2247,1144,1137,0,-1,1978
2248,-1,-1,0,-1,1978
2249,-1,-1,0,-1,1979
2250,-1,-1,0,-1,1979
2251,-1,-1,0,-1,1979
2252,-1,-1,0,-1,1980
2253,1145,1138,0,-1,1981
2254,-1,-1,0,-1,1982
2255,-1,-1,0,-1,1983
2256,1146,1139,0,-1,1984
2257,-1,-1,0,-1,1984
2258,-1,-1,0,-1,1985
2259,1147,1140,0,-1,1986
2260,1148,1141,0,-1,1987
2261,1149,1142,0,-1,1987
2262,-1,-1,0,-1,1988
2263,1150,1143,0,-1,1989
2264,1151,1144,0,-1,1990
2265,1152,1145,0,-1,1991
2266,-1,-1,0,-1,1992
2267,1153,1146,0,-1,1993
2268,1154,1147,0,-1,1994
2269,1155,1147,0,-1,1995
2270,-1,-1,0,-1,1996
2271,1156,1148,0,-1,1997
2272,1157,1149,0,-1,1998
2273,-1,-1,0,-1,1998
2274,1158,1150,0,-1,1999
2275,-1,-1,0,-1,2000
2276,1159,1151,0,-1,2001
2277,-1,-1,0,-1,2002
2278,1160,1152,0,-1,2003
2279,1161,1153,0,-1,2004
2280,-1,-1,0,-1,2005
2281,-1,-1,0,-1,2006
2282,-1,-1,0,-1,2007
2283,-1,-1,0,-1,2008
2284,1162,1154,0,-1,2009
2285,1163,1155,0,-1,2010
2286,-1,-1,0,-1,2011
2287,1163,1156,0,-1,2012
2288,1164,1156,0,-1,2013
2289,-1,-1,0,-1,2014
2290,-1,-1,0,-1,2014
2291,1165,1157,0,-1,2015
2292,-1,-1,0,-1,2016
2293,-1,-1,0,-1,2017
2294,1166,1158,0,-1,2017
2295,1167,1159,0,-1,2018
2296,1168,1160,0,-1,2019
2297,-1,-1,0,-1,2020
2298,1169,1161,0,-1,2021
2299,1170,1162,0,-1,2022
2300,1171,1162,0,-1,2023
2301,1171,1163,0,-1,2024
2302,1172,1164,0,-1,2025
2303,-1,-1,0,-1,2026
2304,1173,1164,0,-1,2026
2305,-1,-1,0,-1,2027
2306,-1,-1,0,-1,2028
2307,1173,1165,0,-1,2029
2308,-1,-1,0,-1,2030
2309,-1,-1,0,-1,2031
2310,1174,1166,0,-1,2032
2311,-1,-1,0,-1,2033
2312,1175,1167,0,-1,2034
2313,-1,-1,0,-1,2035
2314,-1,-1,0,-1,2036
2315,1176,1168,0,-1,2037
2316,1177,1169,0,-1,2038
2317,-1,-1,0,-1,2039
2318,1177,1170,0,-1,2039
2319,1178,1171,0,-1,2040
2320,1179,1172,0,-1,2041
2321,-1,-1,0,-1,2042
2322,1180,1173,0,-1,2043
2323,1181,1174,0,-1,2044
2324,-1,-1,0,-1,2045
2325,-1,-1,0,-1,2045
2326,1182,1175,0,-1,2046
2327,-1,-1,0,-1,2047
2328,-1,-1,0,-1,2048
2329,-1,-1,0,-1,2049
2330,1183,1176,0,-1,2050
2331,-1,-1,0,-1,2051
2332,1184,1176,0,-1,2052
2333,1184,1176,0,-1,2053
2334,1184,1177,0,-1,2054
2335,-1,-1,0,-1,2055
2336,1184,1178,0,-1,2056
2337,1185,1179,0,-1,2057
2338,1186,1180,0,-1,2058
2339,-1,-1,0,-1,2059
2340,1187,1181,0,-1,2060
2341,-1,-1,0,-1,2061
2342,-1,-1,0,-1,2062
2343,1188,1182,0,-1,2063
2344,1189,1183,0,-1,2064
2345,-1,-1,0,-1,2065
2346,1189,1184,0,-1,2065
2347,1190,1185,0,-1,2066
2348,1191,1186,0,-1,2067
2349,-1,-1,0,-1,2067
2350,1192,1187,0,-1,2067
2351,1193,1188,0,-1,2068
2352,1194,1189,0,-1,2069
2353,1194,1190,0,-1,2070
2354,1195,1191,0,-1,2071
2355,1196,1192,0,-1,2072
2356,1197,1193,0,-1,2073
2357,-1,-1,0,-1,2073
2358,1198,1194,0,-1,2074
2359,1199,1195,0,-1,2075
2360,-1,-1,0,-1,2076
2361,1200,1196,0,-1,2077
2362,-1,-1,0,-1,2078
2363,-1,-1,0,-1,2079
2364,-1,-1,0,-1,2080
2365,1201,1197,0,-1,2081
2366,-1,-1,0,-1,2082
2367,1202,1198,0,-1,2083
2368,1203,1199,0,-1,2084
2369,-1,-1,0,-1,2085
2370,1204,1200,0,-1,2086
2371,1205,1201,0,-1,2087
2372,-1,-1,0,-1,2088
2373,1206,1202,0,-1,2089
2374,1207,1202,0,-1,2090
2375,-1,-1,0,-1,2091
2376,1208,1203,0,-1,2092
2377,1209,1204,0,-1,2093
2378,1210,1205,0,-1,2094
2379,1211,1206,0,-1,2095
2380,1211,1206,0,-1,2096
2381,-1,-1,0,-1,2097
2382,1212,1207,0,-1,2098
2383,1213,1208,0,-1,2099
2384,1213,1209,0,-1,2100
2385,-1,-1,0,-1,2101
2386,-1,-1,0,-1,2102
2387,-1,-1,0,-1,2102
2388,1214,1210,0,-1,2103
2389,1214,1211,0,-1,2104
2390,-1,-1,0,-1,2105
2391,-1,-1,0,-1,2106
2392,-1,-1,0,-1,2107
2393,1214,1212,0,-1,2108
2394,1215,1213,0,-1,2109
2395,1216,1214,0,-1,2110
2396,1217,1214,0,-1,2111
2397,-1,-1,0,-1,2112
2398,-1,-1,0,-1,2113
2399,1218,1215,0,-1,2114
2400,-1,-1,0,-1,2115
2401,-1,-1,0,-1,2116
2402,1219,1216,0,-1,2117
2403,-1,-1,0,-1,2118
2404,1220,1217,0,-1,2119
2405,1221,1218,0,-1,2120
2406,1222,1219,0,-1,2121
2407,-1,-1,0,-1,2122
2408,1223,1220,0,-1,2123
2409,1224,1221,0,-1,2124
2410,-1,-1,0,-1,2125
2411,1225,1222,0,-1,2126
2412,-1,-1,0,-1,2126
2413,1226,1223,0,-1,2127
2414,-1,-1,0,-1,2128
2415,-1,-1,0,-1,2128
2416,1227,1224,0,-1,2129
2417,1227,1225,0,-1,2130
2418,1228,1226,0,-1,2131
2419,-1,-1,0,-1,2132
2420,1228,1227,0,-1,2133
2421,-1,-1,0,-1,2134
2422,-1,-1,0,-1,2134
2423,-1,-1,0,-1,2134
2424,-1,-1,0,-1,2134
2425,-1,-1,0,-1,2134
2426,1229,1228,0,-1,2135
2427,-1,-1,0,-1,2136
2428,1230,1229,0,-1,2137
2429,1231,1230,0,-1,2138
2430,1231,1231,0,-1,2138
2431,-1,-1,0,-1,2139
2432,-1,-1,0,-1,2139
2433,1232,1232,0,-1,2140
2434,-1,-1,0,-1,2141
2435,1233,1233,0,-1,2142
2436,1234,1234,0,-1,2143
2437,-1,-1,0,-1,2144
2438,1235,1235,0,-1,2145
2439,1235,1236,0,-1,2146
2440,1236,1237,0,-1,2147
2441,1237,1238,0,-1,2148
2442,-1,-1,0,-1,2148
2443,-1,-1,0,-1,2149
2444,1238,1239,0,-1,2150
2445,-1,-1,0,-1,2150
2446,-1,-1,0,-1,2150
2447,1239,1240,0,-1,2151
2448,-1,-1,0,-1,2152
2449,1240,1241,0,-1,2153
2450,-1,-1,0,-1,2154
2451,-1,-1,0,-1,2155
2452,1241,1242,0,-1,2156
2453,-1,-1,0,-1,2156
2454,-1,-1,0,-1,2157
2455,1242,1243,0,-1,2158
2456,1243,1244,0,-1,2159
2457,1244,1245,0,-1,2160
2458,-1,-1,0,-1,2161
2459,1245,1246,0,-1,2162
2460,1246,1247,0,-1,2163
2461,1247,1248,0,-1,2164
2462,1248,1249,0,-1,2165
2463,-1,-1,0,-1,2166
2464,-1,-1,0,-1,2167
2465,-1,-1,0,-1,2167
2466,1249,1249,0,-1,2168
2467,1250,1250,0,-1,2169
2468,-1,-1,0,-1,2170
2469,1251,1251,0,-1,2171
2470,1252,1252,0,-1,2172
2471,1252,1252,0,-1,2173
2472,1253,1253,0,-1,2174
2473,1254,1254,0,-1,2175
2474,1254,1255,0,-1,2176
2475,-1,-1,0,-1,2177
2476,-1,-1,0,-1,2177
2477,1255,1256,0,-1,2178
2478,1255,1257,0,-1,2179
2479,-1,-1,0,-1,2180
2480,1256,1258,0,-1,2180
2481,1257,1259,0,-1,2181
2482,1258,1260,0,-1,2182
2483,-1,-1,0,-1,2183
2484,1258,1261,0,-1,2183
2485,1259,1262,0,-1,2184
2486,1260,1263,0,-1,2185
2487,1260,1264,0,-1,2186
2488,1261,1265,0,-1,2186
2489,1262,1266,0,-1,2187
2490,1262,1266,0,-1,2188
2491,-1,-1,0,-1,2189
2492,-1,-1,0,-1,2190
2493,1263,1267,0,-1,2191
2494,1264,1268,0,-1,2192
2495,1265,1269,0,-1,2192
2496,-1,-1,0,-1,2193
2497,-1,-1,0,-1,2194
2498,-1,-1,0,-1,2194
2499,1266,1270,0,-1,2195
2500,-1,-1,0,-1,2196
2501,-1,-1,0,-1,2196
2502,-1,-1,0,-1,2197
2503,1266,1271,0,-1,2198
2504,-1,-1,0,-1,2199
2505,1267,1272,0,-1,2200
2506,1268,1273,0,-1,2201
2507,-1,-1,0,-1,2202
2508,-1,-1,0,-1,2203
2509,-1,-1,0,-1,2204
2510,-1,-1,0,-1,2204
2511,1269,1274,0,-1,2205
2512,1270,1275,0,-1,2206
2513,-1,-1,0,-1,2207
2514,1271,1276,0,-1,2208
2515,-1,-1,0,-1,2209
2516,1272,1277,0,-1,2210
2517,1273,1278,0,-1,2211
2518,1274,1279,0,-1,2212
2519,1275,1279,0,-1,2213
2520,-1,-1,0,-1,2214
2521,1276,1280,0,-1,2214
2522,1277,1281,0,-1,2215
2523,1278,1281,0,-1,2216
2524,1279,1282,0,-1,2217
2525,-1,-1,0,-1,2218
2526,-1,-1,0,-1,2219
2527,1280,1283,0,-1,2220
2528,-1,-1,0,-1,2221
2529,1280,1284,0,-1,2222
2530,1281,1285,0,-1,2223
2531,1282,1285,0,-1,2224
2532,1283,1286,0,-1,2225
2533,-1,-1,0,-1,2226
2534,-1,-1,0,-1,2226
2535,1284,1287,0,-1,2227
2536,1285,1288,0,-1,2228
2537,1286,1289,0,-1,2229
2538,1287,1290,0,-1,2230
2539,1288,1291,0,-1,2231
2540,1289,1292,0,-1,2232
2541,1289,1293,0,-1,2233
2542,-1,-1,0,-1,2234
2543,-1,-1,0,-1,2234
2544,1290,1294,0,-1,2235
2545,1291,1295,0,-1,2236
2546,-1,-1,0,-1,2237
2547,-1,-1,0,-1,2237
2548,1292,1296,0,-1,2238
2549,-1,-1,0,-1,2239
2550,1293,1297,0,-1,2240
2551,1294,1298,0,-1,2241
2552,-1,-1,0,-1,2242
2553,1295,1298,0,-1,2243
2554,-1,-1,0,-1,2244
2555,1296,1298,0,-1,2244
2556,1297,1298,0,-1,2245
2557,1298,1298,0,-1,2246
2558,-1,-1,0,-1,2247
2559,-1,-1,0,-1,2247
2560,1299,1298,0,-1,2248
2561,1300,1299,0,-1,2249
2562,1300,1300,0,-1,2250
2563,1301,1301,0,-1,2251
2564,1302,1302,0,-1,2252
2565,1303,1303,0,-1,2253
2566,-1,-1,0,-1,2254
2567,1304,1304,0,-1,2255
2568,1305,1305,0,-1,2256
2569,1306,1306,0,-1,2256
2570,1307,1307,0,-1,2257
2571,-1,-1,0,-1,2258
2572,1308,1307,0,-1,2259
2573,-1,-1,0,-1,2260
2574,1309,1308,0,-1,2261
2575,1310,1309,0,-1,2262
2576,1311,1310,0,-1,2263
2577,1312,1311,0,-1,2264
2578,-1,-1,0,-1,2265
2579,-1,-1,0,-1,2266
2580,1313,1312,0,-1,2267
2581,1314,1312,0,-1,2268
2582,-1,-1,0,-1,2269
2583,1315,1313,0,-1,2270
2584,1316,1314,0,-1,2270
2585,-1,-1,0,-1,2270
2586,1317,1315,0,-1,2271
2587,1318,1316,0,-1,2271
2588,1319,1316,0,-1,2272
2589,1320,1317,0,-1,2273
2590,1321,1318,0,-1,2274
2591,1321,1318,0,-1,2275
2592,1322,1319,0,-1,2276
2593,-1,-1,0,-1,2277
2594,1323,1320,0,-1,2278
2595,1324,1321,0,-1,2279
2596,-1,-1,0,-1,2280
2597,1325,1322,0,-1,2281
2598,-1,-1,0,-1,2282
2599,1326,1323,0,-1,2283
2600,-1,-1,0,-1,2284
2601,-1,-1,0,-1,2285
2602,-1,-1,0,-1,2286
2603,1327,1324,0,-1,2287
2604,-1,-1,0,-1,2288
2605,-1,-1,0,-1,2289
2606,-1,-1,0,-1,2290
2607,1328,1324,0,-1,2291
2608,-1,-1,0,-1,2292
2609,-1,-1,0,-1,2292
2610,1329,1325,0,-1,2293
2611,-1,-1,0,-1,2293
2612,-1,-1,0,-1,2294
2613,-1,-1,0,-1,2295
2614,1330,1326,0,-1,2296
2615,1331,1327,0,-1,2297
2616,-1,-1,0,-1,2297
2617,1332,1328,0,-1,2298
2618,-1,-1,0,-1,2299
2619,-1,-1,0,-1,2300
2620,1333,1328,0,-1,2301
2621,1334,1329,0,-1,2302
2622,-1,-1,0,-1,2303
2623,1335,1330,0,-1,2304
2624,-1,-1,0,-1,2305
2625,1335,1331,0,-1,2306
2626,1336,1331,0,-1,2307
2627,-1,-1,0,-1,2308
2628,1337,1332,0,-1,2309
2629,1338,1333,0,-1,2310
2630,-1,-1,0,-1,2311
2631,-1,-1,0,-1,2312
2632,1339,1334,0,-1,2313
2633,1339,1335,0,-1,2314
2634,-1,-1,0,-1,2315
2635,1340,1336,0,-1,2316
2636,1340,1336,0,-1,2317
2637,1341,1336,0,-1,2318
2638,1342,1337,0,-1,2318
2639,1342,1338,0,-1,2319
2640,1343,1339,0,-1,2320
2641,1344,1340,0,-1,2321
2642,-1,-1,0,-1,2322
2643,-1,-1,0,-1,2323
2644,-1,-1,0,-1,2324
2645,1345,1341,0,-1,2325
2646,1346,1342,0,-1,2326
2647,1347,1343,0,-1,2327
2648,-1,-1,0,-1,2328
2649,-1,-1,0,-1,2328
2650,1348,1344,0,-1,2329
2651,1349,1345,0,-1,2330
2652,-1,-1,0,-1,2330
2653,-1,-1,0,-1,2331
2654,-1,-1,0,-1,2332
2655,1350,1346,0,-1,2333
2656,-1,-1,0,-1,2334
2657,-1,-1,0,-1,2335
2658,-1,-1,0,-1,2336
2659,1351,1347,0,-1,2337
2660,-1,-1,0,-1,2338
2661,-1,-1,0,-1,2339
2662,1352,1348,0,-1,2340
2663,1352,1349,0,-1,2341
2664,-1,-1,0,-1,2342
2665,1353,1350,0,-1,2343
2666,1354,1351,0,-1,2343
2667,-1,-1,0,-1,2344
2668,1355,1351,0,-1,2345
2669,-1,-1,0,-1,2346
2670,1356,1352,0,-1,2347
2671,1357,1353,0,-1,2348
2672,1358,1354,0,-1,2349
2673,1359,1355,0,-1,2350
2674,-1,-1,0,-1,2351
2675,-1,-1,0,-1,2352
2676,1360,1356,0,-1,2353
2677,-1,-1,0,-1,2354
2678,1361,1357,0,-1,2355
2679,-1,-1,0,-1,2356
2680,1362,1358,0,-1,2357
2681,-1,-1,0,-1,2358
2682,-1,-1,0,-1,2359
2683,1363,1359,0,-1,2360
2684,1364,1360,0,-1,2361
2685,1365,1361,0,-1,2362
2686,1366,1362,0,-1,2363
2687,1367,1363,0,-1,2364
2688,-1,-1,0,-1,2365
2689,1368,1363,0,-1,2366
2690,1369,1364,0,-1,2367
2691,1370,1364,0,-1,2368
2692,-1,-1,0,-1,2369
2693,1371,1365,0,-1,2370
2694,-1,-1,0,-1,2371
2695,1372,1366,0,-1,2372
2696,1372,1367,0,-1,2373
2697,1373,1368,0,-1,2374
2698,1374,1369,0,-1,2375
2699,-1,-1,0,-1,2376
2700,1375,1370,0,-1,2377
2701,-1,-1,0,-1,2378
2702,-1,-1,0,-1,2378
2703,1376,1371,0,-1,2378
2704,1377,1371,0,-1,2379
2705,1378,1372,0,-1,2380
2706,1379,1373,0,-1,2381
2707,-1,-1,0,-1,2382
2708,-1,-1,0,-1,2383
2709,-1,-1,0,-1,2384
2710,1380,1374,0,-1,2385
2711,1381,1375,0,-1,2386
2712,1382,1376,0,-1,2387
2713,1383,1377,0,-1,2387
2714,-1,-1,0,-1,2388
2715,-1,-1,0,-1,2388
2716,1384,1378,0,-1,2389
2717,1384,1379,0,-1,2390
2718,-1,-1,0,-1,2390
2719,-1,-1,0,-1,2390
2720,1385,1380,0,-1,2391
2721,-1,-1,0,-1,2392
2722,-1,-1,0,-1,2392
2723,-1,-1,0,-1,2392
2724,-1,-1,0,-1,2392
2725,-1,-1,0,-1,2392
2726,1386,1381,0,-1,2393
2727,1387,1382,0,-1,2394
2728,-1,-1,0,-1,2395
2729,-1,-1,0,-1,2396
2730,1388,1383,0,-1,2396
2731,1389,1383,0,-1,2397
2732,-1,-1,0,-1,2398
2733,1390,1384,0,-1,2399
2734,1391,1385,0,-1,2400
2735,-1,-1,0,-1,2401
2736,-1,-1,0,-1,2402
2737,1392,1386,0,-1,2403
2738,-1,-1,0,-1,2404
2739,-1,-1,0,-1,2405
2740,1393,1387,0,-1,2406
2741,1394,1388,0,-1,2407
2742,-1,-1,0,-1,2408
2743,1394,1389,0,-1,2409
2744,1395,1390,0,-1,2410
2745,-1,-1,0,-1,2411
2746,1395,1391,0,-1,2412
2747,1396,1392,0,-1,2413
2748,1397,1393,0,-1,2414
2749,1397,1394,0,-1,2415
2750,-1,-1,0,-1,2416
2751,-1,-1,0,-1,2417
2752,-1,-1,0,-1,2418
2753,-1,-1,0,-1,2419
2754,-1,-1,0,-1,2420
2755,1398,1395,0,-1,2421
2756,1399,1396,0,-1,2422
2757,-1,-1,0,-1,2423
2758,1400,1396,0,-1,2423
2759,1401,1397,0,-1,2424
2760,-1,-1,0,-1,2425
2761,1402,1398,0,-1,2426
2762,1403,1399,0,-1,2427
2763,1404,1400,0,-1,2428
2764,-1,-1,0,-1,2429
2765,1405,1401,0,-1,2430
2766,-1,-1,0,-1,2431
2767,1406,1401,0,-1,2432
2768,1407,1402,0,-1,2433
2769,-1,-1,0,-1,2434
2770,-1,-1,0,-1,2435
2771,-1,-1,0,-1,2435
2772,1407,1403,0,-1,2436
2773,-1,-1,0,-1,2437
2774,1408,1404,0,-1,2437
2775,-1,-1,0,-1,2437
2776,1408,1404,0,-1,2438
2777,1409,1405,0,-1,2438
2778,1410,1406,0,-1,2439
2779,1411,1407,0,-1,2440
2780,-1,-1,0,-1,2441
2781,-1,-1,0,-1,2442
2782,-1,-1,0,-1,2443
2783,1412,1408,0,-1,2444
2784,1412,1409,0,-1,2445
2785,-1,-1,0,-1,2446
2786,1413,1410,0,-1,2447
2787,1414,1411,0,-1,2448
2788,-1,-1,0,-1,2448
2789,1414,1412,0,-1,2448
2790,1414,1413,0,-1,2449
2791,1415,1414,0,-1,2450
2792,1416,1415,0,-1,2451
2793,1417,1416,0,-1,2452
2794,-1,-1,0,-1,2453
2795,-1,-1,0,-1,2453
2796,1418,1417,0,-1,2454
2797,1419,1417,0,-1,2455
2798,-1,-1,0,-1,2455
2799,-1,-1,0,-1,2455
2800,-1,-1,0,-1,2455
2801,-1,-1,0,-1,2456
2802,-1,-1,0,-1,2457
2803,1420,1417,0,-1,2458
2804,-1,-1,0,-1,2459
2805,1421,1418,0,-1,2460
2806,1422,1419,0,-1,2461
2807,1423,1420,0,-1,2461
2808,1424,1421,0,-1,2462
2809,1425,1422,0,-1,2463
2810,-1,-1,0,-1,2464
2811,1426,1423,0,-1,2464
2812,1427,1424,0,-1,2465
2813,-1,-1,0,-1,2466
2814,1427,1425,0,-1,2467
2815,-1,-1,0,-1,2468
2816,1428,1426,0,-1,2469
2817,-1,-1,0,-1,2470
2818,1429,1426,0,-1,2470
2819,1430,1427,0,-1,2470
2820,-1,-1,0,-1,2470
2821,1431,1427,0,-1,2471
2822,-1,-1,0,-1,2472
2823,-1,-1,0,-1,2473
2824,1432,1428,0,-1,2474
2825,-1,-1,0,-1,2475
2826,-1,-1,0,-1,2476
2827,1433,1429,0,-1,2477
2828,-1,-1,0,-1,2478
2829,-1,-1,0,-1,2479
2830,-1,-1,0,-1,2480
2831,1434,1430,0,-1,2481
2832,-1,-1,0,-1,2482
2833,-1,-1,0,-1,2482
2834,1434,1431,0,-1,2483
2835,1435,1432,0,-1,2484
2836,1436,1433,0,-1,2485
2837,1437,1433,0,-1,2486
2838,-1,-1,0,-1,2487
2839,-1,-1,0,-1,2488
2840,-1,-1,0,-1,2489
2841,1438,1434,0,-1,2490
2842,1439,1434,0,-1,2491
2843,1440,1435,0,-1,2492
2844,-1,-1,0,-1,2492
2845,-1,-1,0,-1,2493
2846,-1,-1,0,-1,2494
2847,1441,1436,0,-1,2494
2848,1442,1437,0,-1,2495
2849,-1,-1,0,-1,2496
2850,1443,1438,0,-1,2497
2851,1444,1439,0,-1,2498
2852,1445,1440,0,-1,2499
2853,-1,-1,0,-1,2500
2854,1446,1441,0,-1,2501
2855,-1,-1,0,-1,2502
2856,1446,1442,0,-1,2502
2857,-1,-1,0,-1,2503
2858,-1,-1,0,-1,2504
2859,1447,1443,0,-1,2505
2860,1448,1444,0,-1,2506
2861,1448,1445,0,-1,2506
2862,-1,-1,0,-1,2507
2863,1449,1446,0,-1,2508
2864,1449,1447,0,-1,2509
2865,1450,1448,0,-1,2510
2866,-1,-1,0,-1,2510
2867,1451,1449,0,-1,2510
2868,-1,-1,0,-1,2511
2869,-1,-1,0,-1,2511
2870,1451,1450,0,-1,2511
2871,-1,-1,0,-1,2511
2872,-1,-1,0,-1,2512
2873,-1,-1,0,-1,2513
2874,1452,1450,0,-1,2513
2875,-1,-1,0,-1,2513
2876,1453,1450,0,-1,2514
2877,-1,-1,0,-1,2515
2878,-1,-1,0,-1,2515
2879,-1,-1,0,-1,2515
2880,-1,-1,0,-1,2515
2881,1454,1451,0,-1,2516
2882,-1,-1,0,-1,2517
2883,1455,1452,0,-1,2518
2884,1456,1453,0,-1,2519
2885,-1,-1,0,-1,2519
2886,1457,1454,0,-1,2520
2887,1457,1455,0,-1,2521
2888,-1,-1,0,-1,2522
2889,1458,1456,0,-1,2523
2890,-1,-1,0,-1,2524
2891,1459,1457,0,-1,2525
2892,-1,-1,0,-1,2526
2893,1460,1458,0,-1,2527
2894,1461,1459,0,-1,2528
2895,1462,1460,0,-1,2529
2896,1463,1460,0,-1,2529
2897,1464,1461,0,-1,2530
2898,1465,1462,0,-1,2531
2899,1466,1463,0,-1,2532
2900,1467,1464,0,-1,2533
2901,1467,1465,0,-1,2534
2902,1468,1466,0,-1,2535
2903,1469,1467,0,-1,2536
2904,1470,1468,0,-1,2537
2905,1470,1469,0,-1,2537
2906,1471,1470,0,-1,2538
2907,-1,-1,0,-1,2539
2908,-1,-1,0,-1,2539
2909,-1,-1,0,-1,2540
2910,1472,1471,0,-1,2541
2911,1472,1472,0,-1,2542
2912,-1,-1,0,-1,2543
2913,1473,1473,0,-1,2544
2914,-1,-1,0,-1,2545
2915,1474,1474,0,-1,2546
2916,-1,-1,0,-1,2547
2917,-1,-1,0,-1,2547
2918,-1,-1,0,-1,2547
2919,1475,1475,0,-1,2548
2920,1476,1476,0,-1,2548
2921,-1,-1,0,-1,2549
2922,1476,1477,0,-1,2550
2923,1477,1478,0,-1,2551
2924,1478,1479,0,-1,2551
2925,1479,1480,0,-1,2552
2926,-1,-1,0,-1,2553
2927,1480,1480,0,-1,2554
2928,1481,1481,0,-1,2555
2929,1482,1482,0,-1,2556
2930,-1,-1,0,-1,2556
2931,-1,-1,0,-1,2556
2932,1483,1482,0,-1,2557
2933,1484,1482,0,-1,2558
2934,1485,1483,0,-1,2559