name,author,recipeingredient,recipeyield,preptime,cooktime,nutrition,mainentityofpage,ingredients
0,0,-1,0,0,0,0,1,-1
1,0,-1,1,1,1,0,1,-1
2,0,-1,1,2,2,0,1,-1
3,0,-1,2,3,3,0,1,-1
4,0,-1,3,3,3,0,1,-1
5,0,-1,4,4,4,0,1,-1
6,0,-1,4,5,5,0,1,-1
7,0,-1,5,6,6,0,1,-1
8,0,-1,6,7,7,0,1,-1
9,0,-1,7,8,8,0,1,-1
10,0,-1,8,9,9,0,1,-1
11,0,-1,9,10,10,0,1,-1
12,0,-1,10,11,11,0,1,-1
13,0,-1,10,12,12,0,1,-1
14,0,-1,11,13,13,0,1,-1
15,0,-1,12,14,14,0,1,-1
16,0,-1,12,15,15,0,1,-1
17,0,-1,13,16,16,0,1,-1
18,0,-1,14,17,17,0,1,-1
19,0,-1,15,17,17,0,1,-1
20,0,-1,16,18,18,0,1,-1
21,0,-1,17,19,19,0,1,-1
22,0,-1,18,20,20,0,1,-1
23,0,-1,19,21,21,0,1,-1
24,0,-1,20,22,22,0,-1,-1
25,0,-1,21,23,23,0,1,-1
26,0,-1,22,24,24,0,1,-1
27,0,-1,22,25,25,0,1,-1
28,0,-1,23,25,25,0,1,-1
29,0,-1,24,26,26,0,1,-1
30,0,-1,25,27,27,0,1,-1
31,0,-1,26,28,28,0,1,-1
32,0,-1,27,29,29,0,1,-1
33,0,-1,28,30,30,0,1,-1
34,0,-1,29,31,31,0,1,-1
35,0,-1,30,32,32,0,1,-1
36,0,-1,31,33,33,0,1,-1
37,0,-1,32,34,34,0,-1,-1
38,0,-1,33,35,35,0,1,-1
39,0,-1,34,35,35,0,1,-1
40,0,-1,34,36,36,0,1,-1
41,0,-1,35,37,37,0,1,-1
42,0,-1,36,38,38,0,1,-1
43,0,-1,37,39,39,0,1,-1
44,0,-1,38,40,40,0,1,-1
45,0,-1,39,41,41,0,1,-1
46,0,-1,40,42,42,0,1,-1
47,0,-1,41,43,43,0,1,-1
48,0,-1,41,44,44,0,1,-1
49,0,-1,42,45,45,0,1,-1
50,0,-1,43,46,46,0,1,-1
51,0,-1,44,46,46,0,1,-1
52,0,-1,45,47,47,0,1,-1
53,0,-1,45,48,48,0,1,-1
54,0,-1,46,49,49,0,1,-1
55,0,-1,47,50,50,0,1,-1
56,0,-1,48,51,51,0,1,-1
57,0,-1,49,52,52,0,1,-1
58,0,-1,50,53,53,0,1,-1
59,0,-1,51,54,54,0,1,-1
60,0,-1,52,55,55,0,1,-1
61,0,-1,53,56,56,0,1,-1
62,0,-1,54,56,56,0,1,-1
63,0,-1,55,57,57,0,1,-1
64,0,-1,55,58,58,0,1,-1
65,0,-1,56,59,59,0,1,-1
66,0,-1,57,60,60,0,1,-1
67,0,-1,58,61,61,0,1,-1
68,0,-1,59,62,62,0,1,-1
69,0,-1,60,63,63,0,1,-1
70,0,-1,61,64,64,0,1,-1
71,0,-1,62,65,65,0,1,-1
72,0,-1,63,66,66,0,1,-1
73,0,-1,64,67,67,0,1,-1
74,0,-1,65,68,68,0,1,-1
75,0,-1,66,69,69,0,-1,-1
76,0,-1,67,69,69,0,1,-1
77,0,-1,68,70,70,0,1,-1
78,0,-1,68,71,71,0,1,-1
79,0,-1,68,71,71,0,1,-1
80,0,-1,69,72,72,0,1,-1
81,0,-1,70,73,73,0,1,-1
82,0,-1,71,74,74,0,1,-1
83,0,-1,72,74,74,0,1,-1
84,0,-1,73,75,75,0,-1,-1
85,0,-1,74,76,76,0,1,-1
86,0,-1,75,77,77,0,1,-1
87,0,-1,76,78,78,0,1,-1
88,0,-1,77,79,79,0,1,-1
89,0,-1,78,80,80,0,1,-1
90,0,-1,79,81,81,0,1,-1
91,0,-1,79,81,81,0,1,-1
92,0,-1,80,82,82,0,1,-1
93,0,-1,81,83,83,0,1,-1
94,0,-1,82,84,84,0,1,-1
95,0,-1,83,84,84,0,1,-1
96,0,-1,84,85,85,0,1,-1
97,0,-1,85,86,86,0,1,-1
98,0,-1,86,86,86,0,1,-1
99,0,-1,87,87,87,0,1,-1
100,0,-1,88,88,88,0,1,-1
101,0,-1,89,89,89,0,1,-1
102,0,-1,90,90,90,0,1,-1
103,0,-1,90,91,91,0,1,-1
104,0,-1,91,92,92,0,1,-1
105,0,-1,92,93,93,0,1,-1
106,0,-1,93,94,94,0,1,-1
107,0,-1,94,94,94,0,1,-1
108,0,-1,95,95,95,0,1,-1
109,0,-1,96,96,96,0,1,-1
110,0,-1,97,96,96,0,1,-1
111,0,-1,98,97,97,0,-1,-1
112,0,-1,99,98,98,0,1,-1
113,0,-1,100,99,99,0,1,-1
114,0,-1,101,100,100,0,1,-1
115,0,-1,102,101,101,0,1,-1
116,0,-1,103,102,102,0,1,-1
117,0,-1,104,103,103,0,1,-1
118,0,-1,105,104,104,0,1,-1
119,0,-1,106,105,105,0,1,-1
120,0,-1,107,106,106,0,1,-1
121,0,-1,108,107,107,0,1,-1
122,0,-1,108,108,108,0,1,-1
123,0,-1,108,109,109,0,1,-1
124,0,-1,109,110,110,0,1,-1
125,0,-1,110,111,111,0,1,-1
126,0,-1,111,112,112,0,1,-1
127,0,-1,112,113,113,0,1,-1
128,0,-1,113,114,114,0,1,-1
129,0,-1,114,115,115,0,1,-1
130,0,-1,115,116,116,0,1,-1
131,0,-1,116,117,117,0,1,-1
132,0,-1,117,118,118,0,1,-1
133,0,-1,118,119,119,0,1,-1
134,0,-1,119,119,119,0,1,-1
135,0,-1,120,120,120,0,1,-1
136,0,-1,121,121,121,0,1,-1
137,0,-1,122,122,122,0,-1,-1
137,0,-1,122,122,122,0,-1,-1
138,0,-1,123,123,123,0,1,-1
139,0,-1,124,123,123,0,1,-1
140,0,-1,125,124,124,0,1,-1
141,0,-1,126,125,125,0,1,-1
142,0,-1,127,126,126,0,1,-1
143,0,-1,128,126,126,0,1,-1
144,0,-1,129,127,127,0,1,-1
145,0,-1,130,128,128,0,1,-1
146,0,-1,130,129,129,0,1,-1
147,0,-1,130,130,130,0,1,-1
148,0,-1,130,131,131,0,1,-1
149,0,-1,131,132,132,0,1,-1
150,0,-1,132,133,133,0,1,-1
151,0,-1,133,134,134,0,1,-1
152,0,-1,134,135,135,0,-1,-1
153,0,-1,135,136,136,0,1,-1
154,0,-1,136,137,137,0,1,-1
155,0,-1,137,138,138,0,1,-1
156,0,-1,138,139,139,0,1,-1
157,0,-1,139,140,140,0,1,-1
158,0,-1,140,141,141,0,1,-1
159,0,-1,141,142,142,0,1,-1
160,0,-1,142,143,143,0,1,-1
161,0,-1,143,144,144,0,1,-1
162,0,-1,144,145,145,0,1,-1
163,0,-1,145,146,146,0,1,-1
164,0,-1,146,147,147,0,1,-1
165,0,-1,147,148,148,0,-1,-1
166,0,-1,148,148,148,0,1,-1
167,0,-1,149,148,148,0,-1,-1
168,0,-1,150,149,149,0,1,-1
169,0,-1,151,150,150,0,1,-1
170,0,-1,151,151,151,0,1,-1
171,0,-1,152,152,152,0,1,-1
172,0,-1,153,153,153,0,1,-1
173,0,-1,154,154,154,0,1,-1
174,0,-1,155,154,154,0,1,-1
175,0,-1,156,155,155,0,1,-1
176,0,-1,156,156,156,0,1,-1
177,0,-1,157,157,157,0,1,-1
178,0,-1,157,157,157,0,1,-1
179,0,-1,158,157,157,0,1,-1
180,0,-1,158,158,158,0,1,-1
181,0,-1,159,159,159,0,1,-1
182,0,-1,160,160,160,0,1,-1
183,0,-1,161,161,161,0,1,-1
184,0,-1,162,162,162,0,1,-1
185,0,-1,162,163,163,0,1,-1
186,0,-1,162,164,164,0,1,-1
187,0,-1,163,165,165,0,1,-1
188,0,-1,163,166,166,0,1,-1
189,0,-1,163,167,167,0,1,-1
190,0,-1,164,168,168,0,1,-1
191,0,-1,165,169,169,0,1,-1
192,0,-1,166,170,170,0,1,-1
193,0,-1,167,171,171,0,1,-1
194,0,-1,168,172,172,0,1,-1
195,0,-1,169,173,173,0,-1,-1
196,0,-1,170,174,174,0,1,-1
197,0,-1,171,175,175,0,1,-1
198,0,-1,172,176,176,0,1,-1
199,0,-1,173,177,177,0,1,-1
200,0,-1,174,178,178,0,1,-1
201,0,-1,175,178,178,0,1,-1
202,0,-1,176,179,179,0,1,-1
203,0,-1,177,180,180,0,1,-1
204,0,-1,178,181,181,0,1,-1
205,0,-1,178,181,181,0,1,-1
206,0,-1,179,182,182,0,1,-1
207,0,-1,179,183,183,0,1,-1
208,0,-1,180,184,184,0,1,-1
209,0,-1,181,185,185,0,1,-1
210,0,-1,182,186,186,0,1,-1
211,0,-1,183,187,187,0,1,-1
212,0,-1,184,188,188,0,1,-1
213,0,-1,185,189,189,0,1,-1
214,0,-1,185,190,190,0,1,-1
215,0,-1,186,191,191,0,-1,-1
216,0,-1,187,192,192,0,1,-1
217,0,-1,188,193,193,0,1,-1
218,0,-1,189,194,194,0,1,-1
219,0,-1,190,195,195,0,1,-1
220,0,-1,191,196,196,0,1,-1
221,0,-1,192,197,197,0,1,-1
222,0,-1,193,198,198,0,1,-1
223,0,-1,194,199,199,0,1,-1
224,0,-1,195,200,200,0,1,-1
225,0,-1,196,201,201,0,1,-1
226,0,-1,197,202,202,0,1,-1
227,0,-1,198,203,203,0,1,-1
228,0,-1,199,204,204,0,1,-1
229,0,-1,200,205,205,0,1,-1
230,0,-1,201,206,206,0,1,-1
231,0,-1,202,207,207,0,1,-1
232,0,-1,203,208,208,0,1,-1
233,0,-1,204,209,209,0,1,-1
234,0,-1,205,210,210,0,1,-1
235,0,-1,205,211,211,0,1,-1
236,0,-1,206,212,212,0,1,-1
237,0,-1,207,213,213,0,1,-1
238,0,-1,208,214,214,0,1,-1
239,0,-1,208,215,215,0,1,-1
240,0,-1,208,216,216,0,1,-1
241,0,-1,209,217,217,0,1,-1
242,0,-1,210,218,218,0,1,-1
243,0,-1,211,219,219,0,1,-1
244,0,-1,212,220,220,0,1,-1
245,0,-1,212,221,221,0,1,-1
246,0,-1,213,222,222,0,1,-1
247,0,-1,214,222,222,0,1,-1
248,0,-1,215,223,223,0,1,-1
249,0,-1,216,224,224,0,1,-1
250,0,-1,217,225,225,0,1,-1
251,0,-1,218,225,225,0,1,-1
252,0,-1,219,225,225,0,1,-1
253,0,-1,219,226,226,0,1,-1
254,0,-1,220,227,227,0,1,-1
255,0,-1,220,228,228,0,1,-1
256,0,-1,220,228,228,0,1,-1
257,0,-1,221,229,229,0,1,-1
258,0,-1,222,230,230,0,-1,-1
259,0,-1,222,231,231,0,1,-1
260,0,-1,223,232,232,0,1,-1
261,0,-1,224,233,233,0,1,-1
262,0,-1,225,234,234,0,1,-1
263,0,-1,226,235,235,0,-1,-1
264,0,-1,227,236,236,0,1,-1
265,0,-1,228,237,237,0,1,-1
266,0,-1,229,238,238,0,1,-1
267,0,-1,230,239,239,0,1,-1
268,0,-1,231,240,240,0,1,-1
269,0,-1,232,240,240,0,1,-1
270,0,-1,232,241,241,0,1,-1
271,0,-1,233,242,242,0,1,-1
272,0,-1,234,243,243,0,1,-1
273,0,-1,235,244,244,0,1,-1
274,0,-1,236,245,245,0,-1,-1
275,0,-1,237,246,246,0,1,-1
276,0,-1,238,247,247,0,1,-1
277,0,-1,239,248,248,0,1,-1
278,0,-1,240,249,249,0,1,-1
279,0,-1,241,250,250,0,1,-1
280,0,-1,242,251,251,0,-1,-1
281,0,-1,243,252,252,0,1,-1
282,0,-1,244,253,253,0,1,-1
283,0,-1,245,254,254,0,1,-1
284,0,-1,246,255,255,0,1,-1
285,0,-1,247,256,256,0,1,-1
286,0,-1,248,257,257,0,1,-1
287,0,-1,249,258,258,0,1,-1
288,0,-1,249,259,259,0,1,-1
289,0,-1,250,260,260,0,1,-1
290,0,-1,251,261,261,0,1,-1
291,0,-1,251,262,262,0,1,-1
292,0,-1,252,263,263,0,1,-1
293,0,-1,253,264,264,0,1,-1
294,0,-1,254,265,265,0,1,-1
295,0,-1,255,265,265,0,1,-1
296,0,-1,256,266,266,0,1,-1
297,0,-1,257,267,267,0,1,-1
298,0,-1,258,268,268,0,1,-1
299,0,-1,259,269,269,0,1,-1
300,0,-1,260,270,270,0,1,-1
301,0,-1,261,270,270,0,1,-1
302,0,-1,261,271,271,0,1,-1
303,0,-1,262,272,272,0,1,-1
304,0,-1,263,273,273,0,1,-1
305,0,-1,264,274,274,0,1,-1
306,0,-1,265,275,275,0,1,-1
307,0,-1,266,276,276,0,1,-1
308,0,-1,267,277,277,0,1,-1
309,0,-1,268,278,278,0,1,-1
310,0,-1,269,279,279,0,1,-1
311,0,-1,270,280,280,0,-1,-1
312,0,-1,271,281,281,0,1,-1
313,0,-1,272,282,282,0,1,-1
314,0,-1,273,283,283,0,1,-1
315,0,-1,274,284,284,0,-1,-1
316,0,-1,275,285,285,0,1,-1
317,0,-1,276,285,285,0,1,-1
318,0,-1,277,286,286,0,1,-1
319,0,-1,277,287,287,0,1,-1
320,0,-1,278,288,288,0,1,-1
321,0,-1,278,289,289,0,1,-1
322,0,-1,279,290,290,0,1,-1
323,0,-1,280,291,291,0,1,-1
324,0,-1,281,292,292,0,1,-1
325,0,-1,282,293,293,0,1,-1
326,0,-1,283,294,294,0,1,-1
327,0,-1,283,295,295,0,1,-1
328,0,-1,284,296,296,0,1,-1
329,0,-1,285,297,297,0,1,-1
330,0,-1,286,298,298,0,1,-1
331,0,-1,287,299,299,0,1,-1
332,0,-1,288,300,300,0,1,-1
333,0,-1,288,301,301,0,1,-1
334,0,-1,289,302,302,0,1,-1
335,0,-1,290,303,303,0,1,-1
336,0,-1,291,304,304,0,1,-1
337,0,-1,292,305,305,0,1,-1
338,0,-1,293,306,306,0,1,-1
339,0,-1,294,307,307,0,1,-1
340,0,-1,295,308,308,0,1,-1
341,0,-1,296,309,309,0,1,-1
342,0,-1,297,310,310,0,1,-1
343,0,-1,298,311,311,0,1,-1
344,0,-1,299,311,311,0,1,-1
345,0,-1,299,312,312,0,1,-1
346,0,-1,300,313,313,0,1,-1
347,0,-1,301,314,314,0,1,-1
348,0,-1,302,315,315,0,1,-1
349,0,-1,303,316,316,0,1,-1
350,0,-1,304,316,316,0,1,-1
351,0,-1,305,317,317,0,1,-1
352,0,-1,306,318,318,0,1,-1
353,0,-1,307,319,319,0,1,-1
354,0,-1,307,320,320,0,1,-1
355,0,-1,308,321,321,0,1,-1
356,0,-1,309,322,322,0,1,-1
357,0,-1,310,323,323,0,1,-1
358,0,-1,311,323,323,0,1,-1
359,0,-1,312,324,324,0,1,-1
360,0,-1,312,325,325,0,1,-1
361,0,-1,313,326,326,0,1,-1
362,0,-1,314,327,327,0,1,-1
363,0,-1,314,328,328,0,1,-1
364,0,-1,315,329,329,0,1,-1
365,0,-1,316,330,330,0,1,-1
366,0,-1,317,331,331,0,1,-1
367,0,-1,318,332,332,0,1,-1
368,0,-1,319,333,333,0,1,-1
369,0,-1,319,334,334,0,1,-1
370,0,-1,320,335,335,0,-1,-1
371,0,-1,321,336,336,0,1,-1
372,0,-1,322,337,337,0,1,-1
373,0,-1,323,338,338,0,1,-1
374,0,-1,323,338,338,0,1,-1
375,0,-1,323,339,339,0,1,-1
376,0,-1,324,340,340,0,1,-1
377,0,-1,324,341,341,0,1,-1
378,0,-1,325,342,342,0,1,-1
379,0,-1,326,343,343,0,1,-1
380,0,-1,327,344,344,0,1,-1
381,0,-1,328,345,345,0,1,-1
382,0,-1,329,346,346,0,1,-1
383,0,-1,330,346,346,0,1,-1
384,0,-1,331,347,347,0,1,-1
385,0,-1,332,348,348,0,1,-1
386,0,-1,332,349,349,0,1,-1
387,0,-1,333,350,350,0,1,-1
388,0,-1,334,350,350,0,1,-1
389,0,-1,335,351,351,0,1,-1
390,0,-1,336,352,352,0,1,-1
391,0,-1,337,353,353,0,1,-1
392,0,-1,338,354,354,0,1,-1
393,0,-1,339,355,355,0,1,-1
394,0,-1,340,356,356,0,1,-1
395,0,-1,341,357,357,0,1,-1
396,0,-1,342,358,358,0,1,-1
397,0,-1,343,359,359,0,1,-1
398,0,-1,344,360,360,0,1,-1
399,0,-1,345,361,361,0,1,-1
400,0,-1,346,362,362,0,1,-1
401,0,-1,347,362,362,0,1,-1
402,0,-1,348,363,363,0,1,-1
403,0,-1,349,364,364,0,1,-1
404,0,-1,349,365,365,0,1,-1
405,0,-1,350,366,366,0,1,-1
406,0,-1,350,367,367,0,1,-1
407,0,-1,351,368,368,0,1,-1
408,0,-1,351,369,369,0,1,-1
409,0,-1,352,370,370,0,-1,-1
410,0,-1,353,371,371,0,1,-1
411,0,-1,354,372,372,0,1,-1
412,0,-1,355,373,373,0,1,-1
413,0,-1,356,374,374,0,1,-1
414,0,-1,357,375,375,0,1,-1
415,0,-1,358,376,376,0,1,-1
416,0,-1,359,377,377,0,1,-1
417,0,-1,360,378,378,0,1,-1
418,0,-1,361,379,379,0,1,-1
419,0,-1,362,380,380,0,1,-1
420,0,-1,363,381,381,0,1,-1
421,0,-1,364,381,381,0,1,-1
422,0,-1,365,382,382,0,1,-1
423,0,-1,366,383,383,0,1,-1
424,0,-1,367,384,384,0,1,-1
425,0,-1,368,384,384,0,1,-1
426,0,-1,368,385,385,0,1,-1
427,0,-1,369,386,386,0,1,-1
428,0,-1,370,387,387,0,1,-1
429,0,-1,371,388,388,0,1,-1
430,0,-1,372,388,388,0,1,-1
431,0,-1,372,389,389,0,1,-1
432,0,-1,373,390,390,0,1,-1
433,0,-1,374,391,391,0,1,-1
434,0,-1,375,391,391,0,1,-1
435,0,-1,376,392,392,0,1,-1
436,0,-1,377,393,393,0,1,-1
437,0,-1,378,393,393,0,1,-1
438,0,-1,378,394,394,0,1,-1
439,0,-1,379,395,395,0,1,-1
440,0,-1,380,396,396,0,1,-1
441,0,-1,381,397,397,0,1,-1
442,0,-1,382,398,398,0,1,-1
443,0,-1,382,399,399,0,1,-1
444,0,-1,383,400,400,0,1,-1
445,0,-1,383,401,401,0,1,-1
446,0,-1,384,402,402,0,1,-1
447,0,-1,385,403,403,0,1,-1
448,0,-1,386,404,404,0,-1,-1
449,0,-1,387,405,405,0,1,-1
450,0,-1,388,406,406,0,1,-1
451,0,-1,389,407,407,0,1,-1
452,0,-1,389,408,408,0,1,-1
453,0,-1,390,409,409,0,1,-1
454,0,-1,391,410,410,0,-1,-1
455,0,-1,392,411,411,0,1,-1
456,0,-1,392,412,412,0,1,-1
457,0,-1,393,413,413,0,1,-1
458,0,-1,393,414,414,0,1,-1
459,0,-1,394,415,415,0,1,-1
460,0,-1,395,416,416,0,1,-1
461,0,-1,396,417,417,0,1,-1
462,0,-1,397,418,418,0,1,-1
463,0,-1,397,419,419,0,1,-1
464,0,-1,397,420,420,0,1,-1
465,0,-1,398,421,421,0,1,-1
466,0,-1,399,422,422,0,1,-1
467,0,-1,400,423,423,0,1,-1
468,0,-1,401,424,424,0,1,-1
469,0,-1,402,425,425,0,1,-1
470,0,-1,403,426,426,0,1,-1
471,0,-1,404,427,427,0,1,-1
472,0,-1,405,428,428,0,1,-1
473,0,-1,406,429,429,0,1,-1
474,0,-1,407,430,430,0,1,-1
475,0,-1,408,431,431,0,1,-1
476,0,-1,409,432,432,0,1,-1
477,0,-1,410,433,433,0,1,-1
478,0,-1,411,434,434,0,1,-1
479,0,-1,412,435,435,0,1,-1
480,0,-1,413,436,436,0,1,-1
481,0,-1,414,437,437,0,1,-1
482,0,-1,415,438,438,0,1,-1
483,0,-1,416,439,439,0,1,-1
484,0,-1,417,440,440,0,1,-1
485,0,-1,418,441,441,0,1,-1
486,0,-1,419,442,442,0,1,-1
487,0,-1,419,442,442,0,1,-1
488,0,-1,419,443,443,0,1,-1
489,0,-1,420,444,444,0,1,-1
490,0,-1,421,445,445,0,1,-1
491,0,-1,422,446,446,0,-1,-1
492,0,-1,423,447,447,0,1,-1
493,0,-1,424,447,447,0,1,-1
494,0,-1,425,448,448,0,1,-1
495,0,-1,426,449,449,0,1,-1
496,0,-1,427,450,450,0,1,-1
497,0,-1,428,451,451,0,1,-1
498,0,-1,429,452,452,0,1,-1
499,0,-1,430,453,453,0,1,-1
500,0,-1,431,454,454,0,1,-1
501,0,-1,432,455,455,0,1,-1
502,0,-1,432,456,456,0,1,-1
503,0,-1,433,457,457,0,-1,-1
504,0,-1,434,458,458,0,1,-1
505,0,-1,435,459,459,0,1,-1
506,0,-1,436,460,460,0,1,-1
507,0,-1,436,461,461,0,1,-1
508,0,-1,436,461,461,0,1,-1
509,0,-1,436,461,461,0,1,-1
510,0,-1,437,462,462,0,1,-1
511,0,-1,438,463,463,0,1,-1
512,0,-1,439,464,464,0,1,-1
513,0,-1,440,465,465,0,1,-1
514,0,-1,441,466,466,0,1,-1
515,0,-1,442,467,467,0,1,-1
516,0,-1,442,467,467,0,1,-1
517,0,-1,443,468,468,0,1,-1
518,0,-1,444,469,469,0,1,-1
519,0,-1,445,470,470,0,1,-1
520,0,-1,445,471,471,0,1,-1
521,0,-1,446,472,472,0,1,-1
522,0,-1,447,473,473,0,1,-1
523,0,-1,448,474,474,0,1,-1
524,0,-1,449,475,475,0,1,-1
525,0,-1,449,475,475,0,1,-1
526,0,-1,449,476,476,0,1,-1
527,0,-1,450,476,476,0,1,-1
528,0,-1,451,477,477,0,1,-1
529,0,-1,452,478,478,0,1,-1
530,0,-1,452,479,479,0,1,-1
531,0,-1,453,480,480,0,1,-1
532,0,-1,454,480,480,0,1,-1
533,0,-1,455,481,481,0,1,-1
534,0,-1,456,482,482,0,1,-1
535,0,-1,456,483,483,0,1,-1
536,0,-1,457,484,484,0,1,-1
537,0,-1,458,485,485,0,1,-1
538,0,-1,459,486,486,0,1,-1
539,0,-1,460,487,487,0,1,-1
540,0,-1,461,488,488,0,1,-1
541,0,-1,462,489,489,0,1,-1
542,0,-1,463,490,490,0,-1,-1
543,0,-1,464,491,491,0,1,-1
544,0,-1,465,492,492,0,1,-1
545,0,-1,466,493,493,0,1,-1
546,0,-1,467,494,494,0,1,-1
547,0,-1,467,495,495,0,1,-1
548,0,-1,468,495,495,0,1,-1
549,0,-1,469,496,496,0,1,-1
550,0,-1,470,497,497,0,1,-1
551,0,-1,470,498,498,0,1,-1
552,0,-1,471,499,499,0,1,-1
553,0,-1,472,500,500,0,1,-1
554,0,-1,472,501,501,0,1,-1
555,0,-1,473,502,502,0,1,-1
556,0,-1,474,503,503,0,1,-1
557,0,-1,475,504,504,0,1,-1
558,0,-1,476,504,504,0,1,-1
559,0,-1,477,504,504,0,1,-1
560,0,-1,478,504,504,0,1,-1
561,0,-1,479,505,505,0,1,-1
562,0,-1,480,506,506,0,-1,-1
563,0,-1,481,507,507,0,1,-1
564,0,-1,482,508,508,0,1,-1
565,0,-1,483,509,509,0,1,-1
566,0,-1,483,510,510,0,1,-1
567,0,-1,484,511,511,0,1,-1
568,0,-1,485,512,512,0,-1,-1
569,0,-1,486,513,513,0,1,-1
570,0,-1,487,514,514,0,1,-1
571,0,-1,488,515,515,0,1,-1
572,0,-1,489,516,516,0,1,-1
573,0,-1,490,517,517,0,1,-1
574,0,-1,491,517,517,0,1,-1
575,0,-1,492,518,518,0,1,-1
576,0,-1,493,519,519,0,1,-1
577,0,-1,494,520,520,0,1,-1
578,0,-1,495,521,521,0,1,-1
579,0,-1,496,522,522,0,1,-1
580,0,-1,497,523,523,0,1,-1
581,0,-1,498,524,524,0,1,-1
582,0,-1,499,525,525,0,1,-1
583,0,-1,499,525,525,0,1,-1
584,0,-1,500,525,525,0,1,-1
585,0,-1,501,525,525,0,1,-1
586,0,-1,502,526,526,0,1,-1
587,0,-1,502,527,527,0,1,-1
588,0,-1,503,528,528,0,1,-1
589,0,-1,504,529,529,0,1,-1
590,0,-1,505,530,530,0,1,-1
591,0,-1,506,531,531,0,1,-1
592,0,-1,507,532,532,0,1,-1
593,0,-1,508,533,533,0,1,-1
594,0,-1,508,534,534,0,1,-1
595,0,-1,508,535,535,0,1,-1
596,0,-1,509,535,535,0,1,-1
597,0,-1,510,536,536,0,1,-1
598,0,-1,511,537,537,0,1,-1
599,0,-1,512,538,538,0,1,-1
600,0,-1,513,539,539,0,-1,-1
601,0,-1,514,540,540,0,1,-1
602,0,-1,514,541,541,0,1,-1
603,0,-1,515,542,542,0,1,-1
604,0,-1,516,543,543,0,1,-1
605,0,-1,517,544,544,0,1,-1
606,0,-1,518,545,545,0,1,-1
607,0,-1,518,546,546,0,1,-1
608,0,-1,519,547,547,0,1,-1
609,0,-1,520,548,548,0,1,-1
610,0,-1,521,549,549,0,1,-1
611,0,-1,522,550,550,0,1,-1
612,0,-1,523,551,551,0,1,-1
613,0,-1,524,552,552,0,1,-1
614,0,-1,525,553,553,0,1,-1
615,0,-1,526,554,554,0,1,-1
616,0,-1,527,555,555,0,1,-1
617,0,-1,528,556,556,0,1,-1
618,0,-1,529,556,556,0,1,-1
619,0,-1,530,557,557,0,1,-1
620,0,-1,531,558,558,0,1,-1
621,0,-1,532,558,558,0,1,-1
622,0,-1,532,559,559,0,1,-1
623,0,-1,533,560,560,0,1,-1
624,0,-1,534,561,561,0,1,-1
625,0,-1,535,562,562,0,1,-1
626,0,-1,536,563,563,0,1,-1
627,0,-1,536,564,564,0,1,-1
628,0,-1,537,565,565,0,1,-1
629,0,-1,538,566,566,0,1,-1
630,0,-1,538,566,566,0,1,-1
631,0,-1,539,567,567,0,1,-1
632,0,-1,540,568,568,0,1,-1
633,0,-1,541,569,569,0,1,-1
634,0,-1,542,570,570,0,1,-1
635,0,-1,543,571,571,0,1,-1
636,0,-1,544,572,572,0,1,-1
637,0,-1,545,573,573,0,1,-1
638,0,-1,545,574,574,0,1,-1
639,0,-1,546,575,575,0,1,-1
640,0,-1,547,576,576,0,1,-1
641,0,-1,548,577,577,0,1,-1
642,0,-1,549,578,578,0,1,-1
643,0,-1,550,579,579,0,1,-1
644,0,-1,551,580,580,0,1,-1
645,0,-1,552,581,581,0,1,-1
646,0,-1,553,582,582,0,1,-1
647,0,-1,554,583,583,0,1,-1
648,0,-1,555,584,584,0,1,-1
649,0,-1,556,585,585,0,1,-1
650,0,-1,557,586,586,0,1,-1
651,0,-1,558,587,587,0,1,-1
652,0,-1,559,588,588,0,1,-1
653,0,-1,560,589,589,0,1,-1
654,0,-1,561,590,590,0,1,-1
655,0,-1,562,590,590,0,1,-1
656,0,-1,563,591,591,0,1,-1
657,0,-1,564,592,592,0,1,-1
658,0,-1,564,592,592,0,1,-1
659,0,-1,565,593,593,0,1,-1
660,0,-1,566,594,594,0,1,-1
661,0,-1,567,595,595,0,1,-1
662,0,-1,568,595,595,0,1,-1
663,0,-1,569,596,596,0,1,-1
664,0,-1,570,597,597,0,-1,-1
665,0,-1,571,598,598,0,1,-1
666,0,-1,572,599,599,0,1,-1
667,0,-1,573,600,600,0,1,-1
668,0,-1,574,601,601,0,1,-1
669,0,-1,575,602,602,0,1,-1
670,0,-1,576,603,603,0,1,-1
671,0,-1,577,604,604,0,1,-1
672,0,-1,578,605,605,0,1,-1
673,0,-1,578,606,606,0,1,-1
674,0,-1,579,607,607,0,1,-1
675,0,-1,580,607,607,0,1,-1
676,0,-1,581,608,608,0,1,-1
677,0,-1,582,609,609,0,1,-1
678,0,-1,583,610,610,0,1,-1
679,0,-1,584,611,611,0,1,-1
680,0,-1,585,612,612,0,1,-1
681,0,-1,586,613,613,0,1,-1
682,0,-1,587,614,614,0,-1,-1
683,0,-1,588,615,615,0,1,-1
684,0,-1,588,616,616,0,1,-1
685,0,-1,589,617,617,0,1,-1
686,0,-1,589,618,618,0,1,-1
687,0,-1,590,619,619,0,1,-1
688,0,-1,591,620,620,0,1,-1
689,0,-1,592,621,621,0,1,-1
690,0,-1,593,622,622,0,1,-1
691,0,-1,594,623,623,0,1,-1
692,0,-1,595,624,624,0,1,-1
693,0,-1,596,625,625,0,-1,-1
694,0,-1,597,626,626,0,1,-1
695,0,-1,597,627,627,0,1,-1
696,0,-1,598,628,628,0,1,-1
697,0,-1,599,629,629,0,1,-1
698,0,-1,600,630,630,0,1,-1
699,0,-1,601,631,631,0,1,-1
700,0,-1,602,632,632,0,1,-1
701,0,-1,603,633,633,0,1,-1
702,0,-1,604,634,634,0,1,-1
703,0,-1,605,635,635,0,1,-1
704,0,-1,606,636,636,0,1,-1
705,0,-1,607,637,637,0,1,-1
706,0,-1,608,638,638,0,1,-1
707,0,-1,609,639,639,0,1,-1
708,0,-1,610,640,640,0,1,-1
709,0,-1,611,641,641,0,1,-1
710,0,-1,612,642,642,0,1,-1
711,0,-1,613,643,643,0,1,-1
712,0,-1,614,644,644,0,1,-1
713,0,-1,615,645,645,0,1,-1
714,0,-1,615,646,646,0,1,-1
715,0,-1,616,647,647,0,1,-1
716,0,-1,617,648,648,0,1,-1
717,0,-1,618,649,649,0,1,-1
718,0,-1,619,649,649,0,1,-1
719,0,-1,620,650,650,0,1,-1
720,0,-1,621,651,651,0,1,-1
721,0,-1,622,652,652,0,1,-1
722,0,-1,623,653,653,0,1,-1
723,0,-1,623,654,654,0,1,-1
724,0,-1,624,655,655,0,1,-1
725,0,-1,624,656,656,0,1,-1
726,0,-1,625,657,657,0,1,-1
727,0,-1,626,658,658,0,1,-1
728,0,-1,627,659,659,0,1,-1
729,0,-1,628,660,660,0,1,-1
730,0,-1,629,660,660,0,1,-1
731,0,-1,630,661,661,0,1,-1
732,0,-1,630,662,662,0,1,-1
733,0,-1,630,663,663,0,1,-1
734,0,-1,631,664,664,0,1,-1
735,0,-1,632,665,665,0,1,-1
736,0,-1,633,666,666,0,1,-1
737,0,-1,634,667,667,0,1,-1
738,0,-1,635,668,668,0,1,-1
739,0,-1,635,669,669,0,1,-1
740,0,-1,636,669,669,0,1,-1
741,0,-1,637,670,670,0,1,-1
742,0,-1,638,671,671,0,1,-1
743,0,-1,639,672,672,0,1,-1
744,0,-1,640,673,673,0,1,-1
745,0,-1,641,674,674,0,-1,-1
746,0,-1,642,675,675,0,1,-1
747,0,-1,643,676,676,0,1,-1
748,0,-1,644,677,677,0,1,-1
749,0,-1,645,678,678,0,1,-1
750,0,-1,646,679,679,0,1,-1
751,0,-1,647,680,680,0,1,-1
752,0,-1,648,681,681,0,1,-1
753,0,-1,649,682,682,0,1,-1
754,0,-1,650,683,683,0,1,-1
755,0,-1,651,684,684,0,1,-1
756,0,-1,652,685,685,0,1,-1
757,0,-1,653,686,686,0,1,-1
758,0,-1,654,687,687,0,1,-1
759,0,-1,655,688,688,0,-1,-1
760,0,-1,656,689,689,0,1,-1
761,0,-1,656,690,690,0,1,-1
762,0,-1,657,691,691,0,1,-1
763,0,-1,657,692,692,0,1,-1
764,0,-1,658,693,693,0,1,-1
765,0,-1,659,694,694,0,1,-1
766,0,-1,660,695,695,0,1,-1
767,0,-1,661,696,696,0,1,-1
768,0,-1,662,697,697,0,1,-1
769,0,-1,663,698,698,0,1,-1
770,0,-1,664,699,699,0,-1,-1
771,0,-1,665,700,700,0,1,-1
772,0,-1,666,701,701,0,1,-1
773,0,-1,667,701,701,0,1,-1
774,0,-1,668,702,702,0,1,-1
775,0,-1,669,703,703,0,1,-1
776,0,-1,669,704,704,0,1,-1
777,0,-1,669,705,705,0,1,-1
778,0,-1,670,706,706,0,-1,-1
779,0,-1,671,707,707,0,1,-1
780,0,-1,672,708,708,0,1,-1
781,0,-1,673,709,709,0,1,-1
782,0,-1,674,710,710,0,1,-1
783,0,-1,675,711,711,0,1,-1
784,0,-1,676,712,712,0,1,-1
785,0,-1,677,712,712,0,1,-1
786,0,-1,678,713,713,0,1,-1
787,0,-1,679,714,714,0,-1,-1
787,0,-1,679,714,714,0,-1,-1
788,0,-1,680,715,715,0,1,-1
789,0,-1,681,716,716,0,1,-1
790,0,-1,682,717,717,0,-1,-1
791,0,-1,683,718,718,0,1,-1
792,0,-1,684,718,718,0,1,-1
793,0,-1,685,719,719,0,1,-1
794,0,-1,686,720,720,0,1,-1
795,0,-1,687,721,721,0,1,-1
796,0,-1,688,722,722,0,1,-1
797,0,-1,689,723,723,0,1,-1
798,0,-1,689,724,724,0,1,-1
799,0,-1,690,725,725,0,1,-1
800,0,-1,691,725,725,0,1,-1
801,0,-1,691,726,726,0,1,-1
802,0,-1,692,726,726,0,1,-1
803,0,-1,693,726,726,0,1,-1
804,0,-1,694,727,727,0,1,-1
805,0,-1,695,728,728,0,1,-1
806,0,-1,696,729,729,0,-1,-1
807,0,-1,697,730,730,0,1,-1
808,0,-1,698,731,731,0,1,-1
809,0,-1,699,732,732,0,1,-1
810,0,-1,700,733,733,0,1,-1
811,0,-1,701,734,734,0,1,-1
812,0,-1,702,735,735,0,1,-1
813,0,-1,703,736,736,0,1,-1
814,0,-1,704,737,737,0,1,-1
815,0,-1,705,737,737,0,-1,-1
816,0,-1,706,738,738,0,1,-1
817,0,-1,707,739,739,0,1,-1
818,0,-1,708,740,740,0,1,-1
819,0,-1,709,741,741,0,1,-1
820,0,-1,710,742,742,0,1,-1
821,0,-1,711,743,743,0,1,-1
822,0,-1,711,744,744,0,1,-1
823,0,-1,712,745,745,0,1,-1
824,0,-1,713,746,746,0,1,-1
825,0,-1,714,746,746,0,1,-1
826,0,-1,715,746,746,0,1,-1
827,0,-1,715,746,746,0,1,-1
828,0,-1,716,747,747,0,1,-1
829,0,-1,717,748,748,0,1,-1
830,0,-1,717,749,749,0,1,-1
831,0,-1,718,749,749,0,1,-1
832,0,-1,719,750,750,0,1,-1
833,0,-1,720,750,750,0,1,-1
834,0,-1,721,751,751,0,-1,-1
834,0,-1,722,751,751,0,-1,-1
835,0,-1,723,752,752,0,1,-1
836,0,-1,724,753,753,0,1,-1
837,0,-1,725,754,754,0,1,-1
838,0,-1,726,755,755,0,-1,-1
839,0,-1,727,756,756,0,1,-1
840,0,-1,728,757,757,0,1,-1
841,0,-1,728,758,758,0,1,-1
842,0,-1,729,759,759,0,-1,-1
843,0,-1,730,760,760,0,1,-1
844,0,-1,731,761,761,0,-1,-1
845,0,-1,732,762,762,0,1,-1
846,0,-1,733,762,762,0,1,-1
847,0,-1,734,763,763,0,1,-1
848,0,-1,735,763,763,0,1,-1
849,0,-1,736,764,764,0,1,-1
850,0,-1,737,765,765,0,1,-1
851,0,-1,738,766,766,0,1,-1
852,0,-1,739,767,767,0,1,-1
853,0,-1,740,768,768,0,1,-1
854,0,-1,741,769,769,0,-1,-1
855,0,-1,742,770,770,0,1,-1
856,0,-1,742,771,771,0,1,-1
857,0,-1,743,772,772,0,1,-1
858,0,-1,744,773,773,0,1,-1
859,0,-1,745,774,774,0,1,-1
860,0,-1,745,775,775,0,1,-1
861,0,-1,746,776,776,0,1,-1
862,0,-1,747,777,777,0,1,-1
863,0,-1,748,778,778,0,1,-1
864,0,-1,748,779,779,0,1,-1
865,0,-1,749,780,780,0,1,-1
866,0,-1,750,781,781,0,1,-1
867,0,-1,751,782,782,0,1,-1
868,0,-1,751,782,782,0,1,-1
869,0,-1,752,783,783,0,1,-1
870,0,-1,753,784,784,0,1,-1
871,0,-1,753,785,785,0,1,-1
872,0,-1,754,786,786,0,1,-1
873,0,-1,755,787,787,0,1,-1
874,0,-1,756,788,788,0,1,-1
875,0,-1,757,789,789,0,1,-1
876,0,-1,758,790,790,0,1,-1
877,0,-1,759,791,791,0,-1,-1
878,0,-1,760,792,792,0,1,-1
879,0,-1,761,793,793,0,1,-1
880,0,-1,761,794,794,0,1,-1
881,0,-1,762,795,795,0,1,-1
882,0,-1,763,796,796,0,1,-1
883,0,-1,764,797,797,0,1,-1
884,0,-1,765,798,798,0,1,-1
885,0,-1,766,799,799,0,1,-1
886,0,-1,767,800,800,0,1,-1
887,0,-1,767,801,801,0,1,-1
888,0,-1,768,802,802,0,1,-1
889,0,-1,769,802,802,0,1,-1
890,0,-1,770,803,803,0,1,-1
891,0,-1,771,804,804,0,1,-1
892,0,-1,772,805,805,0,1,-1
893,0,-1,773,806,806,0,-1,-1
894,0,-1,774,807,807,0,1,-1
895,0,-1,775,808,808,0,1,-1
896,0,-1,776,809,809,0,1,-1
897,0,-1,777,810,810,0,1,-1
898,0,-1,778,811,811,0,1,-1
899,0,-1,779,812,812,0,1,-1
900,0,-1,780,813,813,0,1,-1
901,0,-1,781,814,814,0,1,-1
902,0,-1,782,815,815,0,1,-1
903,0,-1,783,816,816,0,1,-1
904,0,-1,784,817,817,0,1,-1
905,0,-1,785,818,818,0,1,-1
906,0,-1,786,819,819,0,1,-1
907,0,-1,786,820,820,0,1,-1
908,0,-1,787,821,821,0,1,-1
909,0,-1,788,822,822,0,1,-1
910,0,-1,789,823,823,0,-1,-1
911,0,-1,790,824,824,0,1,-1
912,0,-1,791,825,825,0,1,-1
913,0,-1,792,826,826,0,1,-1
914,0,-1,793,826,826,0,1,-1
915,0,-1,794,826,826,0,1,-1
916,0,-1,795,827,827,0,-1,-1
917,0,-1,796,828,828,0,1,-1
918,0,-1,797,829,829,0,1,-1
919,0,-1,798,830,830,0,1,-1
920,0,-1,799,831,831,0,1,-1
921,0,-1,800,832,832,0,-1,-1
922,0,-1,801,833,833,0,1,-1
923,0,-1,801,834,834,0,1,-1
924,0,-1,802,835,835,0,1,-1
925,0,-1,803,836,836,0,1,-1
926,0,-1,803,837,837,0,1,-1
927,0,-1,804,838,838,0,1,-1
928,0,-1,805,839,839,0,1,-1
929,0,-1,805,840,840,0,1,-1
930,0,-1,806,841,841,0,1,-1
931,0,-1,807,841,841,0,1,-1
932,0,-1,808,842,842,0,1,-1
933,0,-1,809,843,843,0,1,-1
934,0,-1,810,843,843,0,1,-1
935,0,-1,811,844,844,0,1,-1
936,0,-1,812,845,845,0,1,-1
937,0,-1,813,846,846,0,1,-1
938,0,-1,814,847,847,0,1,-1
939,0,-1,815,848,848,0,1,-1
940,0,-1,816,849,849,0,1,-1
941,0,-1,817,850,850,0,1,-1
942,0,-1,818,851,851,0,1,-1
943,0,-1,819,852,852,0,1,-1
944,0,-1,820,853,853,0,1,-1
945,0,-1,821,854,854,0,-1,-1
946,0,-1,822,855,855,0,1,-1
947,0,-1,823,856,856,0,1,-1
948,0,-1,824,857,857,0,1,-1
949,0,-1,825,858,858,0,1,-1
950,0,-1,825,859,859,0,1,-1
951,0,-1,825,860,860,0,1,-1
952,0,-1,826,861,861,0,1,-1
953,0,-1,827,861,861,0,1,-1
954,0,-1,828,862,862,0,1,-1
955,0,-1,829,863,863,0,1,-1
956,0,-1,830,864,864,0,1,-1
957,0,-1,831,865,865,0,1,-1
958,0,-1,832,866,866,0,1,-1
959,0,-1,833,867,867,0,1,-1
960,0,-1,834,868,868,0,1,-1
961,0,-1,835,869,869,0,1,-1
962,0,-1,836,870,870,0,1,-1
963,0,-1,837,871,871,0,-1,-1
964,0,-1,838,872,872,0,1,-1
965,0,-1,838,872,872,0,1,-1
966,0,-1,838,873,873,0,1,-1
967,0,-1,839,874,874,0,1,-1
968,0,-1,840,875,875,0,1,-1
969,0,1,841,876,876,0,-1,1
970,0,-1,842,877,877,0,1,-1
971,0,-1,843,878,878,0,-1,-1
972,0,-1,844,879,879,0,1,-1
973,0,-1,844,880,880,0,1,-1
974,0,-1,845,881,881,0,1,-1
975,0,-1,846,882,882,0,1,-1
976,0,-1,847,883,883,0,1,-1
977,0,-1,848,884,884,0,-1,-1
978,0,-1,849,885,885,0,1,-1
979,0,-1,850,886,886,0,1,-1
980,0,-1,851,887,887,0,1,-1
981,0,-1,852,888,888,0,1,-1
982,0,-1,853,889,889,0,1,-1
983,0,-1,854,890,890,0,1,-1
984,0,-1,855,891,891,0,1,-1
985,0,-1,856,892,892,0,1,-1
986,0,-1,857,893,893,0,1,-1
987,0,-1,858,894,894,0,1,-1
988,0,-1,858,895,895,0,1,-1
989,0,-1,858,895,895,0,1,-1
990,0,-1,859,895,895,0,1,-1
991,0,-1,860,895,895,0,1,-1
992,0,-1,861,896,896,0,1,-1
993,0,-1,862,897,897,0,1,-1
994,0,-1,863,898,898,0,1,-1
995,0,-1,864,899,899,0,1,-1
996,0,-1,865,900,900,0,1,-1
997,0,-1,866,901,901,0,1,-1
998,0,-1,867,902,902,0,1,-1
999,0,-1,868,903,903,0,1,-1
1000,0,-1,869,904,904,0,1,-1
1001,0,-1,870,905,905,0,1,-1
1002,0,-1,871,906,906,0,1,-1
1003,0,-1,872,907,907,0,1,-1
1004,0,-1,873,908,908,0,1,-1
1005,0,-1,874,909,909,0,1,-1
1006,0,-1,875,910,910,0,1,-1
1007,0,-1,876,911,911,0,1,-1
1008,0,-1,876,912,912,0,1,-1
1009,0,-1,877,913,913,0,1,-1
1010,0,-1,878,914,914,0,1,-1
1011,0,-1,879,914,914,0,1,-1
1012,0,-1,880,915,915,0,1,-1
1013,0,-1,880,916,916,0,1,-1
1014,0,-1,881,917,917,0,1,-1
1015,0,-1,882,918,918,0,1,-1
1016,0,-1,883,919,919,0,1,-1
1017,0,-1,884,920,920,0,1,-1
1018,0,-1,884,921,921,0,1,-1
1019,0,-1,885,922,922,0,1,-1
1020,0,-1,886,923,923,0,1,-1
1021,0,-1,887,924,924,0,1,-1
1022,0,-1,887,925,925,0,1,-1
1023,0,-1,888,925,925,0,1,-1
1024,0,-1,889,925,925,0,1,-1
1025,0,-1,890,926,926,0,1,-1
1026,0,-1,891,927,927,0,1,-1
1027,0,-1,892,928,928,0,1,-1
1028,0,-1,893,928,928,0,1,-1
1029,0,-1,894,928,928,0,1,-1
1030,0,-1,895,929,929,0,1,-1
1031,0,-1,896,930,930,0,1,-1
1032,0,-1,897,931,931,0,1,-1
1033,0,-1,898,932,932,0,1,-1
1034,0,-1,899,933,933,0,1,-1
1035,0,-1,899,934,934,0,1,-1
1036,0,-1,899,935,935,0,1,-1
1037,0,-1,900,935,935,0,1,-1
1038,0,-1,900,936,936,0,1,-1
1039,0,-1,901,937,937,0,1,-1
1040,0,-1,902,938,938,0,1,-1
1041,0,-1,903,939,939,0,1,-1
1042,0,-1,904,940,940,0,1,-1
1043,0,-1,905,941,941,0,1,-1
1044,0,-1,905,942,942,0,1,-1
1045,0,-1,906,942,942,0,1,-1
1046,0,-1,907,943,943,0,1,-1
1047,0,-1,908,944,944,0,1,-1
1048,0,-1,908,945,945,0,1,-1
1049,0,-1,909,946,946,0,1,-1
1050,0,-1,910,947,947,0,1,-1
1051,0,-1,911,948,948,0,1,-1
1052,0,-1,912,949,949,0,1,-1
1053,0,-1,913,950,950,0,1,-1
1054,0,-1,914,951,951,0,1,-1
1055,0,-1,915,951,951,0,1,-1
1056,0,-1,916,952,952,0,1,-1
1057,0,-1,917,952,952,0,1,-1
1058,0,-1,918,953,953,0,1,-1
1059,0,-1,919,954,954,0,1,-1
1060,0,-1,920,954,954,0,1,-1
1061,0,-1,921,955,955,0,1,-1
1062,0,-1,922,956,956,0,1,-1
1063,0,-1,923,957,957,0,1,-1
1064,0,-1,924,958,958,0,1,-1
1065,0,-1,924,959,959,0,1,-1
1066,0,-1,925,960,960,0,1,-1
1067,0,-1,926,961,961,0,1,-1
1068,0,-1,927,962,962,0,1,-1
1069,0,-1,928,963,963,0,-1,-1
1070,0,-1,929,964,964,0,1,-1
1071,0,-1,929,965,965,0,1,-1
1072,0,-1,930,966,966,0,1,-1
1073,0,-1,931,966,966,0,1,-1
1074,0,-1,932,967,967,0,1,-1
1075,0,-1,933,968,968,0,1,-1
1076,0,-1,934,969,969,0,1,-1
1077,0,-1,935,970,970,0,1,-1
1078,0,-1,936,971,971,0,1,-1
1079,0,-1,937,972,972,0,1,-1
1080,0,-1,938,973,973,0,1,-1
1081,0,-1,939,974,974,0,1,-1
1082,0,-1,940,975,975,0,1,-1
1083,0,-1,940,976,976,0,1,-1
1084,0,-1,941,977,977,0,1,-1
1085,0,-1,942,978,978,0,1,-1
1086,0,-1,943,979,979,0,1,-1
1087,0,-1,944,980,980,0,1,-1
1088,0,-1,945,981,981,0,1,-1
1089,0,-1,946,982,982,0,1,-1
1090,0,-1,947,983,983,0,1,-1
1091,0,-1,948,984,984,0,1,-1
1092,0,-1,948,985,985,0,1,-1
1093,0,-1,948,986,986,0,1,-1
1094,0,-1,949,987,987,0,1,-1
1095,0,-1,950,988,988,0,1,-1
1096,0,-1,951,989,989,0,-1,-1
1097,0,-1,952,990,990,0,1,-1
1098,0,-1,953,991,991,0,1,-1
1099,0,-1,954,992,992,0,1,-1
1100,0,-1,955,993,993,0,1,-1
1101,0,-1,955,994,994,0,1,-1
1102,0,-1,956,994,994,0,1,-1
1103,0,-1,957,995,995,0,1,-1
1104,0,-1,958,995,995,0,1,-1
1105,0,-1,959,996,996,0,1,-1
1106,0,-1,960,997,997,0,1,-1
1107,0,-1,961,998,998,0,1,-1
1108,0,-1,962,999,999,0,1,-1
1109,0,-1,963,1000,1000,0,1,-1
1110,0,-1,964,1001,1001,0,1,-1
1111,0,-1,965,1002,1002,0,1,-1
1112,0,-1,966,1003,1003,0,1,-1
1113,0,-1,967,1004,1004,0,1,-1
1114,0,-1,968,1005,1005,0,1,-1
1115,0,-1,969,1006,1006,0,1,-1
1116,0,-1,970,1007,1007,0,1,-1
1117,0,-1,971,1008,1008,0,1,-1
1118,0,-1,972,1009,1009,0,1,-1
1119,0,-1,973,1010,1010,0,1,-1
1120,0,-1,974,1011,1011,0,1,-1
1121,0,-1,975,1012,1012,0,1,-1
1122,0,-1,976,1013,1013,0,1,-1
1123,0,-1,977,1014,1014,0,1,-1
1124,0,-1,978,1015,1015,0,1,-1
1125,0,-1,979,1016,1016,0,1,-1
1126,0,-1,980,1017,1017,0,1,-1
1127,0,-1,981,1018,1018,0,-1,-1
1128,0,-1,982,1019,1019,0,1,-1
1129,0,-1,983,1020,1020,0,1,-1
1130,0,-1,984,1021,1021,0,1,-1
1131,0,-1,985,1021,1021,0,1,-1
1132,0,-1,986,1021,1021,0,1,-1
1133,0,-1,987,1021,1021,0,1,-1
1134,0,-1,988,1022,1022,0,1,-1
1135,0,-1,989,1023,1023,0,1,-1
1136,0,-1,990,1024,1024,0,1,-1
1137,0,-1,990,1025,1025,0,1,-1
1138,0,-1,991,1026,1026,0,1,-1
1139,0,-1,992,1027,1027,0,1,-1
1140,0,-1,993,1027,1027,0,1,-1
1141,0,-1,994,1028,1028,0,1,-1
1142,0,-1,995,1028,1028,0,1,-1
1143,0,-1,996,1029,1029,0,1,-1
1144,0,-1,997,1030,1030,0,1,-1
1145,0,-1,998,1031,1031,0,1,-1
1146,0,-1,999,1032,1032,0,1,-1
1147,0,-1,1000,1033,1033,0,1,-1
1148,0,-1,1001,1033,1033,0,1,-1
1149,0,-1,1002,1034,1034,0,1,-1
1150,0,-1,1003,1035,1035,0,1,-1
1151,0,-1,1004,1036,1036,0,1,-1
1152,0,-1,1005,1037,1037,0,1,-1
1153,0,-1,1006,1037,1037,0,-1,-1
1154,0,-1,1007,1038,1038,0,1,-1
1155,0,-1,1008,1039,1039,0,1,-1
1156,0,-1,1009,1040,1040,0,1,-1
1157,0,-1,1010,1041,1041,0,1,-1
1158,0,-1,1011,1042,1042,0,-1,-1
1159,0,-1,1012,1043,1043,0,1,-1
1160,0,-1,1013,1044,1044,0,-1,-1
1161,0,-1,1014,1045,1045,0,1,-1
1162,0,-1,1015,1046,1046,0,1,-1
1163,0,-1,1015,1047,1047,0,1,-1
1164,0,-1,1016,1047,1047,0,1,-1
1165,0,-1,1017,1048,1048,0,1,-1
1166,0,-1,1018,1049,1049,0,1,-1
1167,0,-1,1019,1050,1050,0,1,-1
1168,0,-1,1020,1050,1050,0,1,-1
1169,0,-1,1021,1051,1051,0,1,-1
1170,0,-1,1022,1052,1052,0,1,-1
1171,0,-1,1023,1053,1053,0,1,-1
1172,0,-1,1024,1054,1054,0,1,-1
1173,0,-1,1025,1055,1055,0,1,-1
1174,0,-1,1025,1056,1056,0,1,-1
1175,0,-1,1026,1057,1057,0,1,-1
1176,0,-1,1027,1058,1058,0,-1,-1
1177,0,-1,1028,1059,1059,0,1,-1
1178,0,-1,1029,1060,1060,0,1,-1
1179,0,-1,1030,1061,1061,0,1,-1
1180,0,-1,1030,1062,1062,0,1,-1
1181,0,-1,1030,1063,1063,0,1,-1
1182,0,-1,1030,1064,1064,0,1,-1
1183,0,-1,1031,1065,1065,0,1,-1
1184,0,-1,1032,1066,1066,0,1,-1
1185,0,-1,1033,1067,1067,0,1,-1
1186,0,-1,1033,1068,1068,0,1,-1
1187,0,-1,1034,1069,1069,0,1,-1
1188,0,-1,1035,1070,1070,0,1,-1
1189,0,-1,1036,1071,1071,0,1,-1
1190,0,-1,1037,1072,1072,0,1,-1
1191,0,-1,1038,1073,1073,0,1,-1
1192,0,-1,1039,1073,1073,0,1,-1
1193,0,-1,1040,1074,1074,0,1,-1
1194,0,-1,1041,1075,1075,0,1,-1
1195,0,-1,1042,1076,1076,0,1,-1
1196,0,-1,1042,1077,1077,0,1,-1
1197,0,-1,1043,1078,1078,0,1,-1
1198,0,-1,1044,1079,1079,0,1,-1
1199,0,-1,1045,1080,1080,0,1,-1
1200,0,-1,1046,1081,1081,0,1,-1
1201,0,-1,1047,1082,1082,0,1,-1
1202,0,-1,1048,1083,1083,0,1,-1
1203,0,-1,1049,1084,1084,0,1,-1
1204,0,-1,1050,1085,1085,0,1,-1
1205,0,-1,1051,1086,1086,0,1,-1
1206,0,-1,1052,1087,1087,0,1,-1
1207,0,-1,1053,1087,1087,0,1,-1
1208,0,-1,1053,1087,1087,0,1,-1
1209,0,-1,1053,1088,1088,0,1,-1
1210,0,-1,1053,1089,1089,0,1,-1
1211,0,-1,1054,1090,1090,0,-1,-1
1212,0,-1,1055,1091,1091,0,1,-1
1213,0,-1,1056,1092,1092,0,1,-1
1214,0,-1,1057,1093,1093,0,1,-1
1215,0,-1,1058,1094,1094,0,1,-1
1216,0,-1,1058,1095,1095,0,1,-1
1217,0,-1,1059,1096,1096,0,1,-1
1218,0,-1,1060,1097,1097,0,1,-1
1219,0,-1,1060,1098,1098,0,1,-1
1220,0,-1,1061,1099,1099,0,1,-1
1221,0,-1,1062,1100,1100,0,1,-1
1222,0,-1,1063,1101,1101,0,1,-1
1223,0,-1,1064,1102,1102,0,1,-1
1224,0,-1,1065,1103,1103,0,1,-1
1225,0,-1,1066,1104,1104,0,1,-1
1226,0,-1,1067,1105,1105,0,1,-1
1227,0,-1,1068,1106,1106,0,1,-1
1228,0,-1,1069,1107,1107,0,1,-1
1229,0,-1,1070,1108,1108,0,1,-1
1230,0,-1,1071,1109,1109,0,1,-1
1231,0,-1,1072,1110,1110,0,1,-1
1232,0,-1,1073,1111,1111,0,1,-1
1233,0,-1,1074,1112,1112,0,1,-1
1234,0,-1,1074,1113,1113,0,1,-1
1235,0,-1,1075,1114,1114,0,1,-1
1236,0,-1,1075,1114,1114,0,1,-1
1237,0,-1,1076,1114,1114,0,1,-1
1238,0,-1,1076,1115,1115,0,1,-1
1239,0,-1,1077,1116,1116,0,1,-1
1240,0,-1,1078,1117,1117,0,1,-1
1241,0,-1,1079,1118,1118,0,1,-1
1242,0,-1,1080,1119,1119,0,1,-1
1243,0,-1,1081,1120,1120,0,1,-1
1244,0,-1,1082,1121,1121,0,1,-1
1245,0,-1,1083,1122,1122,0,1,-1
1246,0,-1,1084,1123,1123,0,1,-1
1247,0,-1,1085,1124,1124,0,1,-1
1248,0,-1,1086,1125,1125,0,1,-1
1249,0,-1,1087,1126,1126,0,1,-1
1250,0,-1,1088,1127,1127,0,1,-1
1251,0,-1,1089,1128,1128,0,1,-1
1252,0,-1,1090,1129,1129,0,1,-1
1253,0,-1,1091,1130,1130,0,1,-1
1254,0,-1,1092,1131,1131,0,1,-1
1255,0,-1,1093,1132,1132,0,1,-1
1256,0,-1,1094,1133,1133,0,1,-1
1257,0,-1,1094,1134,1134,0,1,-1
1258,0,-1,1094,1135,1135,0,1,-1
1259,0,-1,1095,1136,1136,0,1,-1
1260,0,-1,1096,1137,1137,0,1,-1
1261,0,-1,1097,1138,1138,0,1,-1
1262,0,-1,1098,1139,1139,0,1,-1
1263,0,-1,1099,1140,1140,0,-1,-1
1263,0,-1,1099,1140,1140,0,-1,-1
1263,0,-1,1099,1140,1140,0,-1,-1
1264,0,-1,1100,1141,1141,0,1,-1
1265,0,-1,1101,1142,1142,0,1,-1
1266,0,-1,1102,1142,1142,0,1,-1
1267,0,-1,1103,1143,1143,0,-1,-1
1268,0,-1,1104,1144,1144,0,1,-1
1269,0,-1,1105,1145,1145,0,1,-1
1270,0,-1,1106,1146,1146,0,1,-1
1271,0,2,1107,1147,1147,0,1,2
1272,0,-1,1108,1148,1148,0,1,-1
1273,0,-1,1109,1149,1149,0,1,-1
1274,0,-1,1109,1150,1150,0,1,-1
1275,0,-1,1110,1151,1151,0,1,-1
1276,0,-1,1110,1152,1152,0,1,-1
1277,0,-1,1110,1153,1153,0,1,-1
1278,0,-1,1111,1154,1154,0,1,-1
1279,0,-1,1112,1155,1155,0,1,-1
1280,0,-1,1113,1156,1156,0,1,-1
1281,0,-1,1114,1157,1157,0,1,-1
1282,0,-1,1115,1157,1157,0,1,-1
1283,0,-1,1116,1158,1158,0,1,-1
1284,0,-1,1117,1159,1159,0,1,-1
1285,0,-1,1118,1160,1160,0,1,-1
1286,0,-1,1119,1161,1161,0,1,-1
1287,0,-1,1120,1162,1162,0,1,-1
1288,0,-1,1121,1163,1163,0,1,-1
1289,0,-1,1122,1164,1164,0,-1,-1
1290,0,-1,1123,1165,1165,0,1,-1
1291,0,-1,1124,1166,1166,0,1,-1
1292,0,-1,1125,1166,1166,0,1,-1
1293,0,-1,1126,1167,1167,0,1,-1
1294,0,-1,1127,1168,1168,0,1,-1
1295,0,-1,1128,1169,1169,0,1,-1
1296,0,-1,1129,1170,1170,0,1,-1
1297,0,-1,1130,1171,1171,0,1,-1
1298,0,-1,1131,1172,1172,0,1,-1
1299,0,-1,1131,1173,1173,0,1,-1
1300,0,-1,1132,1174,1174,0,1,-1
1301,0,-1,1133,1175,1175,0,-1,-1
1302,0,-1,1134,1176,1176,0,1,-1
1303,0,-1,1135,1177,1177,0,1,-1
1304,0,-1,1136,1178,1178,0,1,-1
1305,0,-1,1136,1179,1179,0,1,-1
1306,0,-1,1137,1180,1180,0,1,-1
1307,0,-1,1138,1181,1181,0,1,-1
1308,0,-1,1138,1182,1182,0,1,-1
1309,0,-1,1139,1183,1183,0,1,-1
1310,0,-1,1139,1184,1184,0,1,-1
1311,0,-1,1140,1185,1185,0,1,-1
1312,0,-1,1141,1186,1186,0,1,-1
1313,0,-1,1142,1187,1187,0,1,-1
1314,0,-1,1143,1188,1188,0,1,-1
1315,0,-1,1143,1189,1189,0,1,-1
1316,0,-1,1144,1189,1189,0,1,-1
1317,0,-1,1145,1190,1190,0,1,-1
1318,0,-1,1145,1190,1190,0,1,-1
1319,0,-1,1145,1190,1190,0,1,-1
1320,0,-1,1146,1191,1191,0,1,-1
1321,0,-1,1147,1192,1192,0,1,-1
1322,0,-1,1148,1193,1193,0,1,-1
1323,0,-1,1149,1194,1194,0,1,-1
1324,0,-1,1150,1195,1195,0,1,-1
1325,0,-1,1150,1196,1196,0,1,-1
1326,0,-1,1151,1197,1197,0,1,-1
1327,0,-1,1152,1198,1198,0,1,-1
1328,0,-1,1153,1199,1199,0,1,-1
1329,0,-1,1154,1200,1200,0,1,-1
1330,0,-1,1155,1201,1201,0,1,-1
1331,0,-1,1156,1202,1202,0,1,-1
1332,0,-1,1157,1203,1203,0,1,-1
1333,0,-1,1158,1204,1204,0,1,-1
1334,0,-1,1159,1205,1205,0,1,-1
1335,0,-1,1160,1206,1206,0,1,-1
1336,0,-1,1161,1207,1207,0,1,-1
1337,0,-1,1162,1208,1208,0,1,-1
1338,0,-1,1162,1209,1209,0,1,-1
1339,0,-1,1163,1210,1210,0,-1,-1
1340,0,-1,1164,1211,1211,0,1,-1
1341,0,-1,1165,1212,1212,0,1,-1
1342,0,-1,1166,1213,1213,0,1,-1
1343,0,-1,1167,1214,1214,0,1,-1
1344,0,-1,1168,1215,1215,0,1,-1
1345,0,-1,1169,1216,1216,0,1,-1
1346,0,-1,1170,1217,1217,0,-1,-1
1347,0,-1,1171,1218,1218,0,1,-1
1348,0,-1,1172,1219,1219,0,-1,-1
1349,0,-1,1173,1220,1220,0,1,-1
1350,0,-1,1174,1221,1221,0,1,-1
1351,0,-1,1175,1222,1222,0,-1,-1
1352,0,-1,1176,1223,1223,0,1,-1
1353,0,-1,1177,1224,1224,0,1,-1
1354,0,-1,1178,1225,1225,0,1,-1
1355,0,-1,1179,1226,1226,0,1,-1
1356,0,-1,1180,1226,1226,0,1,-1
1357,0,3,1181,1227,1227,0,-1,3
1358,0,-1,1182,1228,1228,0,1,-1
1359,0,-1,1182,1229,1229,0,1,-1
1360,0,-1,1183,1230,1230,0,1,-1
1361,0,-1,1184,1231,1231,0,1,-1
1362,0,-1,1185,1232,1232,0,1,-1
1363,0,-1,1186,1233,1233,0,1,-1
1364,0,-1,1187,1234,1234,0,1,-1
1365,0,-1,1188,1235,1235,0,1,-1
1366,0,-1,1189,1236,1236,0,1,-1
1367,0,-1,1189,1237,1237,0,1,-1
1368,0,-1,1190,1238,1238,0,1,-1
1369,0,-1,1191,1239,1239,0,1,-1
1370,0,-1,1192,1240,1240,0,1,-1
1371,0,-1,1193,1241,1241,0,1,-1
1372,0,-1,1194,1242,1242,0,1,-1
1373,0,-1,1195,1243,1243,0,1,-1
1374,0,-1,1196,1244,1244,0,1,-1
1375,0,-1,1197,1245,1245,0,1,-1
1376,0,-1,1198,1246,1246,0,1,-1
1377,0,-1,1199,1247,1247,0,1,-1
1378,0,-1,1199,1248,1248,0,1,-1
1379,0,-1,1200,1249,1249,0,1,-1
1380,0,-1,1201,1250,1250,0,1,-1
1381,0,-1,1202,1251,1251,0,1,-1
1382,0,-1,1203,1252,1252,0,1,-1
1383,0,-1,1204,1253,1253,0,1,-1
1384,0,-1,1205,1254,1254,0,1,-1
1385,0,-1,1206,1255,1255,0,1,-1
1386,0,-1,1207,1256,1256,0,1,-1
1387,0,-1,1208,1257,1257,0,1,-1
1388,0,-1,1209,1258,1258,0,1,-1
1389,0,-1,1210,1259,1259,0,1,-1
1390,0,-1,1211,1260,1260,0,1,-1
1391,0,-1,1212,1261,1261,0,1,-1
1392,0,-1,1213,1262,1262,0,1,-1
1393,0,-1,1213,1263,1263,0,1,-1
1394,0,-1,1214,1264,1264,0,1,-1
1395,0,-1,1214,1264,1264,0,1,-1
1396,0,-1,1215,1265,1265,0,1,-1
1397,0,-1,1216,1266,1266,0,1,-1
1398,0,-1,1217,1267,1267,0,1,-1
1399,0,-1,1218,1268,1268,0,1,-1
1400,0,-1,1219,1269,1269,0,1,-1
1401,0,-1,1220,1270,1270,0,1,-1
1402,0,-1,1221,1270,1270,0,1,-1
1403,0,-1,1221,1271,1271,0,1,-1
1404,0,-1,1222,1272,1272,0,1,-1
1405,0,-1,1223,1273,1273,0,1,-1
1406,0,-1,1224,1273,1273,0,1,-1
1407,0,-1,1225,1274,1274,0,1,-1
1408,0,-1,1226,1275,1275,0,1,-1
1409,0,-1,1227,1276,1276,0,1,-1
1410,0,-1,1227,1277,1277,0,1,-1
1411,0,-1,1228,1277,1277,0,1,-1
1412,0,-1,1229,1278,1278,0,-1,-1
1413,0,-1,1230,1279,1279,0,1,-1
1414,0,-1,1231,1280,1280,0,1,-1
1415,0,-1,1232,1281,1281,0,1,-1
1416,0,-1,1233,1282,1282,0,1,-1
1417,0,-1,1234,1283,1283,0,1,-1
1418,0,-1,1235,1284,1284,0,1,-1
1419,0,-1,1236,1285,1285,0,1,-1
1420,0,-1,1237,1286,1286,0,1,-1
1421,0,-1,1238,1287,1287,0,1,-1
1422,0,-1,1239,1288,1288,0,1,-1
1423,0,-1,1240,1289,1289,0,1,-1
1424,0,-1,1241,1290,1290,0,1,-1
1425,0,-1,1242,1291,1291,0,1,-1
1426,0,-1,1243,1292,1292,0,1,-1
1427,0,-1,1244,1293,1293,0,1,-1
1428,0,-1,1245,1294,1294,0,1,-1
1429,0,-1,1246,1295,1295,0,1,-1
1430,0,-1,1247,1296,1296,0,1,-1
1431,0,-1,1248,1297,1297,0,1,-1
1432,0,-1,1249,1298,1298,0,1,-1
1433,0,-1,1250,1299,1299,0,1,-1
1434,0,-1,1251,1299,1299,0,1,-1
1435,0,-1,1252,1300,1300,0,1,-1
1436,0,-1,1253,1301,1301,0,1,-1
1437,0,-1,1254,1302,1302,0,1,-1
1438,0,-1,1255,1303,1303,0,-1,-1
1439,0,-1,1256,1304,1304,0,1,-1
1440,0,-1,1257,1305,1305,0,1,-1
1441,0,-1,1258,1306,1306,0,1,-1
1442,0,-1,1259,1307,1307,0,1,-1
1443,0,-1,1259,1308,1308,0,1,-1
1444,0,-1,1260,1309,1309,0,1,-1
1445,0,-1,1261,1310,1310,0,1,-1
1446,0,-1,1262,1311,1311,0,1,-1
1447,0,-1,1263,1312,1312,0,1,-1
1448,0,-1,1263,1313,1313,0,1,-1
1449,0,-1,1263,1314,1314,0,1,-1
1450,0,-1,1264,1314,1314,0,1,-1
1451,0,-1,1265,1315,1315,0,1,-1
1452,0,-1,1266,1316,1316,0,1,-1
1453,0,-1,1267,1317,1317,0,1,-1
1454,0,-1,1268,1318,1318,0,1,-1
1455,0,-1,1269,1319,1319,0,1,-1
1456,0,-1,1269,1320,1320,0,1,-1
1457,0,-1,1270,1321,1321,0,1,-1
1458,0,-1,1271,1322,1322,0,1,-1
1459,0,-1,1272,1323,1323,0,1,-1
1460,0,-1,1273,1324,1324,0,1,-1
1461,0,-1,1274,1325,1325,0,1,-1
1462,0,-1,1275,1326,1326,0,1,-1
1463,0,-1,1276,1327,1327,0,1,-1
1464,0,-1,1277,1328,1328,0,1,-1
1465,0,-1,1278,1329,1329,0,1,-1
1466,0,-1,1278,1330,1330,0,1,-1
1467,0,-1,1279,1331,1331,0,1,-1
1468,0,-1,1280,1332,1332,0,1,-1
1469,0,-1,1281,1333,1333,0,1,-1
1470,0,-1,1282,1333,1333,0,1,-1
1471,0,-1,1283,1334,1334,0,1,-1
1472,0,-1,1283,1335,1335,0,1,-1
1473,0,-1,1284,1336,1336,0,1,-1
1474,0,-1,1285,1337,1337,0,1,-1
1475,0,-1,1286,1338,1338,0,1,-1
1476,0,-1,1287,1339,1339,0,1,-1
1477,0,-1,1288,1340,1340,0,1,-1
1478,0,-1,1289,1341,1341,0,1,-1
1479,0,-1,1290,1342,1342,0,1,-1
1480,0,-1,1291,1343,1343,0,1,-1
1481,0,-1,1292,1344,1344,0,1,-1
1482,0,-1,1293,1344,1344,0,1,-1
1483,0,-1,1294,1345,1345,0,1,-1
1484,0,-1,1294,1346,1346,0,1,-1
1485,0,-1,1295,1347,1347,0,1,-1
1486,0,-1,1295,1348,1348,0,1,-1
1487,0,-1,1296,1349,1349,0,1,-1
1488,0,-1,1297,1350,1350,0,1,-1
1489,0,-1,1298,1351,1351,0,1,-1
1490,0,-1,1299,1352,1352,0,1,-1
1491,0,-1,1300,1353,1353,0,1,-1
1492,0,-1,1300,1354,1354,0,1,-1
1493,0,-1,1300,1355,1355,0,1,-1
1494,0,-1,1300,1356,1356,0,1,-1
1495,0,-1,1301,1357,1357,0,1,-1
1496,0,-1,1302,1357,1357,0,1,-1
1497,0,-1,1303,1358,1358,0,1,-1
1498,0,-1,1304,1359,1359,0,1,-1
1499,0,-1,1305,1360,1360,0,1,-1
1500,0,-1,1306,1361,1361,0,1,-1
1501,0,-1,1307,1362,1362,0,1,-1
1502,0,-1,1308,1363,1363,0,1,-1
1503,0,-1,1309,1364,1364,0,1,-1
1504,0,-1,1310,1365,1365,0,1,-1
1505,0,-1,1311,1366,1366,0,1,-1
1506,0,-1,1312,1366,1366,0,1,-1
1507,0,-1,1313,1367,1367,0,1,-1
1508,0,-1,1314,1368,1368,0,1,-1
1509,0,-1,1315,1369,1369,0,1,-1
1510,0,-1,1316,1370,1370,0,1,-1
1511,0,-1,1317,1370,1370,0,1,-1
1512,0,-1,1318,1371,1371,0,1,-1
1513,0,-1,1319,1372,1372,0,1,-1
1514,0,-1,1320,1373,1373,0,1,-1
1515,0,-1,1321,1374,1374,0,1,-1
1516,0,-1,1322,1375,1375,0,1,-1
1517,0,-1,1323,1376,1376,0,1,-1
1518,0,-1,1324,1377,1377,0,1,-1
1519,0,-1,1324,1378,1378,0,1,-1
1520,0,-1,1325,1379,1379,0,1,-1
1521,0,-1,1326,1379,1379,0,1,-1
1522,0,-1,1327,1379,1379,0,1,-1
1523,0,-1,1328,1380,1380,0,1,-1
1524,0,-1,1329,1381,1381,0,1,-1
1525,0,-1,1330,1382,1382,0,1,-1
1526,0,-1,1331,1383,1383,0,1,-1
1527,0,-1,1332,1384,1384,0,1,-1
1528,0,-1,1333,1385,1385,0,1,-1
1529,0,-1,1334,1386,1386,0,1,-1
1530,0,-1,1335,1387,1387,0,1,-1
1531,0,-1,1336,1388,1388,0,1,-1
1532,0,-1,1337,1389,1389,0,1,-1
1533,0,-1,1338,1390,1390,0,1,-1
1534,0,-1,1338,1391,1391,0,1,-1
1535,0,-1,1339,1391,1391,0,1,-1
1536,0,-1,1340,1392,1392,0,1,-1
1537,0,-1,1341,1392,1392,0,1,-1
1538,0,-1,1342,1393,1393,0,1,-1
1539,0,-1,1343,1393,1393,0,1,-1
1540,0,-1,1344,1393,1393,0,1,-1
1541,0,-1,1345,1394,1394,0,1,-1
1542,0,-1,1346,1395,1395,0,1,-1
1543,0,-1,1347,1396,1396,0,1,-1
1544,0,-1,1348,1397,1397,0,1,-1
1545,0,-1,1349,1398,1398,0,1,-1
1546,0,-1,1350,1399,1399,0,1,-1
1547,0,-1,1351,1400,1400,0,1,-1
1548,0,-1,1352,1401,1401,0,1,-1
1549,0,-1,1353,1402,1402,0,1,-1
1550,0,-1,1353,1403,1403,0,1,-1
1551,0,-1,1354,1404,1404,0,1,-1
1552,0,-1,1355,1405,1405,0,1,-1
1553,0,-1,1356,1406,1406,0,1,-1
1554,0,-1,1357,1407,1407,0,1,-1
1555,0,-1,1358,1408,1408,0,1,-1
1556,0,-1,1359,1409,1409,0,1,-1
1557,0,-1,1359,1410,1410,0,1,-1
1558,0,-1,1360,1411,1411,0,1,-1
1559,0,-1,1360,1412,1412,0,1,-1
1560,0,-1,1361,1413,1413,0,1,-1
1561,0,-1,1362,1414,1414,0,1,-1
1562,0,-1,1363,1415,1415,0,1,-1
1563,0,-1,1363,1416,1416,0,1,-1
1564,0,-1,1364,1417,1417,0,1,-1
1565,0,-1,1365,1418,1418,0,1,-1
1566,0,-1,1366,1419,1419,0,1,-1
1567,0,-1,1367,1420,1420,0,1,-1
1568,0,-1,1368,1421,1421,0,1,-1
1569,0,-1,1369,1422,1422,0,1,-1
1570,0,-1,1370,1423,1423,0,1,-1
1571,0,-1,1371,1424,1424,0,1,-1
1572,0,-1,1372,1425,1425,0,1,-1
1573,0,-1,1373,1426,1426,0,1,-1
1574,0,-1,1374,1427,1427,0,1,-1
1575,0,-1,1375,1428,1428,0,1,-1
1576,0,-1,1376,1429,1429,0,-1,-1
1577,0,-1,1377,1430,1430,0,1,-1
1578,0,-1,1378,1431,1431,0,1,-1
1579,0,-1,1379,1432,1432,0,1,-1
1580,0,-1,1380,1433,1433,0,-1,-1
1581,0,-1,1381,1433,1433,0,1,-1
1582,0,-1,1382,1434,1434,0,1,-1
1583,0,-1,1383,1435,1435,0,1,-1
1584,0,-1,1384,1436,1436,0,1,-1
1585,0,-1,1385,1437,1437,0,1,-1
1586,0,-1,1386,1438,1438,0,1,-1
1587,0,-1,1386,1439,1439,0,1,-1
1588,0,-1,1387,1440,1440,0,1,-1
1589,0,-1,1388,1441,1441,0,1,-1
1590,0,-1,1389,1441,1441,0,1,-1
1591,0,-1,1390,1442,1442,0,1,-1
1592,0,-1,1391,1443,1443,0,1,-1
1593,0,-1,1392,1444,1444,0,1,-1
1594,0,-1,1393,1445,1445,0,1,-1
1595,0,-1,1394,1446,1446,0,1,-1
1596,0,-1,1395,1447,1447,0,-1,-1
1597,0,-1,1396,1448,1448,0,1,-1
1598,0,-1,1397,1449,1449,0,1,-1
1599,0,-1,1398,1450,1450,0,1,-1
1600,0,-1,1399,1450,1450,0,1,-1
1601,0,-1,1400,1451,1451,0,-1,-1
1602,0,-1,1401,1452,1452,0,1,-1
1603,0,-1,1402,1453,1453,0,1,-1
1604,0,-1,1403,1454,1454,0,1,-1
1605,0,-1,1404,1455,1455,0,1,-1
1606,0,-1,1405,1456,1456,0,1,-1
1607,0,-1,1406,1457,1457,0,1,-1
1608,0,-1,1407,1458,1458,0,1,-1
1609,0,-1,1408,1459,1459,0,1,-1
1610,0,-1,1409,1460,1460,0,1,-1
1611,0,-1,1410,1461,1461,0,1,-1
1612,0,-1,1411,1462,1462,0,1,-1
1613,0,-1,1412,1463,1463,0,1,-1
1614,0,-1,1413,1464,1464,0,1,-1
1615,0,-1,1414,1465,1465,0,1,-1
1616,0,-1,1415,1466,1466,0,1,-1
1617,0,-1,1416,1467,1467,0,1,-1
1618,0,-1,1417,1468,1468,0,1,-1
1619,0,-1,1418,1469,1469,0,1,-1
1620,0,-1,1419,1470,1470,0,1,-1
1621,0,-1,1420,1471,1471,0,1,-1
1622,0,-1,1421,1472,1472,0,1,-1
1623,0,-1,1421,1473,1473,0,1,-1
1624,0,-1,1422,1474,1474,0,1,-1
1625,0,-1,1423,1475,1475,0,1,-1
1626,0,-1,1424,1476,1476,0,1,-1
1627,0,-1,1425,1477,1477,0,1,-1
1628,0,-1,1426,1478,1478,0,1,-1
1629,0,-1,1427,1479,1479,0,1,-1
1630,0,-1,1428,1480,1480,0,1,-1
1631,0,-1,1429,1481,1481,0,1,-1
1632,0,-1,1430,1481,1481,0,1,-1
1633,0,-1,1430,1482,1482,0,1,-1
1634,0,-1,1431,1483,1483,0,1,-1
1635,0,-1,1432,1484,1484,0,1,-1
1636,0,-1,1433,1485,1485,0,1,-1
1637,0,-1,1434,1486,1486,0,1,-1
1638,0,-1,1435,1487,1487,0,1,-1
1639,0,-1,1436,1488,1488,0,1,-1
1640,0,-1,1437,1489,1489,0,1,-1
1641,0,-1,1438,1490,1490,0,1,-1
1642,0,-1,1439,1491,1491,0,1,-1
1643,0,-1,1440,1492,1492,0,-1,-1
1643,0,-1,1440,1492,1492,0,-1,-1
1644,0,-1,1441,1493,1493,0,1,-1
1645,0,-1,1442,1494,1494,0,1,-1
1646,0,-1,1443,1495,1495,0,1,-1
1647,0,-1,1444,1496,1496,0,1,-1
1648,0,-1,1445,1497,1497,0,1,-1
1649,0,-1,1446,1498,1498,0,1,-1
1650,0,-1,1447,1499,1499,0,1,-1
1651,0,-1,1448,1500,1500,0,1,-1
1652,0,-1,1448,1501,1501,0,1,-1
1653,0,-1,1449,1502,1502,0,1,-1
1654,0,-1,1450,1503,1503,0,1,-1
1655,0,-1,1451,1504,1504,0,1,-1
1656,0,-1,1451,1505,1505,0,1,-1
1657,0,-1,1452,1505,1505,0,1,-1
1658,0,-1,1453,1506,1506,0,1,-1
1659,0,-1,1454,1507,1507,0,1,-1
1660,0,-1,1455,1507,1507,0,1,-1
1661,0,-1,1456,1508,1508,0,1,-1
1662,0,-1,1457,1508,1508,0,1,-1
1663,0,-1,1458,1509,1509,0,1,-1
1664,0,-1,1459,1510,1510,0,1,-1
1665,0,-1,1460,1511,1511,0,1,-1
1666,0,-1,1461,1512,1512,0,1,-1
1667,0,-1,1462,1513,1513,0,1,-1
1668,0,-1,1463,1514,1514,0,1,-1
1669,0,-1,1463,1514,1514,0,1,-1
1670,0,-1,1464,1515,1515,0,1,-1
1671,0,-1,1465,1516,1516,0,1,-1
1672,0,-1,1466,1517,1517,0,1,-1
1673,0,-1,1467,1518,1518,0,1,-1
1674,0,-1,1468,1519,1519,0,1,-1
1675,0,-1,1469,1520,1520,0,1,-1
1676,0,-1,1470,1521,1521,0,1,-1
1677,0,-1,1471,1522,1522,0,1,-1
1678,0,-1,1471,1523,1523,0,1,-1
1679,0,-1,1472,1524,1524,0,1,-1
1680,0,-1,1473,1525,1525,0,1,-1
1681,0,-1,1474,1526,1526,0,1,-1
1682,0,-1,1475,1527,1527,0,1,-1
1683,0,-1,1476,1528,1528,0,1,-1
1684,0,-1,1477,1529,1529,0,1,-1
1685,0,-1,1478,1530,1530,0,1,-1
1686,0,-1,1479,1531,1531,0,1,-1
1687,0,-1,1480,1532,1532,0,1,-1
1688,0,-1,1481,1532,1532,0,1,-1
1689,0,-1,1482,1533,1533,0,1,-1
1690,0,-1,1483,1534,1534,0,1,-1
1691,0,-1,1484,1534,1534,0,-1,-1
1692,0,-1,1485,1535,1535,0,1,-1
1693,0,-1,1485,1536,1536,0,1,-1
1694,0,-1,1485,1537,1537,0,1,-1
1695,0,-1,1485,1538,1538,0,1,-1
1696,0,-1,1486,1539,1539,0,1,-1
1697,0,-1,1487,1540,1540,0,1,-1
1698,0,-1,1488,1541,1541,0,1,-1
1699,0,-1,1489,1542,1542,0,1,-1
1700,0,-1,1490,1543,1543,0,1,-1
1701,0,-1,1490,1544,1544,0,1,-1
1702,0,-1,1491,1545,1545,0,1,-1
1703,0,-1,1492,1546,1546,0,1,-1
1704,0,-1,1493,1547,1547,0,1,-1
1705,0,-1,1493,1548,1548,0,1,-1
1706,0,-1,1494,1549,1549,0,1,-1
1707,0,-1,1494,1550,1550,0,1,-1
1708,0,-1,1495,1551,1551,0,1,-1
1709,0,-1,1496,1552,1552,0,1,-1
1710,0,-1,1497,1553,1553,0,-1,-1
1711,0,-1,1498,1553,1553,0,-1,-1
1712,0,-1,1499,1554,1554,0,1,-1
1713,0,-1,1500,1555,1555,0,1,-1
1714,0,-1,1501,1556,1556,0,1,-1
1715,0,-1,1502,1557,1557,0,1,-1
1716,0,-1,1503,1558,1558,0,1,-1
1717,0,-1,1504,1559,1559,0,1,-1
1718,0,-1,1505,1560,1560,0,1,-1
1719,0,-1,1506,1561,1561,0,1,-1
1720,0,-1,1506,1562,1562,0,1,-1
1721,0,-1,1507,1563,1563,0,1,-1
1722,0,-1,1508,1564,1564,0,1,-1
1723,0,-1,1508,1565,1565,0,1,-1
1724,0,-1,1509,1566,1566,0,1,-1
1725,0,-1,1510,1567,1567,0,1,-1
1726,0,-1,1511,1568,1568,0,-1,-1
1727,0,-1,1512,1569,1569,0,1,-1
1728,0,-1,1513,1570,1570,0,1,-1
1729,0,-1,1514,1571,1571,0,1,-1
1730,0,-1,1515,1572,1572,0,1,-1
1731,0,-1,1516,1573,1573,0,1,-1
1732,0,-1,1517,1573,1573,0,1,-1
1733,0,-1,1517,1574,1574,0,1,-1
1734,0,-1,1518,1575,1575,0,1,-1
1735,0,-1,1518,1576,1576,0,1,-1
1736,0,-1,1519,1577,1577,0,1,-1
1737,0,-1,1520,1578,1578,0,1,-1
1738,0,-1,1521,1579,1579,0,1,-1
1739,0,-1,1521,1580,1580,0,1,-1
1740,0,-1,1522,1581,1581,0,1,-1
1741,0,-1,1523,1582,1582,0,1,-1
1742,0,-1,1524,1583,1583,0,-1,-1
1743,0,-1,1525,1584,1584,0,1,-1
1744,0,-1,1526,1585,1585,0,1,-1
1745,0,-1,1527,1586,1586,0,1,-1
1746,0,-1,1528,1587,1587,0,1,-1
1747,0,-1,1529,1588,1588,0,1,-1
1748,0,-1,1530,1588,1588,0,1,-1
1749,0,-1,1531,1589,1589,0,1,-1
1750,0,-1,1532,1590,1590,0,1,-1
1751,0,-1,1532,1591,1591,0,1,-1
1752,0,-1,1533,1592,1592,0,1,-1
1753,0,-1,1534,1593,1593,0,1,-1
1754,0,-1,1535,1594,1594,0,1,-1
1755,0,-1,1536,1595,1595,0,1,-1
1756,0,-1,1537,1596,1596,0,-1,-1
1757,0,-1,1538,1596,1596,0,1,-1
1758,0,-1,1538,1597,1597,0,1,-1
1759,0,-1,1539,1598,1598,0,1,-1
1760,0,-1,1540,1599,1599,0,1,-1
1761,0,-1,1541,1600,1600,0,1,-1
1762,0,-1,1542,1601,1601,0,1,-1
1763,0,-1,1543,1602,1602,0,1,-1
1764,0,-1,1543,1603,1603,0,1,-1
1765,0,-1,1544,1604,1604,0,-1,-1
1766,0,-1,1545,1605,1605,0,1,-1
1767,0,-1,1545,1606,1606,0,1,-1
1768,0,-1,1546,1607,1607,0,1,-1
1769,0,-1,1546,1608,1608,0,1,-1
1770,0,-1,1547,1609,1609,0,1,-1
1771,0,-1,1548,1610,1610,0,1,-1
1772,0,-1,1549,1611,1611,0,1,-1
1773,0,-1,1550,1612,1612,0,1,-1
1774,0,-1,1551,1613,1613,0,1,-1
1775,0,-1,1552,1614,1614,0,1,-1
1776,0,-1,1553,1615,1615,0,1,-1
1777,0,-1,1554,1615,1615,0,1,-1
1778,0,-1,1555,1616,1616,0,1,-1
1779,0,-1,1556,1617,1617,0,1,-1
1780,0,-1,1557,1618,1618,0,1,-1
1781,0,-1,1558,1619,1619,0,1,-1
1782,0,-1,1559,1620,1620,0,1,-1
1783,0,-1,1560,1620,1620,0,1,-1
1784,0,-1,1561,1621,1621,0,1,-1
1785,0,-1,1561,1622,1622,0,1,-1
1786,0,-1,1562,1622,1622,0,1,-1
1787,0,-1,1563,1623,1623,0,1,-1
1788,0,-1,1564,1624,1624,0,1,-1
1789,0,-1,1565,1625,1625,0,-1,-1
1790,0,-1,1566,1626,1626,0,1,-1
1791,0,-1,1567,1627,1627,0,1,-1
1792,0,-1,1568,1628,1628,0,1,-1
1793,0,-1,1569,1629,1629,0,1,-1
1794,0,-1,1570,1630,1630,0,1,-1
1795,0,-1,1571,1631,1631,0,1,-1
1796,0,-1,1572,1632,1632,0,1,-1
1797,0,-1,1572,1633,1633,0,1,-1
1798,0,-1,1573,1634,1634,0,1,-1
1799,0,-1,1574,1635,1635,0,1,-1
1800,0,-1,1575,1636,1636,0,1,-1
1801,0,-1,1576,1637,1637,0,1,-1
1802,0,-1,1577,1638,1638,0,1,-1
1803,0,-1,1578,1639,1639,0,1,-1
1804,0,-1,1579,1640,1640,0,1,-1
1805,0,-1,1580,1641,1641,0,1,-1
1806,0,-1,1581,1642,1642,0,1,-1
1807,0,-1,1581,1643,1643,0,1,-1
1808,0,-1,1581,1644,1644,0,1,-1
1809,0,-1,1581,1645,1645,0,1,-1
1810,0,-1,1582,1646,1646,0,1,-1
1811,0,-1,1583,1647,1647,0,1,-1
1812,0,-1,1583,1648,1648,0,1,-1
1813,0,-1,1583,1649,1649,0,1,-1
1814,0,-1,1583,1650,1650,0,1,-1
1815,0,-1,1584,1651,1651,0,1,-1
1816,0,-1,1585,1652,1652,0,1,-1
1817,0,-1,1586,1653,1653,0,1,-1
1818,0,-1,1587,1654,1654,0,1,-1
1819,0,-1,1588,1655,1655,0,1,-1
1820,0,-1,1589,1656,1656,0,1,-1
1821,0,-1,1590,1657,1657,0,1,-1
1822,0,-1,1591,1658,1658,0,1,-1
1823,0,-1,1592,1659,1659,0,1,-1
1824,0,-1,1593,1660,1660,0,1,-1
1825,0,-1,1594,1661,1661,0,1,-1
1826,0,-1,1595,1662,1662,0,1,-1
1827,0,-1,1596,1663,1663,0,1,-1
1828,0,-1,1597,1664,1664,0,1,-1
1829,0,-1,1598,1665,1665,0,1,-1
1830,0,-1,1599,1665,1665,0,-1,-1
1831,0,-1,1600,1666,1666,0,1,-1
1832,0,-1,1601,1667,1667,0,-1,-1
1833,0,-1,1602,1668,1668,0,1,-1
1834,0,-1,1603,1669,1669,0,1,-1
1835,0,-1,1604,1670,1670,0,1,-1
1836,0,-1,1605,1671,1671,0,1,-1
1837,0,-1,1606,1672,1672,0,1,-1
1838,0,-1,1607,1673,1673,0,1,-1
1839,0,-1,1608,1674,1674,0,1,-1
1840,0,-1,1609,1675,1675,0,1,-1
1841,0,-1,1610,1676,1676,0,1,-1
1842,0,-1,1611,1677,1677,0,1,-1
1843,0,-1,1612,1678,1678,0,1,-1
1844,0,-1,1613,1679,1679,0,1,-1
1845,0,-1,1614,1680,1680,0,1,-1
1846,0,-1,1614,1680,1680,0,1,-1
1847,0,-1,1614,1681,1681,0,1,-1
1848,0,-1,1615,1682,1682,0,1,-1
1849,0,-1,1616,1683,1683,0,1,-1
1850,0,-1,1617,1683,1683,0,1,-1
1851,0,-1,1618,1684,1684,0,1,-1
1852,0,-1,1619,1685,1685,0,1,-1
1853,0,-1,1620,1686,1686,0,1,-1
1854,0,-1,1621,1687,1687,0,1,-1
1855,0,-1,1622,1688,1688,0,1,-1
1856,0,-1,1623,1689,1689,0,1,-1
1857,0,-1,1624,1690,1690,0,1,-1
1858,0,-1,1625,1691,1691,0,1,-1
1859,0,-1,1626,1692,1692,0,-1,-1
1860,0,-1,1627,1693,1693,0,1,-1
1861,0,-1,1627,1694,1694,0,1,-1
1862,0,-1,1628,1695,1695,0,1,-1
1863,0,-1,1629,1696,1696,0,1,-1
1864,0,-1,1630,1697,1697,0,1,-1
1865,0,-1,1631,1698,1698,0,1,-1
1866,0,-1,1632,1699,1699,0,1,-1
1867,0,-1,1633,1699,1699,0,1,-1
1868,0,-1,1634,1700,1700,0,1,-1
1869,0,-1,1635,1701,1701,0,1,-1
1870,0,-1,1636,1702,1702,0,1,-1
1871,0,-1,1637,1703,1703,0,1,-1
1872,0,-1,1638,1704,1704,0,1,-1
1873,0,-1,1639,1705,1705,0,1,-1
1874,0,-1,1640,1706,1706,0,-1,-1
1875,0,-1,1641,1707,1707,0,1,-1
1876,0,-1,1642,1708,1708,0,1,-1
1877,0,-1,1642,1709,1709,0,1,-1
1878,0,-1,1643,1710,1710,0,1,-1
1879,0,-1,1644,1711,1711,0,1,-1
1880,0,-1,1645,1712,1712,0,1,-1
1881,0,-1,1646,1713,1713,0,1,-1
1882,0,-1,1647,1714,1714,0,1,-1
1883,0,-1,1647,1715,1715,0,1,-1
1884,0,-1,1647,1716,1716,0,1,-1
1885,0,-1,1647,1716,1716,0,1,-1
1886,0,-1,1648,1717,1717,0,1,-1
1887,0,-1,1649,1718,1718,0,1,-1
1888,0,-1,1650,1719,1719,0,-1,-1
1889,0,-1,1651,1720,1720,0,1,-1
1890,0,-1,1652,1720,1720,0,1,-1
1891,0,-1,1653,1720,1720,0,1,-1
1892,0,-1,1654,1721,1721,0,1,-1
1893,0,-1,1655,1722,1722,0,1,-1
1894,0,-1,1656,1723,1723,0,1,-1
1895,0,-1,1657,1724,1724,0,1,-1
1896,0,-1,1658,1725,1725,0,1,-1
1897,0,-1,1658,1726,1726,0,1,-1
1898,0,-1,1659,1727,1727,0,1,-1
1899,0,-1,1660,1728,1728,0,1,-1
1900,0,-1,1661,1729,1729,0,1,-1
1901,0,-1,1662,1730,1730,0,1,-1
1902,0,-1,1663,1731,1731,0,1,-1
1903,0,-1,1664,1732,1732,0,1,-1
1904,0,-1,1665,1733,1733,0,1,-1
1905,0,-1,1666,1734,1734,0,1,-1
1906,0,-1,1667,1735,1735,0,1,-1
1907,0,-1,1668,1735,1735,0,1,-1
1908,0,-1,1669,1736,1736,0,1,-1
1909,0,-1,1670,1737,1737,0,-1,-1
1910,0,-1,1671,1738,1738,0,1,-1
1911,0,-1,1671,1739,1739,0,1,-1
1912,0,-1,1672,1740,1740,0,1,-1
1913,0,-1,1673,1740,1740,0,1,-1
1914,0,-1,1674,1741,1741,0,1,-1
1915,0,-1,1675,1742,1742,0,1,-1
1916,0,-1,1676,1743,1743,0,1,-1
1917,0,-1,1677,1744,1744,0,1,-1
1918,0,-1,1678,1745,1745,0,1,-1
1919,0,-1,1679,1746,1746,0,1,-1
1920,0,-1,1680,1747,1747,0,1,-1
1921,0,-1,1681,1748,1748,0,1,-1
1922,0,-1,1682,1749,1749,0,1,-1
1923,0,-1,1682,1750,1750,0,1,-1
1924,0,-1,1683,1751,1751,0,1,-1
1925,0,-1,1683,1752,1752,0,1,-1
1926,0,-1,1684,1753,1753,0,1,-1
1927,0,-1,1684,1754,1754,0,1,-1
1928,0,-1,1685,1755,1755,0,1,-1
1929,0,-1,1686,1756,1756,0,1,-1
1930,0,-1,1687,1757,1757,0,1,-1
1931,0,-1,1688,1758,1758,0,1,-1
1932,0,-1,1689,1759,1759,0,1,-1
1933,0,-1,1690,1760,1760,0,1,-1
1934,0,-1,1691,1761,1761,0,1,-1
1935,0,-1,1692,1762,1762,0,1,-1
1936,0,-1,1693,1763,1763,0,1,-1
1937,0,-1,1694,1763,1763,0,1,-1
1938,0,-1,1695,1764,1764,0,1,-1
1939,0,-1,1696,1765,1765,0,1,-1
1940,0,-1,1697,1766,1766,0,1,-1
1941,0,-1,1697,1767,1767,0,1,-1
1942,0,-1,1698,1768,1768,0,1,-1
1943,0,-1,1699,1769,1769,0,1,-1
1944,0,-1,1700,1770,1770,0,1,-1
1945,0,-1,1700,1771,1771,0,1,-1
1946,0,-1,1701,1772,1772,0,1,-1
1947,0,-1,1702,1773,1773,0,1,-1
1948,0,-1,1703,1774,1774,0,1,-1
1949,0,-1,1704,1775,1775,0,1,-1
1950,0,-1,1704,1776,1776,0,1,-1
1951,0,-1,1704,1777,1777,0,1,-1
1952,0,-1,1705,1778,1778,0,1,-1
1953,0,-1,1706,1779,1779,0,1,-1
1954,0,-1,1706,1780,1780,0,1,-1
1955,0,-1,1706,1781,1781,0,1,-1
1956,0,-1,1707,1782,1782,0,1,-1
1957,0,-1,1708,1783,1783,0,1,-1
1958,0,-1,1709,1784,1784,0,1,-1
1959,0,-1,1709,1785,1785,0,1,-1
1960,0,-1,1710,1785,1785,0,1,-1
1961,0,-1,1711,1786,1786,0,1,-1
1962,0,-1,1712,1787,1787,0,1,-1
1963,0,-1,1712,1788,1788,0,1,-1
1964,0,-1,1713,1789,1789,0,-1,-1
1965,0,-1,1714,1790,1790,0,1,-1
1966,0,-1,1715,1791,1791,0,1,-1
1967,0,-1,1716,1792,1792,0,1,-1
1968,0,-1,1717,1793,1793,0,1,-1
1969,0,-1,1718,1794,1794,0,1,-1
1970,0,-1,1719,1795,1795,0,-1,-1
1971,0,-1,1720,1796,1796,0,1,-1
1972,0,-1,1721,1797,1797,0,1,-1
1973,0,-1,1722,1798,1798,0,1,-1
1974,0,-1,1723,1799,1799,0,1,-1
1975,0,-1,1724,1800,1800,0,1,-1
1976,0,-1,1725,1801,1801,0,1,-1
1977,0,-1,1726,1802,1802,0,1,-1
1978,0,-1,1727,1803,1803,0,1,-1
1979,0,-1,1728,1804,1804,0,1,-1
1980,0,-1,1729,1805,1805,0,1,-1
1981,0,-1,1730,1806,1806,0,1,-1
1982,0,-1,1731,1807,1807,0,1,-1
1983,0,-1,1732,1808,1808,0,1,-1
1984,0,-1,1733,1809,1809,0,1,-1
1985,0,-1,1734,1810,1810,0,1,-1
1986,0,-1,1735,1811,1811,0,1,-1
1987,0,-1,1735,1811,1811,0,1,-1
1988,0,-1,1736,1812,1812,0,1,-1
1989,0,-1,1737,1813,1813,0,1,-1
1990,0,-1,1738,1814,1814,0,1,-1
1991,0,-1,1739,1814,1814,0,1,-1
1992,0,-1,1740,1815,1815,0,1,-1
1993,0,-1,1740,1816,1816,0,1,-1
1994,0,-1,1741,1817,1817,0,1,-1
1995,0,-1,1742,1818,1818,0,-1,-1
1996,0,-1,1743,1819,1819,0,1,-1
1997,0,-1,1744,1819,1819,0,1,-1
1998,0,-1,1745,1820,1820,0,1,-1
1999,0,-1,1746,1821,1821,0,1,-1
2000,0,-1,1747,1822,1822,0,1,-1
2001,0,-1,1748,1823,1823,0,1,-1
2002,0,-1,1749,1824,1824,0,1,-1
2003,0,-1,1750,1824,1824,0,1,-1
2004,0,-1,1751,1825,1825,0,1,-1
2005,0,-1,1752,1826,1826,0,1,-1
2006,0,-1,1753,1827,1827,0,1,-1
2007,0,-1,1754,1828,1828,0,1,-1
2008,0,-1,1755,1829,1829,0,1,-1
2009,0,-1,1756,1830,1830,0,1,-1
2010,0,-1,1757,1831,1831,0,1,-1
2011,0,-1,1758,1832,1832,0,1,-1
2012,0,-1,1759,1833,1833,0,1,-1
2013,0,-1,1760,1834,1834,0,-1,-1
2013,0,-1,1760,1834,1834,0,-1,-1
2013,0,-1,1760,1834,1834,0,-1,-1
2014,0,-1,1761,1835,1835,0,1,-1
2015,0,-1,1762,1836,1836,0,1,-1
2016,0,-1,1763,1837,1837,0,1,-1
2017,0,-1,1764,1838,1838,0,1,-1
2018,0,-1,1765,1839,1839,0,1,-1
2019,0,-1,1766,1840,1840,0,1,-1
2020,0,-1,1767,1841,1841,0,1,-1
2021,0,-1,1768,1842,1842,0,1,-1
2022,0,-1,1769,1843,1843,0,1,-1
2023,0,-1,1770,1844,1844,0,1,-1
2024,0,-1,1770,1845,1845,0,1,-1
2025,0,-1,1771,1846,1846,0,1,-1
2026,0,-1,1772,1847,1847,0,1,-1
2027,0,-1,1773,1848,1848,0,1,-1
2028,0,-1,1774,1849,1849,0,1,-1
2029,0,-1,1775,1850,1850,0,1,-1
2030,0,-1,1775,1851,1851,0,1,-1
2031,0,-1,1776,1852,1852,0,1,-1
2032,0,-1,1777,1853,1853,0,1,-1
2033,0,-1,1778,1854,1854,0,1,-1
2034,0,-1,1778,1855,1855,0,1,-1
2035,0,-1,1779,1856,1856,0,1,-1
2036,0,-1,1780,1857,1857,0,1,-1
2037,0,-1,1781,1858,1858,0,1,-1
2038,0,-1,1782,1859,1859,0,1,-1
2039,0,-1,1783,1860,1860,0,1,-1
2040,0,-1,1784,1861,1861,0,1,-1
2041,0,-1,1785,1862,1862,0,1,-1
2042,0,-1,1786,1863,1863,0,1,-1
2043,0,-1,1787,1864,1864,0,1,-1
2044,0,-1,1788,1865,1865,0,1,-1
2045,0,-1,1789,1866,1866,0,1,-1
2046,0,-1,1790,1867,1867,0,1,-1
2047,0,-1,1791,1868,1868,0,1,-1
2048,0,-1,1791,1869,1869,0,1,-1
2049,0,-1,1792,1870,1870,0,1,-1
2050,0,-1,1793,1871,1871,0,1,-1
2051,0,-1,1794,1872,1872,0,1,-1
2052,0,-1,1795,1873,1873,0,1,-1
2053,0,-1,1796,1874,1874,0,1,-1
2054,0,-1,1797,1875,1875,0,1,-1
2055,0,-1,1798,1876,1876,0,1,-1
2056,0,-1,1798,1877,1877,0,1,-1
2057,0,-1,1799,1878,1878,0,1,-1
2058,0,-1,1800,1879,1879,0,1,-1
2059,0,-1,1801,1880,1880,0,1,-1
2060,0,-1,1802,1881,1881,0,1,-1
2061,0,-1,1803,1882,1882,0,1,-1
2062,0,-1,1804,1883,1883,0,-1,-1
2063,0,-1,1805,1884,1884,0,1,-1
2064,0,-1,1806,1885,1885,0,1,-1
2065,0,-1,1807,1886,1886,0,1,-1
2066,0,-1,1807,1887,1887,0,1,-1
2067,0,-1,1807,1888,1888,0,1,-1
2068,0,-1,1808,1889,1889,0,1,-1
2069,0,-1,1809,1890,1890,0,1,-1
2070,0,-1,1810,1891,1891,0,1,-1
2071,0,-1,1811,1892,1892,0,1,-1
2072,0,-1,1812,1893,1893,0,1,-1
2073,0,-1,1813,1894,1894,0,1,-1
2074,0,-1,1814,1895,1895,0,1,-1
2075,0,-1,1815,1896,1896,0,1,-1
2076,0,-1,1816,1897,1897,0,1,-1
2077,0,-1,1817,1898,1898,0,1,-1
2078,0,-1,1818,1899,1899,0,1,-1
2079,0,-1,1818,1900,1900,0,1,-1
2080,0,-1,1819,1901,1901,0,1,-1
2081,0,-1,1820,1902,1902,0,1,-1
2082,0,-1,1821,1903,1903,0,1,-1
2083,0,-1,1822,1904,1904,0,1,-1
2084,0,-1,1823,1905,1905,0,1,-1
2085,0,-1,1824,1906,1906,0,-1,-1
2086,0,-1,1825,1907,1907,0,1,-1
2087,0,-1,1826,1908,1908,0,1,-1
2088,0,-1,1827,1909,1909,0,1,-1
2089,0,-1,1828,1910,1910,0,1,-1
2090,0,-1,1829,1911,1911,0,1,-1
2091,0,-1,1830,1912,1912,0,1,-1
2092,0,-1,1831,1913,1913,0,1,-1
2093,0,-1,1831,1914,1914,0,1,-1
2094,0,-1,1832,1915,1915,0,1,-1
2095,0,-1,1833,1916,1916,0,1,-1
2096,0,-1,1834,1917,1917,0,1,-1
2097,0,-1,1835,1918,1918,0,1,-1
2098,0,-1,1836,1919,1919,0,1,-1
2099,0,-1,1837,1919,1919,0,1,-1
2100,0,-1,1838,1919,1919,0,1,-1
2101,0,-1,1838,1920,1920,0,1,-1
2102,0,-1,1838,1921,1921,0,1,-1
2103,0,-1,1839,1922,1922,0,1,-1
2104,0,-1,1840,1923,1923,0,1,-1
2105,0,-1,1841,1924,1924,0,1,-1
2106,0,-1,1842,1925,1925,0,1,-1
2107,0,-1,1843,1926,1926,0,1,-1
2108,0,-1,1844,1927,1927,0,1,-1
2109,0,-1,1845,1928,1928,0,1,-1
2110,0,-1,1846,1929,1929,0,1,-1
2111,0,-1,1847,1930,1930,0,1,-1
2112,0,-1,1848,1931,1931,0,1,-1
2113,0,-1,1849,1932,1932,0,1,-1
2114,0,-1,1850,1933,1933,0,1,-1
2115,0,-1,1850,1933,1933,0,1,-1
2116,0,-1,1851,1934,1934,0,1,-1
2117,0,-1,1852,1934,1934,0,1,-1
2118,0,-1,1853,1935,1935,0,1,-1
2119,0,-1,1854,1936,1936,0,1,-1
2120,0,-1,1855,1937,1937,0,1,-1
2121,0,-1,1856,1938,1938,0,1,-1
2122,0,-1,1857,1939,1939,0,1,-1
2123,0,-1,1858,1940,1940,0,1,-1
2124,0,-1,1859,1941,1941,0,1,-1
2125,0,-1,1860,1942,1942,0,1,-1
2126,0,-1,1861,1943,1943,0,1,-1
2127,0,-1,1862,1944,1944,0,-1,-1
2128,0,-1,1863,1944,1944,0,-1,-1
2129,0,-1,1864,1945,1945,0,1,-1
2130,0,-1,1865,1946,1946,0,1,-1
2131,0,-1,1866,1947,1947,0,1,-1
2132,0,-1,1867,1948,1948,0,1,-1
2133,0,-1,1868,1949,1949,0,1,-1
2134,0,-1,1869,1950,1950,0,1,-1
2135,0,-1,1870,1951,1951,0,1,-1
2136,0,-1,1871,1952,1952,0,1,-1
2137,0,-1,1872,1952,1952,0,1,-1
2138,0,-1,1873,1953,1953,0,-1,-1
2139,0,-1,1874,1954,1954,0,1,-1
2140,0,-1,1875,1954,1954,0,1,-1
2141,0,-1,1875,1955,1955,0,1,-1
2142,0,-1,1876,1956,1956,0,1,-1
2143,0,-1,1877,1957,1957,0,1,-1
2144,0,-1,1878,1958,1958,0,1,-1
2145,0,-1,1879,1959,1959,0,1,-1
2146,0,-1,1880,1960,1960,0,1,-1
2147,0,-1,1880,1961,1961,0,1,-1
2148,0,-1,1881,1962,1962,0,1,-1
2149,0,-1,1882,1963,1963,0,1,-1
2150,0,-1,1882,1964,1964,0,1,-1
2151,0,-1,1883,1965,1965,0,1,-1
2152,0,-1,1884,1966,1966,0,1,-1
2153,0,-1,1885,1967,1967,0,1,-1
2154,0,-1,1886,1968,1968,0,1,-1
2155,0,-1,1887,1969,1969,0,1,-1
2156,0,-1,1888,1970,1970,0,1,-1
2157,0,-1,1889,1971,1971,0,1,-1
2158,0,-1,1890,1972,1972,0,1,-1
2159,0,-1,1891,1973,1973,0,1,-1
2160,0,-1,1891,1974,1974,0,1,-1
2161,0,-1,1892,1975,1975,0,1,-1
2162,0,-1,1893,1976,1976,0,1,-1
2163,0,-1,1894,1977,1977,0,1,-1
2164,0,-1,1895,1978,1978,0,1,-1
2165,0,-1,1896,1979,1979,0,1,-1
2166,0,-1,1897,1980,1980,0,1,-1
2167,0,-1,1898,1981,1981,0,1,-1
2168,0,-1,1899,1982,1982,0,1,-1
2169,0,-1,1900,1983,1983,0,1,-1
2170,0,-1,1901,1984,1984,0,1,-1
2171,0,-1,1902,1985,1985,0,1,-1
2172,0,-1,1903,1986,1986,0,1,-1
2173,0,-1,1904,1987,1987,0,1,-1
2174,0,-1,1905,1988,1988,0,1,-1
2175,0,-1,1905,1989,1989,0,1,-1
2176,0,-1,1906,1990,1990,0,1,-1
2177,0,-1,1907,1991,1991,0,1,-1
2178,0,-1,1907,1992,1992,0,1,-1
2179,0,-1,1908,1993,1993,0,1,-1
2180,0,-1,1909,1994,1994,0,1,-1
2181,0,-1,1910,1995,1995,0,1,-1
2182,0,-1,1911,1995,1995,0,1,-1
2183,0,-1,1912,1996,1996,0,-1,-1
2184,0,-1,1913,1997,1997,0,1,-1
2185,0,-1,1914,1998,1998,0,1,-1
2186,0,-1,1915,1999,1999,0,1,-1
2187,0,-1,1916,2000,2000,0,1,-1
2188,0,-1,1917,2001,2001,0,1,-1
2189,0,-1,1917,2002,2002,0,1,-1
2190,0,-1,1918,2003,2003,0,1,-1
2191,0,-1,1919,2004,2004,0,1,-1
2192,0,-1,1920,2005,2005,0,1,-1
2193,0,-1,1921,2006,2006,0,1,-1
2194,0,-1,1922,2007,2007,0,1,-1
2195,0,-1,1923,2008,2008,0,1,-1
2196,0,-1,1924,2008,2008,0,1,-1
2197,0,-1,1925,2009,2009,0,1,-1
2198,0,-1,1926,2010,2010,0,1,-1
2199,0,-1,1927,2011,2011,0,1,-1
2200,0,-1,1928,2012,2012,0,1,-1
2201,0,-1,1929,2013,2013,0,1,-1
2202,0,-1,1930,2014,2014,0,-1,-1
2202,0,-1,1931,2014,2014,0,-1,-1
2203,0,-1,1932,2015,2015,0,1,-1
2204,0,-1,1933,2016,2016,0,1,-1
2205,0,-1,1934,2017,2017,0,1,-1
2206,0,-1,1935,2017,2017,0,1,-1
2207,0,-1,1936,2018,2018,0,1,-1
2208,0,-1,1937,2019,2019,0,1,-1
2209,0,-1,1938,2020,2020,0,1,-1
2210,0,-1,1939,2021,2021,0,1,-1
2211,0,-1,1940,2022,2022,0,1,-1
2212,0,-1,1941,2022,2022,0,1,-1
2213,0,-1,1942,2023,2023,0,1,-1
2214,0,-1,1943,2024,2024,0,1,-1
2215,0,-1,1944,2025,2025,0,1,-1
2216,0,-1,1945,2026,2026,0,1,-1
2217,0,-1,1946,2027,2027,0,1,-1
2218,0,-1,1947,2027,2027,0,1,-1
2219,0,-1,1948,2028,2028,0,1,-1
2220,0,-1,1949,2029,2029,0,1,-1
2221,0,-1,1950,2030,2030,0,1,-1
2222,0,-1,1951,2031,2031,0,1,-1
2223,0,-1,1952,2032,2032,0,1,-1
2224,0,-1,1953,2033,2033,0,1,-1
2225,0,-1,1954,2034,2034,0,1,-1
2226,0,-1,1955,2035,2035,0,1,-1
2227,0,-1,1956,2036,2036,0,-1,-1
2228,0,-1,1957,2037,2037,0,1,-1
2229,0,-1,1957,2037,2037,0,1,-1
2230,0,-1,1957,2038,2038,0,1,-1
2231,0,-1,1957,2039,2039,0,1,-1
2232,0,-1,1958,2040,2040,0,1,-1
2233,0,-1,1959,2041,2041,0,1,-1
2234,0,-1,1960,2042,2042,0,1,-1
2235,0,-1,1961,2043,2043,0,1,-1
2236,0,-1,1962,2044,2044,0,-1,-1
2237,0,-1,1963,2045,2045,0,1,-1
2238,0,-1,1963,2046,2046,0,1,-1
2239,0,-1,1963,2047,2047,0,1,-1
2240,0,-1,1964,2048,2048,0,1,-1
2241,0,-1,1965,2049,2049,0,1,-1
2242,0,-1,1966,2050,2050,0,1,-1
2243,0,-1,1967,2051,2051,0,1,-1
2244,0,-1,1968,2052,2052,0,1,-1
2245,0,-1,1968,2053,2053,0,1,-1
2246,0,-1,1969,2054,2054,0,1,-1
2247,0,-1,1970,2055,2055,0,1,-1
2248,0,-1,1971,2056,2056,0,1,-1
2249,0,-1,1972,2057,2057,0,1,-1
2250,0,-1,1973,2058,2058,0,1,-1
2251,0,-1,1973,2059,2059,0,1,-1
2252,0,-1,1974,2060,2060,0,1,-1
2253,0,-1,1975,2061,2061,0,1,-1
2254,0,-1,1976,2062,2062,0,1,-1
2255,0,-1,1977,2063,2063,0,1,-1
2256,0,-1,1977,2064,2064,0,1,-1
2257,0,-1,1978,2065,2065,0,1,-1
2258,0,-1,1979,2066,2066,0,1,-1
2259,0,-1,1980,2067,2067,0,1,-1
2260,0,-1,1980,2068,2068,0,1,-1
2261,0,-1,1981,2069,2069,0,1,-1
2262,0,-1,1982,2069,2069,0,1,-1
2263,0,-1,1983,2070,2070,0,1,-1
2264,0,-1,1984,2071,2071,0,1,-1
2265,0,-1,1984,2072,2072,0,1,-1
2266,0,-1,1985,2073,2073,0,1,-1
2267,0,-1,1986,2074,2074,0,1,-1
2268,0,-1,1987,2075,2075,0,1,-1
2269,0,-1,1988,2076,2076,0,1,-1
2270,0,-1,1989,2077,2077,0,1,-1
2271,0,-1,1990,2078,2078,0,-1,-1
2272,0,-1,1991,2078,2078,0,1,-1
2273,0,-1,1992,2079,2079,0,1,-1
2274,0,-1,1993,2080,2080,0,1,-1
2275,0,-1,1993,2081,2081,0,1,-1
2276,0,-1,1994,2082,2082,0,1,-1
2277,0,-1,1994,2083,2083,0,1,-1
2278,0,-1,1995,2084,2084,0,1,-1
2279,0,-1,1996,2085,2085,0,1,-1
2280,0,-1,1997,2086,2086,0,1,-1
2281,0,-1,1998,2087,2087,0,1,-1
2282,0,-1,1999,2088,2088,0,1,-1
2283,0,-1,2000,2089,2089,0,1,-1
2284,0,-1,2001,2089,2089,0,1,-1
2285,0,-1,2002,2090,2090,0,-1,-1
2286,0,-1,2002,2090,2090,0,-1,-1
2287,0,-1,2003,2091,2091,0,1,-1
2288,0,-1,2004,2092,2092,0,1,-1
2289,0,-1,2005,2093,2093,0,1,-1
2290,0,-1,2005,2094,2094,0,1,-1
2291,0,-1,2005,2095,2095,0,1,-1
2292,0,-1,2006,2096,2096,0,1,-1
2293,0,-1,2007,2097,2097,0,1,-1
2294,0,-1,2008,2098,2098,0,1,-1
2295,0,-1,2009,2099,2099,0,1,-1
2296,0,-1,2010,2100,2100,0,1,-1
2297,0,-1,2011,2101,2101,0,1,-1
2298,0,-1,2011,2102,2102,0,1,-1
2299,0,-1,2012,2103,2103,0,1,-1
2300,0,-1,2013,2104,2104,0,1,-1
2301,0,-1,2014,2105,2105,0,1,-1
2302,0,-1,2015,2105,2105,0,1,-1
2303,0,-1,2016,2106,2106,0,1,-1
2304,0,-1,2017,2107,2107,0,1,-1
2305,0,-1,2017,2108,2108,0,1,-1
2306,0,-1,2018,2109,2109,0,1,-1
2307,0,-1,2019,2110,2110,0,1,-1
2308,0,-1,2020,2111,2111,0,1,-1
2309,0,-1,2021,2112,2112,0,1,-1
2310,0,-1,2022,2113,2113,0,1,-1
2311,0,-1,2023,2114,2114,0,1,-1
2312,0,-1,2024,2115,2115,0,-1,-1
2313,0,-1,2025,2116,2116,0,1,-1
2314,0,-1,2026,2117,2117,0,1,-1
2315,0,-1,2027,2118,2118,0,1,-1
2316,0,-1,2028,2119,2119,0,1,-1
2317,0,-1,2028,2120,2120,0,1,-1
2318,0,-1,2029,2121,2121,0,1,-1
2319,0,-1,2030,2122,2122,0,1,-1
2320,0,-1,2031,2122,2122,0,1,-1
2321,0,-1,2032,2123,2123,0,1,-1
2322,0,-1,2033,2124,2124,0,1,-1
2323,0,-1,2034,2125,2125,0,1,-1
2324,0,-1,2035,2126,2126,0,1,-1
2325,0,-1,2036,2127,2127,0,1,-1
2326,0,-1,2036,2128,2128,0,1,-1
2327,0,-1,2037,2129,2129,0,1,-1
2328,0,-1,2037,2130,2130,0,1,-1
2329,0,-1,2038,2131,2131,0,1,-1
2330,0,-1,2038,2132,2132,0,1,-1
2331,0,-1,2039,2133,2133,0,1,-1
2332,0,-1,2040,2134,2134,0,1,-1
2333,0,-1,2041,2135,2135,0,1,-1
2334,0,-1,2042,2136,2136,0,1,-1
2335,0,-1,2043,2137,2137,0,1,-1
2336,0,-1,2044,2138,2138,0,-1,-1
2337,0,-1,2045,2139,2139,0,1,-1
2338,0,-1,2046,2140,2140,0,1,-1
2339,0,-1,2047,2141,2141,0,1,-1
2340,0,-1,2048,2142,2142,0,1,-1
2341,0,-1,2048,2143,2143,0,1,-1
2342,0,-1,2049,2144,2144,0,1,-1
2343,0,-1,2050,2145,2145,0,1,-1
2344,0,-1,2051,2146,2146,0,1,-1
2345,0,-1,2052,2147,2147,0,1,-1
2346,0,-1,2053,2148,2148,0,1,-1
2347,0,-1,2054,2149,2149,0,1,-1
2348,0,-1,2055,2150,2150,0,1,-1
2349,0,-1,2056,2151,2151,0,1,-1
2350,0,-1,2057,2152,2152,0,1,-1
2351,0,-1,2058,2153,2153,0,1,-1
2352,0,-1,2059,2154,2154,0,1,-1
2353,0,-1,2060,2155,2155,0,1,-1
2354,0,-1,2061,2156,2156,0,1,-1
2355,0,-1,2062,2157,2157,0,1,-1
2356,0,-1,2063,2158,2158,0,1,-1
2357,0,-1,2064,2159,2159,0,1,-1
2358,0,-1,2065,2160,2160,0,1,-1
2359,0,-1,2066,2161,2161,0,1,-1
2360,0,-1,2067,2162,2162,0,1,-1
2361,0,-1,2068,2163,2163,0,1,-1
2362,0,-1,2069,2164,2164,0,1,-1
2363,0,-1,2070,2165,2165,0,1,-1
2364,0,-1,2071,2166,2166,0,1,-1
2365,0,-1,2071,2167,2167,0,1,-1
2366,0,-1,2071,2168,2168,0,1,-1
2367,0,-1,2072,2169,2169,0,-1,-1
2367,0,-1,2072,2169,2169,0,-1,-1
2368,0,-1,2073,2170,2170,0,1,-1
2369,0,-1,2074,2170,2170,0,1,-1
2370,0,-1,2075,2171,2171,0,1,-1
2371,0,-1,2076,2171,2171,0,1,-1
2372,0,-1,2076,2172,2172,0,1,-1
2373,0,-1,2076,2173,2173,0,1,-1
2374,0,-1,2077,2174,2174,0,1,-1
2375,0,-1,2077,2174,2174,0,1,-1
2376,0,-1,2078,2175,2175,0,1,-1
2377,0,-1,2079,2176,2176,0,1,-1
2378,0,-1,2079,2177,2177,0,1,-1
2379,0,-1,2080,2178,2178,0,1,-1
2380,0,-1,2080,2179,2179,0,1,-1
2381,0,-1,2081,2180,2180,0,1,-1
2382,0,-1,2082,2180,2180,0,1,-1
2383,0,-1,2083,2181,2181,0,1,-1
2384,0,-1,2084,2182,2182,0,1,-1
2385,0,-1,2085,2183,2183,0,1,-1
2386,0,-1,2086,2184,2184,0,1,-1
2387,0,-1,2087,2185,2185,0,1,-1
2388,0,-1,2088,2186,2186,0,-1,-1
2389,0,-1,2089,2187,2187,0,1,-1
2390,0,-1,2090,2188,2188,0,1,-1
2391,0,-1,2091,2189,2189,0,1,-1
2392,0,-1,2092,2190,2190,0,1,-1
2393,0,-1,2093,2191,2191,0,1,-1
2394,0,-1,2094,2192,2192,0,1,-1
2395,0,-1,2095,2192,2192,0,-1,-1
2396,0,-1,2096,2193,2193,0,1,-1
2397,0,-1,2097,2194,2194,0,1,-1
2398,0,-1,2098,2195,2195,0,1,-1
2399,0,-1,2098,2196,2196,0,1,-1
2400,0,-1,2098,2197,2197,0,1,-1
2401,0,-1,2099,2198,2198,0,1,-1
2402,0,-1,2099,2198,2198,0,1,-1
2403,0,-1,2100,2199,2199,0,1,-1
2404,0,-1,2101,2200,2200,0,1,-1
2405,0,-1,2102,2201,2201,0,1,-1
2406,0,-1,2103,2202,2202,0,1,-1
2407,0,-1,2104,2202,2202,0,1,-1
2408,0,-1,2105,2203,2203,0,1,-1
2409,0,-1,2106,2204,2204,0,1,-1
2410,0,-1,2107,2205,2205,0,1,-1
2411,0,-1,2108,2206,2206,0,1,-1
2412,0,-1,2109,2207,2207,0,1,-1
2413,0,-1,2110,2208,2208,0,1,-1
2414,0,-1,2111,2209,2209,0,1,-1
2415,0,-1,2112,2210,2210,0,1,-1
2416,0,-1,2113,2211,2211,0,1,-1
2417,0,-1,2114,2212,2212,0,1,-1
2418,0,-1,2115,2213,2213,0,1,-1
2419,0,-1,2116,2213,2213,0,1,-1
2420,0,-1,2117,2214,2214,0,1,-1
2421,0,-1,2118,2215,2215,0,1,-1
2422,0,-1,2119,2216,2216,0,1,-1
2423,0,-1,2120,2217,2217,0,1,-1
2424,0,-1,2121,2218,2218,0,1,-1
2425,0,-1,2122,2219,2219,0,1,-1
2426,0,-1,2123,2220,2220,0,1,-1
2427,0,-1,2124,2221,2221,0,-1,-1
2428,0,-1,2125,2221,2221,0,1,-1
2429,0,-1,2126,2222,2222,0,1,-1
2430,0,-1,2127,2223,2223,0,1,-1
2431,0,-1,2128,2224,2224,0,1,-1
2432,0,-1,2128,2225,2225,0,1,-1
2433,0,-1,2129,2226,2226,0,1,-1
2434,0,-1,2130,2227,2227,0,1,-1
2435,0,-1,2131,2228,2228,0,1,-1
2436,0,-1,2131,2228,2228,0,1,-1
2437,0,-1,2132,2229,2229,0,1,-1
2438,0,-1,2133,2230,2230,0,1,-1
2439,0,-1,2134,2231,2231,0,1,-1
2440,0,-1,2134,2232,2232,0,1,-1
2441,0,-1,2135,2233,2233,0,1,-1
2442,0,-1,2136,2234,2234,0,1,-1
2443,0,-1,2137,2235,2235,0,1,-1
2444,0,-1,2138,2235,2235,0,1,-1
2445,0,-1,2138,2236,2236,0,1,-1
2446,0,-1,2139,2237,2237,0,1,-1
2447,0,-1,2140,2238,2238,0,1,-1
2448,0,-1,2141,2239,2239,0,1,-1
2449,0,-1,2142,2240,2240,0,1,-1
2450,0,-1,2143,2241,2241,0,1,-1
2451,0,-1,2143,2242,2242,0,1,-1
2452,0,-1,2144,2243,2243,0,1,-1
2453,0,-1,2145,2244,2244,0,1,-1
2454,0,-1,2146,2244,2244,0,1,-1
2455,0,-1,2147,2245,2245,0,1,-1
2456,0,-1,2148,2246,2246,0,1,-1
2457,0,-1,2149,2247,2247,0,1,-1
2458,0,-1,2150,2248,2248,0,1,-1
2459,0,-1,2151,2248,2248,0,1,-1
2460,0,-1,2152,2249,2249,0,1,-1
2461,0,-1,2153,2250,2250,0,1,-1
2462,0,-1,2154,2251,2251,0,1,-1
2463,0,-1,2155,2252,2252,0,1,-1
2464,0,-1,2156,2253,2253,0,-1,-1
2465,0,-1,2157,2254,2254,0,1,-1
2466,0,-1,2158,2255,2255,0,1,-1
2467,0,-1,2159,2256,2256,0,1,-1
2468,0,-1,2160,2257,2257,0,1,-1
2469,0,-1,2161,2258,2258,0,1,-1
2470,0,-1,2162,2259,2259,0,1,-1
2471,0,-1,2163,2260,2260,0,1,-1
2472,0,-1,2164,2261,2261,0,1,-1
2473,0,-1,2165,2262,2262,0,1,-1
2474,0,-1,2165,2263,2263,0,1,-1
2475,0,-1,2166,2264,2264,0,1,-1
2476,0,-1,2167,2264,2264,0,1,-1
2477,0,-1,2168,2265,2265,0,1,-1
2478,0,-1,2169,2266,2266,0,1,-1
2479,0,-1,2170,2267,2267,0,1,-1
2480,0,-1,2171,2268,2268,0,1,-1
2481,0,-1,2172,2269,2269,0,1,-1
2482,0,-1,2173,2270,2270,0,1,-1
2483,0,-1,2174,2271,2271,0,1,-1
2484,0,-1,2175,2272,2272,0,-1,-1
2485,0,-1,2176,2273,2273,0,1,-1
2486,0,-1,2177,2274,2274,0,1,-1
2487,0,-1,2178,2275,2275,0,1,-1
2488,0,-1,2179,2276,2276,0,1,-1
2489,0,-1,2179,2277,2277,0,1,-1
2490,0,-1,2179,2277,2277,0,1,-1
2491,0,-1,2179,2278,2278,0,1,-1
2492,0,-1,2180,2278,2278,0,1,-1
2493,0,-1,2181,2278,2278,0,1,-1
2494,0,-1,2182,2278,2278,0,1,-1
2495,0,-1,2183,2279,2279,0,1,-1
2496,0,-1,2184,2280,2280,0,1,-1
2497,0,-1,2185,2281,2281,0,1,-1
2498,0,-1,2186,2282,2282,0,1,-1
2499,0,-1,2187,2283,2283,0,1,-1
2500,0,-1,2188,2284,2284,0,1,-1
2501,0,-1,2189,2285,2285,0,1,-1
2502,0,-1,2190,2286,2286,0,1,-1
2503,0,-1,2191,2287,2287,0,1,-1
2504,0,-1,2192,2288,2288,0,1,-1
2505,0,-1,2193,2289,2289,0,1,-1
2506,0,-1,2194,2290,2290,0,1,-1
2507,0,-1,2195,2291,2291,0,1,-1
2508,0,-1,2195,2292,2292,0,1,-1
2509,0,-1,2196,2293,2293,0,1,-1
2510,0,-1,2197,2294,2294,0,1,-1
2511,0,-1,2198,2295,2295,0,1,-1
2512,0,-1,2198,2296,2296,0,1,-1
2513,0,-1,2198,2297,2297,0,1,-1
2514,0,-1,2199,2298,2298,0,1,-1
2515,0,-1,2200,2299,2299,0,1,-1
2516,0,-1,2201,2300,2300,0,1,-1
2517,0,-1,2202,2301,2301,0,1,-1
2518,0,-1,2203,2302,2302,0,1,-1
2519,0,-1,2204,2303,2303,0,1,-1
2520,0,-1,2204,2304,2304,0,1,-1
2521,0,-1,2205,2305,2305,0,1,-1
2522,0,-1,2206,2306,2306,0,1,-1
2523,0,-1,2207,2307,2307,0,1,-1
2524,0,-1,2207,2308,2308,0,1,-1
2525,0,-1,2208,2309,2309,0,1,-1
2526,0,-1,2209,2310,2310,0,1,-1
2527,0,-1,2210,2311,2311,0,1,-1
2528,0,-1,2211,2312,2312,0,1,-1
2529,0,-1,2212,2313,2313,0,1,-1
2530,0,-1,2213,2314,2314,0,1,-1
2531,0,-1,2213,2315,2315,0,1,-1
2532,0,-1,2214,2316,2316,0,1,-1
2533,0,-1,2215,2317,2317,0,1,-1
2534,0,-1,2216,2318,2318,0,1,-1
2535,0,-1,2217,2319,2319,0,1,-1
2536,0,-1,2217,2320,2320,0,1,-1
2537,0,-1,2218,2320,2320,0,1,-1
2538,0,-1,2219,2321,2321,0,1,-1
2539,0,-1,2220,2322,2322,0,1,-1
2540,0,-1,2221,2323,2323,0,1,-1
2541,0,-1,2222,2324,2324,0,1,-1
2542,0,-1,2223,2325,2325,0,1,-1
2543,0,-1,2224,2326,2326,0,1,-1
2544,0,-1,2225,2327,2327,0,1,-1
2545,0,-1,2226,2328,2328,0,1,-1
2546,0,-1,2227,2329,2329,0,1,-1
2547,0,-1,2228,2330,2330,0,1,-1
2548,0,-1,2229,2331,2331,0,1,-1
2549,0,-1,2230,2331,2331,0,1,-1
2550,0,-1,2231,2332,2332,0,1,-1
2551,0,-1,2232,2333,2333,0,1,-1
2552,0,-1,2233,2334,2334,0,1,-1
2553,0,-1,2234,2335,2335,0,1,-1
2554,0,-1,2235,2336,2336,0,1,-1
2555,0,-1,2236,2336,2336,0,1,-1
2556,0,-1,2237,2337,2337,0,-1,-1
2557,0,-1,2238,2338,2338,0,1,-1
2558,0,-1,2239,2339,2339,0,1,-1
2559,0,-1,2240,2340,2340,0,1,-1
2560,0,-1,2241,2341,2341,0,1,-1
2561,0,-1,2242,2342,2342,0,1,-1
2562,0,-1,2243,2343,2343,0,1,-1
2563,0,-1,2243,2344,2344,0,1,-1
2564,0,-1,2244,2345,2345,0,1,-1
2565,0,-1,2245,2346,2346,0,1,-1
2566,0,-1,2246,2346,2346,0,1,-1
2567,0,-1,2247,2347,2347,0,1,-1
2568,0,-1,2248,2348,2348,0,1,-1
2569,0,-1,2248,2349,2349,0,1,-1
2570,0,-1,2249,2350,2350,0,1,-1
2571,0,-1,2250,2351,2351,0,-1,-1
2572,0,-1,2251,2352,2352,0,1,-1
2573,0,-1,2252,2353,2353,0,1,-1
2574,0,-1,2253,2354,2354,0,1,-1
2575,0,-1,2254,2355,2355,0,1,-1
2576,0,-1,2255,2356,2356,0,1,-1
2577,0,-1,2256,2357,2357,0,1,-1
2578,0,-1,2257,2358,2358,0,-1,-1
2579,0,-1,2258,2359,2359,0,1,-1
2580,0,-1,2259,2360,2360,0,1,-1
2581,0,-1,2260,2361,2361,0,1,-1
2582,0,-1,2261,2362,2362,0,1,-1
2583,0,-1,2262,2363,2363,0,1,-1
2584,0,-1,2263,2364,2364,0,1,-1
2585,0,-1,2264,2365,2365,0,1,-1
2586,0,-1,2265,2366,2366,0,1,-1
2587,0,-1,2266,2367,2367,0,1,-1
2588,0,-1,2267,2368,2368,0,1,-1
2589,0,-1,2268,2369,2369,0,1,-1
2590,0,-1,2268,2370,2370,0,1,-1
2591,0,-1,2269,2371,2371,0,1,-1
2592,0,-1,2270,2372,2372,0,1,-1
2593,0,-1,2271,2373,2373,0,1,-1
2594,0,-1,2272,2374,2374,0,1,-1
2595,0,-1,2273,2375,2375,0,1,-1
2596,0,-1,2273,2376,2376,0,1,-1
2597,0,-1,2274,2377,2377,0,1,-1
2598,0,-1,2275,2378,2378,0,1,-1
2599,0,-1,2276,2379,2379,0,1,-1
2600,0,-1,2277,2380,2380,0,-1,-1
2601,0,-1,2278,2381,2381,0,1,-1
2602,0,-1,2279,2381,2381,0,1,-1
2603,0,-1,2280,2381,2381,0,1,-1
2604,0,-1,2281,2382,2382,0,1,-1
2605,0,-1,2282,2382,2382,0,1,-1
2606,0,-1,2282,2383,2383,0,1,-1
2607,0,-1,2283,2384,2384,0,1,-1
2608,0,-1,2284,2385,2385,0,1,-1
2609,0,-1,2285,2385,2385,0,1,-1
2610,0,-1,2286,2386,2386,0,1,-1
2611,0,-1,2287,2387,2387,0,1,-1
2612,0,-1,2288,2388,2388,0,1,-1
2613,0,-1,2289,2389,2389,0,1,-1
2614,0,-1,2290,2390,2390,0,1,-1
2615,0,-1,2291,2391,2391,0,1,-1
2616,0,-1,2292,2391,2391,0,1,-1
2617,0,-1,2292,2392,2392,0,1,-1
2618,0,-1,2293,2392,2392,0,1,-1
2619,0,-1,2294,2393,2393,0,1,-1
2620,0,-1,2295,2394,2394,0,1,-1
2621,0,-1,2296,2395,2395,0,1,-1
2622,0,-1,2297,2396,2396,0,1,-1
2623,0,-1,2298,2397,2397,0,1,-1
2624,0,-1,2298,2397,2397,0,1,-1
2625,0,-1,2298,2398,2398,0,1,-1
2626,0,-1,2298,2399,2399,0,1,-1
2627,0,-1,2298,2400,2400,0,1,-1
2628,0,-1,2299,2401,2401,0,1,-1
2629,0,-1,2300,2402,2402,0,1,-1
2630,0,-1,2301,2403,2403,0,1,-1
2631,0,-1,2302,2404,2404,0,1,-1
2632,0,-1,2303,2405,2405,0,1,-1
2633,0,-1,2304,2406,2406,0,1,-1
2634,0,-1,2305,2406,2406,0,1,-1
2635,0,-1,2306,2407,2407,0,1,-1
2636,0,-1,2307,2408,2408,0,1,-1
2637,0,-1,2307,2409,2409,0,1,-1
2638,0,-1,2308,2410,2410,0,1,-1
2639,0,-1,2309,2411,2411,0,1,-1
2640,0,-1,2310,2412,2412,0,1,-1
2641,0,-1,2311,2413,2413,0,1,-1
2642,0,-1,2312,2414,2414,0,-1,-1
2643,0,-1,2313,2415,2415,0,1,-1
2644,0,-1,2314,2416,2416,0,1,-1
2645,0,-1,2315,2417,2417,0,1,-1
2646,0,-1,2316,2418,2418,0,1,-1
2647,0,-1,2317,2419,2419,0,1,-1
2648,0,4,2318,2420,2420,0,1,4
2649,0,-1,2319,2421,2421,0,1,-1
2650,0,-1,2320,2422,2422,0,1,-1
2651,0,-1,2321,2423,2423,0,1,-1
2652,0,-1,2322,2424,2424,0,1,-1
2653,0,-1,2323,2425,2425,0,1,-1
2654,0,-1,2324,2426,2426,0,1,-1
2655,0,-1,2325,2427,2427,0,1,-1
2656,0,-1,2326,2428,2428,0,1,-1
2657,0,-1,2327,2429,2429,0,1,-1
2658,0,-1,2327,2430,2430,0,1,-1
2659,0,-1,2327,2431,2431,0,1,-1
2660,0,-1,2327,2432,2432,0,1,-1
2661,0,-1,2328,2433,2433,0,1,-1
2662,0,-1,2329,2434,2434,0,1,-1
2663,0,-1,2329,2435,2435,0,1,-1
2664,0,-1,2330,2436,2436,0,1,-1
2665,0,-1,2331,2437,2437,0,1,-1
2666,0,-1,2332,2438,2438,0,1,-1
2667,0,-1,2333,2439,2439,0,1,-1
2668,0,-1,2333,2440,2440,0,1,-1
2669,0,-1,2333,2441,2441,0,1,-1
2670,0,-1,2334,2442,2442,0,1,-1
2671,0,-1,2335,2443,2443,0,1,-1
2672,0,-1,2336,2444,2444,0,1,-1
2673,0,-1,2337,2445,2445,0,1,-1
2674,0,-1,2338,2446,2446,0,1,-1
2675,0,-1,2339,2447,2447,0,1,-1
2676,0,-1,2340,2448,2448,0,1,-1
2677,0,-1,2341,2449,2449,0,1,-1
2678,0,-1,2342,2450,2450,0,1,-1
2679,0,-1,2343,2451,2451,0,1,-1
2680,0,-1,2344,2452,2452,0,1,-1
2681,0,-1,2345,2453,2453,0,1,-1
2682,0,-1,2346,2454,2454,0,1,-1
2683,0,-1,2347,2455,2455,0,1,-1
2684,0,-1,2348,2456,2456,0,1,-1
2685,0,-1,2349,2457,2457,0,1,-1
2686,0,-1,2350,2458,2458,0,-1,-1
2687,0,-1,2351,2458,2458,0,-1,-1
2688,0,-1,2352,2458,2458,0,-1,-1
2689,0,-1,2353,2459,2459,0,1,-1
2690,0,-1,2353,2460,2460,0,1,-1
2691,0,-1,2354,2461,2461,0,1,-1
2692,0,-1,2355,2462,2462,0,1,-1
2693,0,-1,2356,2463,2463,0,1,-1
2694,0,-1,2357,2464,2464,0,1,-1
2695,0,-1,2358,2465,2465,0,1,-1
2696,0,-1,2359,2466,2466,0,1,-1
2697,0,-1,2360,2467,2467,0,1,-1
2698,0,-1,2361,2468,2468,0,1,-1
2699,0,-1,2362,2469,2469,0,1,-1
2700,0,-1,2363,2470,2470,0,1,-1
2701,0,-1,2364,2471,2471,0,1,-1
2702,0,-1,2365,2472,2472,0,1,-1
2703,0,-1,2366,2473,2473,0,1,-1
2704,0,-1,2367,2474,2474,0,1,-1
2705,0,-1,2368,2474,2474,0,1,-1
2706,0,-1,2369,2475,2475,0,-1,-1
2707,0,-1,2370,2476,2476,0,1,-1
2708,0,-1,2371,2477,2477,0,1,-1
2709,0,-1,2372,2478,2478,0,1,-1
2710,0,-1,2373,2479,2479,0,1,-1
2711,0,-1,2374,2480,2480,0,1,-1
2712,0,-1,2375,2481,2481,0,1,-1
2713,0,-1,2376,2482,2482,0,1,-1
2714,0,-1,2376,2483,2483,0,1,-1
2715,0,-1,2377,2484,2484,0,1,-1
2716,0,-1,2378,2484,2484,0,1,-1
2717,0,-1,2379,2485,2485,0,1,-1
2718,0,-1,2380,2486,2486,0,1,-1
2719,0,-1,2381,2487,2487,0,1,-1
2720,0,-1,2382,2488,2488,0,1,-1
2721,0,-1,2383,2488,2488,0,1,-1
2722,0,-1,2384,2489,2489,0,1,-1
2723,0,-1,2385,2490,2490,0,1,-1
2724,0,-1,2386,2491,2491,0,1,-1
2725,0,-1,2387,2492,2492,0,1,-1
2726,0,-1,2388,2493,2493,0,1,-1
2727,0,-1,2389,2493,2493,0,1,-1
2728,0,-1,2390,2494,2494,0,1,-1
2729,0,-1,2391,2495,2495,0,1,-1
2730,0,-1,2392,2496,2496,0,1,-1
2731,0,-1,2393,2497,2497,0,1,-1
2732,0,-1,2394,2498,2498,0,1,-1
2733,0,-1,2395,2499,2499,0,1,-1
2734,0,-1,2396,2500,2500,0,1,-1
2735,0,-1,2397,2500,2500,0,1,-1
2736,0,-1,2398,2501,2501,0,1,-1
2737,0,-1,2399,2502,2502,0,1,-1
2738,0,-1,2399,2503,2503,0,1,-1
2739,0,-1,2400,2504,2504,0,1,-1
2740,0,-1,2401,2505,2505,0,1,-1
2741,0,-1,2402,2506,2506,0,1,-1
2742,0,-1,2402,2507,2507,0,1,-1
2743,0,-1,2403,2508,2508,0,1,-1
2744,0,-1,2404,2508,2508,0,1,-1
2745,0,-1,2405,2509,2509,0,1,-1
2746,0,-1,2406,2510,2510,0,1,-1
2747,0,-1,2407,2511,2511,0,1,-1
2748,0,-1,2407,2512,2512,0,1,-1
2749,0,-1,2407,2513,2513,0,1,-1
2750,0,-1,2408,2514,2514,0,1,-1
2751,0,-1,2409,2515,2515,0,1,-1
2752,0,-1,2410,2516,2516,0,1,-1
2753,0,-1,2411,2516,2516,0,1,-1
2754,0,-1,2412,2517,2517,0,1,-1
2755,0,-1,2413,2518,2518,0,1,-1
2756,0,-1,2414,2519,2519,0,1,-1
2757,0,-1,2414,2520,2520,0,1,-1
2758,0,-1,2415,2521,2521,0,1,-1
2759,0,-1,2416,2522,2522,0,1,-1
2760,0,-1,2417,2523,2523,0,1,-1
2761,0,-1,2418,2524,2524,0,-1,-1
2762,0,-1,2419,2525,2525,0,1,-1
2763,0,-1,2420,2526,2526,0,1,-1
2764,0,-1,2421,2527,2527,0,1,-1
2765,0,-1,2422,2528,2528,0,1,-1
2766,0,-1,2423,2529,2529,0,1,-1
2767,0,-1,2424,2530,2530,0,1,-1
2768,0,-1,2425,2531,2531,0,1,-1
2769,0,-1,2426,2532,2532,0,1,-1
2770,0,-1,2427,2533,2533,0,1,-1
2771,0,-1,2428,2533,2533,0,1,-1
2772,0,-1,2429,2534,2534,0,1,-1
2773,0,-1,2430,2535,2535,0,1,-1
2774,0,-1,2431,2536,2536,0,1,-1
2775,0,-1,2432,2537,2537,0,1,-1
2776,0,-1,2433,2538,2538,0,1,-1
2777,0,-1,2434,2539,2539,0,-1,-1
2778,0,-1,2435,2540,2540,0,1,-1
2779,0,-1,2436,2541,2541,0,1,-1
2780,0,-1,2436,2542,2542,0,1,-1
2781,0,-1,2437,2543,2543,0,1,-1
2782,0,-1,2438,2544,2544,0,1,-1
2783,0,-1,2439,2545,2545,0,1,-1
2784,0,-1,2440,2546,2546,0,1,-1
2785,0,-1,2441,2547,2547,0,1,-1
2786,0,-1,2441,2548,2548,0,1,-1
2787,0,-1,2442,2549,2549,0,1,-1
2788,0,-1,2443,2550,2550,0,1,-1
2789,0,-1,2444,2551,2551,0,1,-1
2790,0,-1,2445,2552,2552,0,1,-1
2791,0,-1,2446,2552,2552,0,1,-1
2792,0,-1,2447,2552,2552,0,1,-1
2793,0,-1,2448,2553,2553,0,1,-1
2794,0,-1,2449,2554,2554,0,1,-1
2795,0,-1,2450,2555,2555,0,1,-1
2796,0,-1,2451,2556,2556,0,1,-1
2797,0,-1,2451,2557,2557,0,1,-1
2798,0,-1,2452,2558,2558,0,1,-1
2799,0,-1,2453,2559,2559,0,1,-1
2800,0,-1,2453,2560,2560,0,1,-1
2801,0,-1,2454,2561,2561,0,1,-1
2802,0,-1,2455,2562,2562,0,1,-1
2803,0,-1,2456,2563,2563,0,1,-1
2804,0,-1,2457,2564,2564,0,-1,-1
2805,0,-1,2458,2565,2565,0,1,-1
2806,0,-1,2459,2566,2566,0,1,-1
2807,0,-1,2460,2567,2567,0,1,-1
2808,0,-1,2461,2568,2568,0,1,-1
2809,0,-1,2462,2569,2569,0,1,-1
2810,0,-1,2463,2570,2570,0,1,-1
2811,0,-1,2464,2571,2571,0,1,-1
2812,0,-1,2465,2572,2572,0,1,-1
2813,0,-1,2466,2573,2573,0,1,-1
2814,0,-1,2467,2574,2574,0,1,-1
2815,0,-1,2467,2575,2575,0,1,-1
2816,0,-1,2468,2576,2576,0,1,-1
2817,0,-1,2469,2577,2577,0,1,-1
2818,0,-1,2470,2578,2578,0,1,-1
2819,0,-1,2471,2579,2579,0,1,-1
2820,0,-1,2472,2580,2580,0,1,-1
2821,0,-1,2473,2581,2581,0,1,-1
2822,0,-1,2474,2582,2582,0,1,-1
2823,0,-1,2475,2583,2583,0,1,-1
2824,0,-1,2476,2584,2584,0,1,-1
2825,0,-1,2477,2584,2584,0,1,-1
2826,0,-1,2478,2585,2585,0,1,-1
2827,0,5,2479,2586,2586,0,1,5
2828,0,-1,2480,2587,2587,0,1,-1
2829,0,-1,2481,2588,2588,0,1,-1
2830,0,-1,2482,2589,2589,0,1,-1
2831,0,-1,2483,2590,2590,0,1,-1
2832,0,-1,2483,2591,2591,0,1,-1
2833,0,-1,2484,2592,2592,0,1,-1
2834,0,-1,2485,2593,2593,0,1,-1
2835,0,-1,2486,2594,2594,0,1,-1
2836,0,-1,2487,2595,2595,0,1,-1
2837,0,-1,2488,2596,2596,0,1,-1
2838,0,-1,2488,2596,2596,0,1,-1
2839,0,-1,2488,2597,2597,0,1,-1
2840,0,-1,2489,2597,2597,0,1,-1
2841,0,-1,2490,2597,2597,0,1,-1
2842,0,-1,2491,2598,2598,0,1,-1
2843,0,-1,2491,2599,2599,0,1,-1
2844,0,-1,2492,2600,2600,0,1,-1
2845,0,-1,2493,2601,2601,0,1,-1
2846,0,-1,2494,2602,2602,0,1,-1
2847,0,-1,2495,2603,2603,0,1,-1
2848,0,-1,2496,2604,2604,0,1,-1
2849,0,-1,2497,2605,2605,0,1,-1
2850,0,-1,2497,2606,2606,0,1,-1
2851,0,-1,2498,2607,2607,0,1,-1
2852,0,-1,2498,2608,2608,0,1,-1
2853,0,-1,2499,2609,2609,0,1,-1
2854,0,-1,2500,2610,2610,0,1,-1
2855,0,-1,2501,2611,2611,0,1,-1
2856,0,-1,2502,2612,2612,0,1,-1
2857,0,-1,2502,2613,2613,0,1,-1
2858,0,-1,2502,2614,2614,0,1,-1
2859,0,-1,2503,2615,2615,0,1,-1
2860,0,-1,2503,2616,2616,0,1,-1