name,author,recipeingredient,preptime,recipecategory,keywords,recipecuisine,mainentityofpage
0,0,-1,1,0,1,1,0
1,0,-1,2,1,1,1,0
2,0,-1,3,2,1,1,0
3,0,-1,4,3,1,1,0
4,0,-1,5,4,1,1,0
5,0,-1,6,5,1,1,0
6,0,-1,7,6,1,1,0
7,0,-1,8,7,1,1,0
8,0,-1,9,8,1,1,0
9,0,-1,10,9,1,1,0
10,0,-1,11,10,1,1,0
11,0,-1,-1,11,1,1,0
12,0,-1,12,12,1,1,0
13,0,-1,13,13,1,1,0
14,0,-1,14,14,1,1,0
15,0,-1,15,15,1,1,0
16,0,-1,15,16,1,1,0
17,0,-1,16,17,1,1,0
18,0,-1,17,18,1,1,0
19,0,-1,18,19,1,1,0
20,0,-1,19,20,1,1,0
21,0,-1,20,21,1,1,0
22,0,-1,21,22,1,1,0
23,0,-1,22,23,1,1,0
24,0,-1,23,24,1,1,0
25,0,-1,24,24,1,1,0
26,0,-1,25,25,1,1,0
27,0,-1,26,26,1,1,0
28,0,-1,27,27,1,1,0
29,0,-1,28,28,1,1,0
30,0,-1,29,29,1,1,0
31,0,-1,30,30,1,1,0
32,0,-1,31,31,1,1,0
33,0,-1,32,32,1,1,0
34,0,-1,33,33,1,1,0
35,0,-1,33,34,1,1,0
36,0,-1,33,35,1,1,0
37,0,-1,33,36,1,1,0
38,0,-1,34,37,1,1,0
39,0,-1,35,38,1,1,0
40,0,-1,36,39,1,1,0
41,0,-1,37,40,1,1,0
42,0,-1,38,41,1,1,0
43,0,-1,39,42,1,1,0
44,0,-1,40,43,1,1,0
45,0,-1,40,44,1,1,0
46,0,-1,41,45,1,1,0
47,0,-1,42,46,1,1,0
48,0,-1,-1,47,1,1,0
49,0,-1,43,47,1,1,0
50,0,-1,-1,48,1,1,0
51,0,-1,44,49,1,1,0
52,0,-1,45,50,1,1,0
53,0,-1,-1,51,1,1,0
54,0,-1,46,52,1,1,0
55,0,-1,47,53,1,1,0
56,0,-1,48,54,1,1,0
57,0,-1,48,55,1,1,0
58,0,-1,49,56,1,1,0
59,0,-1,50,57,1,1,0
60,0,-1,51,58,1,1,0
61,0,-1,52,59,1,1,0
62,0,-1,-1,60,1,1,0
63,0,-1,-1,61,1,1,0
64,0,-1,-1,62,1,1,0
65,0,-1,53,63,1,1,0
66,0,-1,54,64,1,1,0
67,0,-1,55,65,1,1,0
68,0,-1,56,65,1,1,0
69,0,-1,57,66,1,1,0
70,0,-1,58,67,1,1,0
71,0,-1,59,68,1,1,0
72,0,-1,59,69,-1,-1,0
73,0,-1,60,70,1,1,0
74,0,-1,61,71,1,1,0
75,0,-1,61,72,1,1,0
76,0,-1,61,73,1,1,0
77,0,-1,62,74,1,1,0
78,0,-1,63,75,1,1,0
79,0,-1,64,76,1,1,0
80,0,-1,65,77,1,1,0
81,0,-1,66,78,1,1,0
82,0,-1,66,79,1,1,0
83,0,-1,67,80,1,1,0
84,0,-1,68,81,1,1,0
85,0,-1,68,82,1,1,0
86,0,-1,68,83,1,1,0
87,0,-1,69,84,1,1,0
88,0,-1,70,85,1,1,0
89,0,-1,71,86,1,1,0
90,0,-1,71,87,2,1,0
91,0,-1,72,88,3,1,0
92,0,-1,73,89,3,1,0
93,0,-1,74,90,3,1,0
94,0,-1,75,91,3,1,0
95,0,-1,76,92,3,1,0
96,0,-1,77,93,3,1,0
97,0,-1,77,94,3,1,0
98,0,-1,78,95,3,1,0
99,0,-1,79,95,3,1,0
100,0,-1,79,96,3,1,0
101,0,-1,80,97,3,1,0
102,0,-1,81,98,3,1,0
103,0,-1,82,99,3,1,0
104,0,-1,83,100,3,1,0
105,0,-1,84,101,3,1,0
106,0,-1,85,102,3,1,0
107,0,-1,85,103,3,1,0
108,0,-1,86,104,3,1,0
109,0,-1,87,105,3,1,0
110,0,-1,88,106,3,1,0
111,0,-1,89,107,3,1,0
112,0,-1,90,108,3,1,0
113,0,-1,91,109,3,1,0
114,0,-1,92,110,3,1,0
115,0,-1,93,111,3,1,0
116,0,-1,94,112,3,1,0
117,0,-1,95,113,3,1,0
118,0,-1,96,114,3,1,0
119,0,-1,97,115,3,1,0
120,0,-1,97,116,3,1,0
121,0,-1,98,117,3,1,0
122,0,-1,99,118,3,1,0
123,0,-1,100,119,3,1,0
124,0,-1,101,120,3,1,0
125,0,-1,102,121,3,1,0
126,0,-1,103,122,3,1,0
127,0,-1,103,123,3,1,0
128,0,-1,103,124,3,1,0
129,0,-1,103,125,3,1,0
130,0,-1,104,126,3,1,0
131,0,-1,105,127,3,1,0
132,0,-1,106,128,3,1,0
133,0,-1,107,129,3,1,0
134,0,-1,107,130,3,1,0
135,0,-1,108,131,3,1,0
136,0,-1,109,132,3,1,0
137,0,-1,110,133,3,1,0
138,0,-1,111,133,3,1,0
139,0,-1,112,134,3,1,0
140,0,-1,113,135,3,1,0
141,0,-1,114,136,3,1,0
142,0,-1,115,137,3,1,0
143,0,-1,116,138,3,1,0
144,0,-1,117,139,3,1,0
145,0,-1,118,140,3,1,0
146,0,-1,119,141,3,1,0
147,0,-1,120,142,3,1,0
148,0,-1,121,143,3,1,0
149,0,-1,122,144,3,1,0
150,0,-1,123,145,3,1,0
151,0,-1,124,146,3,1,0
152,0,-1,125,147,3,1,0
153,0,-1,126,148,3,1,0
154,0,-1,127,149,3,1,0
155,0,-1,128,150,3,1,0
156,0,-1,129,151,3,1,0
157,0,-1,130,152,3,1,0
158,0,-1,131,153,3,1,0
159,0,-1,132,154,3,1,0
160,0,-1,133,155,3,1,0
161,0,-1,134,156,3,1,0
162,0,-1,135,157,3,1,0
163,0,-1,136,158,3,1,0
164,0,-1,137,159,3,1,0
165,0,-1,138,160,3,1,0
166,0,-1,139,161,3,1,0
167,0,-1,-1,162,3,1,0
168,0,-1,140,163,3,1,0
169,0,-1,141,164,3,1,0
170,0,-1,142,164,3,1,0
171,0,-1,143,164,3,1,0
172,0,-1,144,165,3,1,0
173,0,-1,145,166,3,1,0
174,0,-1,146,167,3,1,0
175,0,-1,147,167,3,1,0
176,0,-1,147,167,3,1,0
177,0,-1,148,168,3,1,0
178,0,-1,149,168,3,1,0
179,0,-1,150,169,3,1,0
180,0,-1,151,170,3,1,0
181,0,-1,152,171,3,1,0
182,0,-1,153,172,3,1,0
183,0,-1,-1,172,3,1,0
184,0,-1,154,173,3,1,0
185,0,-1,155,174,3,1,0
186,0,-1,156,175,3,1,0
187,0,-1,157,176,3,1,0
188,0,-1,-1,177,3,1,0
189,0,-1,158,178,3,1,0
190,0,-1,159,179,3,1,0
191,0,-1,160,179,3,1,0
192,0,-1,161,180,3,1,0
193,0,-1,162,181,3,1,0
194,0,-1,163,182,3,1,0
195,0,-1,164,183,3,1,0
196,0,-1,164,184,3,1,0
197,0,-1,165,185,3,1,0
198,0,-1,166,186,3,1,0
199,0,-1,167,187,3,1,0
200,0,-1,168,188,3,1,0
201,0,-1,169,189,3,1,0
202,0,-1,170,190,3,1,0
203,0,-1,171,191,3,1,0
204,0,-1,172,192,3,1,0
205,0,-1,173,193,3,1,0
206,0,-1,174,194,3,1,0
207,0,-1,175,195,3,1,0
208,0,-1,176,196,3,1,0
209,0,-1,177,197,3,1,0
210,0,-1,178,198,3,1,0
211,0,-1,179,199,3,1,0
212,0,-1,180,200,3,1,0
213,0,-1,181,200,3,1,0
214,0,-1,182,201,3,1,0
215,0,-1,183,202,3,1,0
216,0,-1,184,203,3,1,0
217,0,-1,185,204,3,1,0
218,0,-1,186,205,3,1,0
219,0,-1,187,206,3,1,0
220,0,-1,188,206,3,1,0
221,0,-1,189,207,3,1,0
222,0,-1,190,208,3,1,0
223,0,-1,191,209,3,1,0
224,0,-1,192,210,3,1,0
225,0,-1,193,211,3,1,0
226,0,-1,194,212,3,1,0
227,0,-1,195,213,3,1,0
228,0,-1,196,214,3,1,0
229,0,-1,197,214,3,1,0
230,0,-1,198,215,3,1,0
231,0,-1,199,216,3,1,0
232,0,-1,200,217,3,1,0
233,0,-1,201,218,3,1,0
234,0,-1,202,219,3,1,0
235,0,-1,203,220,3,1,0
236,0,-1,204,221,3,1,0
237,0,-1,205,222,3,1,0
238,0,-1,206,223,3,1,0
239,0,-1,207,224,3,1,0
240,0,-1,208,225,3,1,0
241,0,-1,209,226,3,1,0
242,0,-1,210,227,3,1,0
243,0,-1,211,228,3,1,0
244,0,-1,-1,229,3,1,0
245,0,-1,212,230,3,1,0
246,0,-1,213,230,3,1,0
247,0,-1,214,231,3,1,0
248,0,-1,215,231,3,1,0
249,0,-1,216,232,4,1,0
250,0,-1,217,233,5,1,0
251,0,-1,218,234,5,1,0
252,0,-1,219,235,5,1,0
253,0,-1,220,236,5,1,0
254,0,-1,221,237,5,1,0
255,0,-1,222,238,5,1,0
256,0,-1,223,239,5,1,0
257,0,-1,224,240,5,1,0
258,0,-1,225,241,5,1,0
259,0,-1,226,242,5,1,0
260,0,-1,227,243,5,1,0
261,0,-1,227,244,5,1,0
262,0,-1,228,244,5,1,0
263,0,-1,229,245,5,1,0
264,0,-1,230,246,5,1,0
265,0,-1,231,247,5,1,0
266,0,-1,232,248,5,1,0
267,0,-1,233,249,5,1,0
268,0,-1,234,250,5,1,0
269,0,-1,235,251,5,1,0
270,0,-1,236,251,5,1,0
271,0,-1,237,252,5,1,0
272,0,-1,238,253,5,1,0
273,0,-1,239,254,5,1,0
274,0,-1,240,255,5,1,0
275,0,-1,241,256,5,1,0
276,0,-1,242,257,5,1,0
277,0,-1,243,258,5,1,0
278,0,-1,243,258,5,1,0
279,0,-1,244,259,5,1,0
280,0,-1,245,260,5,1,0
281,0,-1,246,261,5,1,0
282,0,-1,247,262,5,1,0
283,0,-1,248,263,5,1,0
284,0,-1,249,264,5,1,0
285,0,-1,250,264,5,1,0
286,0,-1,251,265,5,1,0
287,0,-1,252,266,5,1,0
288,0,-1,252,267,5,1,0
289,0,-1,252,268,5,1,0
290,0,-1,253,269,5,1,0
291,0,-1,254,269,5,1,0
292,0,-1,255,270,-1,-1,0
293,0,-1,256,271,5,1,0
294,0,-1,257,272,5,1,0
295,0,-1,258,273,5,1,0
296,0,-1,259,274,5,1,0
297,0,-1,260,275,5,1,0
298,0,-1,261,276,5,1,0
299,0,-1,-1,277,5,1,0
300,0,-1,262,278,5,1,0
301,0,-1,263,279,5,1,0
302,0,-1,264,280,5,1,0
303,0,-1,265,281,5,1,0
304,0,-1,266,282,5,1,0
305,0,-1,267,283,5,1,0
306,0,-1,268,284,5,1,0
307,0,-1,269,285,5,1,0
308,0,-1,270,286,5,1,0
309,0,-1,271,287,5,1,0
310,0,-1,272,287,5,1,0
311,0,-1,273,288,5,1,0
312,0,-1,274,289,5,1,0
313,0,-1,275,290,5,1,0
314,0,-1,276,291,5,1,0
315,0,-1,277,292,5,1,0
316,0,-1,278,293,5,1,0
317,0,-1,279,294,5,1,0
318,0,-1,280,295,5,1,0
319,0,-1,281,295,5,1,0
320,0,-1,282,296,5,1,0
321,0,-1,283,297,5,1,0
322,0,-1,283,298,5,1,0
323,0,-1,284,299,5,1,0
324,0,-1,285,300,5,1,0
325,0,-1,286,301,5,1,0
326,0,-1,287,302,5,1,0
327,0,-1,288,303,5,1,0
328,0,-1,289,304,5,1,0
329,0,-1,290,305,5,1,0
330,0,-1,291,306,5,1,0
331,0,-1,292,307,5,1,0
332,0,-1,293,308,5,1,0
333,0,-1,294,309,5,1,0
334,0,-1,295,310,5,1,0
335,0,-1,296,311,-1,-1,0
336,0,-1,297,312,5,1,0
337,0,-1,298,313,5,1,0
338,0,-1,299,314,5,1,0
339,0,-1,300,315,5,1,0
340,0,-1,301,316,5,1,0
341,0,-1,302,317,5,1,0
342,0,-1,303,318,5,1,0
343,0,-1,304,319,5,1,0
344,0,-1,305,320,5,1,0
345,0,-1,306,321,5,1,0
346,0,-1,307,322,5,1,0
347,0,-1,308,323,5,1,0
348,0,-1,309,324,5,1,0
349,0,-1,310,325,5,1,0
350,0,-1,311,326,5,1,0
351,0,-1,312,327,5,1,0
352,0,-1,313,328,5,1,0
353,0,-1,314,329,5,1,0
354,0,-1,315,330,5,1,0
355,0,-1,316,331,5,1,0
356,0,-1,317,332,5,1,0
357,0,-1,318,333,5,1,0
358,0,-1,319,334,5,1,0
359,0,-1,320,335,5,1,0
360,0,-1,321,336,5,1,0
361,0,-1,322,337,5,1,0
362,0,-1,323,338,5,1,0
363,0,-1,324,339,5,1,0
364,0,-1,325,340,5,1,0
365,0,-1,326,341,5,1,0
366,0,-1,327,342,5,1,0
367,0,-1,328,343,5,1,0
368,0,-1,329,344,5,1,0
369,0,-1,330,345,5,1,0
370,0,-1,331,346,5,1,0
371,0,-1,332,347,5,1,0
372,0,-1,333,348,5,1,0
373,0,-1,334,349,5,1,0
374,0,-1,335,350,5,1,0
375,0,-1,336,351,5,1,0
376,0,-1,337,352,5,1,0
377,0,-1,338,353,5,1,0
378,0,-1,339,354,5,1,0
379,0,-1,340,355,5,1,0
380,0,-1,341,356,5,1,0
381,0,-1,342,357,5,1,0
382,0,-1,343,358,5,1,0
383,0,-1,344,359,5,1,0
384,0,-1,345,360,5,1,0
385,0,-1,345,361,5,1,0
386,0,-1,346,362,5,1,0
387,0,-1,347,363,5,1,0
388,0,-1,348,364,5,1,0
389,0,-1,349,365,5,1,0
390,0,-1,350,366,5,1,0
391,0,-1,351,367,5,1,0
392,0,-1,352,368,5,1,0
393,0,-1,353,369,5,1,0
394,0,-1,354,370,5,1,0
395,0,-1,355,371,-1,-1,0
396,0,-1,356,372,5,1,0
397,0,-1,357,373,5,1,0
398,0,-1,358,374,5,1,0
399,0,-1,359,375,5,1,0
400,0,-1,360,375,5,1,0
401,0,-1,361,376,5,1,0
402,0,-1,362,377,5,1,0
403,0,-1,363,378,5,1,0
404,0,-1,-1,379,5,1,0
405,0,-1,364,380,5,1,0
406,0,-1,364,381,5,1,0
407,0,-1,365,382,5,1,0
408,0,-1,366,383,5,1,0
409,0,-1,367,384,5,1,0
410,0,-1,-1,385,5,1,0
411,0,-1,368,386,5,1,0
412,0,-1,369,387,5,1,0
413,0,-1,370,388,5,1,0
414,0,-1,371,389,5,1,0
415,0,-1,372,390,5,1,0
416,0,-1,373,391,5,1,0
417,0,-1,373,392,5,1,0
418,0,-1,374,393,5,1,0
419,0,-1,375,394,5,1,0
420,0,-1,376,395,5,1,0
421,0,-1,376,396,5,1,0
422,0,-1,377,397,5,1,0
423,0,-1,378,398,5,1,0
424,0,-1,379,399,-1,-1,0
425,0,-1,380,400,5,1,0
426,0,-1,381,401,5,1,0
427,0,-1,382,402,5,1,0
428,0,-1,383,403,5,1,0
429,0,-1,384,404,5,1,0
430,0,-1,-1,405,5,1,0
431,0,-1,385,406,5,1,0
432,0,-1,386,407,5,1,0
433,0,-1,387,408,5,1,0
434,0,-1,388,409,5,1,0
435,0,-1,389,410,5,1,0
436,0,-1,390,411,5,1,0
437,0,-1,391,412,5,1,0
438,0,-1,392,413,5,1,0
439,0,-1,393,414,5,1,0
440,0,-1,394,415,5,1,0
441,0,-1,395,416,6,1,0
442,0,-1,396,417,7,1,0
443,0,-1,397,418,7,1,0
444,0,-1,398,419,7,1,0
445,0,-1,399,420,7,1,0
446,0,-1,400,421,7,1,0
447,0,-1,401,422,7,1,0
448,0,-1,402,423,7,1,0
449,0,-1,403,424,7,1,0
450,0,-1,404,425,7,1,0
451,0,-1,405,426,7,1,0
452,0,-1,406,427,7,1,0
453,0,-1,407,428,7,1,0
454,0,-1,407,429,7,1,0
455,0,-1,408,430,7,1,0
456,0,-1,409,431,7,1,0
457,0,-1,410,432,7,1,0
458,0,-1,410,433,7,1,0
459,0,-1,411,434,7,1,0
460,0,-1,412,435,7,1,0
461,0,-1,413,436,7,1,0
462,0,-1,414,437,7,1,0
463,0,-1,415,438,7,1,0
464,0,-1,416,439,7,1,0
465,0,-1,417,440,7,1,0
466,0,-1,418,441,7,1,0
467,0,-1,419,442,7,1,0
468,0,-1,420,443,7,1,0
469,0,-1,-1,444,7,1,0
470,0,-1,420,445,7,1,0
471,0,-1,421,445,7,1,0
472,0,-1,422,446,7,1,0
473,0,-1,423,447,7,1,0
474,0,-1,424,448,7,1,0
475,0,-1,-1,449,7,1,0
476,0,-1,425,450,7,1,0
477,0,-1,426,451,7,1,0
478,0,-1,-1,452,7,1,0
479,0,-1,426,453,7,1,0
480,0,-1,427,454,7,1,0
481,0,-1,428,455,7,1,0
482,0,-1,429,456,7,1,0
483,0,-1,430,457,7,1,0
484,0,-1,-1,458,7,1,0
485,0,-1,431,459,7,1,0
486,0,-1,432,460,7,1,0
487,0,-1,432,460,7,1,0
488,0,-1,433,461,7,1,0
489,0,-1,434,462,7,1,0
490,0,-1,435,463,7,1,0
491,0,-1,436,464,7,1,0
492,0,-1,437,465,7,1,0
493,0,-1,438,466,7,1,0
494,0,-1,-1,467,7,1,0
495,0,-1,439,468,7,1,0
496,0,-1,-1,469,7,1,0
497,0,-1,440,470,7,1,0
498,0,-1,-1,471,7,1,0
499,0,-1,440,472,7,1,0
500,0,-1,440,473,7,1,0
501,0,-1,441,474,7,1,0
502,0,-1,442,475,7,1,0
503,0,-1,443,476,7,1,0
504,0,-1,444,477,7,1,0
505,0,-1,445,478,7,1,0
506,0,-1,446,479,7,1,0
507,0,-1,447,480,7,1,0
508,0,-1,448,481,7,1,0
509,0,-1,448,482,7,1,0
510,0,-1,449,483,7,1,0
511,0,-1,450,484,7,1,0
512,0,-1,451,485,7,1,0
513,0,-1,451,486,7,1,0
514,0,-1,451,487,7,1,0
515,0,-1,452,488,7,1,0
516,0,-1,453,489,7,1,0
517,0,-1,454,490,7,1,0
518,0,-1,455,491,7,1,0
519,0,-1,456,492,7,1,0
520,0,-1,-1,493,7,1,0
521,0,-1,457,494,7,1,0
522,0,-1,458,495,7,1,0
523,0,-1,459,496,7,1,0
524,0,-1,459,497,7,1,0
525,0,-1,460,498,7,1,0
526,0,-1,461,499,7,1,0
527,0,-1,462,500,7,1,0
528,0,-1,463,500,7,1,0
529,0,-1,464,501,7,1,0
530,0,-1,465,502,7,1,0
531,0,-1,466,503,7,1,0
532,0,-1,467,504,7,1,0
533,0,-1,468,505,7,1,0
534,0,-1,468,506,7,1,0
535,0,-1,469,507,7,1,0
536,0,-1,470,508,7,1,0
537,0,-1,471,509,7,1,0
538,0,-1,472,510,7,1,0
539,0,-1,473,511,7,1,0
540,0,-1,474,512,7,1,0
541,0,-1,475,513,7,1,0
542,0,-1,476,514,7,1,0
543,0,-1,476,515,7,1,0
544,0,-1,477,516,7,1,0
545,0,-1,478,517,7,1,0
546,0,-1,479,518,7,1,0
547,0,-1,480,519,7,1,0
548,0,-1,481,520,7,1,0
549,0,-1,482,521,7,1,0
550,0,-1,483,522,7,1,0
551,0,-1,484,523,7,1,0
552,0,-1,485,524,7,1,0
553,0,-1,486,525,7,1,0
554,0,-1,487,526,7,1,0
555,0,-1,-1,527,7,1,0
556,0,-1,488,528,7,1,0
557,0,-1,489,529,7,1,0
558,0,-1,490,530,7,1,0
559,0,-1,491,531,7,1,0
560,0,-1,491,532,7,1,0
561,0,-1,492,533,7,1,0
562,0,-1,492,534,7,1,0
563,0,-1,493,535,7,1,0
564,0,-1,494,536,7,1,0
565,0,-1,495,537,7,1,0
566,0,-1,496,538,7,1,0
567,0,-1,496,539,7,1,0
568,0,-1,497,539,7,1,0
569,0,-1,498,540,7,1,0
570,0,-1,499,541,7,1,0
571,0,-1,500,542,7,1,0
572,0,-1,501,543,7,1,0
573,0,-1,502,544,7,1,0
574,0,-1,503,545,7,1,0
575,0,-1,504,546,7,1,0
576,0,-1,505,547,7,1,0
577,0,-1,505,548,7,1,0
578,0,-1,506,549,7,1,0
579,0,-1,-1,550,7,1,0
580,0,-1,506,551,8,1,0
581,0,-1,507,552,9,1,0
582,0,-1,508,553,9,1,0
583,0,-1,509,554,9,1,0
584,0,-1,510,555,9,1,0
585,0,-1,511,556,9,1,0
586,0,-1,512,557,9,1,0
587,0,-1,-1,558,10,1,0
588,0,-1,513,559,11,1,0
589,0,-1,514,560,11,1,0
590,0,-1,515,561,12,2,0
591,0,-1,516,562,13,3,0
592,0,-1,517,563,13,3,0
593,0,-1,518,564,13,3,0
594,0,-1,519,565,13,3,0
595,0,-1,520,566,13,3,0
596,0,-1,521,567,13,3,0
597,0,-1,522,568,13,3,0
598,0,-1,522,569,13,3,0
599,0,-1,523,570,13,3,0
600,0,-1,524,570,13,3,0
601,0,-1,525,571,13,3,0
602,0,-1,526,572,13,3,0
603,0,-1,526,573,13,3,0
604,0,-1,527,574,13,3,0
605,0,-1,528,575,13,3,0
606,0,-1,529,576,13,3,0
607,0,-1,530,577,13,3,0
608,0,-1,-1,578,13,3,0
609,0,-1,531,579,13,3,0
610,0,-1,532,580,13,3,0
611,0,-1,533,581,13,3,0
612,0,-1,533,582,13,3,0
613,0,-1,534,583,13,3,0
614,0,-1,535,584,13,3,0
615,0,-1,535,585,13,3,0
616,0,-1,536,586,13,3,0
617,0,-1,536,587,13,3,0
618,0,-1,536,588,13,3,0
619,0,-1,536,589,13,3,0
620,0,-1,537,590,13,3,0
621,0,-1,537,591,14,3,0
622,0,-1,538,592,15,3,0
623,0,-1,539,593,15,3,0
624,0,-1,540,594,15,3,0
625,0,-1,541,595,15,3,0
626,0,-1,542,596,15,3,0
627,0,-1,543,597,15,3,0
628,0,-1,544,598,15,3,0
629,0,-1,545,598,15,3,0
630,0,-1,546,599,15,3,0
631,0,-1,546,600,15,3,0
632,0,-1,547,601,15,3,0
633,0,-1,548,602,15,3,0
634,0,-1,549,603,15,3,0
635,0,-1,550,604,15,3,0
636,0,-1,551,605,15,3,0
637,0,-1,552,606,15,3,0
638,0,-1,552,607,15,3,0
639,0,-1,553,608,15,3,0
640,0,-1,554,609,15,3,0
641,0,-1,555,610,15,3,0
642,0,-1,556,611,15,3,0
643,0,-1,557,612,15,3,0
644,0,-1,558,613,15,3,0
645,0,-1,559,614,15,3,0
646,0,-1,560,615,15,3,0
647,0,-1,560,616,15,3,0
648,0,-1,561,617,15,3,0
649,0,-1,562,618,15,3,0
650,0,-1,563,619,15,3,0
651,0,-1,564,620,15,3,0
652,0,-1,565,621,15,3,0
653,0,-1,566,622,15,3,0
654,0,-1,567,623,15,3,0
655,0,-1,568,624,15,3,0
656,0,-1,569,625,15,3,0
657,0,-1,570,626,-1,-1,0
658,0,-1,571,627,15,3,0
659,0,-1,572,628,15,3,0
660,0,-1,573,629,15,3,0
661,0,-1,574,630,15,3,0
662,0,-1,575,631,15,3,0
663,0,-1,576,632,15,3,0
664,0,-1,577,633,15,3,0
665,0,-1,578,634,15,3,0
666,0,-1,579,635,15,3,0
667,0,-1,580,636,15,3,0
668,0,-1,581,637,15,3,0
669,0,-1,582,638,15,3,0
670,0,-1,583,639,15,3,0
671,0,-1,-1,640,15,3,0
672,0,-1,584,641,15,3,0
673,0,-1,585,642,15,3,0
674,0,-1,586,643,15,3,0
675,0,-1,587,643,15,3,0
676,0,-1,-1,644,15,3,0
677,0,-1,587,645,15,3,0
678,0,-1,587,646,15,3,0
679,0,-1,588,647,15,3,0
680,0,-1,589,648,15,3,0
681,0,-1,590,649,15,3,0
682,0,-1,591,650,15,3,0
683,0,-1,592,651,15,3,0
684,0,-1,593,651,15,3,0
685,0,-1,594,652,15,3,0
686,0,-1,595,653,15,3,0
687,0,-1,596,654,15,3,0
688,0,-1,597,655,15,3,0
689,0,-1,598,656,15,3,0
690,0,-1,598,657,15,3,0
691,0,-1,598,658,15,3,0
692,0,-1,598,659,15,3,0
693,0,-1,599,660,15,3,0
694,0,-1,600,661,15,3,0
695,0,-1,601,662,15,3,0
696,0,-1,602,663,15,3,0
697,0,-1,603,664,15,3,0
698,0,-1,604,665,15,3,0
699,0,-1,605,666,15,3,0
700,0,-1,606,667,15,3,0
701,0,-1,607,668,15,3,0
702,0,-1,608,669,15,3,0
703,0,-1,609,670,15,3,0
704,0,-1,610,671,15,3,0
705,0,-1,611,672,15,3,0
706,0,-1,612,673,15,3,0
707,0,-1,613,674,15,3,0
708,0,-1,614,675,15,3,0
709,0,-1,615,676,15,3,0
710,0,-1,616,677,15,3,0
711,0,-1,617,678,15,3,0
712,0,-1,618,679,15,3,0
713,0,-1,619,680,15,3,0
714,0,-1,619,681,15,3,0
715,0,-1,619,682,16,4,0
716,0,-1,620,683,17,5,0
717,0,-1,621,684,17,5,0
718,0,-1,622,685,17,5,0
719,0,-1,622,686,17,5,0
720,0,-1,623,687,17,5,0
721,0,-1,624,688,17,5,0
722,0,-1,625,689,17,5,0
723,0,-1,626,689,17,5,0
724,0,-1,627,689,17,5,0
725,0,-1,628,690,17,5,0
726,0,-1,629,691,17,5,0
727,0,-1,630,692,-1,-1,0
728,0,-1,631,693,17,5,0
729,0,-1,632,694,17,5,0
730,0,-1,632,695,17,5,0
731,0,-1,-1,696,17,5,0
732,0,-1,633,696,17,5,0
733,0,-1,634,697,17,5,0
734,0,-1,635,698,17,5,0
735,0,-1,636,699,17,5,0
736,0,-1,637,700,17,5,0
737,0,-1,638,701,17,5,0
738,0,-1,639,702,17,5,0
739,0,-1,640,703,17,5,0
740,0,-1,641,704,17,5,0
741,0,-1,642,705,17,5,0
742,0,-1,643,706,17,5,0
743,0,-1,644,707,17,5,0
744,0,-1,644,708,17,5,0
745,0,-1,645,709,17,5,0
746,0,-1,646,710,17,5,0
747,0,-1,647,711,17,5,0
748,0,-1,648,712,17,5,0
749,0,-1,649,713,17,5,0
750,0,-1,649,714,17,5,0
751,0,-1,650,715,17,5,0
752,0,-1,651,716,17,5,0
753,0,-1,652,717,17,5,0
754,0,-1,653,718,17,5,0
755,0,-1,654,719,17,5,0
756,0,-1,654,720,17,5,0
757,0,-1,655,721,17,5,0
758,0,-1,656,722,17,5,0
759,0,-1,657,723,17,5,0
760,0,-1,-1,724,17,5,0
761,0,-1,658,725,17,5,0
762,0,-1,659,726,17,5,0
763,0,-1,660,727,17,5,0
764,0,-1,661,728,17,5,0
765,0,-1,662,729,17,5,0
766,0,-1,663,730,17,5,0
767,0,-1,664,731,17,5,0
768,0,-1,665,732,17,5,0
769,0,-1,666,733,17,5,0
770,0,-1,666,734,17,5,0
771,0,-1,667,735,17,5,0
772,0,-1,668,736,17,5,0
773,0,-1,669,737,17,5,0
774,0,-1,670,738,17,5,0
775,0,-1,671,739,17,5,0
776,0,-1,672,740,17,5,0
777,0,-1,673,741,17,5,0
778,0,-1,674,742,17,5,0
779,0,-1,675,743,17,5,0
780,0,-1,676,744,17,5,0
781,0,-1,677,745,17,5,0
782,0,-1,678,746,17,5,0
783,0,-1,679,747,17,5,0
784,0,-1,680,748,17,5,0
785,0,-1,681,749,17,5,0
786,0,-1,682,750,18,5,0
787,0,-1,683,751,19,5,0
788,0,-1,-1,752,19,5,0
789,0,-1,684,753,19,5,0
790,0,-1,685,754,19,5,0
791,0,-1,685,755,19,5,0
792,0,-1,686,756,19,5,0
793,0,-1,687,757,19,5,0
794,0,-1,688,758,19,5,0
795,0,-1,-1,759,19,5,0
796,0,-1,689,760,19,5,0
797,0,-1,690,761,19,5,0
798,0,-1,690,762,19,5,0
799,0,1,691,763,19,5,0
800,0,-1,692,764,19,5,0
801,0,-1,693,765,19,5,0
802,0,-1,694,766,19,5,0
803,0,-1,694,767,19,5,0
804,0,-1,695,768,19,5,0
805,0,-1,696,769,19,5,0
806,0,-1,696,770,19,5,0
807,0,-1,697,771,19,5,0
808,0,-1,698,772,19,5,0
809,0,-1,698,773,19,5,0
810,0,-1,699,774,19,5,0
811,0,-1,699,775,19,5,0
812,0,-1,699,776,19,5,0
813,0,-1,700,777,19,5,0
814,0,-1,701,778,19,5,0
815,0,-1,702,779,19,5,0
816,0,-1,703,780,19,5,0
817,0,-1,704,781,19,5,0
818,0,-1,705,782,19,5,0
819,0,-1,706,783,19,5,0
820,0,-1,707,784,19,5,0
821,0,-1,708,785,19,5,0
822,0,-1,709,786,19,5,0
823,0,-1,710,787,-1,-1,0
824,0,-1,711,788,19,5,0
825,0,-1,712,789,19,5,0
826,0,-1,713,790,19,5,0
827,0,-1,714,791,19,5,0
828,0,-1,715,792,19,5,0
829,0,-1,716,793,19,5,0
830,0,-1,717,794,19,5,0
831,0,-1,718,795,19,5,0
832,0,-1,719,796,19,5,0
833,0,-1,720,797,19,5,0
834,0,-1,721,798,19,5,0
835,0,-1,722,799,19,5,0
836,0,-1,723,800,19,5,0
837,0,-1,724,801,19,5,0
838,0,-1,725,802,19,5,0
839,0,-1,726,803,19,5,0
840,0,-1,727,804,19,5,0
841,0,-1,728,805,19,5,0
842,0,-1,729,806,19,5,0
843,0,-1,730,807,19,5,0
844,0,-1,730,808,19,5,0
845,0,-1,731,809,19,5,0
846,0,-1,732,810,19,5,0
847,0,-1,733,811,19,5,0
848,0,2,734,812,19,5,0
849,0,-1,735,813,19,5,0
850,0,-1,736,814,19,5,0
851,0,-1,737,815,19,5,0
852,0,-1,738,816,19,5,0
853,0,-1,739,817,19,5,0
854,0,-1,740,817,19,5,0
855,0,-1,741,818,19,5,0
856,0,-1,742,819,19,5,0
857,0,-1,743,820,19,5,0
858,0,-1,744,821,19,5,0
859,0,-1,744,822,19,5,0
860,0,-1,744,823,19,5,0
861,0,-1,745,824,19,5,0
862,0,-1,746,825,19,5,0
863,0,-1,747,826,19,5,0
864,0,-1,748,827,19,5,0
865,0,-1,749,827,19,5,0
866,0,-1,750,828,19,5,0
867,0,-1,751,829,19,5,0
868,0,-1,752,830,19,5,0
869,0,-1,753,831,19,5,0
870,0,-1,754,832,19,5,0
871,0,-1,755,833,19,5,0
872,0,-1,756,834,19,5,0
873,0,-1,757,835,19,5,0
874,0,-1,758,836,19,5,0
875,0,-1,759,837,19,5,0
876,0,-1,760,838,19,5,0
877,0,-1,761,839,19,5,0
878,0,-1,761,840,19,5,0
879,0,-1,761,840,19,5,0
880,0,-1,762,841,19,5,0
881,0,-1,763,842,19,5,0
882,0,-1,764,843,19,5,0
883,0,-1,765,844,19,5,0
884,0,-1,766,845,19,5,0
885,0,-1,767,846,19,5,0
886,0,-1,768,847,19,5,0
887,0,-1,769,848,19,5,0
888,0,-1,770,849,19,5,0
889,0,-1,770,850,19,5,0
890,0,-1,771,851,19,5,0
891,0,-1,772,852,19,5,0
892,0,-1,-1,853,19,5,0
893,0,-1,773,853,19,5,0
894,0,-1,774,854,19,5,0
895,0,-1,775,855,19,5,0
896,0,-1,776,856,19,5,0
897,0,-1,777,857,19,5,0
898,0,-1,778,858,19,5,0
899,0,-1,779,859,19,5,0
900,0,-1,780,859,19,5,0
901,0,-1,780,860,19,5,0
902,0,-1,781,861,19,5,0
903,0,-1,782,862,19,5,0
904,0,-1,783,863,20,6,0
905,0,-1,784,864,21,7,0
906,0,-1,785,865,21,7,0
907,0,-1,786,866,21,7,0
908,0,-1,787,867,21,7,0
909,0,-1,788,868,21,7,0
910,0,-1,789,869,21,7,0
911,0,-1,790,870,21,7,0
912,0,-1,791,871,21,7,0
913,0,-1,792,871,21,7,0
914,0,-1,793,872,21,7,0
915,0,-1,794,873,21,7,0
916,0,-1,795,874,21,7,0
917,0,-1,796,875,21,7,0
918,0,-1,797,876,21,7,0
919,0,-1,798,877,21,7,0
920,0,-1,799,878,21,7,0
921,0,-1,800,879,21,7,0
922,0,-1,801,880,22,7,0
923,0,-1,802,881,23,7,0
924,0,-1,803,882,23,7,0
925,0,-1,804,883,23,7,0
926,0,-1,805,884,23,7,0
927,0,-1,806,885,23,7,0
928,0,-1,807,886,23,7,0
929,0,-1,808,887,23,7,0
930,0,-1,809,888,23,7,0
931,0,-1,810,889,23,7,0
932,0,-1,811,890,23,7,0
933,0,-1,812,891,23,7,0
934,0,-1,813,892,23,7,0
935,0,-1,814,893,23,7,0
936,0,-1,815,894,23,7,0
937,0,-1,816,895,23,7,0
938,0,-1,817,896,23,7,0
939,0,-1,818,897,23,7,0
940,0,-1,819,898,23,7,0
941,0,-1,820,899,23,7,0
942,0,-1,821,900,23,7,0
943,0,-1,822,901,23,7,0
944,0,-1,823,902,23,7,0
945,0,-1,824,903,23,7,0
946,0,-1,825,904,23,7,0
947,0,-1,826,905,23,7,0
948,0,-1,827,906,23,7,0
949,0,-1,-1,907,23,7,0
950,0,-1,828,908,24,7,0
951,0,-1,829,909,25,7,0
952,0,-1,830,910,25,7,0
953,0,-1,831,911,25,7,0
954,0,-1,832,912,25,7,0
955,0,-1,-1,913,25,7,0
956,0,-1,833,914,25,7,0
957,0,-1,834,915,25,7,0
958,0,-1,-1,916,25,7,0
959,0,-1,835,917,25,7,0
960,0,-1,836,918,25,7,0
961,0,-1,837,919,25,7,0
962,0,-1,838,920,25,7,0
963,0,-1,839,921,25,7,0
964,0,-1,840,922,25,7,0
965,0,-1,-1,923,25,7,0
966,0,-1,841,924,25,7,0
967,0,-1,842,925,25,7,0
968,0,-1,843,926,25,7,0
969,0,-1,844,927,25,7,0
970,0,-1,845,928,25,7,0
971,0,-1,846,929,25,7,0
972,0,-1,847,930,25,7,0
973,0,-1,848,931,25,7,0
974,0,-1,849,932,25,7,0
975,0,-1,850,933,25,7,0
976,0,-1,851,934,25,7,0
977,0,-1,852,935,25,7,0
978,0,-1,853,936,25,7,0
979,0,-1,854,937,25,7,0
980,0,-1,855,938,25,7,0
981,0,-1,856,939,25,7,0
982,0,-1,857,940,25,7,0
983,0,-1,858,941,25,7,0
984,0,-1,859,942,25,7,0
985,0,-1,860,943,25,7,0
986,0,-1,861,944,25,7,0
987,0,-1,861,945,25,7,0
988,0,-1,862,946,25,7,0
989,0,-1,863,947,25,7,0
990,0,-1,864,948,25,7,0
991,0,-1,-1,948,25,7,0
992,0,-1,864,949,25,7,0
993,0,-1,864,950,25,7,0
994,0,-1,865,951,25,7,0
995,0,-1,866,952,25,7,0
996,0,-1,867,953,25,7,0
997,0,-1,868,954,25,7,0
998,0,-1,869,955,25,7,0
999,0,-1,870,956,25,7,0
1000,0,-1,871,957,25,7,0
1001,0,-1,872,958,25,7,0
1002,0,-1,873,959,25,7,0
1003,0,-1,874,960,25,7,0
1004,0,-1,875,961,25,7,0
1005,0,-1,876,961,25,7,0
1006,0,-1,877,962,25,7,0
1007,0,-1,-1,963,25,7,0
1008,0,-1,878,964,25,7,0
1009,0,-1,879,965,25,7,0
1010,0,-1,880,966,25,7,0
1011,0,-1,-1,967,25,7,0
1012,0,-1,881,968,25,7,0
1013,0,-1,882,969,25,7,0
1014,0,-1,883,970,25,7,0
1015,0,-1,883,971,25,7,0
1016,0,-1,884,972,25,7,0
1017,0,-1,885,973,25,7,0
1018,0,-1,886,974,25,7,0
1019,0,-1,887,975,25,7,0
1020,0,-1,887,975,25,7,0
1021,0,-1,887,976,25,7,0
1022,0,-1,888,977,25,7,0
1023,0,-1,889,978,25,7,0
1024,0,-1,890,979,25,7,0
1025,0,-1,891,980,25,7,0
1026,0,-1,-1,981,25,7,0
1027,0,-1,891,982,25,7,0
1028,0,-1,891,983,25,7,0
1029,0,-1,892,984,25,7,0
1030,0,-1,893,985,25,7,0
1031,0,-1,894,986,25,7,0
1032,0,-1,895,987,25,7,0
1033,0,-1,896,988,25,7,0
1034,0,-1,897,988,25,7,0
1035,0,-1,897,988,25,7,0
1036,0,-1,898,989,25,7,0
1037,0,-1,898,990,25,7,0
1038,0,-1,899,991,25,7,0
1039,0,-1,900,992,25,7,0
1040,0,-1,901,993,25,7,0
1041,0,-1,902,994,25,7,0
1042,0,-1,903,995,25,7,0
1043,0,-1,904,996,25,7,0
1044,0,-1,905,997,25,7,0
1045,0,-1,905,998,25,7,0
1046,0,-1,906,999,25,7,0
1047,0,-1,907,1000,25,7,0
1048,0,-1,907,1001,25,7,0
1049,0,-1,908,1002,25,7,0
1050,0,-1,909,1003,25,7,0
1051,0,-1,910,1004,25,7,0
1052,0,-1,911,1005,25,7,0
1053,0,-1,912,1006,25,7,0
1054,0,-1,912,1007,25,7,0
1055,0,-1,913,1008,25,7,0
1056,0,-1,914,1009,25,7,0
1057,0,-1,914,1010,25,7,0
1058,0,-1,915,1011,25,7,0
1059,0,-1,916,1012,25,7,0
1060,0,-1,917,1013,25,7,0
1061,0,-1,918,1014,25,7,0
1062,0,-1,919,1015,25,7,0
1063,0,-1,920,1016,25,7,0
1064,0,-1,921,1016,25,7,0
1065,0,-1,922,1017,25,7,0
1066,0,-1,923,1018,26,8,0
1067,0,-1,924,1019,27,9,0
1068,0,-1,925,1020,27,9,0
1069,0,-1,926,1021,27,9,0
1070,0,-1,927,1022,27,9,0
1071,0,-1,928,1023,27,9,0
1072,0,-1,929,1024,27,9,0
1073,0,-1,929,1025,27,9,0
1074,0,-1,930,1026,27,9,0
1075,0,-1,931,1027,27,9,0
1076,0,-1,932,1028,27,9,0
1077,0,-1,933,1029,27,9,0
1078,0,-1,934,1030,27,9,0
1079,0,-1,935,1031,27,9,0
1080,0,-1,936,1032,27,9,0
1081,0,-1,937,1033,28,10,0
1082,0,-1,938,1034,29,11,0
1083,0,-1,939,1035,29,11,0
1084,0,-1,940,1036,29,11,0
1085,0,-1,941,1037,29,11,0
1086,0,-1,942,1038,29,11,0
1087,0,-1,943,1039,29,11,0
1088,0,-1,944,1040,29,11,0
1089,0,-1,945,1041,29,11,0
1090,0,-1,946,1042,29,11,0
1091,0,-1,947,1043,29,11,0
1092,0,-1,948,1044,29,11,0
1093,0,-1,949,1045,29,11,0
1094,0,-1,950,1046,29,11,0
1095,0,-1,951,1047,29,11,0
1096,0,-1,952,1048,29,11,0
1097,0,-1,953,1049,29,11,0
1098,0,-1,954,1050,29,11,0
1099,0,-1,955,1051,29,11,0
1100,0,-1,956,1052,29,11,0
1101,0,-1,957,1053,29,11,0
1102,0,-1,958,1054,-1,-1,0
1103,0,-1,959,1055,29,11,0
1104,0,-1,960,1056,29,11,0
1105,0,-1,961,1057,29,11,0
1106,0,-1,962,1058,29,11,0
1107,0,-1,962,1059,29,11,0
1108,0,-1,963,1060,29,11,0
1109,0,-1,964,1061,29,11,0
1110,0,-1,965,1062,29,11,0
1111,0,-1,966,1063,29,11,0
1112,0,-1,967,1064,29,11,0
1113,0,-1,968,1065,29,11,0
1114,0,-1,969,1066,29,11,0
1115,0,-1,970,1067,29,11,0
1116,0,-1,971,1068,29,11,0
1117,0,-1,971,1069,29,11,0
1118,0,-1,972,1070,29,11,0
1119,0,-1,973,1071,29,11,0
1120,0,-1,974,1072,29,11,0
1121,0,-1,975,1073,29,11,0
1122,0,-1,976,1074,29,11,0
1123,0,-1,977,1075,29,11,0
1124,0,-1,978,1076,29,11,0
1125,0,-1,-1,1077,29,11,0
1126,0,-1,979,1078,29,11,0
1127,0,-1,980,1079,29,11,0
1128,0,-1,981,1080,29,11,0
1129,0,-1,982,1080,29,11,0
1130,0,-1,983,1081,29,11,0
1131,0,-1,984,1082,29,11,0
1132,0,-1,985,1083,29,11,0
1133,0,-1,986,1084,29,11,0
1134,0,-1,987,1085,29,11,0
1135,0,-1,988,1085,29,11,0
1136,0,-1,989,1086,29,11,0
1137,0,-1,990,1087,29,11,0
1138,0,-1,991,1087,29,11,0
1139,0,-1,992,1088,29,11,0
1140,0,-1,992,1089,29,11,0
1141,0,-1,993,1090,29,11,0
1142,0,-1,994,1091,29,11,0
1143,0,-1,995,1092,29,11,0
1144,0,-1,996,1093,29,11,0
1145,0,-1,997,1093,29,11,0
1146,0,-1,998,1094,30,11,0
1147,0,-1,998,1095,31,11,0
1148,0,-1,999,1096,31,11,0
1149,0,-1,1000,1097,31,11,0
1150,0,-1,1001,1098,31,11,0
1151,0,-1,1002,1099,31,11,0
1152,0,-1,1003,1100,31,11,0
1153,0,-1,1004,1101,31,11,0
1154,0,-1,1005,1102,31,11,0
1155,0,-1,1006,1103,31,11,0
1156,0,-1,1007,1104,31,11,0
1157,0,-1,1008,1105,31,11,0
1158,0,-1,1009,1106,31,11,0
1159,0,-1,1010,1107,31,11,0
1160,0,-1,1011,1108,31,11,0
1161,0,-1,1011,1109,31,11,0
1162,0,-1,1012,1110,31,11,0
1163,0,-1,1013,1111,31,11,0
1164,0,-1,1014,1112,31,11,0
1165,0,-1,-1,1113,31,11,0
1166,0,-1,1015,1114,31,11,0
1167,0,-1,1016,1115,31,11,0
1168,0,-1,1017,1116,31,11,0
1169,0,-1,1018,1117,32,11,0
1170,0,-1,1019,1118,33,11,0
1171,0,-1,1020,1119,33,11,0
1172,0,-1,1021,1120,33,11,0
1173,0,-1,1022,1120,33,11,0
1174,0,-1,1023,1121,33,11,0
1175,0,-1,1024,1122,33,11,0
1176,0,-1,1025,1123,33,11,0
1177,0,-1,1026,1124,33,11,0
1178,0,-1,1027,1125,33,11,0
1179,0,-1,1027,1126,33,11,0
1180,0,-1,1028,1126,33,11,0
1181,0,-1,1029,1127,33,11,0
1182,0,-1,1029,1128,33,11,0
1183,0,-1,1030,1129,33,11,0
1184,0,-1,1031,1130,33,11,0
1185,0,-1,1032,1131,33,11,0
1186,0,-1,1033,1132,33,11,0
1187,0,-1,1033,1133,33,11,0
1188,0,-1,1034,1134,33,11,0
1189,0,-1,1035,1135,33,11,0
1190,0,-1,1036,1135,33,11,0
1191,0,-1,1037,1135,33,11,0
1192,0,-1,1038,1136,-1,-1,0
1193,0,-1,1039,1137,33,11,0
1194,0,-1,1040,1138,33,11,0
1195,0,-1,1041,1138,33,11,0
1196,0,-1,1042,1139,33,11,0
1197,0,-1,1043,1140,33,11,0
1198,0,-1,1044,1141,33,11,0
1199,0,-1,1045,1142,33,11,0
1200,0,-1,1046,1143,33,11,0
1201,0,-1,1047,1144,33,11,0
1202,0,-1,1048,1145,33,11,0
1203,0,-1,1049,1146,33,11,0
1204,0,-1,1050,1147,33,11,0
1205,0,-1,1051,1148,33,11,0
1206,0,-1,1052,1149,33,11,0
1207,0,-1,1053,1150,33,11,0
1208,0,-1,1054,1151,33,11,0
1209,0,-1,1055,1152,33,11,0
1210,0,-1,1056,1153,33,11,0
1211,0,-1,1057,1154,33,11,0
1212,0,-1,1058,1155,33,11,0
1213,0,-1,-1,1156,33,11,0
1214,0,-1,1059,1157,33,11,0
1215,0,-1,1060,1158,33,11,0
1216,0,-1,1061,1159,33,11,0
1217,0,-1,1062,1160,33,11,0
1218,0,-1,1063,1161,33,11,0
1219,0,-1,1064,1162,33,11,0
1220,0,-1,1065,1162,33,11,0
1221,0,-1,1066,1163,33,11,0
1222,0,-1,1067,1164,33,11,0
1223,0,-1,1068,1165,33,11,0
1224,0,-1,1069,1166,33,11,0
1225,0,-1,1070,1167,33,11,0
1226,0,-1,1071,1168,33,11,0
1227,0,-1,1072,1169,33,11,0
1228,0,-1,1073,1170,33,11,0
1229,0,-1,1074,1171,33,11,0
1230,0,-1,1075,1172,33,11,0
1231,0,-1,1076,1172,33,11,0
1232,0,-1,1077,1173,33,11,0
1233,0,-1,1077,1174,33,11,0
1234,0,-1,1078,1175,33,11,0
1235,0,-1,1079,1176,33,11,0
1236,0,-1,1079,1177,33,11,0
1237,0,-1,1080,1178,33,11,0
1238,0,-1,1081,1179,33,11,0
1239,0,-1,1082,1180,33,11,0
1240,0,-1,1083,1181,33,11,0
1241,0,-1,1084,1182,33,11,0
1242,0,-1,1085,1183,33,11,0
1243,0,-1,1086,1184,33,11,0
1244,0,-1,1087,1185,33,11,0
1245,0,-1,1088,1186,33,11,0
1246,0,-1,1089,1187,33,11,0
1247,0,-1,1090,1188,33,11,0
1248,0,-1,1091,1189,33,11,0
1249,0,-1,1092,1190,33,11,0
1250,0,-1,1093,1191,33,11,0
1251,0,-1,1094,1192,33,11,0
1252,0,-1,1095,1193,-1,-1,0
1253,0,-1,1096,1194,33,11,0
1254,0,-1,1097,1195,33,11,0
1255,0,-1,1098,1196,33,11,0
1256,0,-1,1099,1197,33,11,0
1257,0,-1,1100,1198,34,11,0
1258,0,-1,1100,1199,35,11,0
1259,0,-1,1101,1200,35,11,0
1260,0,-1,1102,1201,35,11,0
1261,0,-1,-1,1202,35,11,0
1262,0,-1,1103,1203,35,11,0
1263,0,-1,1104,1204,35,11,0
1264,0,-1,1105,1205,36,11,0
1265,0,-1,1106,1206,37,11,0
1266,0,-1,1107,1207,37,11,0
1267,0,-1,1108,1208,37,11,0
1268,0,-1,1109,1208,37,11,0
1269,0,-1,1110,1209,37,11,0
1270,0,-1,1111,1210,37,11,0
1271,0,-1,1112,1211,37,11,0
1272,0,-1,1113,1212,37,11,0
1273,0,-1,1114,1213,37,11,0
1274,0,-1,1115,1214,37,11,0
1275,0,-1,1116,1215,37,11,0
1276,0,-1,1117,1216,37,11,0
1277,0,-1,1118,1217,37,11,0
1278,0,-1,1119,1217,37,11,0
1279,0,-1,1120,1218,37,11,0
1280,0,-1,1121,1219,37,11,0
1281,0,-1,1122,1220,37,11,0
1282,0,-1,1123,1221,37,11,0
1283,0,-1,1124,1221,37,11,0
1284,0,-1,1125,1222,37,11,0
1285,0,-1,1126,1223,37,11,0
1286,0,-1,1127,1224,37,11,0
1287,0,-1,1127,1225,37,11,0
1288,0,-1,1128,1226,37,11,0
1289,0,-1,1129,1227,37,11,0
1290,0,-1,1130,1228,37,11,0
1291,0,-1,1131,1229,37,11,0
1292,0,-1,1132,1230,37,11,0
1293,0,-1,1133,1231,37,11,0
1294,0,-1,1133,1231,37,11,0
1295,0,-1,1134,1232,37,11,0
1296,0,-1,1134,1233,37,11,0
1297,0,-1,1135,1234,37,11,0
1298,0,-1,1135,1235,38,11,0
1299,0,-1,1136,1236,39,11,0
1300,0,-1,1137,1237,39,11,0
1301,0,-1,1138,1238,39,11,0
1302,0,3,1139,1239,39,11,0
1303,0,-1,1140,1240,39,11,0
1304,0,-1,1141,1241,39,11,0
1305,0,-1,1142,1242,39,11,0
1306,0,-1,1143,1243,39,11,0
1307,0,-1,1144,1244,39,11,0
1308,0,-1,1145,1245,39,11,0
1309,0,-1,1146,1246,39,11,0
1310,0,-1,1147,1247,40,12,0
1311,0,-1,1148,1248,41,13,0
1312,0,-1,1149,1249,-1,-1,0
1313,0,-1,1150,1250,41,13,0
1314,0,-1,1151,1251,41,13,0
1315,0,-1,1152,1252,41,13,0
1316,0,-1,1153,1252,41,13,0
1317,0,-1,1154,1253,41,13,0
1318,0,-1,1155,1254,41,13,0
1319,0,-1,1156,1254,41,13,0
1320,0,-1,-1,1255,41,13,0
1321,0,-1,1157,1256,41,13,0
1322,0,-1,1157,1257,41,13,0
1323,0,-1,1158,1258,41,13,0
1324,0,-1,1159,1259,41,13,0
1325,0,-1,1160,1260,41,13,0
1326,0,-1,1161,1261,41,13,0
1327,0,-1,1162,1262,41,13,0
1328,0,-1,1162,1263,41,13,0
1329,0,-1,1163,1264,42,13,0
1330,0,-1,1164,1265,43,13,0
1331,0,-1,1164,1265,-1,-1,0
1332,0,-1,1165,1266,43,13,0
1333,0,-1,1166,1267,43,13,0
1334,0,-1,1167,1268,43,13,0
1335,0,-1,1168,1269,43,13,0
1336,0,-1,1169,1269,43,13,0
1337,0,-1,1170,1269,43,13,0
1338,0,-1,1171,1270,43,13,0
1339,0,-1,1172,1271,43,13,0
1340,0,-1,1173,1272,43,13,0
1341,0,-1,1174,1273,43,13,0
1342,0,-1,1175,1274,43,13,0
1343,0,-1,1176,1275,43,13,0
1344,0,-1,1177,1276,43,13,0
1345,0,-1,1178,1277,43,13,0
1346,0,-1,1179,1278,43,13,0
1347,0,-1,1180,1279,43,13,0
1348,0,-1,1181,1279,43,13,0
1349,0,-1,1181,1279,43,13,0
1350,0,-1,1182,1280,43,13,0
1351,0,-1,1183,1281,43,13,0
1352,0,-1,1184,1282,43,13,0
1353,0,-1,1185,1283,43,13,0
1354,0,-1,1186,1284,43,13,0
1355,0,-1,1187,1285,43,13,0
1356,0,-1,1187,1286,44,14,0
1357,0,-1,-1,1287,45,15,0
1358,0,-1,1188,1288,45,15,0
1359,0,-1,1189,1289,45,15,0
1360,0,-1,1190,1290,45,15,0
1361,0,-1,1191,1291,45,15,0
1362,0,-1,1192,1292,45,15,0
1363,0,-1,1193,1293,45,15,0
1364,0,-1,1194,1294,45,15,0
1365,0,-1,1195,1295,45,15,0
1366,0,-1,1196,1296,45,15,0
1367,0,-1,-1,1297,45,15,0
1368,0,-1,1197,1298,45,15,0
1369,0,-1,1198,1299,45,15,0
1370,0,-1,1199,1300,45,15,0
1371,0,-1,1200,1301,45,15,0
1372,0,-1,1201,1302,45,15,0
1373,0,-1,1202,1303,45,15,0
1374,0,-1,1203,1304,45,15,0
1375,0,-1,1204,1305,45,15,0
1376,0,-1,1205,1306,45,15,0
1377,0,-1,1206,1307,45,15,0
1378,0,-1,1207,1308,45,15,0
1379,0,-1,1207,1309,45,15,0
1380,0,-1,1208,1310,45,15,0
1381,0,-1,1209,1310,45,15,0
1382,0,-1,1210,1311,45,15,0
1383,0,-1,1211,1312,45,15,0
1384,0,-1,1212,1313,45,15,0
1385,0,-1,1213,1314,45,15,0
1386,0,-1,1214,1315,45,15,0
1387,0,-1,-1,1316,46,16,0
1388,0,-1,1214,1317,47,17,0
1389,0,-1,1215,1318,47,17,0
1390,0,-1,1216,1319,47,17,0
1391,0,-1,1217,1320,47,17,0
1392,0,-1,1218,1321,47,17,0
1393,0,-1,1219,1322,47,17,0
1394,0,-1,1220,1323,47,17,0
1395,0,-1,1221,1324,47,17,0
1396,0,4,1222,1325,47,17,0
1397,0,-1,1223,1326,47,17,0
1398,0,-1,1224,1327,47,17,0
1399,0,-1,1225,1328,47,17,0
1400,0,-1,1226,1329,47,17,0
1401,0,-1,1227,1330,47,17,0
1402,0,-1,1228,1331,47,17,0
1403,0,-1,1229,1332,47,17,0
1404,0,-1,1230,1333,47,17,0
1405,0,-1,1230,1334,47,17,0
1406,0,-1,1231,1335,47,17,0
1407,0,-1,1232,1336,47,17,0
1408,0,-1,1233,1337,47,17,0
1409,0,-1,1234,1338,47,17,0
1410,0,-1,1235,1339,47,17,0
1411,0,-1,1236,1340,47,17,0
1412,0,-1,1237,1341,47,17,0
1413,0,-1,1238,1342,47,17,0
1414,0,-1,1239,1343,47,17,0
1415,0,-1,1240,1344,47,17,0
1416,0,-1,1241,1345,47,17,0
1417,0,-1,1242,1346,47,17,0
1418,0,-1,1243,1347,47,17,0
1419,0,-1,1244,1348,47,17,0
1420,0,-1,1245,1349,47,17,0
1421,0,-1,-1,1350,47,17,0
1422,0,-1,1246,1351,47,17,0
1423,0,-1,1247,1352,47,17,0
1424,0,-1,1248,1353,47,17,0
1425,0,-1,1249,1354,47,17,0
1426,0,-1,1250,1355,47,17,0
1427,0,-1,1251,1356,47,17,0
1428,0,-1,1252,1357,47,17,0
1429,0,-1,1253,1358,47,17,0
1430,0,-1,1254,1359,47,17,0
1431,0,-1,1255,1360,47,17,0
1432,0,-1,1256,1361,47,17,0
1433,0,-1,1257,1362,47,17,0
1434,0,-1,1258,1362,47,17,0
1435,0,-1,1259,1363,47,17,0
1436,0,-1,1260,1364,47,17,0
1437,0,-1,1261,1365,47,17,0
1438,0,-1,1262,1366,47,17,0
1439,0,-1,-1,1367,47,17,0
1440,0,-1,1262,1368,47,17,0
1441,0,-1,1263,1369,47,17,0
1442,0,-1,1264,1370,47,17,0
1443,0,-1,1265,1371,47,17,0
1444,0,-1,1266,1372,47,17,0
1445,0,-1,1267,1372,47,17,0
1446,0,-1,1268,1373,47,17,0
1447,0,-1,1269,1374,47,17,0
1448,0,-1,1270,1375,47,17,0
1449,0,-1,1271,1376,47,17,0
1450,0,-1,1272,1377,47,17,0
1451,0,-1,1273,1378,47,17,0
1452,0,-1,1274,1379,47,17,0
1453,0,-1,1275,1380,47,17,0
1454,0,-1,1276,1381,47,17,0
1455,0,-1,1277,1382,47,17,0
1456,0,-1,1278,1383,47,17,0
1457,0,-1,1279,1384,47,17,0
1458,0,-1,1280,1385,47,17,0
1459,0,-1,1281,1386,47,17,0
1460,0,-1,1282,1387,47,17,0
1461,0,-1,1283,1388,47,17,0
1462,0,-1,1283,1389,47,17,0
1463,0,-1,1284,1390,47,17,0
1464,0,-1,1285,1391,47,17,0
1465,0,-1,1286,1391,47,17,0
1466,0,-1,1287,1392,47,17,0
1467,0,-1,1288,1393,47,17,0
1468,0,-1,1289,1394,47,17,0
1469,0,-1,1290,1395,47,17,0
1470,0,-1,-1,1396,47,17,0
1471,0,-1,1291,1397,47,17,0
1472,0,-1,1292,1398,47,17,0
1473,0,-1,1293,1398,47,17,0
1474,0,-1,1294,1399,47,17,0
1475,0,-1,1295,1400,47,17,0
1476,0,-1,1296,1401,47,17,0
1477,0,-1,1297,1402,47,17,0
1478,0,-1,1298,1403,47,17,0
1479,0,-1,1299,1404,47,17,0
1480,0,-1,1299,1405,47,17,0
1481,0,-1,1300,1406,47,17,0
1482,0,-1,1301,1407,47,17,0
1483,0,-1,1302,1408,47,17,0
1484,0,-1,1303,1409,47,17,0
1485,0,-1,1304,1410,47,17,0
1486,0,-1,1304,1411,47,17,0
1487,0,-1,1305,1412,47,17,0
1488,0,-1,1306,1413,47,17,0
1489,0,-1,1307,1414,47,17,0
1490,0,-1,1308,1415,47,17,0
1491,0,-1,1309,1416,47,17,0
1492,0,-1,1310,1417,47,17,0
1493,0,-1,1311,1418,47,17,0
1494,0,-1,-1,1419,47,17,0
1495,0,-1,1312,1420,47,17,0
1496,0,-1,1313,1421,47,17,0
1497,0,-1,1314,1422,47,17,0
1498,0,-1,1315,1423,47,17,0
1499,0,-1,1316,1424,47,17,0
1500,0,-1,1317,1425,47,17,0
1501,0,-1,1318,1426,47,17,0
1502,0,-1,1319,1427,47,17,0
1503,0,-1,1320,1428,47,17,0
1504,0,-1,1321,1429,47,17,0
1505,0,-1,1322,1429,47,17,0
1506,0,-1,1323,1430,47,17,0
1507,0,-1,1324,1431,47,17,0
1508,0,-1,1325,1432,47,17,0
1509,0,-1,1326,1433,47,17,0
1510,0,-1,1327,1434,47,17,0
1511,0,-1,1328,1435,47,17,0
1512,0,-1,1329,1436,47,17,0
1513,0,-1,1330,1437,47,17,0
1514,0,-1,1331,1438,47,17,0
1515,0,-1,1332,1439,47,17,0
1516,0,-1,1333,1440,47,17,0
1517,0,-1,1334,1441,47,17,0
1518,0,-1,1335,1441,47,17,0
1519,0,-1,1336,1441,47,17,0
1520,0,-1,1337,1442,47,17,0
1521,0,-1,1338,1443,47,17,0
1522,0,-1,-1,1444,47,17,0
1523,0,-1,1339,1445,47,17,0
1524,0,-1,1340,1446,47,17,0
1525,0,-1,1341,1447,47,17,0
1526,0,-1,1342,1448,47,17,0
1527,0,-1,1343,1449,47,17,0
1528,0,-1,1344,1450,47,17,0
1529,0,-1,1345,1451,47,17,0
1530,0,-1,1346,1452,47,17,0
1531,0,-1,1347,1452,47,17,0
1532,0,-1,1348,1453,47,17,0
1533,0,-1,1349,1454,47,17,0
1534,0,-1,1350,1455,47,17,0
1535,0,-1,1351,1456,47,17,0
1536,0,-1,1352,1457,47,17,0
1537,0,-1,1353,1458,47,17,0
1538,0,-1,1354,1459,47,17,0
1539,0,-1,1355,1460,-1,-1,0
1540,0,-1,1356,1461,47,17,0
1541,0,-1,1356,1462,47,17,0
1542,0,-1,1356,1463,47,17,0
1543,0,-1,1357,1464,47,17,0
1544,0,-1,-1,1465,47,17,0
1545,0,-1,1358,1466,47,17,0
1546,0,-1,1359,1467,47,17,0
1547,0,-1,-1,1468,47,17,0
1548,0,-1,1360,1469,47,17,0
1549,0,-1,1361,1469,47,17,0
1550,0,-1,1362,1470,48,18,0
1551,0,-1,1363,1471,49,19,0
1552,0,-1,1364,1472,49,19,0
1553,0,-1,1365,1473,49,19,0
1554,0,-1,1366,1474,49,19,0
1555,0,-1,1367,1475,49,19,0
1556,0,-1,1368,1475,49,19,0
1557,0,-1,1369,1476,49,19,0
1558,0,-1,1370,1477,49,19,0
1559,0,-1,1371,1478,49,19,0
1560,0,-1,-1,1479,49,19,0
1561,0,-1,1372,1480,49,19,0
1562,0,-1,1373,1481,49,19,0
1563,0,-1,1374,1482,49,19,0
1564,0,-1,1375,1483,49,19,0
1565,0,-1,1375,1484,49,19,0
1566,0,-1,1376,1485,49,19,0
1567,0,-1,1377,1486,49,19,0
1568,0,-1,1378,1486,49,19,0
1569,0,-1,1379,1487,49,19,0
1570,0,-1,1380,1488,49,19,0
1571,0,-1,1381,1489,49,19,0
1572,0,-1,1382,1490,49,19,0
1573,0,-1,1383,1491,49,19,0
1574,0,-1,1384,1492,49,19,0
1575,0,-1,1385,1493,49,19,0
1576,0,-1,1386,1494,49,19,0
1577,0,-1,1387,1495,49,19,0
1578,0,-1,1388,1496,49,19,0
1579,0,-1,1389,1497,49,19,0
1580,0,-1,1390,1498,49,19,0
1581,0,-1,1391,1498,49,19,0
1582,0,-1,1392,1499,49,19,0
1583,0,-1,1393,1500,49,19,0
1584,0,-1,1394,1501,49,19,0
1585,0,-1,1395,1502,49,19,0
1586,0,-1,1396,1503,49,19,0
1587,0,-1,1397,1504,49,19,0
1588,0,-1,1398,1505,49,19,0
1589,0,-1,1399,1506,49,19,0
1590,0,-1,1400,1507,49,19,0
1591,0,-1,1401,1508,49,19,0
1592,0,-1,1402,1508,49,19,0
1593,0,-1,1402,1509,49,19,0
1594,0,-1,1403,1510,49,19,0
1595,0,-1,1404,1511,49,19,0
1596,0,-1,1405,1512,49,19,0
1597,0,-1,1406,1513,49,19,0
1598,0,-1,1407,1514,49,19,0
1599,0,-1,1408,1515,49,19,0
1600,0,-1,1409,1516,49,19,0
1601,0,-1,1409,1517,49,19,0
1602,0,-1,1410,1518,49,19,0
1603,0,-1,1411,1518,49,19,0
1604,0,-1,1412,1519,49,19,0
1605,0,-1,1413,1520,49,19,0
1606,0,-1,1414,1521,49,19,0
1607,0,-1,-1,1522,49,19,0
1608,0,-1,1415,1523,49,19,0
1609,0,-1,1416,1524,49,19,0
1610,0,-1,1417,1525,49,19,0
1611,0,-1,1418,1526,49,19,0
1612,0,-1,1419,1527,49,19,0
1613,0,-1,1419,1528,49,19,0
1614,0,-1,1420,1529,49,19,0
1615,0,-1,1421,1530,49,19,0
1616,0,-1,1422,1531,49,19,0
1617,0,-1,1423,1532,49,19,0
1618,0,-1,1424,1533,49,19,0
1619,0,-1,1425,1534,49,19,0
1620,0,-1,1426,1535,49,19,0
1621,0,-1,1426,1536,49,19,0
1622,0,-1,1427,1537,49,19,0
1623,0,-1,1428,1537,49,19,0
1624,0,-1,1429,1538,49,19,0
1625,0,-1,1430,1539,49,19,0
1626,0,5,1431,1540,49,19,0
1627,0,-1,1432,1541,49,19,0
1628,0,-1,1433,1542,49,19,0
1629,0,-1,1434,1543,49,19,0
1630,0,-1,1435,1544,50,20,0
1631,0,-1,1436,1545,51,21,0
1632,0,-1,1437,1546,51,21,0
1633,0,-1,1438,1547,51,21,0
1634,0,-1,1439,1548,51,21,0
1635,0,-1,1440,1549,51,21,0
1636,0,-1,1441,1550,51,21,0
1637,0,-1,1442,1551,51,21,0
1638,0,-1,1443,1552,51,21,0
1639,0,-1,1444,1553,51,21,0
1640,0,-1,1445,1554,51,21,0
1641,0,-1,1446,1555,51,21,0
1642,0,-1,1447,1556,51,21,0
1643,0,-1,1448,1557,51,21,0
1644,0,-1,1449,1558,51,21,0
1645,0,-1,1450,1559,51,21,0
1646,0,-1,1451,1560,51,21,0
1647,0,-1,1451,1561,51,21,0
1648,0,-1,1452,1562,51,21,0
1649,0,-1,1453,1563,51,21,0
1650,0,-1,1454,1564,51,21,0
1651,0,-1,1455,1565,51,21,0
1652,0,-1,1456,1566,51,21,0
1653,0,-1,1456,1567,51,21,0
1654,0,-1,-1,1568,51,21,0
1655,0,-1,1457,1569,51,21,0
1656,0,-1,1458,1570,51,21,0
1657,0,-1,1459,1571,51,21,0
1658,0,-1,1459,1572,51,21,0
1659,0,-1,1460,1572,51,21,0
1660,0,-1,1461,1572,51,21,0
1661,0,-1,1462,1573,51,21,0
1662,0,-1,1463,1574,51,21,0
1663,0,-1,1464,1575,51,21,0
1664,0,-1,1465,1576,51,21,0
1665,0,-1,1466,1577,51,21,0
1666,0,-1,1467,1578,51,21,0
1667,0,-1,-1,1579,51,21,0
1668,0,-1,1468,1580,51,21,0
1669,0,-1,1469,1581,51,21,0
1670,0,-1,1470,1582,51,21,0
1671,0,-1,1471,1583,51,21,0
1672,0,-1,1472,1584,51,21,0
1673,0,-1,1473,1585,51,21,0
1674,0,-1,1474,1586,51,21,0
1675,0,-1,1475,1587,51,21,0
1676,0,-1,1476,1588,51,21,0
1677,0,-1,1477,1589,51,21,0
1678,0,-1,1477,1590,51,21,0
1679,0,-1,1478,1590,51,21,0
1680,0,-1,1478,1591,51,21,0
1681,0,-1,1479,1592,51,21,0
1682,0,-1,1480,1593,51,21,0
1683,0,-1,1481,1594,51,21,0
1684,0,-1,1482,1595,51,21,0
1685,0,-1,1483,1596,51,21,0
1686,0,-1,1484,1597,51,21,0
1687,0,-1,1485,1598,51,21,0
1688,0,-1,1486,1599,51,21,0
1689,0,-1,1486,1600,51,21,0
1690,0,-1,1487,1601,51,21,0
1691,0,-1,1488,1602,51,21,0
1692,0,-1,1489,1603,51,21,0
1693,0,-1,1490,1604,51,21,0
1694,0,-1,1491,1605,51,21,0
1695,0,-1,1491,1606,51,21,0
1696,0,-1,1492,1607,51,21,0
1697,0,-1,1493,1608,51,21,0
1698,0,-1,1494,1609,51,21,0
1699,0,-1,1495,1610,51,21,0
1700,0,-1,1496,1611,51,21,0
1701,0,-1,1497,1612,51,21,0
1702,0,-1,1498,1613,51,21,0
1703,0,-1,1499,1614,51,21,0
1704,0,-1,1500,1615,-1,-1,0
1705,0,-1,1501,1616,51,21,0
1706,0,-1,1502,1617,51,21,0
1707,0,-1,1503,1618,51,21,0
1708,0,-1,1504,1619,51,21,0
1709,0,-1,1505,1620,51,21,0
1710,0,-1,1506,1621,51,21,0
1711,0,-1,-1,1622,51,21,0
1712,0,-1,1507,1623,51,21,0
1713,0,-1,1508,1624,51,21,0
1714,0,-1,1509,1625,51,21,0
1715,0,-1,1510,1626,51,21,0
1716,0,-1,1511,1627,51,21,0
1717,0,-1,1512,1628,51,21,0
1718,0,-1,1513,1629,51,21,0
1719,0,-1,1514,1630,51,21,0
1720,0,-1,1515,1631,51,21,0
1721,0,-1,1516,1632,51,21,0
1722,0,-1,1517,1633,51,21,0
1723,0,-1,1518,1634,51,21,0
1724,0,-1,1519,1635,51,21,0
1725,0,-1,1520,1636,51,21,0
1726,0,-1,1521,1637,51,21,0
1727,0,-1,1522,1638,51,21,0
1728,0,-1,1523,1639,51,21,0
1729,0,-1,1524,1640,51,21,0
1730,0,-1,1525,1641,51,21,0
1731,0,-1,1526,1642,51,21,0
1732,0,-1,1527,1643,51,21,0
1733,0,-1,1528,1644,51,21,0
1734,0,-1,-1,1645,51,21,0
1735,0,-1,1529,1646,51,21,0
1736,0,-1,1530,1647,51,21,0
1737,0,-1,1531,1648,51,21,0
1738,0,-1,1532,1649,51,21,0
1739,0,-1,1532,1650,51,21,0
1740,0,-1,1532,1651,51,21,0
1741,0,-1,1533,1652,51,21,0
1742,0,-1,1534,1653,51,21,0
1743,0,-1,1535,1654,51,21,0
1744,0,-1,1536,1654,51,21,0
1745,0,-1,1537,1655,51,21,0
1746,0,-1,1538,1656,51,21,0
1747,0,-1,1539,1657,51,21,0
1748,0,-1,1540,1658,51,21,0
1749,0,-1,1541,1659,51,21,0
1750,0,-1,1542,1660,51,21,0
1751,0,-1,1543,1661,51,21,0
1752,0,-1,1544,1662,51,21,0
1753,0,-1,1545,1663,51,21,0
1754,0,-1,1546,1664,51,21,0
1755,0,-1,1547,1665,51,21,0
1756,0,-1,1548,1666,51,21,0
1757,0,-1,1549,1667,51,21,0
1758,0,-1,1550,1668,51,21,0
1759,0,-1,1551,1669,51,21,0
1760,0,-1,1552,1670,51,21,0
1761,0,-1,1553,1671,51,21,0
1762,0,-1,1554,1672,51,21,0
1763,0,-1,1555,1673,51,21,0
1764,0,-1,1556,1673,51,21,0
1765,0,-1,1557,1674,51,21,0
1766,0,-1,1558,1675,51,21,0
1767,0,-1,1559,1676,-1,-1,0
1768,0,-1,1560,1677,51,21,0
1769,0,-1,-1,1678,51,21,0
1770,0,-1,1561,1679,51,21,0
1771,0,-1,1562,1680,51,21,0
1772,0,-1,1563,1681,51,21,0
1773,0,-1,1564,1682,51,21,0
1774,0,-1,1565,1683,51,21,0
1775,0,-1,1566,1684,51,21,0
1776,0,-1,1567,1685,51,21,0
1777,0,-1,-1,1686,51,21,0
1778,0,-1,-1,1687,51,21,0
1779,0,-1,1568,1688,51,21,0
1780,0,-1,1569,1689,51,21,0
1781,0,-1,1570,1690,51,21,0
1782,0,-1,1571,1691,51,21,0
1783,0,-1,1572,1692,51,21,0
1784,0,-1,1573,1693,51,21,0
1785,0,-1,1574,1694,51,21,0
1786,0,-1,1575,1695,51,21,0
1787,0,-1,1576,1696,51,21,0
1788,0,-1,1576,1697,51,21,0
1789,0,-1,1577,1698,51,21,0
1790,0,-1,1578,1699,51,21,0
1791,0,-1,1579,1700,51,21,0
1792,0,-1,1580,1701,51,21,0
1793,0,-1,1581,1701,51,21,0
1794,0,-1,1581,1702,51,21,0
1795,0,-1,1582,1703,51,21,0
1796,0,-1,1583,1704,51,21,0
1797,0,-1,1584,1705,51,21,0
1798,0,-1,1585,1706,51,21,0
1799,0,-1,1586,1707,51,21,0
1800,0,-1,1587,1708,51,21,0
1801,0,-1,1588,1709,51,21,0
1802,0,-1,1589,1710,51,21,0
1803,0,-1,1590,1711,51,21,0
1804,0,-1,1591,1712,51,21,0
1805,0,-1,1592,1713,51,21,0
1806,0,-1,1593,1714,51,21,0
1807,0,-1,1593,1715,51,21,0
1808,0,-1,-1,1716,51,21,0
1809,0,-1,-1,1717,51,21,0
1810,0,-1,1594,1718,51,21,0
1811,0,-1,1595,1719,51,21,0
1812,0,-1,1596,1720,51,21,0
1813,0,-1,1597,1721,51,21,0
1814,0,-1,1598,1722,51,21,0
1815,0,-1,1599,1723,51,21,0
1816,0,-1,1600,1724,51,21,0
1817,0,-1,1601,1725,51,21,0
1818,0,-1,1602,1726,51,21,0
1819,0,-1,1603,1727,51,21,0
1820,0,-1,1604,1728,51,21,0
1821,0,-1,1604,1729,51,21,0
1822,0,-1,1605,1730,51,21,0
1823,0,-1,-1,1731,51,21,0
1824,0,-1,1606,1732,51,21,0
1825,0,-1,1607,1733,51,21,0
1826,0,-1,1608,1733,51,21,0
1827,0,-1,1609,1733,51,21,0
1828,0,-1,1610,1734,51,21,0
1829,0,-1,1611,1735,51,21,0
1830,0,-1,1612,1736,51,21,0
1831,0,-1,1613,1737,51,21,0
1832,0,-1,1614,1738,51,21,0
1833,0,-1,1614,1739,51,21,0
1834,0,-1,-1,1740,51,21,0
1835,0,-1,1615,1741,51,21,0
1836,0,-1,1616,1742,51,21,0
1837,0,-1,1617,1743,51,21,0
1838,0,-1,1617,1744,51,21,0
1839,0,-1,1618,1744,51,21,0
1840,0,-1,1618,1744,51,21,0
1841,0,-1,1618,1745,51,21,0
1842,0,-1,1619,1746,-1,-1,0
1843,0,-1,1620,1747,51,21,0
1844,0,-1,1621,1748,51,21,0
1845,0,-1,1622,1749,51,21,0
1846,0,-1,1623,1750,-1,-1,0
1847,0,-1,-1,1751,51,21,0
1848,0,-1,1624,1752,51,21,0
1849,0,-1,1625,1753,51,21,0
1850,0,-1,1626,1754,51,21,0
1851,0,-1,1627,1755,51,21,0
1852,0,-1,1628,1756,51,21,0
1853,0,-1,1629,1757,51,21,0
1854,0,-1,1630,1758,51,21,0
1855,0,-1,1631,1759,51,21,0
1856,0,-1,1632,1760,51,21,0
1857,0,-1,1633,1761,51,21,0
1858,0,-1,1633,1762,51,21,0
1859,0,-1,1634,1763,51,21,0
1860,0,-1,1635,1764,51,21,0
1861,0,-1,1636,1764,51,21,0
1862,0,-1,1636,1765,51,21,0
1863,0,-1,1637,1766,51,21,0
1864,0,-1,1638,1767,51,21,0
1865,0,-1,1639,1768,51,21,0
1866,0,-1,1640,1769,51,21,0
1867,0,-1,1640,1770,51,21,0
1868,0,-1,-1,1771,51,21,0
1869,0,-1,1641,1772,51,21,0
1870,0,-1,1642,1773,51,21,0
1871,0,-1,1643,1774,51,21,0
1872,0,-1,1644,1775,51,21,0
1873,0,-1,1645,1776,51,21,0
1874,0,-1,1646,1777,51,21,0
1875,0,-1,1647,1778,52,22,0
1876,0,-1,1648,1779,53,23,0
1877,0,-1,1649,1780,53,23,0
1878,0,-1,1649,1781,53,23,0
1879,0,-1,1650,1782,53,23,0
1880,0,-1,1651,1782,53,23,0
1881,0,-1,1652,1783,53,23,0
1882,0,-1,1653,1784,53,23,0
1883,0,-1,1654,1785,53,23,0
1884,0,-1,1655,1786,53,23,0
1885,0,-1,1655,1787,53,23,0
1886,0,-1,1656,1788,53,23,0
1887,0,-1,1657,1789,53,23,0
1888,0,-1,1658,1790,53,23,0
1889,0,-1,1659,1791,53,23,0
1890,0,-1,1660,1792,53,23,0
1891,0,-1,1661,1793,53,23,0
1892,0,-1,1662,1794,53,23,0
1893,0,-1,1662,1795,53,23,0
1894,0,-1,-1,1796,53,23,0
1895,0,-1,1663,1797,53,23,0
1896,0,-1,1664,1798,53,23,0
1897,0,-1,1665,1799,53,23,0
1898,0,-1,1666,1800,53,23,0
1899,0,-1,1667,1801,53,23,0
1900,0,-1,1668,1802,53,23,0
1901,0,-1,1669,1803,53,23,0
1902,0,-1,1670,1804,53,23,0
1903,0,-1,-1,1804,53,23,0
1904,0,-1,1671,1805,53,23,0
1905,0,-1,1672,1806,53,23,0
1906,0,-1,1673,1807,53,23,0
1907,0,-1,1674,1808,53,23,0
1908,0,-1,1675,1809,53,23,0
1909,0,-1,1676,1810,53,23,0
1910,0,-1,1677,1811,53,23,0
1911,0,-1,-1,1812,53,23,0
1912,0,-1,1678,1812,53,23,0
1913,0,-1,1679,1813,53,23,0
1914,0,-1,1680,1814,53,23,0
1915,0,-1,1681,1815,53,23,0
1916,0,-1,1682,1816,53,23,0
1917,0,-1,1683,1817,53,23,0
1918,0,-1,1684,1818,53,23,0
1919,0,-1,1685,1819,53,23,0
1920,0,-1,1686,1820,53,23,0
1921,0,-1,1687,1820,53,23,0
1922,0,-1,1688,1821,53,23,0
1923,0,-1,1688,1822,53,23,0
1924,0,-1,1689,1823,53,23,0
1925,0,-1,1690,1824,53,23,0
1926,0,-1,1691,1825,53,23,0
1927,0,-1,1692,1826,53,23,0
1928,0,-1,1693,1827,53,23,0
1929,0,-1,1693,1828,53,23,0
1930,0,-1,1694,1829,53,23,0
1931,0,-1,1695,1830,53,23,0
1932,0,-1,1696,1831,53,23,0
1933,0,-1,1697,1832,53,23,0
1934,0,-1,1698,1833,53,23,0
1935,0,-1,1699,1834,53,23,0
1936,0,-1,1700,1835,53,23,0
1937,0,-1,1701,1836,53,23,0
1938,0,-1,1702,1837,53,23,0
1939,0,-1,1703,1838,53,23,0
1940,0,-1,1703,1839,53,23,0
1941,0,-1,1704,1840,53,23,0
1942,0,-1,1704,1841,53,23,0
1943,0,-1,1705,1841,53,23,0
1944,0,-1,1705,1842,53,23,0
1945,0,-1,1706,1843,53,23,0
1946,0,-1,1707,1844,53,23,0
1947,0,-1,1708,1845,53,23,0
1948,0,-1,1709,1846,54,24,0
1949,0,-1,1709,1847,-1,-1,0
1950,0,-1,1710,1848,55,25,0
1951,0,-1,1711,1849,55,25,0
1952,0,-1,1712,1850,55,25,0
1953,0,-1,1713,1851,55,25,0
1954,0,-1,1714,1852,55,25,0
1955,0,-1,1715,1853,55,25,0
1956,0,-1,1716,1854,56,26,0
1957,0,-1,-1,1855,57,27,0
1958,0,-1,1717,1856,57,27,0
1959,0,-1,1718,1857,57,27,0
1960,0,-1,1719,1858,57,27,0
1961,0,-1,1720,1859,57,27,0
1962,0,-1,1721,1860,57,27,0
1963,0,-1,-1,1861,57,27,0
1964,0,-1,1722,1862,57,27,0
1965,0,-1,1723,1863,57,27,0
1966,0,-1,1723,1864,57,27,0
1967,0,-1,1724,1865,57,27,0
1968,0,-1,1725,1866,57,27,0
1969,0,-1,1726,1866,57,27,0
1970,0,-1,1727,1867,57,27,0
1971,0,-1,1727,1868,57,27,0
1972,0,-1,1728,1869,57,27,0
1973,0,-1,1729,1870,57,27,0
1974,0,-1,1730,1871,57,27,0
1975,0,-1,1731,1872,57,27,0
1976,0,-1,1732,1873,57,27,0
1977,0,-1,1733,1874,57,27,0
1978,0,-1,1734,1874,57,27,0
1979,0,-1,1735,1875,57,27,0
1980,0,-1,1736,1875,57,27,0
1981,0,-1,1737,1876,57,27,0
1982,0,-1,1737,1877,57,27,0
1983,0,-1,1738,1878,57,27,0
1984,0,-1,1739,1879,57,27,0
1985,0,-1,1740,1880,57,27,0
1986,0,-1,1741,1881,57,27,0
1987,0,-1,1742,1882,57,27,0
1988,0,-1,1743,1882,57,27,0
1989,0,-1,1744,1883,57,27,0
1990,0,-1,1745,1884,57,27,0
1991,0,-1,1746,1884,57,27,0
1992,0,-1,1747,1885,57,27,0
1993,0,-1,1748,1886,57,27,0
1994,0,-1,1749,1887,57,27,0
1995,0,-1,1750,1888,57,27,0
1996,0,-1,1751,1889,-1,-1,0
1997,0,-1,1751,1890,57,27,0
1998,0,-1,1752,1891,57,27,0
1999,0,-1,1753,1892,57,27,0
2000,0,-1,1754,1893,57,27,0
2001,0,-1,1755,1894,58,27,0
2002,0,-1,1756,1895,59,27,0
2003,0,-1,1757,1896,59,27,0
2004,0,-1,1758,1897,59,27,0
2005,0,-1,1759,1898,59,27,0
2006,0,-1,1760,1899,59,27,0
2007,0,-1,1761,1900,59,27,0
2008,0,-1,1762,1901,59,27,0
2009,0,-1,1763,1902,60,27,0
2010,0,-1,1764,1903,61,27,0
2011,0,-1,-1,1904,61,27,0
2012,0,-1,1765,1905,61,27,0
2013,0,-1,1766,1906,61,27,0
2014,0,-1,1767,1907,61,27,0
2015,0,-1,1768,1908,61,27,0
2016,0,-1,1769,1909,61,27,0
2017,0,-1,1770,1910,61,27,0
2018,0,-1,1771,1911,61,27,0
2019,0,-1,1772,1912,61,27,0
2020,0,-1,1773,1913,61,27,0
2021,0,-1,1774,1914,61,27,0
2022,0,-1,1775,1915,61,27,0
2023,0,-1,1776,1916,61,27,0
2024,0,-1,1777,1917,61,27,0
2025,0,-1,1778,1918,61,27,0
2026,0,-1,1779,1919,61,27,0
2027,0,-1,1780,1920,61,27,0
2028,0,-1,1781,1920,61,27,0
2029,0,-1,1782,1921,62,27,0
2030,0,-1,1783,1922,63,27,0
2031,0,-1,1784,1923,63,27,0
2032,0,-1,1785,1924,63,27,0
2033,0,-1,1786,1925,63,27,0
2034,0,-1,1787,1926,63,27,0
2035,0,-1,-1,1927,63,27,0
2036,0,-1,1788,1928,63,27,0
2037,0,-1,1789,1929,63,27,0
2038,0,-1,1789,1930,64,27,0
2039,0,-1,1790,1931,65,27,0
2040,0,-1,1791,1932,65,27,0
2041,0,-1,1792,1933,65,27,0
2042,0,-1,1793,1934,65,27,0
2043,0,-1,1793,1935,65,27,0
2044,0,-1,1794,1936,65,27,0
2045,0,-1,1795,1937,65,27,0
2046,0,-1,1796,1938,65,27,0
2047,0,-1,1797,1939,65,27,0
2048,0,-1,1797,1940,66,27,0
2049,0,-1,1798,1941,67,27,0
2050,0,-1,1799,1942,67,27,0
2051,0,-1,1799,1943,67,27,0
2052,0,-1,1799,1944,67,27,0
2053,0,-1,1800,1945,67,27,0
2054,0,-1,1801,1946,67,27,0
2055,0,-1,1802,1947,67,27,0
2056,0,-1,1803,1948,67,27,0
2057,0,-1,1804,1949,67,27,0
2058,0,-1,1805,1950,67,27,0
2059,0,-1,1806,1951,67,27,0
2060,0,-1,1807,1952,67,27,0
2061,0,-1,1808,1953,67,27,0
2062,0,-1,1809,1954,67,27,0
2063,0,-1,-1,1954,67,27,0
2064,0,-1,1810,1955,67,27,0
2065,0,-1,1811,1956,67,27,0
2066,0,-1,1812,1957,67,27,0
2067,0,-1,1812,1958,67,27,0
2068,0,-1,1813,1959,67,27,0
2069,0,-1,-1,1960,67,27,0
2070,0,-1,1814,1961,67,27,0
2071,0,-1,1815,1962,67,27,0
2072,0,-1,1816,1963,67,27,0
2073,0,-1,1817,1964,67,27,0
2074,0,-1,1818,1965,67,27,0
2075,0,-1,1819,1966,67,27,0
2076,0,-1,1820,1967,67,27,0
2077,0,-1,1821,1968,67,27,0
2078,0,-1,1822,1969,67,27,0
2079,0,-1,-1,1970,67,27,0
2080,0,-1,1822,1971,67,27,0
2081,0,-1,1823,1972,67,27,0
2082,0,-1,1824,1973,67,27,0
2083,0,-1,1825,1974,67,27,0
2084,0,-1,1826,1974,-1,-1,0
2085,0,-1,1827,1975,67,27,0
2086,0,-1,1828,1976,67,27,0
2087,0,-1,1829,1977,67,27,0
2088,0,-1,1830,1978,67,27,0
2089,0,-1,1831,1979,67,27,0
2090,0,-1,1832,1979,67,27,0
2091,0,-1,1833,1980,67,27,0
2092,0,-1,-1,1981,67,27,0
2093,0,-1,1833,1982,67,27,0
2094,0,-1,1834,1983,67,27,0
2095,0,-1,1835,1984,67,27,0
2096,0,-1,1836,1985,67,27,0
2097,0,-1,1836,1986,67,27,0
2098,0,-1,1837,1987,67,27,0
2099,0,-1,1838,1988,68,28,0
2100,0,-1,-1,1989,69,29,0
2101,0,-1,1839,1990,69,29,0
2102,0,-1,1840,1991,69,29,0
2103,0,-1,1841,1992,69,29,0
2104,0,-1,1842,1993,69,29,0
2105,0,-1,1843,1994,69,29,0
2106,0,-1,1844,1995,69,29,0
2107,0,-1,1845,1996,69,29,0
2108,0,-1,1846,1997,69,29,0
2109,0,-1,1847,1997,69,29,0
2110,0,-1,1848,1998,69,29,0
2111,0,-1,1849,1999,69,29,0
2112,0,-1,1850,2000,69,29,0
2113,0,-1,1851,2001,69,29,0
2114,0,-1,1852,2002,69,29,0
2115,0,-1,1853,2003,69,29,0
2116,0,-1,-1,2003,69,29,0
2117,0,-1,1854,2004,69,29,0
2118,0,-1,1855,2005,69,29,0
2119,0,-1,1856,2006,69,29,0
2120,0,-1,1857,2007,69,29,0
2121,0,-1,1858,2007,69,29,0
2122,0,-1,1859,2008,69,29,0
2123,0,-1,1860,2009,69,29,0
2124,0,-1,1861,2010,69,29,0
2125,0,-1,1862,2010,69,29,0
2126,0,-1,1862,2011,69,29,0
2127,0,-1,1863,2012,69,29,0
2128,0,-1,1864,2013,69,29,0
2129,0,-1,1865,2014,69,29,0
2130,0,-1,1866,2015,69,29,0
2131,0,-1,1867,2016,69,29,0
2132,0,-1,1868,2017,69,29,0
2133,0,6,1869,2018,69,29,0
2134,0,-1,1869,2019,69,29,0
2135,0,-1,1869,2020,69,29,0
2136,0,-1,1870,2021,69,29,0
2137,0,-1,1871,2022,69,29,0
2138,0,-1,1872,2023,69,29,0
2139,0,-1,1873,2024,69,29,0
2140,0,-1,1874,2025,69,29,0
2141,0,-1,1874,2026,69,29,0
2142,0,-1,1874,2027,69,29,0
2143,0,-1,1875,2028,69,29,0
2144,0,-1,1876,2028,69,29,0
2145,0,-1,1876,2029,69,29,0
2146,0,-1,1877,2030,69,29,0
2147,0,-1,-1,2031,69,29,0
2148,0,-1,1878,2032,69,29,0
2149,0,-1,1879,2033,69,29,0
2150,0,-1,1880,2034,69,29,0
2151,0,-1,1881,2035,69,29,0
2152,0,-1,1882,2036,69,29,0
2153,0,-1,1883,2037,69,29,0
2154,0,-1,1884,2038,69,29,0
2155,0,-1,1885,2039,69,29,0
2156,0,-1,1886,2039,69,29,0
2157,0,-1,1887,2040,69,29,0
2158,0,-1,1888,2041,69,29,0
2159,0,-1,1889,2042,69,29,0
2160,0,-1,1890,2043,69,29,0
2161,0,-1,-1,2044,69,29,0
2162,0,-1,1891,2045,69,29,0
2163,0,-1,1892,2046,69,29,0
2164,0,-1,1893,2047,69,29,0
2165,0,-1,1894,2048,69,29,0
2166,0,-1,1895,2049,69,29,0
2167,0,-1,1896,2050,69,29,0
2168,0,-1,1897,2051,69,29,0
2169,0,-1,1898,2052,69,29,0
2170,0,-1,1899,2053,69,29,0
2171,0,-1,1900,2054,69,29,0
2172,0,-1,1901,2055,69,29,0
2173,0,-1,1901,2056,69,29,0
2174,0,-1,1902,2057,69,29,0
2175,0,-1,1903,2058,69,29,0
2176,0,-1,1904,2059,-1,-1,0
2177,0,-1,1905,2060,69,29,0
2178,0,-1,1906,2061,69,29,0
2179,0,-1,1907,2062,69,29,0
2180,0,-1,1908,2063,69,29,0
2181,0,-1,1909,2064,69,29,0
2182,0,-1,1910,2065,69,29,0
2183,0,-1,1911,2066,69,29,0
2184,0,-1,1912,2067,69,29,0
2185,0,-1,1913,2068,69,29,0
2186,0,-1,-1,2069,69,29,0
2187,0,-1,1914,2070,69,29,0
2188,0,-1,1915,2071,69,29,0
2189,0,-1,1916,2072,69,29,0
2190,0,-1,-1,2073,69,29,0
2191,0,-1,1917,2074,69,29,0
2192,0,-1,1918,2075,69,29,0
2193,0,-1,1919,2075,69,29,0
2194,0,-1,-1,2075,69,29,0
2195,0,-1,1920,2076,69,29,0
2196,0,-1,-1,2077,-1,-1,0
2197,0,-1,1921,2078,69,29,0
2198,0,-1,1922,2079,69,29,0
2199,0,-1,1923,2080,69,29,0
2200,0,-1,1924,2081,69,29,0
2201,0,-1,1925,2082,69,29,0
2202,0,-1,1926,2083,69,29,0
2203,0,-1,1926,2084,69,29,0
2204,0,-1,1927,2085,69,29,0
2205,0,-1,1927,2086,69,29,0
2206,0,-1,1928,2087,69,29,0
2207,0,-1,-1,2088,69,29,0
2208,0,-1,1929,2089,70,29,0
2209,0,-1,1930,2090,71,29,0
2210,0,-1,1931,2091,71,29,0
2211,0,-1,1932,2092,71,29,0
2212,0,-1,1933,2093,71,29,0
2213,0,-1,1934,2094,71,29,0
2214,0,-1,1935,2095,71,29,0
2215,0,-1,1936,2096,71,29,0
2216,0,-1,1937,2097,71,29,0
2217,0,-1,1938,2098,71,29,0
2218,0,-1,1939,2099,71,29,0
2219,0,-1,1939,2100,71,29,0
2220,0,-1,1940,2101,71,29,0
2221,0,-1,1941,2102,71,29,0
2222,0,-1,1942,2103,71,29,0
2223,0,-1,1943,2104,71,29,0
2224,0,-1,1944,2105,71,29,0
2225,0,-1,1945,2106,71,29,0
2226,0,-1,1945,2107,71,29,0
2227,0,-1,1946,2108,71,29,0
2228,0,-1,1946,2109,71,29,0
2229,0,-1,1947,2110,71,29,0
2230,0,-1,1948,2111,71,29,0
2231,0,-1,1949,2112,71,29,0
2232,0,-1,1950,2113,71,29,0
2233,0,-1,1951,2114,71,29,0
2234,0,-1,1952,2115,71,29,0
2235,0,-1,1953,2116,71,29,0
2236,0,-1,1954,2116,71,29,0
2237,0,-1,1955,2117,71,29,0
2238,0,-1,1955,2118,71,29,0
2239,0,-1,1956,2119,71,29,0
2240,0,-1,1957,2120,71,29,0
2241,0,-1,1958,2121,71,29,0
2242,0,-1,1959,2122,71,29,0
2243,0,-1,1959,2123,71,29,0
2244,0,-1,1960,2124,71,29,0
2245,0,-1,1961,2125,71,29,0
2246,0,-1,1962,2126,71,29,0
2247,0,-1,-1,2127,71,29,0
2248,0,-1,1963,2127,71,29,0
2249,0,-1,1964,2128,71,29,0
2250,0,-1,1965,2129,71,29,0
2251,0,-1,1966,2129,71,29,0
2252,0,-1,1967,2130,71,29,0
2253,0,-1,1968,2131,71,29,0
2254,0,-1,1969,2132,71,29,0
2255,0,-1,1970,2133,71,29,0
2256,0,-1,1971,2134,71,29,0
2257,0,-1,1972,2135,71,29,0
2258,0,-1,1973,2136,71,29,0
2259,0,-1,1974,2137,71,29,0
2260,0,-1,1975,2138,71,29,0
2261,0,-1,1976,2139,71,29,0
2262,0,-1,1977,2140,71,29,0
2263,0,-1,1978,2141,71,29,0
2264,0,-1,1979,2142,71,29,0
2265,0,-1,1980,2143,71,29,0
2266,0,-1,1981,2144,71,29,0
2267,0,-1,1982,2145,71,29,0
2268,0,-1,1983,2146,71,29,0
2269,0,-1,-1,2147,71,29,0
2270,0,-1,1984,2148,71,29,0
2271,0,-1,1985,2149,71,29,0
2272,0,-1,-1,2150,71,29,0
2273,0,-1,1986,2151,71,29,0
2274,0,-1,-1,2152,71,29,0
2275,0,-1,1987,2153,71,29,0
2276,0,-1,1988,2154,71,29,0
2277,0,-1,1989,2155,71,29,0
2278,0,-1,1990,2156,71,29,0
2279,0,-1,1990,2157,71,29,0
2280,0,-1,1991,2158,71,29,0
2281,0,-1,1992,2159,71,29,0
2282,0,-1,1993,2160,71,29,0
2283,0,-1,1993,2161,71,29,0
2284,0,-1,1993,2162,71,29,0
2285,0,-1,1994,2163,71,29,0
2286,0,-1,1995,2164,71,29,0
2287,0,-1,1996,2165,71,29,0
2288,0,-1,1997,2166,71,29,0
2289,0,-1,1998,2167,71,29,0
2290,0,-1,1998,2168,71,29,0
2291,0,-1,1999,2169,71,29,0
2292,0,-1,2000,2170,71,29,0
2293,0,-1,2001,2171,71,29,0
2294,0,-1,2002,2172,71,29,0
2295,0,-1,2002,2173,71,29,0
2296,0,-1,2003,2174,71,29,0
2297,0,7,-1,2175,71,29,0
2298,0,-1,2004,2176,71,29,0
2299,0,-1,2005,2177,71,29,0
2300,0,-1,2006,2178,71,29,0
2301,0,-1,2007,2179,71,29,0
2302,0,-1,2008,2180,71,29,0
2303,0,-1,2009,2181,71,29,0
2304,0,-1,2010,2182,71,29,0
2305,0,-1,2011,2183,71,29,0
2306,0,-1,2012,2183,71,29,0
2307,0,-1,2013,2184,71,29,0
2308,0,-1,2013,2185,71,29,0
2309,0,-1,2014,2186,71,29,0
2310,0,-1,2015,2187,72,29,0
2311,0,-1,-1,2188,73,29,0
2312,0,-1,2016,2189,73,29,0
2313,0,-1,2017,2190,73,29,0
2314,0,-1,2018,2191,73,29,0
2315,0,-1,2019,2192,73,29,0
2316,0,-1,-1,2193,73,29,0
2317,0,-1,2020,2194,73,29,0
2318,0,8,2021,2195,73,29,0
2319,0,-1,2022,2196,73,29,0
2320,0,-1,2023,2197,73,29,0
2321,0,-1,2024,2198,73,29,0
2322,0,-1,2025,2198,73,29,0
2323,0,-1,-1,2199,73,29,0
2324,0,-1,-1,2200,73,29,0
2325,0,-1,2026,2201,73,29,0
2326,0,-1,2027,2202,73,29,0
2327,0,-1,2028,2203,73,29,0
2328,0,-1,2029,2204,73,29,0
2329,0,-1,2030,2205,73,29,0
2330,0,-1,2031,2206,73,29,0
2331,0,-1,2031,2206,73,29,0
2332,0,-1,2032,2207,73,29,0
2333,0,-1,2033,2208,73,29,0
2334,0,-1,2034,2209,73,29,0
2335,0,-1,2035,2210,73,29,0
2336,0,-1,2036,2211,73,29,0
2337,0,-1,2037,2212,73,29,0
2338,0,-1,2038,2213,73,29,0
2339,0,-1,2039,2214,73,29,0
2340,0,-1,2040,2215,73,29,0
2341,0,-1,2041,2216,73,29,0
2342,0,-1,-1,2217,73,29,0
2343,0,-1,2042,2218,73,29,0
2344,0,-1,2043,2219,73,29,0
2345,0,-1,-1,2220,73,29,0
2346,0,-1,2044,2221,73,29,0
2347,0,-1,2045,2222,73,29,0
2348,0,-1,2046,2223,73,29,0
2349,0,-1,2047,2224,73,29,0
2350,0,-1,2048,2225,73,29,0
2351,0,-1,2049,2226,73,29,0
2352,0,-1,2050,2227,73,29,0
2353,0,-1,2051,2228,73,29,0
2354,0,-1,2052,2229,73,29,0
2355,0,-1,2053,2230,73,29,0
2356,0,-1,2054,2231,73,29,0
2357,0,-1,2055,2232,73,29,0
2358,0,-1,2056,2233,73,29,0
2359,0,-1,2057,2234,73,29,0
2360,0,-1,2058,2235,73,29,0
2361,0,-1,-1,2236,73,29,0
2362,0,-1,2059,2237,73,29,0
2363,0,-1,2060,2238,73,29,0
2364,0,-1,2061,2239,73,29,0
2365,0,-1,2062,2240,73,29,0
2366,0,-1,2063,2241,73,29,0
2367,0,-1,2064,2242,73,29,0
2368,0,-1,-1,2243,73,29,0
2369,0,-1,2065,2244,73,29,0
2370,0,-1,2066,2245,74,30,0
2371,0,-1,2066,2246,75,31,0
2372,0,-1,2066,2247,75,31,0
2373,0,-1,2067,2248,75,31,0
2374,0,-1,2067,2249,75,31,0
2375,0,-1,2067,2250,75,31,0
2376,0,-1,2068,2251,75,31,0
2377,0,-1,2069,2251,75,31,0
2378,0,-1,-1,2252,75,31,0
2379,0,-1,2070,2253,75,31,0
2380,0,-1,-1,2254,75,31,0
2381,0,-1,2071,2255,75,31,0
2382,0,-1,2072,2256,75,31,0
2383,0,-1,2073,2257,75,31,0
2384,0,-1,2074,2258,75,31,0
2385,0,-1,2075,2259,75,31,0
2386,0,-1,2076,2260,75,31,0
2387,0,-1,2077,2261,75,31,0
2388,0,-1,2078,2262,75,31,0
2389,0,-1,2079,2263,75,31,0
2390,0,-1,2080,2264,75,31,0
2391,0,-1,2081,2265,75,31,0
2392,0,-1,2082,2266,75,31,0
2393,0,-1,2083,2267,75,31,0
2394,0,-1,2084,2267,75,31,0
2395,0,-1,2085,2268,75,31,0
2396,0,-1,2086,2269,75,31,0
2397,0,-1,2087,2270,76,31,0
2398,0,-1,2088,2271,77,31,0
2399,0,-1,2089,2272,77,31,0
2400,0,-1,2090,2273,77,31,0
2401,0,-1,2091,2274,77,31,0
2402,0,-1,2091,2275,77,31,0
2403,0,-1,2092,2276,77,31,0
2404,0,-1,2093,2277,77,31,0
2405,0,-1,2094,2278,77,31,0
2406,0,-1,2095,2279,77,31,0
2407,0,-1,2096,2280,77,31,0
2408,0,-1,2096,2281,77,31,0
2409,0,-1,2097,2282,77,31,0
2410,0,-1,2098,2283,77,31,0
2411,0,-1,2099,2284,77,31,0
2412,0,-1,2100,2285,77,31,0
2413,0,-1,2100,2286,77,31,0
2414,0,-1,2101,2287,77,31,0
2415,0,-1,2102,2288,77,31,0
2416,0,-1,2103,2289,77,31,0
2417,0,-1,-1,2290,77,31,0
2418,0,-1,2104,2290,77,31,0
2419,0,-1,2105,2291,77,31,0
2420,0,-1,2105,2291,77,31,0
2421,0,-1,2106,2292,77,31,0
2422,0,-1,2107,2293,77,31,0
2423,0,-1,2108,2294,77,31,0
2424,0,-1,2109,2295,77,31,0
2425,0,-1,2110,2296,77,31,0
2426,0,-1,2110,2297,77,31,0
2427,0,-1,2111,2298,77,31,0
2428,0,-1,2112,2298,77,31,0
2429,0,-1,2113,2299,77,31,0
2430,0,-1,2114,2300,77,31,0
2431,0,-1,2114,2301,77,31,0
2432,0,-1,2115,2302,77,31,0
2433,0,-1,2116,2303,77,31,0
2434,0,-1,2117,2303,77,31,0
2435,0,-1,2118,2304,77,31,0
2436,0,-1,2119,2305,77,31,0
2437,0,-1,2120,2306,77,31,0
2438,0,-1,2121,2307,77,31,0
2439,0,-1,2122,2308,77,31,0
2440,0,-1,2123,2309,77,31,0
2441,0,-1,2124,2310,77,31,0
2442,0,-1,2125,2311,77,31,0
2443,0,-1,2126,2312,77,31,0
2444,0,-1,2126,2313,77,31,0
2445,0,-1,2127,2314,77,31,0
2446,0,-1,2128,2315,77,31,0
2447,0,-1,2129,2316,77,31,0
2448,0,-1,2130,2317,77,31,0
2449,0,-1,2131,2318,77,31,0
2450,0,-1,2132,2319,77,31,0
2451,0,-1,2133,2320,77,31,0
2452,0,-1,2134,2321,77,31,0
2453,0,-1,2135,2322,77,31,0
2454,0,-1,-1,2323,77,31,0
2455,0,-1,2136,2324,77,31,0
2456,0,-1,2136,2325,77,31,0
2457,0,-1,2137,2326,77,31,0
2458,0,-1,2138,2327,77,31,0
2459,0,-1,2139,2328,77,31,0
2460,0,-1,2140,2329,77,31,0
2461,0,-1,2141,2330,77,31,0
2462,0,-1,2142,2331,77,31,0
2463,0,-1,2143,2332,77,31,0
2464,0,-1,2144,2333,77,31,0
2465,0,-1,2145,2333,77,31,0
2466,0,-1,2146,2333,77,31,0
2467,0,-1,2147,2334,77,31,0
2468,0,-1,2148,2335,77,31,0
2469,0,-1,2149,2336,77,31,0
2470,0,-1,2150,2337,77,31,0
2471,0,-1,2151,2338,77,31,0
2472,0,-1,2152,2339,77,31,0
2473,0,-1,2153,2340,77,31,0
2474,0,-1,2154,2341,77,31,0
2475,0,-1,2155,2342,77,31,0
2476,0,-1,2156,2343,77,31,0
2477,0,-1,2157,2344,77,31,0
2478,0,-1,2158,2345,77,31,0
2479,0,-1,2159,2346,77,31,0
2480,0,-1,2160,2347,77,31,0
2481,0,-1,2161,2347,77,31,0
2482,0,-1,2161,2348,77,31,0
2483,0,-1,2162,2349,77,31,0
2484,0,-1,2163,2350,77,31,0
2485,0,-1,2163,2351,77,31,0
2486,0,-1,2164,2352,77,31,0
2487,0,-1,2165,2353,77,31,0
2488,0,-1,-1,2354,78,32,0
2489,0,-1,2166,2355,79,33,0
2490,0,-1,2167,2356,79,33,0
2491,0,-1,2168,2357,79,33,0
2492,0,-1,2169,2358,79,33,0
2493,0,-1,2170,2359,79,33,0
2494,0,-1,2171,2360,79,33,0
2495,0,-1,2172,2361,79,33,0
2496,0,-1,2173,2362,79,33,0
2497,0,-1,2174,2363,79,33,0
2498,0,-1,2175,2364,79,33,0
2499,0,-1,2175,2365,79,33,0
2500,0,-1,2175,2366,79,33,0
2501,0,-1,2176,2367,79,33,0
2502,0,-1,2177,2368,79,33,0
2503,0,-1,-1,2369,79,33,0
2504,0,-1,2178,2370,79,33,0
2505,0,-1,2178,2371,80,33,0
2506,0,-1,2179,2372,81,33,0
2507,0,-1,2180,2373,81,33,0
2508,0,-1,2181,2374,81,33,0
2509,0,-1,2182,2375,81,33,0
2510,0,-1,2183,2376,81,33,0
2511,0,-1,2184,2377,81,33,0
2512,0,-1,2185,2378,81,33,0
2513,0,-1,2186,2379,81,33,0
2514,0,-1,2187,2380,81,33,0
2515,0,-1,2188,2381,81,33,0
2516,0,-1,2189,2382,81,33,0
2517,0,-1,2190,2383,81,33,0
2518,0,-1,2191,2384,81,33,0
2519,0,-1,2192,2384,81,33,0
2520,0,-1,2193,2385,81,33,0
2521,0,-1,2194,2386,81,33,0
2522,0,-1,2195,2387,81,33,0
2523,0,-1,2196,2388,81,33,0
2524,0,-1,2196,2389,81,33,0
2525,0,-1,2197,2390,81,33,0
2526,0,-1,-1,2391,81,33,0
2527,0,-1,2198,2392,81,33,0
2528,0,-1,2199,2393,81,33,0
2529,0,-1,-1,2394,81,33,0
2530,0,-1,2200,2395,81,33,0
2531,0,-1,2201,2396,81,33,0
2532,0,-1,2202,2397,81,33,0
2533,0,-1,2203,2398,81,33,0
2534,0,-1,2204,2399,81,33,0
2535,0,-1,2205,2400,82,34,0
2536,0,-1,2206,2401,83,35,0
2537,0,-1,2207,2402,83,35,0
2538,0,-1,2208,2403,83,35,0
2539,0,-1,2209,2404,83,35,0
2540,0,-1,2210,2405,83,35,0
2541,0,-1,2210,2406,83,35,0
2542,0,-1,2211,2407,83,35,0
2543,0,-1,2212,2408,83,35,0
2544,0,-1,2213,2409,83,35,0
2545,0,-1,2214,2410,83,35,0
2546,0,-1,2215,2411,83,35,0
2547,0,-1,2216,2412,83,35,0
2548,0,-1,2216,2413,83,35,0
2549,0,-1,2217,2414,83,35,0
2550,0,-1,2218,2415,83,35,0
2551,0,-1,2219,2416,83,35,0
2552,0,-1,2219,2417,83,35,0
2553,0,-1,2220,2418,83,35,0
2554,0,-1,2221,2419,83,35,0
2555,0,-1,2222,2420,83,35,0
2556,0,-1,2223,2421,83,35,0
2557,0,-1,2224,2422,83,35,0
2558,0,-1,2225,2423,83,35,0
2559,0,-1,2226,2424,-1,-1,0
2560,0,-1,2227,2425,83,35,0
2561,0,-1,2228,2426,83,35,0
2562,0,-1,2228,2427,83,35,0
2563,0,-1,2228,2428,-1,-1,0
2564,0,-1,2229,2429,83,35,0
2565,0,-1,2230,2430,83,35,0
2566,0,-1,2231,2431,83,35,0
2567,0,-1,2232,2432,83,35,0
2568,0,-1,2233,2433,83,35,0
2569,0,-1,2234,2434,83,35,0
2570,0,-1,2235,2435,83,35,0
2571,0,-1,2236,2436,83,35,0
2572,0,-1,2237,2437,83,35,0
2573,0,-1,2238,2438,83,35,0
2574,0,-1,2239,2439,83,35,0
2575,0,-1,2240,2440,83,35,0
2576,0,-1,2241,2441,83,35,0
2577,0,-1,2242,2442,83,35,0
2578,0,-1,2243,2443,83,35,0
2579,0,-1,2244,2444,83,35,0
2580,0,-1,2245,2445,83,35,0
2581,0,-1,2246,2446,83,35,0
2582,0,-1,2247,2447,83,35,0
2583,0,-1,2248,2448,83,35,0
2584,0,-1,2249,2449,83,35,0
2585,0,-1,2249,2450,83,35,0
2586,0,-1,2250,2451,83,35,0
2587,0,-1,2250,2452,83,35,0
2588,0,-1,2251,2453,84,36,0
2589,0,-1,2252,2454,85,37,0
2590,0,-1,2253,2455,85,37,0
2591,0,-1,2254,2456,85,37,0
2592,0,-1,2255,2457,85,37,0
2593,0,-1,2256,2458,85,37,0
2594,0,-1,2257,2459,85,37,0
2595,0,-1,2258,2460,85,37,0
2596,0,-1,2259,2461,85,37,0
2597,0,-1,2260,2462,85,37,0
2598,0,-1,2260,2463,85,37,0
2599,0,-1,2261,2464,85,37,0
2600,0,-1,2262,2465,85,37,0
2601,0,-1,2263,2466,85,37,0
2602,0,-1,2264,2467,85,37,0
2603,0,-1,2265,2468,85,37,0
2604,0,-1,2265,2469,85,37,0
2605,0,-1,2266,2470,85,37,0
2606,0,-1,2267,2471,85,37,0
2607,0,-1,2268,2472,85,37,0
2608,0,-1,2269,2473,85,37,0
2609,0,-1,2270,2474,85,37,0
2610,0,-1,2271,2475,85,37,0
2611,0,-1,2272,2476,85,37,0
2612,0,-1,-1,2477,85,37,0
2613,0,-1,2273,2478,85,37,0
2614,0,-1,2274,2479,85,37,0
2615,0,-1,2275,2480,85,37,0
2616,0,-1,2276,2481,85,37,0
2617,0,-1,2277,2482,85,37,0
2618,0,-1,-1,2483,85,37,0
2619,0,-1,2278,2484,85,37,0
2620,0,-1,2279,2485,85,37,0
2621,0,-1,2279,2486,85,37,0
2622,0,-1,2280,2487,85,37,0
2623,0,-1,2281,2488,85,37,0
2624,0,-1,2282,2489,85,37,0
2625,0,-1,2283,2490,85,37,0
2626,0,-1,2284,2491,85,37,0
2627,0,-1,2285,2492,85,37,0
2628,0,-1,2286,2493,85,37,0
2629,0,-1,2287,2494,85,37,0
2630,0,-1,2288,2495,85,37,0
2631,0,-1,2289,2496,85,37,0
2632,0,-1,2290,2497,85,37,0
2633,0,-1,2291,2498,85,37,0
2634,0,-1,2292,2499,85,37,0
2635,0,-1,2293,2500,85,37,0
2636,0,-1,2294,2501,85,37,0
2637,0,-1,2295,2502,85,37,0
2638,0,-1,2296,2503,85,37,0
2639,0,-1,2297,2504,85,37,0
2640,0,-1,2298,2505,85,37,0
2641,0,-1,2299,2506,85,37,0
2642,0,-1,2300,2507,85,37,0
2643,0,-1,2301,2508,85,37,0
2644,0,-1,2302,2509,85,37,0
2645,0,-1,2303,2510,85,37,0
2646,0,-1,2304,2511,85,37,0
2647,0,-1,-1,2512,85,37,0
2648,0,-1,2305,2513,85,37,0
2649,0,-1,2305,2514,85,37,0
2650,0,-1,2306,2515,85,37,0
2651,0,-1,2307,2516,85,37,0
2652,0,-1,2307,2517,85,37,0
2653,0,-1,2308,2518,85,37,0
2654,0,-1,2309,2519,85,37,0
2655,0,-1,2309,2520,85,37,0
2656,0,-1,2310,2521,85,37,0
2657,0,-1,2311,2522,85,37,0
2658,0,-1,2312,2523,85,37,0
2659,0,-1,2313,2524,85,37,0
2660,0,-1,2314,2525,85,37,0
2661,0,-1,2315,2526,85,37,0
2662,0,-1,2316,2527,85,37,0
2663,0,-1,2317,2528,85,37,0
2664,0,-1,2318,2529,85,37,0
2665,0,-1,-1,2530,85,37,0
2666,0,-1,2319,2531,85,37,0
2667,0,-1,2319,2532,85,37,0
2668,0,-1,2320,2533,85,37,0
2669,0,-1,2321,2534,85,37,0
2670,0,-1,2321,2535,85,37,0
2671,0,-1,2322,2536,85,37,0
2672,0,-1,2323,2537,85,37,0
2673,0,-1,2324,2538,85,37,0
2674,0,-1,2325,2539,85,37,0
2675,0,-1,2326,2540,85,37,0
2676,0,-1,2327,2541,85,37,0
2677,0,-1,2328,2542,85,37,0
2678,0,-1,2329,2543,85,37,0
2679,0,-1,2330,2544,85,37,0
2680,0,-1,2331,2545,85,37,0
2681,0,-1,-1,2546,85,37,0
2682,0,-1,2332,2547,85,37,0
2683,0,-1,2333,2548,85,37,0
2684,0,-1,2334,2549,85,37,0
2685,0,-1,-1,2550,85,37,0
2686,0,-1,2335,2551,85,37,0
2687,0,-1,2335,2552,85,37,0
2688,0,-1,2336,2553,85,37,0
2689,0,-1,-1,2554,85,37,0
2690,0,-1,2337,2555,85,37,0
2691,0,-1,2338,2556,85,37,0
2692,0,-1,2339,2557,85,37,0
2693,0,-1,2340,2558,85,37,0
2694,0,-1,2341,2559,85,37,0
2695,0,-1,2342,2560,85,37,0
2696,0,-1,2343,2561,85,37,0
2697,0,-1,2344,2562,85,37,0
2698,0,-1,2345,2563,85,37,0
2699,0,-1,2346,2564,85,37,0
2700,0,-1,2347,2565,85,37,0
2701,0,-1,2348,2566,85,37,0
2702,0,-1,2349,2567,85,37,0
2703,0,-1,2350,2568,85,37,0
2704,0,-1,2350,2569,85,37,0
2705,0,-1,2350,2570,85,37,0
2706,0,-1,2351,2571,85,37,0
2707,0,-1,2352,2572,85,37,0
2708,0,-1,2353,2573,85,37,0
2709,0,-1,2354,2574,85,37,0
2710,0,-1,2355,2575,85,37,0
2711,0,-1,2356,2576,85,37,0
2712,0,-1,2357,2577,85,37,0
2713,0,-1,2358,2578,85,37,0
2714,0,-1,2359,2579,85,37,0
2715,0,-1,2360,2580,85,37,0
2716,0,-1,2361,2581,85,37,0
2717,0,-1,2362,2582,85,37,0
2718,0,-1,2363,2583,85,37,0
2719,0,-1,2364,2584,85,37,0
2720,0,-1,2365,2585,85,37,0
2721,0,-1,2366,2586,85,37,0
2722,0,-1,2367,2587,85,37,0
2723,0,-1,2368,2588,85,37,0
2724,0,-1,2369,2589,85,37,0
2725,0,-1,2370,2590,85,37,0
2726,0,-1,2371,2591,85,37,0
2727,0,-1,-1,2592,85,37,0
2728,0,-1,2372,2593,85,37,0
2729,0,-1,2373,2594,85,37,0
2730,0,-1,2374,2595,85,37,0
2731,0,-1,2375,2595,85,37,0
2732,0,-1,2376,2596,85,37,0
2733,0,-1,2377,2597,85,37,0
2734,0,-1,2378,2598,85,37,0
2735,0,-1,2379,2599,85,37,0
2736,0,-1,2379,2600,85,37,0
2737,0,-1,2379,2601,-1,-1,0
2738,0,-1,2380,2602,85,37,0
2739,0,-1,2381,2603,85,37,0
2740,0,-1,2382,2604,85,37,0
2741,0,-1,2383,2605,85,37,0
2742,0,-1,2384,2606,85,37,0
2743,0,-1,2385,2607,85,37,0
2744,0,-1,2386,2607,85,37,0
2745,0,-1,2387,2608,85,37,0
2746,0,-1,2388,2609,85,37,0
2747,0,-1,2389,2610,85,37,0
2748,0,-1,2390,2611,85,37,0
2749,0,-1,2391,2612,-1,-1,0
2750,0,-1,2392,2613,85,37,0
2751,0,-1,2393,2614,85,37,0
2752,0,-1,2394,2615,85,37,0
2753,0,-1,2395,2616,85,37,0
2754,0,-1,2396,2617,85,37,0
2755,0,-1,2397,2618,85,37,0
2756,0,-1,2398,2619,85,37,0
2757,0,-1,2398,2620,85,37,0
2758,0,-1,2399,2621,85,37,0
2759,0,-1,2400,2622,85,37,0
2760,0,-1,2401,2623,85,37,0
2761,0,-1,2402,2624,85,37,0
2762,0,-1,2403,2625,85,37,0
2763,0,-1,2404,2626,85,37,0
2764,0,-1,2405,2627,85,37,0
2765,0,-1,2406,2628,85,37,0
2766,0,-1,2406,2629,85,37,0
2767,0,-1,2407,2630,85,37,0
2768,0,-1,2408,2631,85,37,0
2769,0,-1,2409,2632,85,37,0
2770,0,-1,2410,2633,85,37,0
2771,0,-1,2410,2634,86,38,0
2772,0,-1,2411,2635,87,39,0
2773,0,-1,2412,2636,87,39,0
2774,0,-1,2413,2637,87,39,0
2775,0,-1,2414,2638,87,39,0
2776,0,-1,2415,2639,87,39,0
2777,0,-1,2416,2640,87,39,0
2778,0,-1,2417,2641,87,39,0
2779,0,-1,2418,2642,87,39,0
2780,0,-1,2419,2643,87,39,0
2781,0,-1,2420,2644,87,39,0
2782,0,-1,2421,2645,87,39,0
2783,0,-1,2422,2646,87,39,0
2784,0,-1,2423,2647,87,39,0
2785,0,-1,2423,2648,87,39,0
2786,0,-1,2424,2649,87,39,0
2787,0,-1,2425,2650,87,39,0
2788,0,-1,2426,2651,87,39,0
2789,0,-1,2427,2652,87,39,0
2790,0,-1,2428,2653,87,39,0
2791,0,-1,2429,2654,87,39,0
2792,0,-1,2430,2655,87,39,0
2793,0,-1,2431,2656,-1,-1,0
2794,0,-1,2432,2657,87,39,0
2795,0,-1,2433,2658,87,39,0
2796,0,9,2434,2659,87,39,0
2797,0,-1,2435,2660,87,39,0
2798,0,-1,2436,2661,87,39,0
2799,0,-1,2437,2661,87,39,0
2800,0,-1,2438,2662,87,39,0
2801,0,-1,2439,2663,87,39,0
2802,0,-1,2440,2664,87,39,0
2803,0,-1,2441,2665,87,39,0
2804,0,-1,2442,2666,87,39,0
2805,0,-1,2443,2667,87,39,0
2806,0,-1,2444,2668,87,39,0
2807,0,-1,2445,2669,87,39,0
2808,0,-1,-1,2670,87,39,0
2809,0,-1,2445,2671,87,39,0
2810,0,-1,2445,2672,87,39,0
2811,0,-1,2446,2673,87,39,0
2812,0,-1,2447,2674,87,39,0
2813,0,-1,2448,2674,87,39,0
2814,0,-1,2449,2675,87,39,0
2815,0,-1,2450,2676,87,39,0
2816,0,-1,2451,2677,87,39,0
2817,0,-1,2452,2678,87,39,0
2818,0,-1,2453,2679,87,39,0
2819,0,-1,2454,2680,87,39,0
2820,0,-1,2455,2681,87,39,0
2821,0,-1,2456,2682,87,39,0
2822,0,-1,2457,2683,87,39,0
2823,0,-1,2458,2684,87,39,0
2824,0,-1,2459,2685,87,39,0
2825,0,-1,-1,2686,87,39,0
2826,0,-1,-1,2687,87,39,0
2827,0,-1,2460,2688,87,39,0
2828,0,-1,2461,2689,87,39,0
2829,0,-1,2462,2690,87,39,0