name,author,recipeingredient,preptime,recipecategory,recipecuisine,mainentityofpage
0,0,-1,1,0,1,0
1,0,-1,2,0,1,0
2,0,-1,3,1,1,0
3,0,-1,4,2,1,0
4,0,-1,5,3,1,0
5,0,-1,6,4,-1,0
6,0,-1,7,5,1,0
7,0,-1,7,6,1,0
8,0,-1,-1,7,1,0
9,0,-1,8,8,1,0
10,0,-1,-1,8,1,0
11,0,-1,9,9,-1,0
12,0,-1,10,10,1,0
13,0,-1,11,10,-1,0
14,0,-1,12,11,-1,0
15,0,-1,13,12,1,0
16,0,-1,-1,12,1,0
17,0,-1,-1,13,1,0
18,0,-1,13,14,1,0
19,0,-1,14,15,1,0
20,0,-1,14,16,1,0
21,0,-1,-1,16,1,0
22,0,-1,14,17,1,0
23,0,-1,15,18,1,0
24,0,-1,-1,19,1,0
25,0,-1,16,20,1,0
26,0,-1,-1,21,1,0
27,0,-1,-1,21,1,0
28,0,-1,-1,21,1,0
29,0,-1,-1,21,1,0
30,0,-1,17,21,1,0
31,0,-1,-1,22,1,0
32,0,-1,-1,23,1,0
33,0,-1,-1,24,1,0
34,0,-1,-1,24,1,0
35,0,-1,-1,25,1,0
36,0,-1,18,26,1,0
37,0,-1,-1,27,1,0
38,0,-1,18,28,1,0
39,0,-1,-1,29,1,0
40,0,-1,-1,30,1,0
41,0,-1,-1,31,1,0
42,0,-1,-1,32,1,0
43,0,-1,19,33,1,0
44,0,-1,20,34,-1,0
45,0,-1,21,35,1,0
46,0,-1,-1,36,1,0
47,0,-1,-1,37,1,0
48,0,-1,-1,38,1,0
49,0,-1,22,39,1,0
50,0,-1,23,40,1,0
51,0,-1,-1,40,1,0
52,0,-1,24,41,-1,0
53,0,-1,-1,42,1,0
54,0,-1,-1,43,1,0
55,0,-1,-1,44,1,0
56,0,-1,25,45,1,0
57,0,-1,26,46,-1,0
58,0,-1,-1,47,1,0
59,0,-1,27,48,1,0
60,0,-1,-1,49,1,0
61,0,-1,27,49,1,0
62,0,-1,27,49,1,0
63,0,-1,-1,50,1,0
64,0,-1,-1,50,1,0
65,0,-1,28,51,1,0
66,0,-1,-1,52,1,0
67,0,-1,29,53,1,0
68,0,-1,30,54,1,0
69,0,-1,30,55,1,0
70,0,-1,31,56,1,0
71,0,-1,32,57,-1,0
72,0,-1,-1,58,1,0
73,0,-1,33,59,1,0
74,0,-1,34,60,1,0
75,0,-1,-1,61,1,0
76,0,-1,35,62,1,0
77,0,-1,36,63,1,0
78,0,-1,-1,63,1,0
79,0,-1,-1,64,1,0
80,0,-1,37,65,1,0
81,0,-1,38,66,-1,0
82,0,-1,39,67,1,0
83,0,-1,-1,68,1,0
84,0,-1,-1,69,1,0
85,0,-1,40,70,1,0
86,0,-1,41,71,1,0
87,0,-1,42,72,1,0
88,0,-1,42,72,-1,0
89,0,-1,43,73,1,0
90,0,-1,44,74,1,0
91,0,-1,44,74,1,0
92,0,-1,-1,75,1,0
93,0,-1,45,76,1,0
94,0,-1,-1,77,1,0
95,0,-1,46,78,-1,0
96,0,-1,47,79,1,0
97,0,-1,48,80,1,0
98,0,-1,49,81,1,0
99,0,-1,-1,81,2,0
100,0,-1,-1,82,3,0
101,0,-1,49,83,3,0
102,0,-1,50,83,3,0
103,0,-1,51,83,3,0
104,0,-1,-1,84,3,0
105,0,-1,52,85,-1,0
106,0,-1,53,86,3,0
107,0,-1,54,86,-1,0
108,0,-1,-1,87,3,0
109,0,-1,55,88,3,0
110,0,-1,56,89,3,0
111,0,1,57,90,-1,0
112,0,-1,58,91,3,0
113,0,-1,-1,92,3,0
114,0,-1,58,93,3,0
115,0,-1,59,94,-1,0
116,0,-1,-1,95,3,0
117,0,-1,60,96,3,0
118,0,-1,61,97,3,0
119,0,-1,62,97,-1,0
120,0,-1,-1,98,3,0
121,0,-1,63,99,3,0
122,0,-1,64,100,-1,0
123,0,-1,65,100,3,0
124,0,-1,66,101,3,0
125,0,-1,-1,102,3,0
126,0,-1,-1,103,3,0
127,0,-1,-1,104,3,0
128,0,-1,67,105,3,0
129,0,-1,-1,105,3,0
130,0,-1,68,106,3,0
131,0,-1,69,107,3,0
132,0,-1,70,108,3,0
133,0,-1,-1,109,3,0
134,0,-1,-1,110,3,0
135,0,-1,71,111,3,0
136,0,-1,71,112,3,0
137,0,-1,-1,112,3,0
138,0,-1,72,113,3,0
139,0,-1,-1,114,3,0
140,0,-1,73,115,-1,0
141,0,-1,-1,116,3,0
142,0,-1,-1,117,3,0
143,0,-1,-1,118,3,0
144,0,-1,74,119,3,0
145,0,-1,75,120,3,0
146,0,-1,76,121,3,0
147,0,-1,-1,122,3,0
148,0,-1,-1,123,3,0
149,0,-1,-1,124,3,0
150,0,-1,-1,125,3,0
151,0,-1,-1,126,3,0
152,0,-1,77,127,3,0
153,0,-1,-1,128,3,0
154,0,-1,-1,129,3,0
155,0,-1,-1,130,3,0
156,0,-1,78,131,3,0
157,0,-1,79,132,-1,0
158,0,-1,80,133,3,0
159,0,-1,81,134,3,0
160,0,-1,82,135,3,0
161,0,-1,-1,136,3,0
162,0,-1,82,137,3,0
163,0,-1,-1,138,3,0
164,0,-1,-1,139,3,0
165,0,-1,-1,140,3,0
166,0,-1,83,141,3,0
167,0,-1,84,142,3,0
168,0,-1,85,142,-1,0
169,0,-1,86,142,-1,0
170,0,-1,86,142,-1,0
171,0,-1,-1,142,3,0
172,0,-1,-1,142,3,0
173,0,-1,87,143,3,0
174,0,-1,88,144,3,0
175,0,-1,-1,145,3,0
176,0,-1,89,146,3,0
177,0,-1,90,147,3,0
178,0,-1,91,148,3,0
179,0,-1,92,149,3,0
180,0,-1,93,150,3,0
181,0,-1,-1,151,3,0
182,0,-1,-1,152,3,0
183,0,-1,94,153,3,0
184,0,-1,-1,154,3,0
185,0,-1,95,155,3,0
186,0,-1,96,156,3,0
187,0,-1,96,156,3,0
188,0,-1,-1,157,3,0
189,0,-1,-1,158,3,0
190,0,-1,97,159,3,0
191,0,-1,-1,160,3,0
192,0,-1,97,161,3,0
193,0,-1,-1,162,3,0
194,0,-1,-1,163,3,0
195,0,-1,-1,164,3,0
196,0,-1,98,165,-1,0
197,0,-1,99,166,3,0
198,0,-1,100,167,3,0
199,0,-1,101,168,3,0
200,0,-1,102,169,3,0
201,0,-1,-1,170,3,0
202,0,-1,-1,170,3,0
203,0,-1,103,171,3,0
204,0,-1,-1,172,3,0
205,0,-1,104,173,3,0
206,0,-1,-1,174,3,0
207,0,-1,105,175,3,0
208,0,-1,-1,176,3,0
209,0,-1,106,177,3,0
210,0,-1,107,177,3,0
211,0,-1,108,178,3,0
212,0,-1,108,179,3,0
213,0,-1,109,180,3,0
214,0,-1,-1,181,3,0
215,0,-1,110,182,3,0
216,0,-1,-1,183,3,0
217,0,-1,111,184,3,0
218,0,-1,-1,185,3,0
219,0,-1,-1,186,3,0
220,0,-1,-1,187,3,0
221,0,-1,112,188,3,0
222,0,-1,113,189,3,0
223,0,-1,-1,190,3,0
224,0,-1,114,191,3,0
225,0,-1,115,192,3,0
226,0,-1,116,193,3,0
227,0,-1,117,194,3,0
228,0,-1,-1,195,3,0
229,0,-1,117,196,3,0
230,0,-1,-1,197,-1,0
231,0,-1,117,198,3,0
232,0,-1,118,199,3,0
233,0,-1,-1,199,3,0
234,0,-1,119,200,-1,0
235,0,-1,120,201,-1,0
236,0,-1,121,202,3,0
237,0,-1,-1,203,3,0
238,0,-1,122,204,3,0
239,0,-1,-1,205,3,0
240,0,-1,123,206,-1,0
241,0,-1,124,207,-1,0
242,0,-1,-1,208,3,0
243,0,-1,125,209,3,0
244,0,-1,126,210,3,0
245,0,-1,-1,211,3,0
246,0,-1,-1,212,3,0
247,0,-1,-1,212,3,0
248,0,-1,127,212,3,0
249,0,-1,127,213,-1,0
250,0,-1,-1,214,3,0
251,0,-1,128,215,3,0
252,0,-1,129,216,-1,0
253,0,-1,130,217,3,0
254,0,-1,131,218,3,0
255,0,-1,132,219,3,0
256,0,-1,-1,219,3,0
257,0,-1,133,220,-1,0
258,0,-1,134,221,3,0
259,0,-1,-1,222,3,0
260,0,-1,-1,222,3,0
261,0,-1,-1,222,3,0
262,0,-1,135,223,4,0
263,0,-1,136,223,5,0
264,0,-1,137,224,-1,0
265,0,-1,-1,224,5,0
266,0,-1,138,225,5,0
267,0,-1,139,226,5,0
268,0,-1,-1,227,5,0
269,0,-1,-1,228,-1,0
270,0,-1,-1,229,6,0
271,0,-1,-1,230,7,0
272,0,-1,139,231,7,0
273,0,-1,140,232,7,0
274,0,-1,140,233,7,0
275,0,-1,141,234,7,0
276,0,-1,-1,235,7,0
277,0,-1,-1,236,7,0
278,0,-1,142,237,-1,0
279,0,-1,-1,237,7,0
280,0,-1,-1,238,7,0
281,0,-1,-1,239,7,0
282,0,-1,143,240,7,0
283,0,-1,-1,241,7,0
284,0,-1,144,242,7,0
285,0,-1,145,243,7,0
286,0,-1,146,244,7,0
287,0,-1,-1,245,7,0
288,0,-1,146,246,7,0
289,0,-1,147,247,7,0
290,0,-1,148,248,7,0
291,0,-1,-1,248,7,0
292,0,-1,149,249,7,0
293,0,-1,-1,250,7,0
294,0,-1,-1,250,7,0
295,0,-1,150,250,7,0
296,0,-1,151,250,-1,0
297,0,-1,152,251,7,0
298,0,-1,152,252,7,0
299,0,-1,-1,253,7,0
300,0,-1,153,254,7,0
301,0,-1,-1,255,7,0
302,0,-1,154,256,7,0
303,0,-1,-1,256,7,0
304,0,-1,155,257,7,0
305,0,-1,156,258,7,0
306,0,-1,157,259,7,0
307,0,-1,-1,260,7,0
308,0,-1,158,261,-1,0
309,0,-1,159,262,7,0
310,0,-1,-1,263,7,0
311,0,-1,160,264,7,0
312,0,-1,161,265,7,0
313,0,-1,162,266,-1,0
314,0,-1,162,266,7,0
315,0,-1,163,267,7,0
316,0,-1,-1,267,7,0
317,0,-1,164,268,7,0
318,0,-1,165,269,7,0
319,0,-1,-1,270,7,0
320,0,-1,166,271,7,0
321,0,-1,167,272,7,0
322,0,-1,-1,273,7,0
323,0,-1,168,274,7,0
324,0,-1,169,274,7,0
325,0,-1,170,275,7,0
326,0,-1,-1,276,7,0
327,0,-1,171,277,-1,0
328,0,-1,172,278,7,0
329,0,-1,-1,279,7,0
330,0,-1,-1,279,7,0
331,0,-1,-1,280,7,0
332,0,-1,173,281,7,0
333,0,-1,174,281,7,0
334,0,-1,175,282,7,0
335,0,-1,176,283,7,0
336,0,-1,177,284,8,0
337,0,-1,-1,285,9,0
338,0,-1,178,286,9,0
339,0,-1,179,287,9,0
340,0,-1,-1,288,9,0
341,0,-1,-1,289,9,0
342,0,-1,180,290,9,0
343,0,-1,-1,291,9,0
344,0,-1,181,292,9,0
345,0,-1,-1,293,9,0
346,0,-1,-1,294,9,0
347,0,-1,-1,295,9,0
348,0,-1,-1,296,9,0
349,0,-1,-1,297,-1,0
350,0,-1,182,298,9,0
351,0,-1,183,298,-1,0
352,0,-1,184,299,9,0
353,0,-1,-1,300,9,0
354,0,-1,184,301,9,0
355,0,-1,185,301,-1,0
356,0,-1,-1,302,9,0
357,0,-1,-1,302,9,0
358,0,-1,186,303,9,0
359,0,-1,-1,304,9,0
360,0,-1,186,305,9,0
361,0,-1,187,306,9,0
362,0,-1,187,307,9,0
363,0,-1,187,307,9,0
364,0,-1,-1,307,9,0
365,0,-1,-1,308,-1,0
366,0,-1,187,309,9,0
367,0,-1,-1,309,9,0
368,0,-1,188,310,-1,0
369,0,-1,-1,311,9,0
370,0,-1,-1,312,9,0
371,0,-1,189,313,9,0
372,0,-1,190,314,9,0
373,0,-1,-1,315,9,0
374,0,-1,-1,316,9,0
375,0,-1,-1,317,9,0
376,0,-1,-1,317,9,0
377,0,-1,191,318,9,0
378,0,-1,192,319,9,0
379,0,-1,-1,320,9,0
380,0,-1,193,321,9,0
381,0,-1,193,322,-1,0
382,0,-1,194,323,9,0
383,0,-1,-1,323,9,0
384,0,-1,195,323,9,0
385,0,-1,-1,324,9,0
386,0,-1,195,325,9,0
387,0,-1,195,325,9,0
388,0,-1,-1,326,9,0
389,0,-1,-1,327,10,0
390,0,-1,196,328,11,0
391,0,-1,197,328,12,0
392,0,-1,-1,329,12,0
393,0,-1,-1,330,12,0
394,0,-1,198,331,13,0
395,0,-1,-1,332,14,0
396,0,-1,199,332,-1,0
397,0,-1,200,333,14,0
398,0,-1,-1,334,14,0
399,0,-1,-1,335,14,0
400,0,-1,-1,336,14,0
401,0,-1,-1,337,14,0
402,0,-1,201,337,14,0
403,0,-1,202,338,14,0
404,0,-1,203,338,14,0
405,0,-1,-1,339,14,0
406,0,-1,-1,340,14,0
407,0,-1,204,341,14,0
408,0,-1,205,342,14,0
409,0,-1,-1,343,14,0
410,0,-1,-1,344,14,0
411,0,-1,206,345,14,0
412,0,-1,207,346,-1,0
413,0,-1,208,347,14,0
414,0,-1,-1,348,14,0
415,0,-1,-1,348,14,0
416,0,-1,-1,349,14,0
417,0,-1,209,350,14,0
418,0,-1,210,351,14,0
419,0,-1,-1,352,14,0
420,0,-1,211,353,14,0
421,0,-1,-1,354,14,0
422,0,-1,212,355,14,0
423,0,-1,212,356,14,0
424,0,-1,-1,357,14,0
425,0,-1,213,358,14,0
426,0,-1,-1,359,14,0
427,0,-1,214,360,14,0
428,0,-1,215,361,14,0
429,0,-1,215,362,14,0
430,0,-1,215,362,14,0
431,0,-1,216,362,-1,0
432,0,-1,-1,363,14,0
433,0,-1,217,364,14,0
434,0,-1,-1,365,14,0
435,0,-1,218,366,14,0
436,0,-1,-1,367,14,0
437,0,-1,-1,368,14,0
438,0,-1,219,369,-1,0
439,0,-1,-1,370,14,0
440,0,-1,-1,371,14,0
441,0,-1,220,372,14,0
442,0,-1,-1,373,14,0
443,0,-1,221,374,14,0
444,0,-1,222,375,14,0
445,0,-1,223,376,14,0
446,0,-1,224,377,14,0
447,0,-1,225,378,14,0
448,0,-1,-1,378,14,0
449,0,-1,-1,379,14,0
450,0,-1,-1,380,14,0
451,0,-1,226,381,14,0
452,0,-1,227,382,14,0
453,0,-1,228,383,14,0
454,0,-1,-1,384,14,0
455,0,-1,228,385,14,0
456,0,-1,229,386,-1,0
457,0,-1,-1,387,14,0
458,0,-1,-1,388,14,0
459,0,-1,-1,389,14,0
460,0,-1,-1,389,14,0
461,0,-1,-1,390,14,0
462,0,-1,230,391,-1,0
463,0,-1,231,391,14,0
464,0,-1,232,392,14,0
465,0,-1,233,393,14,0
466,0,-1,234,394,-1,0
467,0,-1,235,395,14,0
468,0,-1,-1,396,14,0
469,0,-1,-1,397,14,0
470,0,-1,235,398,14,0
471,0,-1,235,399,14,0
472,0,-1,-1,400,14,0
473,0,-1,236,400,14,0
474,0,-1,-1,401,14,0
475,0,-1,237,402,14,0
476,0,-1,238,403,14,0
477,0,-1,-1,404,14,0
478,0,-1,239,405,-1,0
479,0,-1,239,405,14,0
480,0,-1,-1,406,14,0
481,0,-1,239,407,14,0
482,0,-1,240,408,-1,0
483,0,-1,-1,409,14,0
484,0,-1,241,409,-1,0
485,0,-1,242,409,14,0
486,0,-1,243,410,14,0
487,0,-1,-1,411,14,0
488,0,-1,244,412,-1,0
489,0,-1,245,413,14,0
490,0,-1,245,414,-1,0
491,0,-1,-1,415,14,0
492,0,-1,246,416,-1,0
493,0,-1,247,417,14,0
494,0,-1,-1,418,14,0
495,0,-1,248,419,14,0
496,0,-1,249,420,-1,0
497,0,-1,-1,420,14,0
498,0,-1,-1,421,14,0
499,0,-1,250,422,14,0
500,0,-1,-1,422,15,0
501,0,-1,-1,422,16,0
502,0,-1,251,423,16,0
503,0,-1,252,424,16,0
504,0,-1,253,425,-1,0
505,0,-1,-1,426,16,0
506,0,-1,-1,427,16,0
507,0,-1,254,428,16,0
508,0,-1,-1,429,16,0
509,0,-1,255,430,-1,0
510,0,-1,-1,431,16,0
511,0,-1,-1,432,16,0
512,0,-1,-1,433,16,0
513,0,-1,256,433,16,0
514,0,-1,-1,434,16,0
515,0,-1,-1,435,16,0
516,0,-1,256,435,16,0
517,0,-1,257,435,16,0
518,0,-1,258,436,16,0
519,0,-1,259,437,16,0
520,0,-1,-1,438,16,0
521,0,-1,259,439,16,0
522,0,-1,260,440,-1,0
523,0,-1,261,440,16,0
524,0,-1,-1,440,16,0
525,0,-1,262,441,16,0
526,0,-1,263,442,-1,0
527,0,-1,264,443,16,0
528,0,-1,265,444,-1,0
529,0,-1,266,445,16,0
530,0,-1,-1,445,16,0
531,0,-1,267,446,-1,0
532,0,-1,268,447,16,0
533,0,-1,269,448,16,0
534,0,-1,-1,449,16,0
535,0,-1,270,450,16,0
536,0,-1,-1,450,16,0
537,0,-1,271,451,16,0
538,0,-1,-1,452,16,0
539,0,-1,-1,452,16,0
540,0,-1,272,452,16,0
541,0,-1,273,453,16,0
542,0,-1,-1,453,16,0
543,0,-1,274,454,16,0
544,0,-1,275,455,16,0
545,0,-1,276,456,16,0
546,0,-1,276,457,-1,0
547,0,-1,-1,457,16,0
548,0,-1,277,458,16,0
549,0,-1,-1,459,16,0
550,0,-1,278,460,16,0
551,0,-1,279,461,-1,0
552,0,-1,280,462,16,0
553,0,-1,-1,463,16,0
554,0,-1,281,464,16,0
555,0,-1,-1,465,16,0
556,0,-1,-1,466,16,0
557,0,-1,-1,467,17,0
558,0,-1,-1,468,18,0
559,0,-1,282,469,18,0
560,0,-1,-1,470,18,0
561,0,-1,283,471,18,0
562,0,-1,284,472,18,0
563,0,-1,285,473,18,0
564,0,-1,286,474,18,0
565,0,-1,-1,475,18,0
566,0,-1,287,476,-1,0
567,0,-1,-1,477,18,0
568,0,-1,-1,478,18,0
569,0,-1,288,479,18,0
570,0,-1,289,480,18,0
571,0,-1,290,480,-1,0
572,0,-1,-1,481,18,0
573,0,-1,291,481,18,0
574,0,-1,292,482,18,0
575,0,-1,-1,483,18,0
576,0,-1,-1,484,18,0
577,0,-1,-1,485,18,0
578,0,-1,-1,486,19,0
579,0,-1,-1,487,20,0
580,0,-1,-1,488,20,0
581,0,-1,-1,489,20,0
582,0,-1,292,490,-1,0
583,0,-1,-1,490,20,0
584,0,-1,-1,491,20,0
585,0,-1,293,491,20,0
586,0,-1,-1,492,20,0
587,0,-1,-1,492,20,0
588,0,-1,-1,493,20,0
589,0,-1,-1,494,20,0
590,0,-1,294,495,20,0
591,0,-1,-1,496,20,0
592,0,-1,295,497,-1,0
593,0,-1,296,498,20,0
594,0,-1,-1,499,20,0
595,0,-1,-1,500,20,0
596,0,-1,297,501,-1,0
597,0,-1,298,501,-1,0
598,0,-1,299,502,20,0
599,0,-1,300,503,20,0
600,0,-1,-1,504,20,0
601,0,-1,301,505,20,0
602,0,-1,302,506,20,0
603,0,-1,303,507,20,0
604,0,-1,304,508,-1,0
605,0,-1,305,508,20,0
606,0,-1,-1,509,20,0
607,0,-1,306,510,20,0
608,0,-1,-1,510,20,0
609,0,-1,-1,511,20,0
610,0,-1,-1,511,20,0
611,0,-1,307,511,20,0
612,0,-1,308,511,20,0
613,0,-1,309,511,-1,0
614,0,-1,-1,512,20,0
615,0,-1,-1,513,20,0
616,0,-1,310,514,-1,0
617,0,-1,-1,515,20,0
618,0,-1,-1,515,20,0
619,0,-1,-1,516,20,0
620,0,-1,311,517,20,0
621,0,-1,312,518,20,0
622,0,-1,313,519,20,0
623,0,-1,314,520,20,0
624,0,-1,-1,521,20,0
625,0,-1,315,522,20,0
626,0,-1,316,523,20,0
627,0,-1,-1,524,20,0
628,0,-1,317,525,20,0
629,0,-1,-1,526,20,0
630,0,-1,318,527,20,0
631,0,-1,319,528,20,0
632,0,-1,320,529,20,0
633,0,-1,-1,530,21,0
634,0,-1,-1,530,22,0
635,0,-1,321,531,22,0
636,0,-1,322,532,22,0
637,0,-1,323,533,22,0
638,0,-1,-1,534,22,0
639,0,-1,324,535,22,0
640,0,-1,325,536,22,0
641,0,-1,-1,537,22,0
642,0,-1,-1,538,22,0
643,0,-1,325,539,22,0
644,0,-1,-1,540,22,0
645,0,-1,-1,540,22,0
646,0,-1,326,540,-1,0
647,0,-1,327,540,22,0
648,0,-1,328,540,22,0
649,0,-1,-1,540,22,0
650,0,-1,-1,541,22,0
651,0,-1,-1,541,22,0
652,0,-1,-1,542,22,0
653,0,-1,329,543,22,0
654,0,-1,330,544,22,0
655,0,-1,331,544,22,0
656,0,-1,-1,545,22,0
657,0,-1,-1,546,22,0
658,0,-1,-1,547,22,0
659,0,-1,332,548,22,0
660,0,-1,-1,548,22,0
661,0,-1,-1,548,22,0
662,0,-1,333,549,22,0
663,0,-1,-1,550,22,0
664,0,-1,-1,551,22,0
665,0,-1,-1,552,22,0
666,0,-1,334,553,22,0
667,0,-1,335,554,22,0
668,0,-1,336,555,22,0
669,0,-1,337,555,22,0
670,0,-1,-1,556,22,0
671,0,-1,338,557,22,0
672,0,-1,-1,558,22,0
673,0,-1,-1,559,23,0
674,0,-1,-1,560,24,0
675,0,-1,-1,561,24,0
676,0,-1,339,562,24,0
677,0,-1,340,563,24,0
678,0,-1,341,564,24,0
679,0,-1,342,565,24,0
680,0,-1,343,566,-1,0
681,0,-1,344,567,-1,0
682,0,-1,-1,567,24,0
683,0,-1,-1,568,24,0
684,0,-1,345,568,24,0
685,0,-1,346,569,-1,0
686,0,-1,347,570,24,0
687,0,-1,-1,571,24,0
688,0,-1,348,572,24,0
689,0,-1,349,573,-1,0
690,0,-1,350,574,24,0
691,0,-1,351,575,-1,0
692,0,-1,352,576,24,0
693,0,-1,353,577,24,0
694,0,-1,-1,578,24,0
695,0,-1,354,578,24,0
696,0,-1,-1,579,24,0
697,0,-1,355,580,24,0
698,0,-1,355,580,-1,0
699,0,-1,-1,581,24,0
700,0,-1,356,582,24,0
701,0,-1,357,583,24,0
702,0,-1,-1,584,24,0
703,0,-1,358,584,24,0
704,0,-1,-1,585,24,0
705,0,-1,359,586,24,0
706,0,-1,-1,586,24,0
707,0,-1,-1,587,24,0
708,0,-1,360,588,24,0
709,0,-1,361,589,24,0
710,0,-1,362,590,24,0
711,0,-1,-1,591,24,0
712,0,-1,363,592,24,0
713,0,-1,364,593,24,0
714,0,-1,-1,594,24,0
715,0,-1,-1,595,24,0
716,0,-1,-1,596,24,0
717,0,-1,364,597,24,0
718,0,-1,-1,598,24,0
719,0,-1,-1,598,24,0
720,0,-1,365,598,24,0
721,0,-1,366,598,-1,0
722,0,-1,367,599,24,0
723,0,-1,368,600,25,0
724,0,-1,369,601,26,0
725,0,-1,369,602,26,0
726,0,-1,370,603,-1,0
727,0,-1,-1,603,26,0
728,0,-1,371,603,26,0
729,0,-1,372,603,-1,0
730,0,-1,373,604,26,0
731,0,-1,-1,605,26,0
732,0,-1,-1,605,26,0
733,0,-1,374,606,26,0
734,0,-1,375,607,26,0
735,0,-1,-1,608,26,0
736,0,-1,-1,609,26,0
737,0,-1,-1,610,26,0
738,0,-1,-1,611,26,0
739,0,-1,376,612,26,0
740,0,-1,377,613,26,0
741,0,-1,378,614,26,0
742,0,-1,-1,615,26,0
743,0,-1,-1,616,26,0
744,0,-1,378,617,-1,0
745,0,-1,-1,618,26,0
746,0,-1,379,619,26,0
747,0,-1,380,620,-1,0
748,0,-1,381,621,26,0
749,0,-1,-1,622,26,0
750,0,-1,382,623,26,0
751,0,-1,-1,624,26,0
752,0,-1,-1,625,26,0
753,0,-1,382,625,-1,0
754,0,-1,382,626,26,0
755,0,-1,-1,627,26,0
756,0,-1,383,628,26,0
757,0,-1,-1,629,26,0
758,0,-1,384,630,26,0
759,0,-1,-1,631,26,0
760,0,-1,385,632,26,0
761,0,-1,386,633,26,0
762,0,-1,387,633,26,0
763,0,-1,388,634,-1,0
764,0,-1,389,634,-1,0
765,0,-1,390,635,-1,0
766,0,-1,391,635,26,0
767,0,-1,-1,636,26,0
768,0,-1,-1,637,26,0
769,0,-1,391,638,-1,0
770,0,-1,392,639,26,0
771,0,-1,393,640,26,0
772,0,-1,394,641,26,0
773,0,-1,-1,642,26,0
774,0,-1,-1,643,26,0
775,0,-1,395,644,26,0
776,0,-1,396,645,26,0
777,0,-1,397,646,26,0
778,0,-1,398,646,-1,0
779,0,-1,-1,647,26,0
780,0,-1,399,648,26,0
781,0,-1,400,649,26,0
782,0,-1,401,650,-1,0
783,0,-1,402,651,26,0
784,0,-1,403,652,26,0
785,0,-1,403,652,26,0
786,0,-1,404,652,26,0
787,0,-1,-1,652,26,0
788,0,-1,405,652,26,0
789,0,-1,-1,652,26,0
790,0,-1,406,652,26,0
791,0,-1,407,653,26,0
792,0,-1,408,654,26,0
793,0,-1,409,655,26,0
794,0,-1,-1,656,26,0
795,0,-1,-1,657,26,0
796,0,-1,409,658,26,0
797,0,-1,410,659,-1,0
798,0,-1,411,660,26,0
799,0,-1,412,661,26,0
800,0,-1,413,662,26,0
801,0,-1,-1,663,26,0
802,0,-1,-1,664,26,0
803,0,-1,-1,665,26,0
804,0,-1,-1,665,26,0
805,0,-1,414,665,26,0
806,0,-1,-1,666,26,0
807,0,-1,415,667,26,0
808,0,-1,416,668,26,0
809,0,-1,417,669,26,0
810,0,-1,-1,670,26,0
811,0,-1,417,671,26,0
812,0,-1,417,671,26,0
813,0,-1,418,672,-1,0
814,0,-1,419,673,-1,0
815,0,-1,-1,674,26,0
816,0,-1,419,675,-1,0
817,0,-1,-1,676,26,0
818,0,-1,420,677,26,0
819,0,-1,421,678,26,0
820,0,-1,422,679,-1,0
821,0,-1,-1,680,26,0
822,0,-1,423,681,26,0
823,0,-1,-1,681,26,0
824,0,-1,424,682,26,0
825,0,-1,425,683,-1,0
826,0,-1,426,684,26,0
827,0,-1,-1,685,26,0
828,0,-1,-1,685,26,0
829,0,-1,427,685,26,0
830,0,-1,-1,685,26,0
831,0,-1,428,686,26,0
832,0,-1,-1,687,26,0
833,0,-1,429,688,-1,0
834,0,-1,-1,689,26,0
835,0,-1,430,690,26,0
836,0,-1,-1,691,26,0
837,0,-1,431,692,26,0
838,0,-1,-1,692,26,0
839,0,-1,432,693,26,0
840,0,-1,433,694,26,0
841,0,-1,-1,695,27,0
842,0,-1,-1,695,28,0
843,0,-1,-1,696,28,0
844,0,-1,434,697,28,0
845,0,-1,-1,697,28,0
846,0,-1,435,698,28,0
847,0,-1,-1,699,28,0
848,0,-1,-1,700,28,0
849,0,-1,-1,701,28,0
850,0,-1,436,702,28,0
851,0,-1,437,702,28,0
852,0,-1,438,703,28,0
853,0,-1,439,703,28,0
854,0,-1,-1,703,28,0
855,0,-1,440,704,28,0
856,0,-1,441,705,28,0
857,0,-1,441,706,28,0
858,0,-1,-1,707,28,0
859,0,-1,-1,707,28,0
860,0,-1,442,707,-1,0
861,0,-1,443,707,-1,0
862,0,-1,-1,708,28,0
863,0,-1,-1,709,28,0
864,0,-1,444,710,28,0
865,0,-1,445,710,28,0
866,0,-1,446,711,28,0
867,0,-1,-1,712,28,0
868,0,-1,447,713,28,0
869,0,-1,447,713,28,0
870,0,-1,-1,713,28,0
871,0,-1,-1,713,28,0
872,0,-1,-1,714,28,0
873,0,-1,448,715,28,0
874,0,-1,449,716,28,0
875,0,-1,450,717,28,0
876,0,-1,451,718,28,0
877,0,-1,452,719,28,0
878,0,-1,453,720,28,0
879,0,-1,454,721,28,0
880,0,-1,455,722,28,0
881,0,-1,456,722,-1,0
882,0,-1,-1,723,28,0
883,0,-1,456,724,28,0
884,0,-1,-1,724,28,0
885,0,-1,457,725,28,0
886,0,-1,458,726,28,0
887,0,-1,-1,727,29,0
888,0,-1,-1,728,30,0
889,0,-1,-1,729,30,0
890,0,-1,459,730,-1,0
891,0,-1,-1,731,31,0
892,0,-1,-1,732,32,0
893,0,-1,460,733,32,0
894,0,-1,-1,733,32,0
895,0,-1,461,734,32,0
896,0,-1,462,735,32,0
897,0,-1,463,736,-1,0
898,0,-1,464,736,-1,0
899,0,-1,465,736,32,0
900,0,-1,-1,737,32,0
901,0,-1,466,738,32,0
902,0,-1,-1,739,32,0
903,0,-1,-1,740,32,0
904,0,-1,467,741,32,0
905,0,-1,468,742,32,0
906,0,-1,469,743,32,0
907,0,-1,470,744,32,0
908,0,-1,-1,745,32,0
909,0,-1,-1,746,32,0
910,0,-1,-1,747,32,0
911,0,-1,-1,748,32,0
912,0,-1,471,749,32,0
913,0,-1,472,750,32,0
914,0,-1,-1,751,32,0
915,0,-1,-1,752,32,0
916,0,-1,473,753,32,0
917,0,-1,-1,754,32,0
918,0,-1,474,755,32,0
919,0,-1,-1,756,32,0
920,0,-1,474,757,32,0
921,0,-1,475,758,32,0
922,0,-1,-1,759,32,0
923,0,-1,-1,759,32,0
924,0,-1,476,760,-1,0
925,0,-1,477,761,32,0
926,0,-1,-1,762,32,0
927,0,-1,478,763,32,0
928,0,-1,479,764,32,0
929,0,-1,480,765,32,0
930,0,-1,481,766,32,0
931,0,-1,481,766,32,0
932,0,-1,-1,767,32,0
933,0,-1,-1,767,32,0
934,0,-1,482,768,-1,0
935,0,-1,483,769,32,0
936,0,-1,484,770,32,0
937,0,-1,-1,771,33,0
938,0,-1,-1,772,34,0
939,0,-1,485,773,35,0
940,0,-1,-1,773,35,0
941,0,-1,486,774,35,0
942,0,-1,-1,775,35,0
943,0,-1,-1,775,35,0
944,0,-1,-1,775,35,0
945,0,-1,-1,775,35,0
946,0,-1,487,776,35,0
947,0,-1,-1,777,35,0
948,0,-1,488,778,35,0
949,0,-1,488,779,35,0
950,0,-1,-1,780,35,0
951,0,-1,489,781,35,0
952,0,-1,489,782,35,0
953,0,-1,490,782,35,0
954,0,-1,-1,783,35,0
955,0,-1,491,783,35,0
956,0,-1,492,783,35,0
957,0,-1,493,783,35,0
958,0,-1,-1,784,35,0
959,0,-1,494,785,35,0
960,0,-1,495,786,35,0
961,0,-1,496,787,35,0
962,0,-1,-1,788,35,0
963,0,-1,497,789,35,0
964,0,-1,-1,790,35,0
965,0,-1,498,790,35,0
966,0,-1,498,791,35,0
967,0,-1,498,791,35,0
968,0,-1,-1,791,35,0
969,0,-1,499,792,35,0
970,0,-1,500,793,-1,0
971,0,-1,501,794,-1,0
972,0,-1,502,795,35,0
973,0,-1,503,796,35,0
974,0,-1,-1,797,35,0
975,0,-1,504,798,35,0
976,0,-1,505,799,35,0
977,0,-1,506,800,35,0
978,0,-1,507,801,-1,0
979,0,-1,508,802,35,0
980,0,-1,509,803,35,0
981,0,-1,510,804,35,0
982,0,-1,-1,805,35,0
983,0,-1,-1,806,35,0
984,0,-1,511,807,35,0
985,0,-1,512,808,35,0
986,0,-1,513,808,35,0
987,0,-1,514,809,35,0
988,0,-1,515,810,-1,0
989,0,-1,-1,811,35,0
990,0,-1,-1,812,35,0
991,0,-1,516,812,-1,0
992,0,-1,517,812,-1,0
993,0,-1,518,813,35,0
994,0,-1,-1,814,35,0
995,0,-1,519,814,35,0
996,0,-1,-1,815,35,0
997,0,-1,-1,816,35,0
998,0,-1,519,817,35,0
999,0,-1,-1,818,35,0
1000,0,-1,520,819,35,0
1001,0,-1,521,820,35,0
1002,0,-1,522,821,35,0
1003,0,-1,522,822,35,0
1004,0,-1,-1,823,35,0
1005,0,-1,-1,824,35,0
1006,0,-1,-1,825,35,0
1007,0,-1,-1,826,35,0
1008,0,-1,523,827,35,0
1009,0,-1,524,828,35,0
1010,0,-1,524,829,35,0
1011,0,-1,-1,830,35,0
1012,0,-1,-1,831,35,0
1013,0,-1,525,831,35,0
1014,0,-1,526,831,35,0
1015,0,-1,527,832,35,0
1016,0,-1,528,833,35,0
1017,0,-1,529,834,35,0
1018,0,-1,-1,835,35,0
1019,0,-1,-1,835,35,0
1020,0,-1,-1,836,35,0
1021,0,-1,530,837,35,0
1022,0,-1,531,838,35,0
1023,0,-1,-1,839,35,0
1024,0,-1,-1,840,35,0
1025,0,-1,-1,841,35,0
1026,0,-1,532,842,-1,0
1027,0,-1,533,843,35,0
1028,0,-1,-1,844,35,0
1029,0,-1,-1,845,35,0
1030,0,-1,-1,846,36,0
1031,0,-1,-1,847,37,0
1032,0,-1,-1,848,38,0
1033,0,-1,-1,849,39,0
1034,0,-1,534,849,39,0
1035,0,-1,-1,850,39,0
1036,0,-1,535,851,-1,0
1037,0,-1,536,852,39,0
1038,0,-1,-1,853,39,0
1039,0,-1,-1,854,39,0
1040,0,-1,-1,855,39,0
1041,0,-1,-1,856,39,0
1042,0,-1,-1,857,39,0
1043,0,-1,537,858,-1,0
1044,0,-1,538,859,-1,0
1045,0,-1,539,860,40,0
1046,0,-1,540,861,41,0
1047,0,-1,541,862,41,0
1048,0,-1,542,863,41,0
1049,0,-1,543,864,41,0
1050,0,-1,-1,865,41,0
1051,0,-1,-1,865,41,0
1052,0,-1,543,866,41,0
1053,0,-1,544,867,41,0
1054,0,-1,-1,868,41,0
1055,0,-1,545,869,41,0
1056,0,-1,546,870,41,0
1057,0,-1,-1,871,41,0
1058,0,-1,-1,872,41,0
1059,0,-1,-1,873,41,0
1060,0,-1,-1,874,41,0
1061,0,-1,-1,875,41,0
1062,0,-1,-1,876,41,0
1063,0,-1,-1,877,41,0
1064,0,-1,547,878,41,0
1065,0,-1,-1,879,41,0
1066,0,-1,547,880,41,0
1067,0,-1,-1,881,41,0
1068,0,-1,548,882,41,0
1069,0,-1,549,883,-1,0
1070,0,-1,550,884,41,0
1071,0,-1,551,885,41,0
1072,0,-1,-1,885,41,0
1073,0,-1,-1,886,41,0
1074,0,-1,552,887,-1,0
1075,0,-1,553,888,41,0
1076,0,-1,-1,889,41,0
1077,0,-1,-1,890,41,0
1078,0,-1,-1,890,41,0
1079,0,-1,554,890,41,0
1080,0,-1,555,891,-1,0
1081,0,-1,556,892,41,0
1082,0,-1,556,892,41,0
1083,0,-1,557,892,41,0
1084,0,-1,558,892,41,0
1085,0,-1,-1,893,41,0
1086,0,-1,559,894,41,0
1087,0,-1,560,895,41,0
1088,0,-1,561,896,41,0
1089,0,-1,562,897,41,0
1090,0,-1,563,898,-1,0
1091,0,-1,-1,899,41,0
1092,0,-1,-1,900,41,0
1093,0,-1,-1,901,41,0
1094,0,-1,564,902,41,0
1095,0,-1,565,903,41,0
1096,0,-1,566,904,41,0
1097,0,-1,567,905,41,0
1098,0,-1,-1,906,41,0
1099,0,-1,568,907,41,0
1100,0,-1,-1,908,41,0
1101,0,-1,-1,909,41,0
1102,0,-1,-1,909,41,0
1103,0,-1,569,910,41,0
1104,0,-1,-1,911,41,0
1105,0,-1,-1,911,41,0
1106,0,-1,570,912,41,0
1107,0,-1,571,913,41,0
1108,0,-1,-1,914,41,0
1109,0,-1,572,915,-1,0
1110,0,-1,573,916,-1,0
1111,0,-1,574,917,41,0
1112,0,-1,575,918,41,0
1113,0,-1,576,919,-1,0
1114,0,-1,-1,920,41,0
1115,0,-1,577,921,41,0
1116,0,-1,577,922,-1,0
1117,0,-1,578,923,41,0
1118,0,-1,579,924,41,0
1119,0,-1,-1,925,41,0
1120,0,-1,579,926,41,0
1121,0,-1,580,927,41,0
1122,0,-1,581,928,41,0
1123,0,-1,-1,929,41,0
1124,0,-1,582,930,-1,0
1125,0,-1,583,931,41,0
1126,0,-1,-1,932,41,0
1127,0,-1,583,933,41,0
1128,0,-1,-1,934,41,0
1129,0,-1,584,935,41,0
1130,0,-1,-1,936,41,0
1131,0,-1,585,937,-1,0
1132,0,-1,-1,938,41,0
1133,0,-1,-1,939,41,0
1134,0,-1,-1,940,41,0
1135,0,-1,586,941,41,0
1136,0,-1,587,942,41,0
1137,0,-1,588,943,-1,0
1138,0,-1,-1,944,41,0
1139,0,-1,589,945,41,0
1140,0,-1,-1,946,41,0
1141,0,-1,590,947,41,0
1142,0,-1,591,948,41,0
1143,0,-1,591,949,41,0
1144,0,-1,591,950,41,0
1145,0,-1,-1,951,41,0
1146,0,-1,-1,952,41,0
1147,0,-1,592,953,-1,0
1148,0,-1,-1,954,42,0
1149,0,-1,-1,955,43,0
1150,0,-1,593,956,-1,0
1151,0,-1,594,957,43,0
1152,0,-1,-1,958,43,0
1153,0,-1,594,959,43,0
1154,0,-1,594,960,-1,0
1155,0,-1,-1,960,43,0
1156,0,-1,-1,960,43,0
1157,0,-1,595,961,-1,0
1158,0,-1,596,962,-1,0
1159,0,-1,597,963,43,0
1160,0,-1,597,964,43,0
1161,0,-1,-1,965,43,0
1162,0,-1,598,966,-1,0
1163,0,-1,-1,967,43,0
1164,0,-1,599,968,43,0
1165,0,-1,599,969,43,0
1166,0,-1,-1,970,43,0
1167,0,-1,600,971,43,0
1168,0,-1,601,972,43,0
1169,0,-1,-1,973,43,0
1170,0,-1,-1,974,43,0
1171,0,-1,602,975,43,0
1172,0,-1,-1,975,43,0
1173,0,-1,-1,975,43,0
1174,0,-1,603,975,43,0
1175,0,-1,603,975,43,0
1176,0,-1,-1,976,43,0
1177,0,-1,-1,977,43,0
1178,0,-1,604,978,43,0
1179,0,-1,605,979,-1,0
1180,0,-1,605,980,43,0
1181,0,-1,606,981,43,0
1182,0,-1,607,982,43,0
1183,0,-1,608,983,43,0
1184,0,-1,-1,984,43,0
1185,0,-1,-1,985,43,0
1186,0,-1,-1,986,43,0
1187,0,-1,609,987,43,0
1188,0,-1,-1,988,43,0
1189,0,-1,-1,989,43,0
1190,0,-1,-1,990,43,0
1191,0,-1,610,991,43,0
1192,0,-1,611,992,-1,0
1193,0,-1,612,993,43,0
1194,0,-1,-1,994,43,0
1195,0,-1,-1,995,43,0
1196,0,-1,613,996,-1,0
1197,0,-1,-1,996,43,0
1198,0,-1,-1,997,43,0
1199,0,-1,613,998,43,0
1200,0,-1,614,999,43,0
1201,0,-1,615,1000,-1,0
1202,0,-1,616,1000,43,0
1203,0,-1,617,1001,43,0
1204,0,-1,-1,1002,-1,0
1205,0,-1,618,1003,43,0
1206,0,-1,-1,1004,43,0
1207,0,-1,619,1005,-1,0
1208,0,-1,620,1006,43,0
1209,0,-1,-1,1007,43,0
1210,0,-1,-1,1008,43,0
1211,0,-1,-1,1008,43,0
1212,0,-1,621,1009,43,0
1213,0,-1,-1,1010,43,0
1214,0,-1,622,1010,43,0
1215,0,-1,623,1011,43,0
1216,0,-1,-1,1012,43,0
1217,0,-1,-1,1013,43,0
1218,0,-1,-1,1014,43,0
1219,0,-1,623,1014,43,0
1220,0,-1,624,1015,43,0
1221,0,-1,-1,1016,43,0
1222,0,-1,-1,1017,43,0
1223,0,-1,625,1018,43,0
1224,0,-1,-1,1018,43,0
1225,0,-1,626,1018,43,0
1226,0,-1,-1,1019,43,0
1227,0,-1,-1,1020,43,0
1228,0,-1,627,1021,43,0
1229,0,-1,-1,1022,43,0
1230,0,-1,628,1023,43,0
1231,0,-1,628,1024,43,0
1232,0,-1,629,1025,44,0
1233,0,-1,-1,1025,45,0
1234,0,-1,-1,1026,45,0
1235,0,-1,629,1027,-1,0
1236,0,-1,630,1028,45,0
1237,0,-1,-1,1029,45,0
1238,0,-1,630,1030,45,0
1239,0,-1,-1,1031,45,0
1240,0,-1,-1,1032,45,0
1241,0,-1,631,1033,45,0
1242,0,-1,632,1034,45,0
1243,0,-1,633,1035,45,0
1244,0,-1,-1,1035,45,0
1245,0,-1,-1,1036,45,0
1246,0,-1,-1,1036,45,0
1247,0,-1,633,1037,45,0
1248,0,-1,633,1038,45,0
1249,0,-1,634,1039,45,0
1250,0,-1,-1,1040,46,0
1251,0,-1,635,1041,47,0
1252,0,-1,636,1042,47,0
1253,0,-1,637,1043,47,0
1254,0,-1,-1,1044,47,0
1255,0,-1,638,1045,47,0
1256,0,-1,639,1046,47,0
1257,0,-1,640,1047,47,0
1258,0,-1,-1,1048,47,0
1259,0,-1,-1,1049,47,0
1260,0,-1,641,1050,-1,0
1261,0,-1,-1,1050,47,0
1262,0,-1,642,1051,47,0
1263,0,-1,643,1052,-1,0
1264,0,-1,644,1053,47,0
1265,0,-1,645,1053,47,0
1266,0,-1,-1,1054,47,0
1267,0,-1,646,1055,47,0
1268,0,-1,647,1056,47,0
1269,0,-1,648,1057,-1,0
1270,0,-1,-1,1058,47,0
1271,0,-1,649,1059,-1,0
1272,0,-1,650,1060,-1,0
1273,0,-1,-1,1061,47,0
1274,0,-1,651,1062,47,0
1275,0,-1,-1,1063,47,0
1276,0,-1,-1,1063,47,0
1277,0,-1,652,1063,47,0
1278,0,-1,653,1064,47,0
1279,0,-1,653,1065,47,0
1280,0,-1,654,1066,47,0
1281,0,-1,655,1067,47,0
1282,0,-1,655,1068,47,0
1283,0,-1,656,1069,47,0
1284,0,-1,657,1069,47,0
1285,0,-1,658,1069,47,0
1286,0,-1,658,1069,47,0
1287,0,-1,659,1069,47,0
1288,0,-1,660,1069,47,0
1289,0,-1,661,1070,47,0
1290,0,-1,-1,1071,47,0
1291,0,-1,-1,1072,47,0
1292,0,-1,662,1073,47,0
1293,0,-1,663,1074,47,0
1294,0,-1,-1,1075,47,0
1295,0,-1,664,1076,47,0
1296,0,-1,665,1077,47,0
1297,0,-1,666,1078,47,0
1298,0,-1,666,1079,47,0
1299,0,-1,-1,1079,47,0
1300,0,-1,667,1080,47,0
1301,0,-1,-1,1080,47,0
1302,0,-1,668,1081,-1,0
1303,0,-1,668,1082,47,0
1304,0,-1,669,1083,47,0
1305,0,-1,669,1084,47,0
1306,0,-1,-1,1085,47,0
1307,0,-1,-1,1086,47,0
1308,0,-1,-1,1087,47,0
1309,0,-1,670,1088,47,0
1310,0,-1,671,1089,-1,0
1311,0,-1,-1,1090,47,0
1312,0,-1,-1,1091,47,0
1313,0,-1,-1,1092,47,0
1314,0,-1,672,1093,47,0
1315,0,-1,-1,1094,47,0
1316,0,-1,673,1095,-1,0
1317,0,-1,-1,1096,47,0
1318,0,-1,674,1096,47,0
1319,0,-1,-1,1097,47,0
1320,0,-1,675,1098,47,0
1321,0,-1,676,1099,47,0
1322,0,-1,-1,1100,47,0
1323,0,-1,677,1101,47,0
1324,0,-1,678,1102,47,0
1325,0,-1,678,1103,-1,0
1326,0,-1,679,1104,47,0
1327,0,-1,-1,1104,47,0
1328,0,-1,680,1105,47,0
1329,0,-1,-1,1106,47,0
1330,0,-1,-1,1107,47,0
1331,0,-1,681,1108,47,0
1332,0,-1,682,1109,47,0
1333,0,-1,683,1110,-1,0
1334,0,-1,684,1110,47,0
1335,0,-1,-1,1111,47,0
1336,0,-1,-1,1112,47,0
1337,0,-1,-1,1113,47,0
1338,0,-1,685,1114,47,0
1339,0,-1,686,1115,47,0
1340,0,-1,-1,1116,47,0
1341,0,-1,687,1116,47,0
1342,0,-1,-1,1116,47,0
1343,0,-1,-1,1116,47,0
1344,0,-1,687,1116,47,0
1345,0,-1,687,1116,47,0
1346,0,-1,-1,1117,47,0
1347,0,-1,688,1118,-1,0
1348,0,-1,689,1119,-1,0
1349,0,-1,690,1120,47,0
1350,0,-1,-1,1121,47,0
1351,0,-1,691,1122,47,0
1352,0,-1,691,1123,-1,0
1353,0,-1,-1,1123,47,0
1354,0,-1,691,1123,47,0
1355,0,-1,692,1123,47,0
1356,0,-1,693,1123,-1,0
1357,0,-1,694,1124,47,0
1358,0,-1,694,1125,47,0
1359,0,-1,-1,1126,47,0
1360,0,-1,-1,1127,47,0
1361,0,-1,-1,1127,47,0
1362,0,-1,694,1127,47,0
1363,0,-1,695,1128,47,0
1364,0,-1,-1,1129,47,0
1365,0,-1,-1,1130,47,0
1366,0,-1,696,1131,47,0
1367,0,-1,697,1131,47,0
1368,0,-1,-1,1131,47,0
1369,0,-1,697,1132,47,0
1370,0,-1,698,1133,47,0
1371,0,-1,699,1134,-1,0
1372,0,-1,700,1135,47,0
1373,0,-1,701,1136,-1,0
1374,0,-1,-1,1137,47,0
1375,0,-1,-1,1138,47,0
1376,0,-1,702,1139,47,0
1377,0,-1,-1,1140,47,0
1378,0,-1,-1,1141,47,0
1379,0,-1,-1,1142,47,0
1380,0,-1,-1,1142,47,0
1381,0,-1,703,1143,47,0
1382,0,-1,-1,1144,48,0
1383,0,-1,704,1145,49,0
1384,0,-1,705,1146,49,0
1385,0,-1,706,1147,49,0
1386,0,-1,707,1148,49,0
1387,0,-1,707,1149,49,0
1388,0,-1,708,1149,-1,0
1389,0,-1,709,1150,49,0
1390,0,-1,710,1151,49,0
1391,0,-1,-1,1152,49,0
1392,0,-1,711,1153,49,0
1393,0,-1,712,1154,-1,0
1394,0,-1,713,1154,49,0
1395,0,-1,-1,1154,49,0
1396,0,-1,-1,1154,49,0
1397,0,-1,714,1155,49,0
1398,0,-1,-1,1156,49,0
1399,0,-1,715,1157,49,0
1400,0,-1,716,1158,49,0
1401,0,-1,716,1159,49,0
1402,0,-1,-1,1160,49,0
1403,0,-1,-1,1161,49,0
1404,0,-1,717,1162,49,0
1405,0,-1,-1,1163,49,0
1406,0,-1,717,1164,49,0
1407,0,-1,-1,1164,49,0
1408,0,-1,-1,1164,50,0
1409,0,-1,-1,1164,51,0
1410,0,-1,718,1164,51,0
1411,0,-1,719,1164,-1,0
1412,0,-1,-1,1164,51,0
1413,0,-1,720,1165,51,0
1414,0,-1,721,1166,51,0
1415,0,-1,-1,1166,51,0
1416,0,-1,-1,1167,51,0
1417,0,-1,722,1167,51,0
1418,0,-1,723,1168,51,0
1419,0,-1,724,1168,-1,0
1420,0,-1,-1,1169,52,0
1421,0,-1,725,1170,-1,0
1422,0,-1,726,1171,53,0
1423,0,-1,727,1172,53,0
1424,0,-1,728,1173,53,0
1425,0,-1,-1,1174,53,0
1426,0,-1,729,1175,53,0
1427,0,-1,730,1176,53,0
1428,0,-1,731,1177,53,0
1429,0,-1,-1,1178,53,0
1430,0,-1,732,1179,53,0
1431,0,-1,733,1180,53,0
1432,0,-1,-1,1181,53,0
1433,0,-1,734,1182,53,0
1434,0,-1,735,1183,53,0
1435,0,-1,-1,1184,53,0
1436,0,-1,736,1185,53,0
1437,0,-1,-1,1186,53,0
1438,0,-1,-1,1187,53,0
1439,0,-1,737,1188,-1,0
1440,0,-1,738,1189,53,0
1441,0,-1,-1,1189,53,0
1442,0,-1,-1,1189,53,0
1443,0,-1,739,1190,53,0
1444,0,-1,740,1191,-1,0
1445,0,-1,741,1192,53,0
1446,0,-1,742,1192,53,0
1447,0,-1,743,1193,53,0
1448,0,-1,-1,1194,53,0
1449,0,-1,744,1195,53,0
1450,0,-1,745,1195,53,0
1451,0,-1,746,1196,53,0
1452,0,-1,747,1197,53,0
1453,0,-1,-1,1198,53,0
1454,0,-1,-1,1199,53,0
1455,0,-1,748,1199,53,0
1456,0,-1,749,1199,-1,0
1457,0,-1,750,1200,53,0
1458,0,-1,751,1201,53,0
1459,0,-1,752,1202,-1,0
1460,0,-1,753,1203,53,0
1461,0,-1,-1,1203,53,0
1462,0,-1,754,1204,53,0
1463,0,-1,755,1205,-1,0
1464,0,-1,756,1206,53,0
1465,0,-1,757,1207,-1,0
1466,0,-1,-1,1207,53,0
1467,0,-1,758,1208,53,0
1468,0,-1,759,1209,53,0
1469,0,-1,760,1210,53,0
1470,0,-1,761,1210,53,0
1471,0,-1,-1,1211,53,0
1472,0,-1,762,1212,-1,0
1473,0,-1,763,1213,53,0
1474,0,-1,764,1214,-1,0
1475,0,-1,-1,1215,53,0
1476,0,-1,765,1216,-1,0
1477,0,-1,766,1217,53,0
1478,0,-1,767,1218,-1,0
1479,0,-1,768,1219,53,0
1480,0,-1,769,1220,53,0
1481,0,-1,-1,1221,53,0
1482,0,-1,-1,1221,53,0
1483,0,-1,770,1221,53,0
1484,0,-1,771,1222,-1,0
1485,0,-1,772,1223,53,0
1486,0,-1,772,1224,53,0
1487,0,-1,-1,1225,53,0
1488,0,-1,773,1226,53,0
1489,0,-1,774,1227,53,0
1490,0,-1,775,1228,-1,0
1491,0,-1,-1,1228,53,0
1492,0,-1,776,1229,53,0
1493,0,-1,777,1230,53,0
1494,0,-1,-1,1231,53,0
1495,0,-1,-1,1232,53,0
1496,0,-1,777,1233,-1,0
1497,0,-1,777,1234,53,0
1498,0,-1,-1,1234,53,0
1499,0,-1,-1,1235,53,0
1500,0,-1,-1,1236,53,0
1501,0,-1,777,1237,53,0
1502,0,-1,778,1238,53,0
1503,0,-1,-1,1239,53,0
1504,0,-1,779,1240,53,0
1505,0,-1,780,1241,53,0
1506,0,-1,781,1242,53,0
1507,0,-1,-1,1243,53,0
1508,0,-1,782,1243,53,0
1509,0,-1,782,1244,53,0
1510,0,-1,783,1245,53,0
1511,0,-1,-1,1246,53,0
1512,0,-1,784,1246,53,0
1513,0,-1,-1,1247,53,0
1514,0,-1,-1,1248,54,0
1515,0,-1,785,1248,55,0
1516,0,-1,786,1248,55,0
1517,0,-1,786,1249,55,0
1518,0,-1,787,1250,55,0
1519,0,-1,-1,1251,55,0
1520,0,-1,788,1252,55,0
1521,0,-1,-1,1253,55,0
1522,0,-1,789,1254,55,0
1523,0,-1,-1,1255,55,0
1524,0,-1,790,1256,-1,0
1525,0,-1,791,1257,55,0
1526,0,-1,792,1258,-1,0
1527,0,-1,-1,1259,55,0
1528,0,-1,-1,1260,55,0
1529,0,-1,793,1261,-1,0
1530,0,-1,794,1262,55,0
1531,0,-1,795,1263,55,0
1532,0,-1,796,1264,56,0
1533,0,-1,797,1265,57,0
1534,0,-1,-1,1265,57,0
1535,0,-1,798,1266,-1,0
1536,0,-1,-1,1267,57,0
1537,0,-1,799,1268,57,0
1538,0,-1,800,1269,57,0
1539,0,-1,801,1270,57,0
1540,0,-1,802,1271,57,0
1541,0,-1,803,1272,-1,0
1542,0,-1,-1,1273,57,0
1543,0,-1,804,1274,57,0
1544,0,-1,805,1275,57,0
1545,0,-1,806,1276,-1,0
1546,0,-1,-1,1277,57,0
1547,0,-1,807,1278,57,0
1548,0,-1,808,1279,57,0
1549,0,-1,-1,1280,57,0
1550,0,-1,-1,1281,57,0
1551,0,-1,-1,1282,57,0
1552,0,-1,809,1283,57,0
1553,0,-1,810,1284,57,0
1554,0,-1,811,1285,57,0
1555,0,-1,-1,1286,57,0
1556,0,-1,-1,1286,57,0
1557,0,-1,812,1286,-1,0
1558,0,-1,-1,1287,57,0
1559,0,-1,-1,1288,57,0
1560,0,-1,813,1289,57,0
1561,0,-1,814,1290,-1,0
1562,0,-1,-1,1290,58,0
1563,0,-1,815,1291,59,0
1564,0,-1,-1,1292,59,0
1565,0,-1,816,1293,59,0
1566,0,-1,817,1294,59,0
1567,0,-1,818,1295,59,0
1568,0,-1,819,1295,59,0
1569,0,-1,820,1295,59,0
1570,0,-1,821,1296,59,0
1571,0,-1,821,1297,-1,0
1572,0,-1,-1,1298,59,0
1573,0,-1,822,1299,59,0
1574,0,-1,-1,1300,59,0
1575,0,-1,823,1301,59,0
1576,0,-1,-1,1302,59,0
1577,0,-1,-1,1303,59,0
1578,0,-1,-1,1304,59,0
1579,0,-1,824,1305,59,0
1580,0,-1,824,1306,59,0
1581,0,-1,-1,1307,59,0
1582,0,-1,825,1308,59,0
1583,0,-1,826,1309,59,0
1584,0,-1,826,1309,59,0
1585,0,-1,-1,1310,59,0
1586,0,-1,827,1311,59,0
1587,0,-1,-1,1312,59,0
1588,0,-1,828,1313,59,0
1589,0,-1,829,1314,59,0
1590,0,-1,-1,1315,59,0
1591,0,-1,-1,1316,59,0
1592,0,-1,829,1317,59,0
1593,0,-1,830,1317,59,0
1594,0,-1,-1,1318,59,0
1595,0,-1,-1,1319,59,0
1596,0,-1,831,1320,-1,0
1597,0,-1,832,1321,59,0
1598,0,-1,833,1322,-1,0
1599,0,-1,834,1323,59,0
1600,0,-1,835,1323,59,0
1601,0,-1,836,1323,59,0
1602,0,-1,836,1323,59,0
1603,0,-1,-1,1324,60,0
1604,0,-1,837,1325,-1,0
1605,0,-1,-1,1326,61,0
1606,0,-1,838,1327,61,0
1607,0,-1,839,1328,61,0
1608,0,-1,-1,1329,61,0
1609,0,-1,840,1330,61,0
1610,0,-1,841,1331,-1,0
1611,0,-1,842,1332,-1,0
1612,0,-1,843,1333,61,0
1613,0,-1,-1,1333,61,0
1614,0,-1,844,1334,61,0
1615,0,-1,-1,1335,61,0
1616,0,-1,-1,1335,61,0
1617,0,-1,845,1336,61,0
1618,0,-1,-1,1336,61,0
1619,0,-1,846,1337,61,0
1620,0,-1,-1,1337,61,0
1621,0,-1,847,1338,61,0
1622,0,-1,-1,1339,61,0
1623,0,-1,848,1340,61,0
1624,0,-1,849,1341,61,0
1625,0,-1,850,1342,61,0
1626,0,-1,851,1343,61,0
1627,0,-1,-1,1344,61,0
1628,0,-1,-1,1345,61,0
1629,0,-1,-1,1346,61,0
1630,0,-1,851,1347,61,0
1631,0,-1,-1,1348,61,0
1632,0,-1,852,1349,61,0
1633,0,-1,853,1350,61,0
1634,0,-1,853,1350,61,0
1635,0,-1,854,1351,61,0
1636,0,-1,855,1352,61,0
1637,0,-1,856,1353,61,0
1638,0,-1,857,1353,61,0
1639,0,-1,858,1354,61,0
1640,0,-1,859,1355,61,0
1641,0,-1,-1,1356,61,0
1642,0,-1,860,1357,-1,0
1643,0,-1,861,1358,61,0
1644,0,-1,862,1359,-1,0
1645,0,-1,-1,1360,61,0
1646,0,-1,-1,1360,61,0
1647,0,-1,-1,1361,61,0
1648,0,-1,863,1362,61,0
1649,0,-1,864,1362,61,0
1650,0,-1,865,1363,62,0
1651,0,-1,866,1364,63,0
1652,0,-1,867,1365,-1,0
1653,0,-1,868,1366,-1,0
1654,0,-1,869,1367,63,0
1655,0,-1,-1,1368,63,0
1656,0,-1,870,1369,63,0
1657,0,-1,-1,1370,63,0
1658,0,-1,871,1371,64,0
1659,0,-1,-1,1372,65,0
1660,0,-1,872,1373,65,0
1661,0,-1,872,1374,65,0
1662,0,-1,873,1375,65,0
1663,0,-1,874,1375,65,0
1664,0,-1,875,1375,-1,0
1665,0,-1,876,1376,-1,0
1666,0,-1,877,1377,65,0
1667,0,-1,-1,1378,65,0
1668,0,-1,-1,1379,65,0
1669,0,-1,878,1380,65,0
1670,0,-1,879,1380,65,0
1671,0,-1,880,1381,65,0
1672,0,-1,-1,1382,65,0
1673,0,-1,881,1382,65,0
1674,0,-1,-1,1383,65,0
1675,0,-1,-1,1384,65,0
1676,0,-1,881,1385,65,0
1677,0,-1,882,1385,65,0
1678,0,-1,883,1386,65,0
1679,0,-1,884,1387,-1,0
1680,0,-1,-1,1388,65,0
1681,0,-1,885,1389,65,0
1682,0,-1,-1,1390,65,0
1683,0,-1,-1,1391,65,0
1684,0,-1,-1,1392,65,0
1685,0,-1,-1,1393,65,0
1686,0,-1,885,1394,65,0
1687,0,-1,-1,1395,65,0
1688,0,-1,-1,1396,65,0
1689,0,-1,886,1396,-1,0
1690,0,-1,-1,1397,65,0
1691,0,-1,-1,1397,65,0
1692,0,-1,-1,1398,65,0
1693,0,-1,887,1398,65,0
1694,0,-1,888,1398,65,0
1695,0,-1,-1,1399,65,0
1696,0,-1,-1,1400,65,0
1697,0,-1,-1,1401,65,0
1698,0,-1,-1,1402,65,0
1699,0,-1,889,1403,65,0
1700,0,-1,890,1404,-1,0
1701,0,-1,891,1405,65,0
1702,0,-1,-1,1405,65,0
1703,0,-1,892,1406,-1,0
1704,0,-1,-1,1407,65,0
1705,0,-1,-1,1408,65,0
1706,0,-1,892,1409,-1,0
1707,0,-1,-1,1410,65,0
1708,0,-1,893,1411,65,0
1709,0,-1,894,1412,65,0
1710,0,-1,-1,1413,65,0
1711,0,-1,-1,1414,65,0
1712,0,-1,895,1415,65,0
1713,0,-1,-1,1415,65,0
1714,0,-1,896,1416,65,0
1715,0,-1,897,1417,65,0
1716,0,-1,-1,1418,65,0
1717,0,-1,-1,1419,65,0
1718,0,-1,898,1420,65,0
1719,0,-1,898,1421,65,0
1720,0,-1,-1,1422,65,0
1721,0,-1,-1,1423,65,0
1722,0,-1,-1,1424,65,0
1723,0,-1,-1,1425,65,0
1724,0,-1,-1,1426,65,0
1725,0,-1,-1,1427,65,0
1726,0,-1,899,1428,65,0
1727,0,-1,900,1429,65,0
1728,0,-1,901,1430,65,0
1729,0,-1,902,1431,65,0
1730,0,-1,-1,1432,65,0
1731,0,-1,-1,1433,65,0
1732,0,-1,-1,1434,65,0
1733,0,-1,903,1435,65,0
1734,0,-1,904,1436,65,0
1735,0,-1,905,1437,65,0
1736,0,-1,905,1437,65,0
1737,0,-1,906,1438,65,0
1738,0,-1,907,1439,65,0
1739,0,-1,908,1440,65,0
1740,0,-1,909,1441,65,0
1741,0,-1,-1,1442,65,0
1742,0,-1,910,1443,65,0
1743,0,-1,911,1444,65,0
1744,0,-1,912,1445,65,0
1745,0,-1,-1,1446,65,0
1746,0,-1,913,1447,-1,0
1747,0,-1,914,1448,65,0
1748,0,-1,915,1448,65,0
1749,0,-1,-1,1449,65,0
1750,0,-1,-1,1450,65,0
1751,0,-1,-1,1450,65,0
1752,0,-1,916,1451,-1,0
1753,0,-1,-1,1452,65,0
1754,0,-1,916,1453,-1,0
1755,0,-1,917,1454,65,0
1756,0,-1,918,1455,-1,0
1757,0,-1,919,1456,65,0
1758,0,-1,-1,1457,65,0
1759,0,-1,920,1458,65,0
1760,0,-1,921,1459,-1,0
1761,0,-1,921,1460,-1,0
1762,0,-1,922,1461,65,0
1763,0,-1,923,1462,65,0
1764,0,-1,-1,1462,65,0
1765,0,-1,924,1462,65,0
1766,0,-1,925,1463,65,0
1767,0,-1,-1,1464,65,0
1768,0,-1,-1,1464,65,0
1769,0,-1,926,1465,65,0
1770,0,-1,-1,1466,65,0
1771,0,-1,-1,1467,65,0
1772,0,-1,927,1468,65,0
1773,0,-1,-1,1469,65,0
1774,0,-1,927,1469,65,0
1775,0,-1,-1,1470,65,0
1776,0,-1,928,1471,65,0
1777,0,-1,-1,1472,65,0
1778,0,-1,-1,1473,65,0
1779,0,-1,929,1474,65,0
1780,0,-1,-1,1475,65,0
1781,0,-1,930,1476,65,0
1782,0,-1,-1,1477,65,0
1783,0,-1,-1,1478,65,0
1784,0,-1,930,1479,65,0
1785,0,-1,-1,1480,65,0
1786,0,-1,-1,1481,65,0
1787,0,-1,931,1482,65,0
1788,0,-1,932,1483,65,0
1789,0,-1,-1,1484,65,0
1790,0,-1,932,1485,65,0
1791,0,-1,-1,1486,65,0
1792,0,-1,933,1487,65,0
1793,0,-1,-1,1487,65,0
1794,0,-1,934,1488,-1,0
1795,0,-1,-1,1489,65,0
1796,0,-1,935,1490,65,0
1797,0,-1,936,1491,65,0
1798,0,-1,937,1492,65,0
1799,0,-1,-1,1493,65,0
1800,0,-1,938,1493,65,0
1801,0,-1,939,1494,65,0
1802,0,-1,939,1495,66,0
1803,0,-1,940,1496,-1,0
1804,0,-1,941,1497,67,0
1805,0,-1,942,1497,67,0
1806,0,-1,943,1498,68,0
1807,0,-1,-1,1499,69,0
1808,0,-1,-1,1500,69,0
1809,0,-1,-1,1501,69,0
1810,0,-1,944,1502,69,0
1811,0,-1,945,1503,69,0
1812,0,-1,946,1504,69,0
1813,0,-1,-1,1504,69,0
1814,0,-1,947,1505,69,0
1815,0,-1,-1,1506,69,0
1816,0,-1,948,1507,69,0
1817,0,-1,949,1508,69,0
1818,0,-1,-1,1509,69,0
1819,0,-1,950,1510,69,0
1820,0,-1,-1,1511,69,0
1821,0,-1,950,1512,69,0
1822,0,-1,950,1513,-1,0
1823,0,-1,951,1514,69,0
1824,0,-1,952,1515,69,0
1825,0,-1,953,1516,69,0
1826,0,-1,-1,1517,69,0
1827,0,-1,953,1518,69,0
1828,0,-1,954,1519,69,0
1829,0,-1,-1,1520,69,0
1830,0,-1,955,1521,69,0
1831,0,-1,956,1522,69,0
1832,0,-1,956,1522,69,0
1833,0,-1,-1,1523,69,0
1834,0,-1,-1,1524,69,0
1835,0,-1,957,1525,-1,0
1836,0,-1,958,1525,-1,0
1837,0,-1,959,1526,69,0
1838,0,-1,-1,1527,69,0
1839,0,-1,-1,1528,69,0
1840,0,-1,960,1529,69,0
1841,0,-1,961,1530,69,0
1842,0,-1,962,1531,69,0
1843,0,-1,-1,1532,69,0
1844,0,-1,-1,1533,69,0
1845,0,-1,963,1534,69,0
1846,0,-1,964,1535,69,0
1847,0,-1,965,1536,69,0
1848,0,-1,-1,1537,69,0
1849,0,-1,966,1537,69,0
1850,0,-1,966,1538,-1,0
1851,0,-1,967,1538,69,0
1852,0,-1,-1,1539,69,0
1853,0,-1,968,1540,69,0
1854,0,-1,-1,1541,69,0
1855,0,-1,-1,1541,69,0
1856,0,-1,-1,1542,69,0
1857,0,-1,969,1543,69,0
1858,0,-1,970,1544,69,0
1859,0,-1,-1,1545,69,0
1860,0,-1,971,1545,69,0
1861,0,-1,971,1546,69,0
1862,0,-1,972,1547,69,0
1863,0,-1,973,1547,69,0
1864,0,-1,973,1548,69,0
1865,0,-1,973,1549,69,0
1866,0,-1,974,1550,69,0
1867,0,-1,974,1551,69,0
1868,0,-1,-1,1552,69,0
1869,0,-1,-1,1553,69,0
1870,0,-1,975,1553,-1,0
1871,0,-1,976,1554,69,0
1872,0,-1,977,1555,69,0
1873,0,-1,-1,1556,69,0
1874,0,-1,978,1557,69,0
1875,0,-1,979,1558,69,0
1876,0,-1,-1,1559,69,0
1877,0,-1,980,1560,69,0
1878,0,-1,981,1561,69,0
1879,0,-1,-1,1562,69,0
1880,0,-1,982,1563,-1,0
1881,0,-1,-1,1564,69,0
1882,0,-1,983,1565,69,0
1883,0,-1,984,1566,69,0
1884,0,-1,-1,1567,69,0
1885,0,-1,985,1568,-1,0
1886,0,-1,-1,1569,69,0
1887,0,-1,986,1569,69,0
1888,0,-1,987,1569,69,0
1889,0,-1,988,1570,-1,0
1890,0,-1,-1,1570,69,0
1891,0,-1,-1,1571,70,0
1892,0,-1,989,1572,71,0
1893,0,-1,990,1572,71,0
1894,0,-1,-1,1573,71,0
1895,0,-1,991,1574,71,0
1896,0,-1,-1,1575,71,0
1897,0,-1,992,1576,71,0
1898,0,-1,993,1577,71,0
1899,0,-1,994,1578,71,0
1900,0,-1,995,1578,71,0
1901,0,-1,996,1579,71,0
1902,0,-1,-1,1580,71,0
1903,0,-1,-1,1580,71,0
1904,0,-1,997,1581,71,0
1905,0,-1,-1,1582,71,0
1906,0,-1,997,1582,-1,0
1907,0,-1,-1,1582,71,0
1908,0,-1,998,1582,71,0
1909,0,-1,999,1583,71,0
1910,0,-1,-1,1584,71,0
1911,0,-1,1000,1585,71,0
1912,0,-1,-1,1585,71,0
1913,0,-1,-1,1585,71,0
1914,0,-1,1001,1586,-1,0
1915,0,-1,-1,1587,71,0
1916,0,-1,-1,1588,71,0
1917,0,-1,-1,1589,71,0
1918,0,-1,-1,1590,71,0
1919,0,-1,1002,1591,71,0
1920,0,-1,1003,1592,71,0
1921,0,-1,-1,1593,71,0
1922,0,-1,1004,1593,-1,0
1923,0,-1,1005,1594,71,0
1924,0,-1,-1,1595,71,0
1925,0,-1,-1,1596,71,0
1926,0,-1,1006,1597,71,0
1927,0,-1,1007,1598,71,0
1928,0,-1,1008,1599,71,0
1929,0,-1,1009,1600,71,0
1930,0,-1,1010,1601,71,0
1931,0,-1,1011,1602,-1,0
1932,0,-1,1012,1603,71,0
1933,0,-1,-1,1604,71,0
1934,0,-1,-1,1605,71,0
1935,0,-1,1012,1606,-1,0
1936,0,-1,-1,1607,71,0
1937,0,-1,1013,1608,71,0
1938,0,-1,-1,1609,71,0
1939,0,-1,-1,1610,71,0
1940,0,-1,1014,1611,71,0
1941,0,-1,1015,1612,72,0
1942,0,-1,1016,1613,73,0
1943,0,-1,1017,1614,73,0
1944,0,-1,1018,1614,73,0
1945,0,-1,1018,1614,-1,0
1946,0,-1,-1,1615,73,0
1947,0,-1,1018,1616,73,0
1948,0,-1,-1,1617,73,0
1949,0,-1,1019,1617,73,0
1950,0,-1,1020,1618,73,0
1951,0,-1,1021,1619,-1,0
1952,0,-1,1021,1620,73,0
1953,0,-1,-1,1621,73,0
1954,0,-1,1022,1622,73,0
1955,0,-1,-1,1622,73,0
1956,0,-1,-1,1622,73,0
1957,0,-1,1023,1623,73,0
1958,0,-1,1024,1624,73,0
1959,0,-1,1025,1625,-1,0
1960,0,-1,1026,1626,73,0
1961,0,-1,1026,1627,73,0
1962,0,-1,1027,1627,73,0
1963,0,-1,1028,1628,73,0
1964,0,-1,1029,1629,-1,0
1965,0,-1,1030,1630,-1,0
1966,0,-1,-1,1631,73,0
1967,0,-1,1031,1632,73,0
1968,0,-1,1032,1633,73,0
1969,0,-1,1033,1634,73,0
1970,0,-1,1034,1634,73,0
1971,0,-1,1034,1635,73,0
1972,0,-1,-1,1636,73,0
1973,0,-1,-1,1637,73,0
1974,0,-1,1035,1637,73,0
1975,0,-1,1035,1638,73,0
1976,0,-1,1035,1639,73,0
1977,0,-1,-1,1640,73,0
1978,0,-1,-1,1641,74,0
1979,0,-1,1036,1642,75,0
1980,0,-1,1036,1643,75,0
1981,0,-1,1037,1644,75,0
1982,0,-1,1038,1645,75,0
1983,0,-1,1038,1646,75,0
1984,0,-1,-1,1647,75,0
1985,0,-1,1038,1648,75,0
1986,0,-1,1039,1649,75,0
1987,0,-1,1039,1649,75,0
1988,0,-1,1040,1650,75,0
1989,0,-1,1041,1651,75,0
1990,0,-1,1042,1652,75,0
1991,0,-1,1043,1653,-1,0
1992,0,-1,1044,1654,75,0
1993,0,-1,1045,1655,75,0
1994,0,-1,1046,1655,75,0
1995,0,-1,-1,1656,75,0
1996,0,-1,-1,1657,75,0
1997,0,-1,-1,1658,75,0
1998,0,-1,1047,1659,75,0
1999,0,-1,1047,1660,75,0
2000,0,-1,1048,1661,75,0
2001,0,-1,1049,1662,75,0
2002,0,-1,-1,1662,75,0
2003,0,-1,1050,1663,-1,0
2004,0,-1,-1,1663,75,0
2005,0,-1,-1,1663,75,0
2006,0,-1,1051,1664,75,0
2007,0,-1,1052,1665,75,0
2008,0,-1,1053,1666,75,0
2009,0,-1,-1,1667,75,0
2010,0,-1,-1,1668,75,0
2011,0,-1,1054,1669,-1,0
2012,0,-1,1055,1670,75,0
2013,0,-1,-1,1671,75,0
2014,0,-1,1056,1672,75,0
2015,0,-1,-1,1673,75,0
2016,0,-1,1056,1674,75,0
2017,0,-1,1056,1675,75,0
2018,0,-1,1057,1676,-1,0
2019,0,-1,-1,1677,75,0
2020,0,-1,1058,1678,75,0
2021,0,-1,1059,1679,-1,0
2022,0,-1,-1,1680,75,0
2023,0,-1,-1,1681,75,0
2024,0,-1,-1,1682,75,0
2025,0,-1,-1,1683,75,0
2026,0,-1,-1,1684,75,0
2027,0,-1,1060,1685,-1,0
2028,0,-1,-1,1686,75,0
2029,0,-1,1061,1687,75,0
2030,0,-1,-1,1688,75,0
2031,0,-1,1062,1689,75,0
2032,0,-1,-1,1690,75,0
2033,0,-1,-1,1691,75,0
2034,0,-1,1063,1692,75,0
2035,0,-1,1064,1693,75,0
2036,0,-1,-1,1694,75,0
2037,0,-1,-1,1695,75,0
2038,0,-1,1065,1696,75,0
2039,0,-1,1066,1697,75,0
2040,0,-1,1067,1698,75,0
2041,0,-1,1068,1699,75,0
2042,0,-1,1069,1700,75,0
2043,0,-1,1070,1701,75,0
2044,0,-1,-1,1702,75,0
2045,0,-1,1071,1703,75,0
2046,0,-1,1072,1704,75,0
2047,0,-1,1073,1705,75,0
2048,0,-1,-1,1706,75,0
2049,0,-1,-1,1707,75,0
2050,0,-1,-1,1708,75,0
2051,0,-1,-1,1709,75,0
2052,0,-1,-1,1710,75,0
2053,0,-1,1073,1711,75,0
2054,0,-1,1074,1712,75,0
2055,0,-1,-1,1713,75,0
2056,0,-1,-1,1714,75,0
2057,0,-1,1075,1715,75,0
2058,0,-1,-1,1715,75,0
2059,0,-1,-1,1716,75,0
2060,0,-1,1076,1717,75,0
2061,0,-1,1077,1718,75,0
2062,0,-1,1078,1719,75,0
2063,0,-1,1079,1720,75,0
2064,0,-1,1080,1721,75,0
2065,0,-1,-1,1722,75,0
2066,0,-1,1081,1723,75,0
2067,0,-1,1082,1724,75,0
2068,0,-1,1083,1725,75,0
2069,0,-1,-1,1726,75,0
2070,0,-1,-1,1726,75,0
2071,0,-1,1084,1727,-1,0
2072,0,-1,1085,1728,-1,0
2073,0,-1,-1,1729,75,0
2074,0,-1,-1,1730,76,0
2075,0,-1,1086,1731,77,0
2076,0,-1,1087,1732,77,0
2077,0,-1,1088,1733,77,0
2078,0,-1,1089,1734,77,0
2079,0,-1,1090,1735,-1,0
2080,0,-1,-1,1736,77,0
2081,0,-1,1091,1737,77,0
2082,0,-1,1092,1738,77,0
2083,0,-1,1093,1739,77,0
2084,0,-1,-1,1740,77,0
2085,0,-1,1094,1741,77,0
2086,0,-1,-1,1742,77,0
2087,0,-1,-1,1743,77,0
2088,0,-1,1095,1743,77,0
2089,0,-1,-1,1743,77,0
2090,0,-1,1095,1744,77,0
2091,0,-1,-1,1745,77,0
2092,0,-1,1096,1746,77,0
2093,0,-1,-1,1747,77,0
2094,0,-1,-1,1748,77,0
2095,0,-1,-1,1749,77,0
2096,0,-1,1097,1749,77,0
2097,0,-1,-1,1750,77,0
2098,0,-1,-1,1751,77,0
2099,0,-1,-1,1752,77,0
2100,0,-1,-1,1753,77,0
2101,0,-1,1098,1754,77,0
2102,0,-1,1099,1755,-1,0
2103,0,-1,1100,1756,-1,0
2104,0,-1,1101,1757,-1,0
2105,0,-1,-1,1758,77,0
2106,0,-1,1102,1758,77,0
2107,0,-1,-1,1759,77,0
2108,0,-1,-1,1760,77,0
2109,0,-1,-1,1761,77,0
2110,0,-1,-1,1762,77,0
2111,0,-1,1102,1763,-1,0
2112,0,-1,1103,1763,77,0
2113,0,-1,1104,1763,77,0
2114,0,-1,-1,1763,77,0
2115,0,-1,1105,1763,-1,0
2116,0,-1,1105,1764,77,0
2117,0,-1,-1,1765,77,0
2118,0,-1,1106,1766,77,0
2119,0,-1,1107,1767,77,0
2120,0,-1,-1,1768,77,0
2121,0,-1,1108,1769,77,0
2122,0,-1,1108,1770,77,0
2123,0,-1,-1,1771,77,0
2124,0,-1,1109,1772,77,0
2125,0,-1,1110,1773,77,0
2126,0,-1,1111,1774,-1,0
2127,0,-1,1112,1774,77,0
2128,0,-1,-1,1775,77,0
2129,0,-1,1113,1776,77,0
2130,0,-1,-1,1776,77,0
2131,0,-1,1114,1777,77,0
2132,0,-1,1114,1778,77,0
2133,0,-1,1115,1779,77,0
2134,0,-1,1116,1780,77,0
2135,0,-1,1117,1781,77,0
2136,0,-1,1117,1782,77,0
2137,0,-1,1118,1783,77,0
2138,0,-1,1119,1783,-1,0
2139,0,-1,1120,1784,-1,0
2140,0,-1,1121,1785,77,0
2141,0,-1,1122,1786,77,0
2142,0,-1,-1,1787,77,0
2143,0,-1,1122,1788,77,0
2144,0,-1,1123,1789,-1,0
2145,0,-1,1124,1790,77,0
2146,0,-1,-1,1791,77,0
2147,0,-1,1125,1792,77,0
2148,0,-1,1126,1792,77,0
2149,0,-1,-1,1793,78,0
2150,0,-1,1127,1794,78,0
2151,0,-1,-1,1795,79,0
2152,0,-1,1128,1796,-1,0
2153,0,-1,-1,1797,79,0
2154,0,-1,1129,1797,-1,0
2155,0,-1,1130,1798,79,0
2156,0,-1,1131,1799,79,0
2157,0,-1,1131,1800,79,0
2158,0,-1,-1,1801,79,0
2159,0,-1,-1,1802,79,0
2160,0,-1,-1,1802,79,0
2161,0,-1,-1,1803,79,0
2162,0,-1,1132,1804,79,0
2163,0,-1,1133,1804,79,0
2164,0,-1,1134,1804,-1,0
2165,0,-1,-1,1805,79,0
2166,0,-1,-1,1806,79,0
2167,0,-1,-1,1807,79,0
2168,0,-1,-1,1808,79,0
2169,0,-1,-1,1808,79,0
2170,0,-1,-1,1809,79,0
2171,0,-1,-1,1810,79,0
2172,0,-1,-1,1810,79,0
2173,0,-1,1135,1811,79,0
2174,0,-1,-1,1811,79,0
2175,0,-1,-1,1812,79,0
2176,0,-1,-1,1813,79,0
2177,0,-1,1136,1814,-1,0
2178,0,-1,1137,1815,79,0
2179,0,-1,1138,1816,79,0
2180,0,-1,-1,1817,79,0
2181,0,-1,1139,1818,79,0
2182,0,-1,-1,1819,79,0
2183,0,-1,1140,1820,79,0
2184,0,-1,-1,1820,79,0
2185,0,-1,-1,1821,79,0
2186,0,-1,-1,1821,79,0
2187,0,-1,1141,1821,79,0
2188,0,-1,1142,1822,79,0
2189,0,-1,1143,1823,79,0
2190,0,-1,-1,1824,79,0
2191,0,-1,1144,1825,79,0
2192,0,-1,1145,1826,79,0
2193,0,-1,1146,1827,79,0
2194,0,-1,1147,1828,79,0
2195,0,-1,1148,1829,-1,0
2196,0,-1,1149,1829,-1,0
2197,0,-1,1150,1830,79,0
2198,0,-1,1151,1831,-1,0
2199,0,-1,-1,1832,79,0
2200,0,-1,1152,1833,79,0
2201,0,-1,1152,1834,-1,0
2202,0,-1,1153,1835,79,0
2203,0,-1,1154,1836,79,0
2204,0,-1,1155,1837,79,0
2205,0,-1,1155,1838,-1,0
2206,0,-1,1155,1839,79,0
2207,0,-1,1156,1840,79,0
2208,0,-1,1157,1841,79,0
2209,0,-1,1158,1842,79,0
2210,0,-1,1158,1843,79,0
2211,0,-1,-1,1844,79,0
2212,0,-1,1159,1845,79,0
2213,0,-1,1159,1845,79,0
2214,0,-1,-1,1846,79,0
2215,0,-1,1160,1847,79,0
2216,0,-1,-1,1848,79,0
2217,0,-1,1161,1849,-1,0
2218,0,-1,-1,1849,79,0
2219,0,-1,1162,1850,79,0
2220,0,-1,1163,1851,79,0
2221,0,-1,-1,1852,79,0
2222,0,-1,1164,1853,79,0
2223,0,-1,1164,1854,-1,0
2224,0,-1,-1,1855,79,0
2225,0,-1,-1,1856,79,0
2226,0,-1,1165,1857,79,0
2227,0,-1,-1,1858,79,0
2228,0,-1,1166,1859,79,0
2229,0,-1,1167,1860,79,0
2230,0,-1,1168,1861,79,0
2231,0,-1,-1,1862,79,0
2232,0,-1,1169,1863,79,0
2233,0,-1,-1,1864,79,0
2234,0,-1,-1,1864,79,0
2235,0,-1,-1,1864,80,0
2236,0,-1,1170,1864,81,0
2237,0,-1,-1,1865,81,0
2238,0,-1,-1,1866,81,0
2239,0,-1,-1,1867,81,0
2240,0,-1,1170,1867,81,0
2241,0,-1,1171,1868,81,0
2242,0,-1,-1,1869,81,0
2243,0,-1,-1,1870,81,0
2244,0,-1,-1,1871,81,0
2245,0,-1,-1,1872,81,0
2246,0,-1,-1,1873,81,0
2247,0,-1,-1,1874,81,0
2248,0,-1,1172,1875,81,0
2249,0,-1,1173,1876,81,0
2250,0,-1,1173,1876,81,0
2251,0,-1,-1,1877,81,0
2252,0,-1,1174,1877,81,0
2253,0,-1,-1,1878,81,0
2254,0,-1,1175,1879,81,0
2255,0,-1,-1,1880,81,0
2256,0,-1,-1,1881,81,0
2257,0,-1,1175,1882,-1,0
2258,0,-1,-1,1883,81,0
2259,0,-1,1176,1884,81,0
2260,0,-1,1177,1885,-1,0
2261,0,-1,-1,1886,81,0
2262,0,-1,1178,1887,81,0
2263,0,-1,-1,1887,81,0
2264,0,-1,1179,1888,81,0
2265,0,-1,1180,1889,81,0
2266,0,-1,1180,1890,81,0
2267,0,-1,1181,1891,81,0
2268,0,-1,1181,1892,81,0
2269,0,-1,1182,1893,-1,0
2270,0,-1,-1,1894,81,0
2271,0,-1,-1,1895,81,0
2272,0,-1,1183,1896,81,0
2273,0,-1,-1,1897,81,0
2274,0,-1,1184,1898,81,0
2275,0,-1,1185,1899,81,0
2276,0,-1,1186,1899,81,0
2277,0,-1,1187,1900,81,0
2278,0,-1,-1,1901,81,0
2279,0,-1,1188,1902,81,0
2280,0,-1,1189,1902,81,0
2281,0,-1,1190,1903,81,0
2282,0,-1,-1,1904,81,0
2283,0,-1,-1,1905,82,0
2284,0,-1,-1,1906,83,0
2285,0,-1,-1,1907,83,0
2286,0,-1,1191,1908,-1,0
2287,0,-1,-1,1909,83,0
2288,0,-1,-1,1910,83,0
2289,0,-1,1192,1911,83,0
2290,0,-1,1193,1912,83,0
2291,0,-1,-1,1913,83,0
2292,0,-1,-1,1914,83,0
2293,0,-1,1193,1915,83,0
2294,0,-1,-1,1916,83,0
2295,0,-1,1194,1917,83,0
2296,0,-1,1195,1918,84,0
2297,0,-1,1196,1919,85,0
2298,0,-1,1196,1920,85,0
2299,0,-1,-1,1921,85,0
2300,0,-1,1197,1922,85,0
2301,0,-1,-1,1923,85,0
2302,0,-1,1198,1924,85,0
2303,0,-1,-1,1925,85,0
2304,0,-1,-1,1926,85,0
2305,0,-1,1199,1927,85,0
2306,0,-1,1200,1928,85,0
2307,0,-1,1201,1929,85,0
2308,0,-1,-1,1929,85,0
2309,0,-1,-1,1930,86,0
2310,0,-1,1202,1931,87,0
2311,0,-1,-1,1932,87,0
2312,0,-1,1202,1933,87,0
2313,0,-1,-1,1934,88,0
2314,0,-1,1203,1935,-1,0
2315,0,-1,-1,1936,89,0
2316,0,-1,-1,1937,89,0
2317,0,-1,-1,1938,89,0
2318,0,-1,1204,1939,89,0
2319,0,-1,1205,1940,89,0
2320,0,-1,1206,1941,89,0
2321,0,-1,1207,1942,89,0
2322,0,-1,-1,1943,89,0
2323,0,-1,-1,1944,89,0
2324,0,-1,-1,1945,89,0
2325,0,-1,-1,1946,89,0
2326,0,-1,1208,1947,89,0
2327,0,-1,1209,1948,89,0
2328,0,-1,1210,1949,89,0
2329,0,-1,1211,1950,-1,0
2330,0,-1,-1,1951,89,0
2331,0,-1,1212,1952,89,0
2332,0,-1,1213,1953,-1,0
2333,0,-1,1214,1954,89,0
2334,0,-1,1214,1955,89,0
2335,0,-1,-1,1956,89,0
2336,0,-1,-1,1957,89,0
2337,0,-1,1215,1958,-1,0
2338,0,-1,1216,1958,89,0
2339,0,-1,1217,1958,89,0
2340,0,-1,-1,1959,89,0
2341,0,-1,1218,1960,89,0
2342,0,-1,-1,1961,89,0
2343,0,-1,-1,1961,89,0
2344,0,-1,-1,1961,89,0
2345,0,-1,1219,1962,89,0
2346,0,-1,1220,1963,89,0
2347,0,-1,-1,1964,89,0
2348,0,-1,1221,1965,89,0
2349,0,-1,-1,1966,89,0
2350,0,-1,1221,1966,89,0
2351,0,-1,1222,1967,89,0
2352,0,-1,1223,1968,89,0
2353,0,-1,-1,1969,89,0
2354,0,-1,-1,1970,89,0
2355,0,-1,-1,1971,89,0
2356,0,-1,-1,1972,89,0
2357,0,-1,-1,1972,89,0
2358,0,-1,1224,1973,89,0
2359,0,-1,1225,1974,89,0
2360,0,-1,1226,1975,-1,0
2361,0,-1,-1,1975,89,0
2362,0,-1,1227,1976,89,0
2363,0,-1,1228,1977,89,0
2364,0,-1,1229,1978,89,0
2365,0,-1,-1,1979,89,0
2366,0,-1,-1,1980,89,0
2367,0,-1,-1,1981,89,0
2368,0,-1,-1,1982,89,0
2369,0,-1,1230,1983,89,0
2370,0,-1,-1,1984,89,0
2371,0,-1,1231,1985,89,0
2372,0,-1,1232,1986,89,0
2373,0,-1,-1,1986,89,0
2374,0,-1,1233,1987,89,0
2375,0,-1,1234,1988,89,0
2376,0,-1,1235,1989,89,0
2377,0,-1,1236,1989,89,0
2378,0,-1,-1,1990,89,0
2379,0,-1,1237,1991,-1,0
2380,0,-1,1237,1992,89,0
2381,0,-1,-1,1992,89,0
2382,0,-1,1238,1993,89,0
2383,0,-1,1239,1994,-1,0
2384,0,-1,1240,1995,-1,0
2385,0,-1,-1,1995,89,0
2386,0,-1,1241,1996,89,0
2387,0,-1,1242,1996,89,0
2388,0,-1,1243,1996,89,0
2389,0,-1,1244,1997,89,0
2390,0,-1,1245,1998,89,0
2391,0,-1,-1,1999,89,0
2392,0,-1,1245,2000,89,0
2393,0,-1,1246,2001,-1,0
2394,0,-1,-1,2001,89,0
2395,0,-1,1246,2001,89,0
2396,0,-1,-1,2002,89,0
2397,0,-1,-1,2003,89,0
2398,0,-1,-1,2004,90,0
2399,0,-1,1247,2004,91,0
2400,0,-1,1248,2005,92,0
2401,0,-1,-1,2006,93,0
2402,0,-1,1249,2007,93,0
2403,0,-1,-1,2008,93,0
2404,0,-1,1249,2009,93,0
2405,0,-1,1250,2010,-1,0
2406,0,-1,1251,2011,93,0
2407,0,-1,1252,2011,93,0
2408,0,-1,1252,2012,93,0
2409,0,-1,1253,2013,93,0
2410,0,-1,1254,2014,93,0
2411,0,-1,-1,2015,93,0
2412,0,-1,1255,2016,93,0
2413,0,-1,-1,2017,93,0
2414,0,-1,1256,2018,-1,0
2415,0,-1,1257,2018,93,0
2416,0,-1,1258,2019,93,0
2417,0,-1,-1,2019,93,0
2418,0,-1,1258,2020,94,0
2419,0,-1,-1,2021,95,0
2420,0,-1,-1,2022,95,0
2421,0,-1,-1,2023,95,0
2422,0,-1,1258,2024,95,0
2423,0,-1,1259,2025,95,0
2424,0,-1,-1,2026,95,0
2425,0,-1,-1,2027,95,0
2426,0,-1,1260,2028,95,0
2427,0,-1,-1,2029,95,0
2428,0,-1,1261,2029,95,0
2429,0,-1,-1,2030,95,0
2430,0,-1,-1,2031,95,0
2431,0,-1,1262,2032,95,0
2432,0,-1,1263,2033,95,0
2433,0,-1,-1,2034,95,0
2434,0,-1,1263,2035,95,0
2435,0,-1,1264,2036,95,0
2436,0,-1,1265,2037,95,0
2437,0,-1,-1,2038,95,0
2438,0,-1,-1,2039,95,0
2439,0,-1,-1,2040,95,0
2440,0,-1,1266,2041,95,0
2441,0,-1,1267,2042,95,0
2442,0,-1,-1,2043,95,0
2443,0,-1,1268,2044,95,0
2444,0,-1,-1,2045,95,0
2445,0,-1,1269,2046,95,0
2446,0,-1,1270,2047,95,0
2447,0,-1,1271,2048,95,0
2448,0,-1,1272,2049,-1,0
2449,0,-1,-1,2050,95,0
2450,0,-1,-1,2051,95,0
2451,0,-1,-1,2052,95,0
2452,0,-1,1273,2053,95,0
2453,0,-1,-1,2054,95,0
2454,0,-1,-1,2055,95,0
2455,0,-1,1274,2056,95,0
2456,0,-1,1275,2057,95,0
2457,0,-1,1275,2058,95,0
2458,0,-1,-1,2059,95,0
2459,0,-1,1276,2059,95,0
2460,0,-1,1276,2060,95,0
2461,0,-1,-1,2060,95,0
2462,0,-1,-1,2061,95,0
2463,0,-1,1276,2062,95,0
2464,0,-1,1277,2063,95,0
2465,0,-1,1278,2064,95,0
2466,0,-1,1279,2065,95,0
2467,0,-1,-1,2066,95,0
2468,0,-1,1280,2066,95,0
2469,0,-1,1281,2066,95,0
2470,0,-1,-1,2067,95,0
2471,0,-1,1282,2068,95,0
2472,0,-1,1283,2069,95,0
2473,0,-1,-1,2070,95,0
2474,0,-1,-1,2071,95,0
2475,0,-1,1284,2072,95,0
2476,0,-1,-1,2073,95,0
2477,0,-1,1285,2074,95,0
2478,0,-1,1286,2075,-1,0
2479,0,-1,1287,2076,95,0
2480,0,-1,-1,2077,95,0
2481,0,-1,1288,2078,95,0
2482,0,-1,1289,2079,95,0
2483,0,-1,-1,2080,95,0
2484,0,-1,-1,2081,95,0
2485,0,-1,-1,2082,95,0
2486,0,-1,-1,2082,95,0
2487,0,-1,-1,2082,95,0
2488,0,-1,1290,2083,-1,0
2489,0,-1,-1,2084,95,0
2490,0,-1,1291,2085,95,0
2491,0,-1,-1,2085,95,0
2492,0,-1,1292,2085,95,0
2493,0,-1,1293,2086,95,0
2494,0,-1,-1,2087,95,0
2495,0,-1,1293,2088,95,0
2496,0,-1,-1,2089,95,0
2497,0,-1,1294,2089,95,0
2498,0,-1,1295,2090,95,0
2499,0,-1,1295,2091,95,0
2500,0,-1,1296,2092,95,0
2501,0,-1,-1,2093,95,0
2502,0,-1,1297,2093,95,0
2503,0,-1,-1,2094,95,0
2504,0,-1,1298,2095,95,0
2505,0,-1,1298,2095,95,0
2506,0,-1,1299,2096,95,0
2507,0,-1,1300,2097,95,0
2508,0,-1,1301,2098,95,0
2509,0,-1,1302,2098,95,0
2510,0,-1,-1,2099,95,0
2511,0,-1,1303,2100,95,0
2512,0,-1,1304,2101,95,0
2513,0,-1,1305,2102,95,0
2514,0,-1,-1,2103,95,0
2515,0,-1,1306,2103,95,0
2516,0,-1,-1,2103,95,0
2517,0,-1,1307,2103,95,0
2518,0,-1,-1,2104,95,0
2519,0,-1,1308,2105,95,0
2520,0,-1,-1,2105,95,0
2521,0,-1,1309,2105,-1,0
2522,0,-1,-1,2106,95,0
2523,0,-1,1310,2107,95,0
2524,0,-1,-1,2108,95,0
2525,0,-1,1311,2109,95,0
2526,0,-1,-1,2109,95,0
2527,0,-1,1312,2110,95,0
2528,0,-1,1313,2111,95,0
2529,0,-1,1313,2112,95,0
2530,0,-1,1314,2113,95,0
2531,0,-1,-1,2114,95,0
2532,0,-1,1315,2115,95,0
2533,0,-1,-1,2116,95,0
2534,0,-1,1316,2117,95,0
2535,0,-1,1317,2118,95,0
2536,0,-1,-1,2118,95,0
2537,0,-1,-1,2119,95,0
2538,0,-1,-1,2120,95,0
2539,0,-1,1318,2121,95,0
2540,0,-1,1319,2122,95,0
2541,0,-1,1320,2123,95,0
2542,0,-1,-1,2123,95,0
2543,0,-1,1321,2124,-1,0
2544,0,-1,1322,2125,-1,0
2545,0,-1,1323,2125,95,0
2546,0,-1,1323,2126,95,0
2547,0,-1,1324,2127,95,0
2548,0,-1,1325,2127,95,0
2549,0,-1,-1,2128,95,0
2550,0,-1,1326,2129,95,0
2551,0,-1,-1,2130,95,0
2552,0,-1,-1,2131,95,0
2553,0,-1,-1,2132,95,0
2554,0,-1,1327,2133,-1,0
2555,0,-1,1328,2133,95,0
2556,0,-1,-1,2134,95,0
2557,0,-1,1329,2135,-1,0
2558,0,-1,1330,2136,95,0
2559,0,-1,-1,2137,95,0
2560,0,-1,-1,2138,95,0
2561,0,-1,1331,2138,95,0
2562,0,-1,-1,2139,95,0
2563,0,-1,-1,2140,95,0
2564,0,-1,1332,2141,95,0
2565,0,-1,1333,2141,95,0
2566,0,-1,-1,2142,95,0
2567,0,-1,1334,2143,95,0
2568,0,-1,1335,2144,95,0
2569,0,-1,1336,2145,95,0
2570,0,-1,-1,2146,95,0
2571,0,-1,1337,2147,95,0
2572,0,-1,-1,2148,95,0
2573,0,-1,1337,2149,95,0
2574,0,-1,1338,2150,95,0
2575,0,-1,-1,2151,95,0
2576,0,-1,1339,2152,-1,0
2577,0,-1,1339,2152,95,0
2578,0,-1,1340,2153,95,0
2579,0,-1,-1,2154,95,0
2580,0,-1,-1,2154,96,0
2581,0,-1,-1,2155,97,0
2582,0,-1,1341,2155,-1,0
2583,0,-1,-1,2156,97,0
2584,0,-1,1342,2157,97,0
2585,0,-1,1343,2158,-1,0
2586,0,-1,-1,2159,97,0
2587,0,-1,1344,2160,97,0
2588,0,-1,1345,2161,97,0
2589,0,-1,1346,2162,97,0
2590,0,-1,1347,2163,-1,0
2591,0,-1,1348,2164,97,0
2592,0,-1,-1,2165,97,0
2593,0,-1,-1,2166,97,0
2594,0,-1,1349,2167,97,0
2595,0,-1,1350,2168,97,0
2596,0,-1,1351,2169,-1,0
2597,0,-1,1352,2170,97,0
2598,0,-1,-1,2171,97,0
2599,0,-1,-1,2172,97,0
2600,0,-1,1353,2173,97,0
2601,0,-1,-1,2174,97,0
2602,0,-1,-1,2175,97,0
2603,0,-1,1354,2176,97,0
2604,0,-1,-1,2177,97,0
2605,0,-1,1355,2178,97,0
2606,0,-1,1356,2179,97,0
2607,0,-1,1357,2180,97,0
2608,0,-1,1358,2181,97,0
2609,0,-1,-1,2182,97,0
2610,0,-1,1359,2183,-1,0
2611,0,-1,-1,2184,97,0
2612,0,-1,-1,2185,97,0
2613,0,-1,1360,2186,-1,0
2614,0,-1,1361,2187,97,0
2615,0,-1,1362,2188,-1,0
2616,0,-1,1362,2189,97,0
2617,0,-1,-1,2190,97,0
2618,0,-1,-1,2191,97,0
2619,0,-1,-1,2192,97,0
2620,0,-1,-1,2192,97,0
2621,0,-1,-1,2192,97,0
2622,0,-1,1363,2192,97,0
2623,0,-1,1364,2193,97,0
2624,0,-1,-1,2194,97,0
2625,0,-1,-1,2195,97,0
2626,0,-1,-1,2196,97,0
2627,0,-1,1365,2197,98,0
2628,0,-1,1366,2198,99,0
2629,0,-1,1367,2199,-1,0
2630,0,-1,1368,2200,-1,0
2631,0,-1,1369,2201,99,0
2632,0,-1,-1,2202,99,0
2633,0,-1,1370,2203,99,0
2634,0,-1,1371,2203,99,0
2635,0,-1,1372,2204,99,0
2636,0,-1,1373,2205,99,0
2637,0,-1,1374,2206,99,0
2638,0,-1,-1,2207,99,0
2639,0,-1,1374,2208,-1,0
2640,0,-1,1375,2209,-1,0
2641,0,-1,1376,2210,99,0
2642,0,-1,-1,2211,99,0
2643,0,-1,1377,2211,99,0
2644,0,-1,1378,2212,99,0
2645,0,-1,1379,2213,-1,0
2646,0,-1,1380,2214,99,0
2647,0,-1,-1,2215,99,0
2648,0,-1,-1,2216,99,0
2649,0,-1,1381,2217,99,0
2650,0,-1,1382,2218,99,0
2651,0,-1,-1,2219,99,0
2652,0,-1,-1,2220,99,0
2653,0,-1,-1,2221,99,0
2654,0,-1,1383,2221,99,0
2655,0,-1,-1,2222,99,0
2656,0,-1,-1,2223,99,0
2657,0,-1,-1,2223,99,0
2658,0,-1,1383,2224,-1,0
2659,0,-1,1384,2225,99,0
2660,0,-1,1385,2226,99,0
2661,0,-1,-1,2226,99,0
2662,0,-1,1386,2227,-1,0
2663,0,-1,1387,2228,-1,0
2664,0,-1,1388,2229,99,0
2665,0,-1,1389,2230,99,0
2666,0,-1,1390,2231,99,0
2667,0,-1,1391,2232,-1,0
2668,0,-1,1391,2233,99,0
2669,0,-1,-1,2234,99,0
2670,0,-1,-1,2234,99,0
2671,0,-1,-1,2235,99,0
2672,0,-1,1392,2236,99,0
2673,0,-1,-1,2236,99,0
2674,0,-1,1392,2237,99,0
2675,0,-1,-1,2238,99,0
2676,0,-1,-1,2239,99,0
2677,0,-1,1393,2240,99,0
2678,0,-1,1394,2241,99,0
2679,0,-1,1395,2242,99,0
2680,0,-1,1396,2243,99,0
2681,0,-1,1397,2244,99,0
2682,0,-1,-1,2244,99,0
2683,0,-1,-1,2245,99,0
2684,0,-1,1398,2246,99,0
2685,0,-1,-1,2247,99,0
2686,0,-1,1398,2247,99,0
2687,0,-1,-1,2248,99,0
2688,0,-1,-1,2248,99,0
2689,0,-1,1399,2248,-1,0
2690,0,-1,-1,2249,99,0
2691,0,-1,-1,2250,99,0
2692,0,-1,1400,2250,99,0
2693,0,-1,1401,2251,99,0
2694,0,-1,1402,2251,99,0
2695,0,-1,-1,2252,99,0
2696,0,-1,1403,2253,99,0
2697,0,-1,1404,2253,99,0
2698,0,-1,1405,2254,99,0
2699,0,-1,-1,2255,99,0
2700,0,-1,-1,2256,99,0
2701,0,-1,1406,2257,99,0
2702,0,-1,1407,2258,100,0
2703,0,-1,-1,2259,101,0
2704,0,-1,1408,2260,101,0
2705,0,-1,1408,2261,101,0
2706,0,-1,-1,2262,101,0
2707,0,-1,1408,2263,-1,0
2708,0,-1,-1,2263,101,0
2709,0,-1,1409,2264,-1,0
2710,0,-1,-1,2265,101,0
2711,0,-1,-1,2266,101,0
2712,0,-1,1410,2267,101,0
2713,0,-1,1411,2268,101,0
2714,0,-1,1412,2269,101,0
2715,0,-1,1413,2270,-1,0
2716,0,-1,1414,2270,101,0
2717,0,-1,1415,2271,101,0
2718,0,-1,1416,2272,101,0
2719,0,-1,1417,2273,101,0
2720,0,-1,1418,2273,101,0
2721,0,-1,1419,2274,101,0
2722,0,-1,1419,2275,101,0
2723,0,-1,1420,2276,101,0
2724,0,-1,1420,2277,101,0
2725,0,-1,1421,2278,-1,0
2726,0,-1,1422,2279,101,0
2727,0,-1,-1,2280,101,0
2728,0,-1,1422,2281,101,0
2729,0,-1,-1,2282,101,0
2730,0,-1,-1,2282,101,0
2731,0,-1,-1,2283,101,0
2732,0,-1,1422,2284,101,0
2733,0,-1,1423,2285,101,0
2734,0,-1,-1,2285,101,0
2735,0,-1,-1,2285,101,0
2736,0,-1,-1,2285,101,0
2737,0,-1,1424,2285,101,0
2738,0,-1,-1,2285,101,0
2739,0,-1,1425,2285,101,0
2740,0,-1,1426,2285,101,0
2741,0,-1,-1,2285,101,0
2742,0,-1,1427,2286,101,0
2743,0,-1,1427,2287,101,0
2744,0,-1,1428,2287,101,0
2745,0,-1,-1,2288,101,0
2746,0,-1,-1,2289,101,0
2747,0,-1,-1,2290,101,0
2748,0,-1,1429,2290,101,0
2749,0,-1,1430,2291,101,0
2750,0,-1,1431,2292,101,0
2751,0,-1,-1,2293,101,0
2752,0,-1,1432,2294,101,0
2753,0,-1,-1,2295,101,0
2754,0,-1,1433,2296,-1,0
2755,0,-1,1434,2297,101,0
2756,0,-1,-1,2298,101,0
2757,0,-1,-1,2299,101,0
2758,0,-1,1435,2300,101,0
2759,0,-1,-1,2301,101,0
2760,0,-1,-1,2302,101,0
2761,0,-1,-1,2303,101,0
2762,0,-1,1436,2304,-1,0
2763,0,-1,1437,2305,101,0
2764,0,-1,-1,2306,101,0
2765,0,-1,1438,2307,101,0
2766,0,-1,-1,2308,101,0
2767,0,-1,-1,2309,101,0
2768,0,-1,1439,2309,101,0
2769,0,-1,1440,2310,101,0
2770,0,-1,-1,2311,101,0
2771,0,-1,-1,2312,101,0
2772,0,-1,1441,2312,101,0
2773,0,-1,1442,2313,101,0
2774,0,-1,1443,2313,101,0
2775,0,-1,1444,2314,102,0
2776,0,-1,-1,2314,103,0
2777,0,-1,-1,2315,103,0
2778,0,-1,1445,2316,103,0
2779,0,-1,1446,2317,103,0
2780,0,-1,-1,2318,103,0
2781,0,-1,1447,2319,-1,0
2782,0,-1,-1,2320,103,0
2783,0,-1,-1,2321,103,0
2784,0,-1,1448,2322,103,0
2785,0,-1,1449,2323,103,0
2786,0,-1,-1,2324,103,0
2787,0,-1,-1,2325,103,0
2788,0,-1,-1,2326,103,0
2789,0,-1,1450,2327,103,0
2790,0,-1,1451,2328,103,0
2791,0,-1,-1,2329,103,0
2792,0,-1,1452,2330,103,0
2793,0,-1,-1,2331,103,0
2794,0,-1,1453,2332,103,0
2795,0,-1,1454,2333,103,0
2796,0,-1,1455,2334,103,0
2797,0,-1,1456,2334,103,0
2798,0,-1,-1,2335,103,0
2799,0,-1,1457,2336,103,0
2800,0,-1,1458,2337,-1,0
2801,0,-1,-1,2338,103,0
2802,0,-1,-1,2339,103,0
2803,0,-1,-1,2340,103,0
2804,0,-1,1459,2341,103,0
2805,0,-1,-1,2342,103,0
2806,0,-1,1460,2343,103,0
2807,0,-1,-1,2344,103,0
2808,0,-1,-1,2345,103,0
2809,0,-1,1460,2345,103,0
2810,0,-1,1461,2346,103,0
2811,0,-1,-1,2346,103,0
2812,0,-1,1461,2347,103,0
2813,0,-1,1462,2348,103,0
2814,0,-1,-1,2349,103,0
2815,0,-1,1463,2349,-1,0
2816,0,-1,1464,2349,103,0
2817,0,-1,1465,2349,103,0
2818,0,-1,1466,2350,-1,0
2819,0,-1,1467,2351,103,0
2820,0,-1,1467,2352,103,0
2821,0,-1,1468,2353,103,0
2822,0,-1,1469,2354,103,0
2823,0,-1,1470,2355,103,0
2824,0,-1,-1,2356,103,0
2825,0,-1,-1,2357,103,0
2826,0,-1,-1,2357,103,0
2827,0,-1,-1,2358,103,0
2828,0,-1,-1,2359,103,0
2829,0,-1,-1,2360,103,0
2830,0,-1,1471,2361,-1,0
2831,0,-1,1471,2362,103,0
2832,0,-1,1472,2363,103,0
2833,0,-1,1473,2364,103,0
2834,0,-1,-1,2365,103,0
2835,0,-1,1474,2366,103,0
2836,0,-1,1475,2366,103,0
2837,0,-1,-1,2367,103,0
2838,0,-1,-1,2368,103,0
2839,0,-1,-1,2369,103,0
2840,0,-1,1475,2370,103,0
2841,0,-1,1476,2371,103,0
2842,0,-1,-1,2372,103,0
2843,0,-1,1477,2373,-1,0
2844,0,-1,-1,2374,103,0
2845,0,-1,1478,2374,103,0
2846,0,-1,-1,2374,103,0
2847,0,-1,1479,2375,103,0
2848,0,-1,1480,2376,103,0
2849,0,-1,1481,2377,103,0
2850,0,-1,-1,2378,103,0
2851,0,-1,1482,2379,103,0
2852,0,-1,-1,2380,103,0
2853,0,-1,1483,2381,103,0
2854,0,-1,1484,2382,103,0
2855,0,-1,1485,2383,103,0
2856,0,-1,-1,2384,103,0
2857,0,-1,1486,2385,-1,0
2858,0,-1,1487,2386,103,0
2859,0,-1,-1,2387,103,0
2860,0,-1,1488,2388,103,0
2861,0,-1,-1,2389,103,0
2862,0,-1,-1,2390,103,0
2863,0,-1,-1,2391,103,0
2864,0,-1,1489,2392,-1,0
2865,0,-1,-1,2393,103,0
2866,0,-1,1490,2394,103,0
2867,0,-1,-1,2395,103,0
2868,0,-1,-1,2396,103,0
2869,0,-1,-1,2397,103,0
2870,0,-1,-1,2398,103,0
2871,0,-1,1491,2399,-1,0
2872,0,-1,1492,2400,103,0
2873,0,-1,-1,2401,103,0
2874,0,-1,-1,2402,103,0
2875,0,-1,1493,2403,-1,0
2876,0,-1,-1,2404,103,0
2877,0,-1,1493,2405,103,0
2878,0,-1,-1,2405,103,0
2879,0,-1,1494,2406,103,0
2880,0,-1,-1,2407,103,0
2881,0,-1,1495,2408,103,0
2882,0,-1,1495,2408,103,0
2883,0,-1,-1,2409,103,0
2884,0,-1,-1,2410,103,0
2885,0,-1,-1,2411,104,0
2886,0,-1,-1,2411,105,0
2887,0,-1,-1,2412,105,0
2888,0,-1,-1,2413,105,0
2889,0,-1,-1,2414,105,0
2890,0,-1,-1,2415,105,0
2891,0,-1,1496,2416,105,0
2892,0,-1,1497,2417,105,0
2893,0,-1,-1,2418,105,0
2894,0,-1,-1,2419,105,0
2895,0,-1,1498,2420,105,0
2896,0,-1,-1,2421,105,0
2897,0,2,-1,2422,105,0
2898,0,-1,1498,2423,105,0
2899,0,-1,-1,2424,105,0
2900,0,-1,1498,2425,-1,0
2901,0,-1,1499,2426,105,0
2902,0,-1,1500,2427,105,0
2903,0,-1,1501,2428,105,0
2904,0,-1,1502,2429,105,0
2905,0,-1,1503,2430,105,0
2906,0,-1,-1,2430,105,0
2907,0,-1,1503,2431,105,0
2908,0,-1,1504,2432,105,0
2909,0,-1,-1,2433,105,0
2910,0,-1,-1,2434,105,0
2911,0,-1,1505,2435,105,0
2912,0,-1,1506,2436,-1,0
2913,0,-1,1507,2437,105,0
2914,0,-1,-1,2438,105,0
2915,0,-1,1508,2439,105,0
2916,0,-1,1509,2440,105,0
2917,0,-1,1509,2441,105,0
2918,0,-1,1510,2442,105,0
2919,0,-1,1511,2443,105,0
2920,0,-1,-1,2444,105,0
2921,0,-1,1512,2444,105,0
2922,0,-1,1513,2445,-1,0
2923,0,-1,1514,2446,105,0
2924,0,-1,-1,2447,105,0
2925,0,-1,1515,2448,-1,0
2926,0,-1,1516,2449,105,0
2927,0,-1,1517,2450,105,0
2928,0,-1,1518,2451,105,0
2929,0,-1,1519,2452,105,0
2930,0,-1,1520,2452,-1,0
2931,0,-1,-1,2453,105,0
2932,0,-1,-1,2454,105,0
2933,0,-1,-1,2454,105,0
2934,0,-1,1521,2455,-1,0
2935,0,-1,1521,2456,105,0
2936,0,-1,-1,2457,105,0
2937,0,-1,1522,2458,105,0
2938,0,-1,-1,2459,105,0
2939,0,-1,1523,2460,105,0
2940,0,-1,1524,2461,106,0
2941,0,-1,1525,2462,107,0
2942,0,-1,1526,2463,107,0
2943,0,-1,1527,2464,107,0
2944,0,-1,1528,2464,107,0
2945,0,-1,1529,2464,107,0
2946,0,-1,-1,2464,107,0
2947,0,-1,1530,2464,107,0
2948,0,-1,-1,2464,107,0
2949,0,-1,1531,2464,107,0
2950,0,-1,1532,2465,107,0
2951,0,-1,1533,2466,107,0
2952,0,-1,1534,2467,107,0
2953,0,-1,1535,2468,107,0
2954,0,-1,1536,2469,107,0
2955,0,-1,1537,2470,-1,0
2956,0,-1,-1,2470,107,0
2957,0,-1,1538,2471,107,0
2958,0,-1,1539,2472,107,0
2959,0,-1,-1,2472,107,0
2960,0,-1,1540,2473,107,0
2961,0,-1,1541,2474,107,0
2962,0,-1,-1,2475,107,0
2963,0,-1,1542,2475,-1,0
2964,0,-1,1543,2476,107,0
2965,0,-1,1544,2477,107,0
2966,0,-1,-1,2478,107,0
2967,0,-1,1545,2479,107,0
2968,0,-1,1545,2480,107,0
2969,0,-1,-1,2481,107,0
2970,0,-1,1546,2482,107,0
2971,0,-1,-1,2483,108,0
2972,0,-1,-1,2484,109,0
2973,0,-1,1547,2485,109,0
2974,0,-1,-1,2486,109,0
2975,0,-1,-1,2487,109,0
2976,0,-1,1548,2488,109,0
2977,0,-1,-1,2489,109,0
2978,0,-1,1549,2490,109,0
2979,0,-1,-1,2491,109,0
2980,0,-1,-1,2492,109,0
2981,0,-1,1550,2492,109,0
2982,0,-1,1551,2493,109,0
2983,0,-1,1552,2494,-1,0
2984,0,-1,1552,2495,109,0
2985,0,-1,-1,2496,109,0
2986,0,-1,1553,2497,109,0
2987,0,-1,1554,2498,109,0
2988,0,-1,1555,2499,109,0
2989,0,-1,1555,2500,109,0
2990,0,-1,1556,2501,-1,0
2991,0,-1,-1,2502,110,0
2992,0,-1,-1,2503,111,0
2993,0,-1,1557,2504,111,0
2994,0,-1,-1,2505,111,0
2995,0,-1,1558,2506,111,0
2996,0,-1,1559,2507,111,0
2997,0,-1,-1,2508,111,0
2998,0,-1,1559,2509,112,0
2999,0,-1,1560,2510,113,0
3000,0,-1,1560,2511,113,0
3001,0,-1,-1,2512,113,0
3002,0,-1,1561,2513,113,0
3003,0,-1,-1,2514,113,0
3004,0,-1,1562,2515,113,0
3005,0,-1,-1,2516,113,0
3006,0,-1,1563,2517,113,0
3007,0,-1,-1,2518,113,0
3008,0,-1,-1,2518,113,0
3009,0,-1,1564,2519,113,0
3010,0,-1,1565,2520,-1,0
3011,0,-1,1566,2521,113,0
3012,0,-1,-1,2522,113,0
3013,0,-1,-1,2523,113,0
3014,0,-1,1567,2523,114,0
3015,0,-1,-1,2524,115,0