name,author,description,datepublished,preptime,cooktime,aggregaterating
0,0,0,0,0,0,0
1,0,1,0,0,0,0
2,0,2,0,0,0,0
3,0,3,0,0,0,0
4,0,4,1,1,1,0
5,0,5,2,1,2,0
6,0,6,3,2,3,0
7,0,7,3,2,3,0
8,0,8,4,3,4,0
9,0,9,5,4,5,0
10,0,10,6,5,6,0
11,0,11,7,6,7,0
12,0,12,8,7,8,0
13,0,13,9,7,9,0
14,0,14,10,7,10,0
15,0,15,10,7,10,0
16,0,16,10,7,10,0
17,0,17,10,7,10,0
18,0,18,10,7,10,0
19,0,19,10,7,10,0
20,0,20,10,7,10,0
21,0,21,11,8,11,0
22,0,22,12,9,12,0
23,0,23,13,10,12,0
24,0,24,14,11,12,0
25,0,25,15,12,13,0
26,0,26,16,13,14,0
27,0,27,17,13,14,0
28,0,28,17,13,14,0
29,0,29,17,13,14,0
30,0,30,17,13,14,0
31,0,31,17,13,14,0
32,0,32,17,13,14,0
33,0,33,17,13,14,0
34,0,34,17,13,14,0
35,0,35,17,13,14,0
36,0,36,17,13,14,0
37,0,37,18,13,15,0
38,0,38,19,13,16,0
39,0,39,19,13,16,0
40,0,40,19,13,16,0
41,0,41,19,13,16,0
42,0,42,19,13,16,0
43,0,43,19,13,16,0
44,0,44,19,13,16,0
45,0,45,19,13,16,0
46,0,46,20,13,17,0
47,0,47,21,13,18,0
48,0,48,22,13,19,0
49,0,49,23,13,20,0
50,0,50,23,13,20,0
51,0,51,24,14,21,0
52,0,52,25,15,22,0
53,0,53,25,15,22,0
54,0,54,25,15,22,0
55,0,55,26,15,23,0
56,0,56,27,15,24,0
57,0,57,27,15,24,0
58,0,58,28,16,25,0
59,0,59,29,17,26,0
60,0,60,29,17,26,0
61,0,61,29,17,26,0
62,0,62,29,17,26,0
63,0,63,29,17,26,0
64,0,64,29,17,26,0
65,0,65,29,17,26,0
66,0,66,30,17,27,0
67,0,67,31,17,28,0
68,0,68,32,17,29,0
69,0,69,32,17,29,0
70,0,70,32,17,29,0
71,0,71,33,18,30,0
72,0,72,34,19,31,0
73,0,73,34,19,31,0
74,0,74,34,19,31,0
75,0,75,34,19,31,0
76,0,76,35,20,32,0
77,0,77,36,20,33,0
78,0,78,37,21,34,0
79,0,79,37,21,34,0
80,0,80,38,22,35,0
81,0,81,39,23,36,0
82,0,82,39,23,36,0
83,0,83,39,23,36,0
84,0,84,39,23,36,0
85,0,85,39,23,36,0
86,0,86,39,23,36,0
87,0,87,39,23,36,0
88,0,88,40,24,37,0
89,0,89,41,25,38,0
90,0,90,42,26,39,0
91,0,91,43,27,40,0
92,0,92,43,27,40,0
93,0,93,43,27,40,0
94,0,94,43,27,40,0
95,0,95,44,28,41,0
96,0,96,45,29,42,0
97,0,97,45,29,42,0
98,0,98,45,29,42,0
99,0,99,45,29,42,0
100,0,100,45,29,42,0
101,0,101,45,29,42,0
102,0,102,45,29,42,0
103,0,103,45,29,42,0
104,0,104,45,29,42,0
105,0,105,45,29,42,0
106,0,106,45,29,42,0
107,0,107,45,29,42,0
108,0,108,45,29,42,0
109,0,109,45,29,42,0
110,0,110,45,29,42,0
111,0,111,46,30,43,0
112,0,112,47,31,44,0
113,0,113,47,31,44,0
114,0,114,48,32,45,0
115,0,115,49,33,46,0
116,0,116,50,34,47,0
117,0,117,51,35,47,0
118,0,118,52,36,48,0
119,0,119,53,37,49,0
120,0,120,54,38,50,0
121,0,121,54,38,50,0
122,0,122,54,38,50,0
123,0,123,54,38,50,0
124,0,124,55,39,50,0
125,0,125,56,40,50,0
126,0,126,56,40,50,0
127,0,127,56,40,50,0
128,0,128,56,40,50,0
129,0,129,56,40,50,0
130,0,130,56,40,50,0
131,0,131,56,40,50,0
132,0,132,56,40,50,0
133,0,133,57,40,50,0
134,0,134,58,41,51,0
135,0,135,59,42,52,0
136,0,136,59,42,52,0
137,0,137,60,43,52,0
138,0,138,61,43,53,0
139,0,139,62,44,54,0
140,0,140,63,45,54,0
141,0,141,64,46,54,0
142,0,142,64,46,54,0
143,0,143,64,46,54,0
144,0,144,64,46,54,0
145,0,145,64,46,54,0
146,0,146,64,46,54,0
147,0,147,64,46,54,0
148,0,148,64,46,54,0
149,0,149,65,47,55,0
150,0,150,66,48,56,0
151,0,151,66,48,56,0
152,0,152,67,49,57,0
153,0,153,68,50,58,0
154,0,154,68,50,58,0
155,0,155,68,50,58,0
156,0,156,69,51,59,0
157,0,157,70,52,60,0
158,0,158,70,52,60,0
159,0,159,70,52,60,0
160,0,160,71,52,61,0
161,0,161,72,52,62,0
162,0,162,72,52,62,0
163,0,163,72,52,62,0
164,0,164,72,52,62,0
165,0,165,73,53,63,0
166,0,166,74,54,64,0
167,0,167,75,55,65,0
168,0,168,76,55,65,0
169,0,169,77,55,65,0
170,0,170,77,55,65,0
171,0,171,78,56,65,0
172,0,172,79,57,66,0
173,0,173,80,57,67,0
174,0,174,80,57,67,0
175,0,175,80,57,67,0
176,0,176,80,57,67,0
177,0,177,81,57,67,0
178,0,178,82,57,68,0
179,0,179,83,57,69,0
180,0,180,84,57,70,0
181,0,181,85,57,70,0
182,0,182,86,58,70,0
183,0,183,87,59,70,0
184,0,184,88,60,71,0
185,0,185,89,61,72,0
186,0,186,90,62,73,0
187,0,187,91,63,74,0
188,0,188,92,64,75,0
189,0,189,93,64,76,0
190,0,190,94,65,77,0
191,0,191,94,65,77,0
192,0,192,95,65,78,0
193,0,193,96,65,79,0
194,0,194,96,65,79,0
195,0,195,96,65,79,0
196,0,196,96,65,79,0
197,0,197,96,65,79,0
198,0,198,96,65,79,0
199,0,199,96,65,79,0
200,0,200,97,66,80,0
201,0,201,98,67,81,0
202,0,202,99,68,82,0
203,0,203,100,69,83,0
204,0,204,100,69,83,0
205,0,205,101,69,83,0
206,0,206,102,70,83,0
207,0,207,103,71,83,0
208,0,208,103,71,83,0
209,0,209,104,72,84,0
210,0,210,105,73,85,0
211,0,211,105,73,85,0
212,0,212,105,73,85,0
213,0,213,106,74,85,0
214,0,214,107,75,85,0
215,0,215,107,75,85,0
216,0,216,107,75,85,0
217,0,217,107,75,85,0
218,0,218,107,75,85,0
219,0,219,107,75,85,0
220,0,220,107,75,85,0
221,0,221,107,75,85,0
222,0,222,107,75,85,0
223,0,223,107,75,85,0
224,0,224,107,75,85,0
225,0,225,107,75,85,0
226,0,226,108,76,86,0
227,0,227,109,77,87,0
228,0,228,110,78,88,0
229,0,229,111,79,89,0
230,0,230,111,79,89,0
231,0,231,111,79,89,0
232,0,232,111,79,89,0
233,0,233,111,79,89,0
234,0,234,112,79,89,0
235,0,235,113,80,90,0
236,0,236,114,81,91,0
237,0,237,114,81,91,0
238,0,238,114,81,91,0
239,0,239,115,82,91,0
240,0,240,116,83,91,0
241,0,241,116,83,91,0
242,0,242,116,83,91,0
243,0,243,117,83,91,0
244,0,244,118,84,92,0
245,0,245,119,85,93,0
246,0,246,119,85,93,0
247,0,247,119,85,93,0
248,0,248,119,85,93,0
249,0,249,119,85,93,0
250,0,250,120,85,94,0
251,0,251,121,85,95,0
252,0,252,121,85,95,0
253,0,253,122,86,96,0
254,0,254,123,87,97,0
255,0,255,124,88,98,0
256,0,256,124,88,98,0
257,0,257,124,88,98,0
258,0,258,124,88,98,0
259,0,259,124,88,98,0
260,0,260,124,88,98,0
261,0,261,125,88,99,0
262,0,262,126,88,100,0
263,0,263,127,89,101,0
264,0,264,128,90,102,0
265,0,265,129,91,103,0
266,0,266,129,91,103,0
267,0,267,129,91,103,0
268,0,268,129,91,103,0
269,0,269,129,91,103,0
270,0,270,130,92,104,0
271,0,271,131,93,105,0
272,0,272,131,93,105,0
273,0,273,131,93,105,0
274,0,274,131,93,105,0
275,0,275,131,93,105,0
276,0,276,131,93,105,0
277,0,277,132,93,105,0
278,0,278,133,94,105,0
279,0,279,133,95,105,0
280,0,280,134,96,105,0
281,0,281,135,97,106,0
282,0,282,136,98,107,0
283,0,283,136,98,107,0
284,0,284,137,99,108,0
285,0,285,138,99,109,0
286,0,286,139,100,110,0
287,0,287,139,100,110,0
288,0,288,139,100,110,0
289,0,289,139,100,110,0
290,0,290,139,100,110,0
291,0,291,139,100,110,0
292,0,292,139,100,110,0
293,0,293,139,100,110,0
294,0,294,139,100,110,0
295,0,295,139,100,110,0
296,0,296,139,100,110,0
297,0,297,140,101,110,0
298,0,298,141,102,110,0
299,0,299,142,103,111,0
300,0,300,143,104,112,0
301,0,301,144,105,112,0
302,0,302,144,105,112,0
303,0,303,144,105,112,0
304,0,304,144,105,112,0
305,0,305,145,106,113,0
306,0,306,146,107,114,0
307,0,307,146,107,114,0
308,0,308,146,107,114,0
309,0,309,146,107,114,0
310,0,310,146,107,114,0
311,0,311,146,107,114,0
312,0,312,147,108,115,0
313,0,313,148,109,116,0
314,0,314,148,109,116,0
315,0,315,148,109,116,0
316,0,316,148,109,116,0
317,0,317,148,109,116,0
318,0,318,148,109,116,0
319,0,319,148,109,116,0
320,0,320,148,109,116,0
321,0,321,148,109,116,0
322,0,322,148,109,116,0
323,0,323,148,109,116,0
324,0,324,149,109,116,0
325,0,325,150,109,117,0
326,0,326,151,109,118,0
327,0,327,152,110,119,0
328,0,328,153,111,119,0
329,0,329,154,112,120,0
330,0,330,154,112,120,0
331,0,331,154,112,120,0
332,0,332,154,112,120,0
333,0,333,154,112,120,0
334,0,334,154,112,120,0
335,0,335,154,112,120,0
336,0,336,154,112,120,0
337,0,337,154,112,120,0
338,0,338,155,113,121,0
339,0,339,156,114,122,0
340,0,340,156,114,122,0
341,0,341,156,114,122,0
342,0,342,157,115,123,0
343,0,343,158,116,124,0
344,0,344,158,116,124,0
345,0,345,158,116,124,0
346,0,346,159,117,125,0
347,0,347,160,118,126,0
348,0,348,161,119,127,0
349,0,349,162,120,128,0
350,0,350,163,121,129,0
351,0,351,164,122,130,0
352,0,352,164,122,130,0
353,0,353,164,122,130,0
354,0,354,165,123,131,0
355,0,355,166,124,132,0
356,0,356,167,125,133,0
357,0,357,167,125,133,0
358,0,358,167,125,133,0
359,0,359,167,125,133,0
360,0,360,167,125,133,0
361,0,361,167,125,133,0
362,0,362,167,125,133,0
363,0,363,167,125,133,0
364,0,364,167,125,133,0
365,0,365,167,125,133,0
366,0,366,167,125,133,0
367,0,367,167,125,133,0
368,0,368,168,125,133,0
369,0,369,169,125,133,0
370,0,370,170,125,134,0
371,0,371,171,125,135,0
372,0,372,171,125,135,0
373,0,373,172,126,135,0
374,0,374,173,127,135,0
375,0,375,173,127,135,0
376,0,376,173,127,135,0
377,0,377,173,127,135,0
378,0,378,173,127,135,0
379,0,379,173,127,135,0
380,0,380,173,127,135,0
381,0,381,173,127,135,0
382,0,382,174,128,136,0
383,0,383,175,129,137,0
384,0,384,175,129,137,0
385,0,385,175,129,137,0
386,0,386,176,130,137,0
387,0,387,177,131,137,0
388,0,388,177,131,137,0
389,0,389,177,131,137,0
390,0,390,177,131,137,0
391,0,391,177,131,137,0
392,0,392,178,132,138,0
393,0,393,179,133,139,0
394,0,394,179,133,139,0
395,0,395,180,134,140,0
396,0,396,181,135,141,0
397,0,397,181,135,141,0
398,0,398,181,135,141,0
399,0,399,181,135,141,0
400,0,400,181,135,141,0
401,0,401,181,135,141,0
402,0,402,182,135,142,0
403,0,403,183,135,143,0
404,0,404,183,135,143,0
405,0,405,183,135,143,0
406,0,406,183,135,143,0
407,0,407,183,135,143,0
408,0,408,184,135,143,0
409,0,409,185,135,143,0
410,0,410,186,135,143,0
411,0,411,186,135,143,0
412,0,412,186,135,143,0
413,0,413,187,136,144,0
414,0,414,188,137,145,0
415,0,415,188,137,145,0
416,0,416,189,138,145,0
417,0,417,190,139,145,0
418,0,418,190,139,145,0
419,0,419,190,139,145,0
420,0,420,190,139,145,0
421,0,421,191,140,146,0
422,0,422,192,140,147,0
423,0,423,193,141,148,0
424,0,424,193,141,148,0
425,0,425,193,141,148,0
426,0,426,194,142,149,0
427,0,427,195,143,150,0
428,0,428,196,144,151,0
429,0,429,196,144,151,0
430,0,430,196,144,151,0
431,0,431,196,144,151,0
432,0,432,197,145,152,0
433,0,433,198,146,153,0
434,0,434,198,146,153,0
435,0,435,198,146,153,0
436,0,436,198,146,153,0
437,0,437,198,146,153,0
438,0,438,198,146,153,0
439,0,439,198,146,153,0
440,0,440,199,147,154,0
441,0,441,200,148,155,0
442,0,442,201,149,156,0
443,0,443,201,149,156,0
444,0,444,201,149,156,0
445,0,445,202,150,156,0
446,0,446,203,151,156,0
447,0,447,203,151,156,0
448,0,448,203,151,156,0
449,0,449,203,151,156,0
450,0,450,203,151,156,0
451,0,451,204,152,157,0
452,0,452,205,153,158,0
453,0,453,206,153,158,0
454,0,454,206,153,158,0
455,0,455,206,153,158,0
456,0,456,207,154,159,0
457,0,457,208,155,160,0
458,0,458,209,156,161,0
459,0,459,210,157,161,0
460,0,460,211,158,162,0
461,0,461,212,159,163,0
462,0,462,212,159,163,0
463,0,463,212,159,163,0
464,0,464,213,159,163,0
465,0,465,214,159,163,0
466,0,466,214,159,163,0
467,0,467,214,159,163,0
468,0,468,214,159,163,0
469,0,469,215,160,164,0
470,0,470,216,161,165,0
471,0,471,216,161,165,0
472,0,472,216,161,165,0
473,0,473,216,161,165,0
474,0,474,216,161,165,0
475,0,475,217,162,166,0
476,0,476,218,163,167,0
477,0,477,219,164,168,0
478,0,478,219,164,168,0
479,0,479,219,164,168,0
480,0,480,219,164,168,0
481,0,481,219,164,168,0
482,0,482,219,164,168,0
483,0,483,219,164,168,0
484,0,484,219,164,168,0
485,0,485,220,165,169,0
486,0,486,221,166,170,0
487,0,487,221,166,170,0
488,0,488,221,166,170,0
489,0,489,221,166,170,0
490,0,490,221,166,170,0
491,0,491,221,166,170,0
492,0,492,221,166,170,0
493,0,493,221,166,170,0
494,0,494,222,167,171,0
495,0,495,223,168,172,0
496,0,496,223,168,172,0
497,0,497,223,168,172,0
498,0,498,223,168,172,0
499,0,499,224,169,173,0
500,0,500,225,170,174,0
501,0,501,225,170,174,0
502,0,502,225,170,174,0
503,0,503,225,170,174,0
504,0,504,225,170,174,0
505,0,505,225,170,174,0
506,0,506,225,170,174,0
507,0,507,225,170,174,0
508,0,508,226,171,174,0
509,0,509,227,172,174,0
510,0,510,228,172,175,0
511,0,511,229,173,176,0
512,0,512,229,173,176,0
513,0,513,229,173,176,0
514,0,514,230,173,177,0
515,0,515,231,173,178,0
516,0,516,231,173,178,0
517,0,517,231,173,178,0
518,0,518,231,173,178,0
519,0,519,232,174,179,0
520,0,520,233,175,180,0
521,0,521,234,176,181,0
522,0,522,234,176,181,0
523,0,523,235,177,182,0
524,0,524,236,178,183,0
525,0,525,236,178,183,0
526,0,526,236,178,183,0
527,0,527,237,179,184,0
528,0,528,238,180,185,0
529,0,529,238,180,185,0
530,0,530,238,180,185,0
531,0,531,238,180,185,0
532,0,532,238,180,185,0
533,0,533,239,181,186,0
534,0,534,240,182,187,0
535,0,535,241,183,188,0
536,0,536,241,183,188,0
537,0,537,241,183,188,0
538,0,538,241,183,188,0
539,0,539,241,183,188,0
540,0,540,241,183,188,0
541,0,541,241,183,188,0
542,0,542,241,183,188,0
543,0,543,241,183,188,0
544,0,544,241,183,188,0
545,0,545,241,183,188,0
546,0,546,241,183,188,0
547,0,547,241,183,188,0
548,0,548,241,183,188,0
549,0,549,241,183,188,0
550,0,550,241,183,188,0
551,0,551,241,183,188,0
552,0,552,242,184,189,0
553,0,553,243,185,190,0
554,0,554,244,186,191,0
555,0,555,244,186,191,0
556,0,556,244,186,191,0
557,0,557,245,187,192,0
558,0,558,246,187,193,0
559,0,559,247,187,194,0
560,0,560,248,188,195,0
561,0,561,249,189,196,0
562,0,562,250,189,197,0
563,0,563,250,189,197,0
564,0,564,251,190,198,0
565,0,565,252,191,199,0
566,0,566,253,192,200,0
567,0,567,253,192,200,0
568,0,568,253,192,200,0
569,0,569,253,192,200,0
570,0,570,254,193,201,0
571,0,571,255,194,202,0
572,0,572,255,194,202,0
573,0,573,256,195,203,0
574,0,574,257,196,204,0
575,0,575,257,196,204,0
576,0,576,257,196,204,0
577,0,577,257,196,204,0
578,0,578,257,196,204,0
579,0,579,257,196,204,0
580,0,580,257,196,204,0
581,0,581,258,196,204,0
582,0,582,259,196,204,0
583,0,583,259,196,204,0
584,0,584,259,196,204,0
585,0,585,260,197,205,0
586,0,586,261,198,206,0
587,0,587,262,198,207,0
588,0,588,263,199,207,0
589,0,589,264,200,208,0
590,0,590,265,200,209,0
591,0,591,266,201,210,0
592,0,592,267,202,211,0
593,0,593,267,202,211,0
594,0,594,267,202,211,0
595,0,595,268,203,212,0
596,0,596,269,204,213,0
597,0,597,269,204,213,0
598,0,598,269,204,213,0
599,0,599,269,204,213,0
600,0,600,269,204,213,0
601,0,601,269,204,213,0
602,0,602,269,204,213,0
603,0,603,270,205,214,0
604,0,604,271,206,215,0
605,0,605,272,207,216,0
606,0,606,273,208,217,0
607,0,607,273,208,217,0
608,0,608,273,208,217,0
609,0,609,273,208,217,0
610,0,610,274,209,218,0
611,0,611,275,210,219,0
612,0,612,275,210,219,0
613,0,613,275,210,219,0
614,0,614,276,211,220,0
615,0,615,277,212,221,0
616,0,616,277,212,221,0
617,0,617,277,212,221,0
618,0,618,277,212,221,0
619,0,619,277,212,221,0
620,0,620,277,212,221,0
621,0,621,277,212,221,0
622,0,622,277,212,221,0
623,0,623,277,212,221,0
624,0,624,277,212,221,0
625,0,625,278,213,222,0
626,0,626,279,214,223,0
627,0,627,280,215,224,0
628,0,628,281,215,225,0
629,0,629,282,216,226,0
630,0,630,283,216,227,0
631,0,631,284,217,228,0
632,0,632,285,218,228,0
633,0,633,285,218,228,0
634,0,634,285,218,228,0
635,0,635,285,218,228,0
636,0,636,285,218,228,0
637,0,637,286,218,229,0
638,0,638,287,218,230,0
639,0,639,288,218,230,0
640,0,640,288,218,230,0
641,0,641,288,218,230,0
642,0,642,288,218,230,0
643,0,643,288,218,230,0
644,0,644,288,218,230,0
645,0,645,288,218,230,0
646,0,646,288,218,230,0
647,0,647,288,218,230,0
648,0,648,288,218,230,0
649,0,649,288,218,230,0
650,0,650,288,218,230,0
651,0,651,288,218,230,0
652,0,652,288,218,230,0
653,0,653,288,218,230,0
654,0,654,288,218,230,0
655,0,655,288,218,230,0
656,0,656,288,218,230,0
657,0,657,288,218,230,0
658,0,658,288,218,230,0
659,0,659,288,218,230,0
660,0,660,288,218,230,0
661,0,661,289,219,231,0
662,0,662,290,220,232,0
663,0,663,291,221,232,0
664,0,664,292,222,233,0
665,0,665,293,223,234,0
666,0,666,293,223,234,0
667,0,667,293,223,234,0
668,0,668,293,223,234,0
669,0,669,293,223,234,0
670,0,670,293,223,234,0
671,0,671,293,223,234,0
672,0,672,293,223,234,0
673,0,673,294,224,235,0
674,0,674,295,225,236,0
675,0,675,296,226,237,0
676,0,676,297,227,238,0
677,0,677,298,228,239,0
678,0,678,299,229,240,0
679,0,679,300,230,241,0
680,0,680,300,230,241,0
681,0,681,301,231,242,0
682,0,682,302,232,243,0
683,0,683,303,233,244,0
684,0,684,304,234,245,0
685,0,685,304,234,245,0
686,0,686,304,234,245,0
687,0,687,305,235,246,0
688,0,688,306,236,247,0
689,0,689,307,236,248,0
690,0,690,308,236,249,0
691,0,691,309,237,250,0
692,0,692,310,238,251,0
693,0,693,310,238,251,0
694,0,694,310,238,251,0
695,0,695,311,239,252,0
696,0,696,312,240,253,0
697,0,697,313,241,254,0
698,0,698,313,241,254,0
699,0,699,313,241,254,0
700,0,700,313,241,254,0
701,0,701,313,241,254,0
702,0,702,314,241,255,0
703,0,703,315,242,256,0
704,0,704,316,243,257,0
705,0,705,317,244,258,0
706,0,706,318,245,259,0
707,0,707,319,246,260,0
708,0,708,320,247,260,0
709,0,709,320,247,260,0
710,0,710,320,247,260,0
711,0,711,320,247,260,0
712,0,712,320,247,260,0
713,0,713,320,247,260,0
714,0,714,321,247,261,0
715,0,715,322,247,262,0
716,0,716,322,247,262,0
717,0,717,322,247,262,0
718,0,718,322,247,262,0
719,0,719,322,247,262,0
720,0,720,322,247,262,0
721,0,721,322,247,262,0
722,0,722,322,247,262,0
723,0,723,322,247,262,0
724,0,724,322,247,262,0
725,0,725,322,247,262,0
726,0,726,322,247,262,0
727,0,727,323,248,262,0
728,0,728,324,249,263,0
729,0,729,325,249,264,0
730,0,730,326,250,264,0
731,0,731,327,250,264,0
732,0,732,328,250,264,0
733,0,733,328,250,264,0
734,0,734,328,250,264,0
735,0,735,328,250,264,0
736,0,736,328,250,264,0
737,0,737,329,251,265,0
738,0,738,330,252,266,0
739,0,739,331,253,267,0
740,0,740,332,254,268,0
741,0,741,333,255,269,0
742,0,742,334,256,270,0
743,0,743,334,256,270,0
744,0,744,335,257,271,0
745,0,745,336,258,272,0
746,0,746,337,258,273,0
747,0,747,338,258,274,0
748,0,748,338,258,274,0
749,0,749,338,258,274,0
750,0,750,339,259,275,0
751,0,751,340,260,276,0
752,0,752,340,260,276,0
753,0,753,340,260,276,0
754,0,754,341,261,277,0
755,0,755,342,262,278,0
756,0,756,342,262,278,0
757,0,757,343,262,278,0
758,0,758,344,262,278,0
759,0,759,344,262,278,0
760,0,760,344,262,278,0
761,0,761,344,262,278,0
762,0,762,344,262,278,0
763,0,763,344,262,278,0
764,0,764,344,262,278,0
765,0,765,344,262,278,0
766,0,766,344,262,278,0
767,0,767,345,262,279,0
768,0,768,346,263,280,0
769,0,769,347,264,281,0
770,0,770,348,265,282,0
771,0,771,349,266,283,0
772,0,772,350,267,284,0
773,0,773,351,268,285,0
774,0,774,352,269,286,0
775,0,775,353,270,287,0
776,0,776,353,270,287,0
777,0,777,353,270,287,0
778,0,778,353,270,287,0
779,0,779,353,270,287,0
780,0,780,354,270,287,0
781,0,781,355,271,288,0
782,0,782,356,272,289,0
783,0,783,356,272,289,0
784,0,784,357,273,290,0
785,0,785,358,274,291,0
786,0,786,359,275,292,0
787,0,787,360,275,293,0
788,0,788,361,276,294,0
789,0,789,362,277,295,0
790,0,790,363,278,296,0
791,0,791,364,279,297,0
792,0,792,365,280,298,0
793,0,793,366,280,298,0
794,0,794,367,280,298,0
795,0,795,367,280,298,0
796,0,796,367,280,298,0
797,0,797,368,280,298,0
798,0,798,369,281,299,0
799,0,799,370,282,300,0
800,0,800,371,283,301,0
801,0,801,372,283,302,0
802,0,802,373,284,303,0
803,0,803,374,285,304,0
804,0,804,375,285,305,0
805,0,805,376,286,306,0
806,0,806,377,287,307,0
807,0,807,378,288,308,0
808,0,808,379,289,309,0
809,0,809,380,289,309,0
810,0,810,381,290,310,0
811,0,811,382,291,311,0
812,0,812,382,291,311,0
813,0,813,382,291,311,0
814,0,814,382,291,311,0
815,0,815,383,292,312,0
816,0,816,384,293,313,0
817,0,817,384,293,313,0
818,0,818,384,293,313,0
819,0,819,385,294,314,0
820,0,820,386,295,315,0
821,0,821,387,295,315,0
822,0,822,388,295,315,0
823,0,823,388,295,315,0
824,0,824,388,295,315,0
825,0,825,389,296,316,0
826,0,826,390,297,317,0
827,0,827,390,297,317,0
828,0,828,390,297,317,0
829,0,829,390,297,317,0
830,0,830,391,298,318,0
831,0,831,392,299,319,0
832,0,832,392,299,319,0
833,0,833,392,299,319,0
834,0,834,392,299,319,0
835,0,835,392,299,319,0
836,0,836,392,299,319,0
837,0,837,393,300,320,0
838,0,838,394,301,321,0
839,0,839,395,302,322,0
840,0,840,396,303,323,0
841,0,841,396,303,323,0
842,0,842,396,303,323,0
843,0,843,396,303,323,0
844,0,844,396,303,323,0
845,0,845,396,303,323,0
846,0,846,396,303,323,0
847,0,847,396,303,323,0
848,0,848,396,303,323,0
849,0,849,397,303,324,0
850,0,850,398,303,325,0
851,0,851,398,303,325,0
852,0,852,398,303,325,0
853,0,853,398,303,325,0
854,0,854,398,303,325,0
855,0,855,398,303,325,0
856,0,856,398,303,325,0
857,0,857,399,304,326,0
858,0,858,400,305,327,0
859,0,859,401,306,328,0
860,0,860,402,307,329,0
861,0,861,402,307,329,0
862,0,862,402,307,329,0
863,0,863,403,308,330,0
864,0,864,404,309,331,0
865,0,865,405,310,332,0
866,0,866,406,310,333,0
867,0,867,406,310,333,0
868,0,868,407,311,334,0
869,0,869,408,312,335,0
870,0,870,409,312,336,0
871,0,871,410,312,337,0
872,0,872,411,313,338,0
873,0,873,412,314,339,0
874,0,874,412,314,339,0
875,0,875,412,314,339,0
876,0,876,413,314,339,0
877,0,877,414,314,339,0
878,0,878,414,314,339,0
879,0,879,414,314,339,0
880,0,880,414,314,339,0
881,0,881,414,314,339,0
882,0,882,414,314,339,0
883,0,883,414,314,339,0
884,0,884,414,314,339,0
885,0,885,414,314,339,0
886,0,886,414,314,339,0
887,0,887,414,314,339,0
888,0,888,414,314,339,0
889,0,889,414,314,339,0
890,0,890,414,314,339,0
891,0,891,414,314,339,0
892,0,892,415,314,339,0
893,0,893,416,314,339,0
894,0,894,416,314,339,0
895,0,895,416,314,339,0
896,0,896,416,314,339,0
897,0,897,416,314,339,0
898,0,898,416,314,339,0
899,0,899,416,314,339,0
900,0,900,416,314,339,0
901,0,901,417,315,340,0
902,0,902,418,316,341,0
903,0,903,418,316,341,0
904,0,904,419,317,342,0
905,0,905,420,318,343,0
906,0,906,420,318,343,0
907,0,907,421,319,343,0
908,0,908,422,320,344,0
909,0,909,423,321,345,0
910,0,910,423,321,345,0
911,0,911,424,322,345,0
912,0,912,425,323,345,0
913,0,913,426,324,346,0
914,0,914,427,325,347,0
915,0,915,428,326,348,0
916,0,916,428,326,348,0
917,0,917,428,326,348,0
918,0,918,428,326,348,0
919,0,919,429,327,349,0
920,0,920,430,328,350,0
921,0,921,430,328,350,0
922,0,922,430,328,350,0
923,0,923,430,328,350,0
924,0,924,430,328,350,0
925,0,925,431,329,351,0
926,0,926,432,330,352,0
927,0,927,433,330,352,0
928,0,928,434,331,353,0
929,0,929,435,332,354,0
930,0,930,436,332,355,0
931,0,931,437,332,356,0
932,0,932,437,332,356,0
933,0,933,438,333,357,0
934,0,934,439,334,358,0
935,0,935,439,334,358,0
936,0,936,439,334,358,0
937,0,937,439,334,358,0
938,0,938,439,334,358,0
939,0,939,439,334,358,0
940,0,940,439,334,358,0
941,0,941,439,334,358,0
942,0,942,439,334,358,0
943,0,943,439,334,358,0
944,0,944,440,335,359,0
945,0,945,441,335,360,0
946,0,946,442,336,361,0
947,0,947,442,336,361,0
948,0,948,442,336,361,0
949,0,949,442,336,361,0
950,0,950,442,336,361,0
951,0,951,443,336,362,0
952,0,952,444,336,363,0
953,0,953,444,336,363,0
954,0,954,444,336,363,0
955,0,955,444,336,363,0
956,0,956,445,337,364,0
957,0,957,446,338,365,0
958,0,958,447,338,366,0
959,0,959,448,338,367,0
960,0,960,448,338,367,0
961,0,961,448,338,367,0
962,0,962,449,339,368,0
963,0,963,450,340,369,0
964,0,964,451,341,370,0
965,0,965,452,342,371,0
966,0,966,452,342,372,0
967,0,967,452,342,372,0
968,0,968,452,342,372,0
969,0,969,452,342,372,0
970,0,970,452,342,372,0
971,0,971,452,342,372,0
972,0,972,452,342,372,0
973,0,973,452,342,372,0
974,0,974,452,342,372,0
975,0,975,452,342,372,0
976,0,976,452,342,372,0
977,0,977,452,342,372,0
978,0,978,452,342,372,0
979,0,979,452,342,372,0
980,0,980,453,343,373,0
981,0,981,454,344,374,0
982,0,982,454,344,374,0
983,0,983,454,344,374,0
984,0,984,455,345,375,0
985,0,985,456,346,376,0
986,0,986,456,346,376,0
987,0,987,456,346,376,0
988,0,988,456,346,376,0
989,0,989,456,346,376,0
990,0,990,456,346,376,0
991,0,991,456,346,376,0
992,0,992,456,346,376,0
993,0,993,456,346,376,0
994,0,994,456,346,376,0
995,0,995,456,346,376,0
996,0,996,456,346,376,0
997,0,997,457,347,376,0
998,0,998,458,348,376,0
999,0,999,458,348,376,0
1000,0,1000,458,348,376,0
1001,0,1001,459,348,376,0
1002,0,1002,460,348,376,0
1003,0,1003,460,348,376,0
1004,0,1004,461,348,377,0
1005,0,1005,462,348,378,0
1006,0,1006,462,348,378,0
1007,0,1007,463,349,378,0
1008,0,1008,464,350,378,0
1009,0,1009,464,350,378,0
1010,0,1010,464,350,378,0
1011,0,1011,464,350,378,0
1012,0,1012,464,350,378,0
1013,0,1013,465,350,378,0
1014,0,1014,466,350,378,0
1015,0,1015,467,350,378,0
1016,0,1016,468,350,378,0
1017,0,1017,468,350,378,0
1018,0,1018,468,350,378,0
1019,0,1019,468,350,378,0
1020,0,1020,468,350,378,0
1021,0,1021,469,350,379,0
1022,0,1022,470,350,380,0
1023,0,1023,471,351,381,0
1024,0,1024,472,352,382,0
1025,0,1025,473,353,383,0
1026,0,1026,473,353,383,0
1027,0,1027,473,353,383,0
1028,0,1028,474,354,384,0
1029,0,1029,475,355,385,0
1030,0,1030,476,356,386,0
1031,0,1031,476,356,386,0
1032,0,1032,476,356,386,0
1033,0,1033,476,356,386,0
1034,0,1034,476,356,386,0
1035,0,1035,477,357,387,0
1036,0,1036,478,358,388,0
1037,0,1037,478,358,388,0
1038,0,1038,479,359,389,0
1039,0,1039,480,360,390,0
1040,0,1040,480,360,390,0
1041,0,1041,481,360,390,0
1042,0,1042,482,360,390,0
1043,0,1043,483,361,391,0
1044,0,1044,484,362,392,0
1045,0,1045,485,363,393,0
1046,0,1046,486,364,394,0
1047,0,1047,487,365,395,0
1048,0,1048,487,365,395,0
1049,0,1049,488,366,396,0
1050,0,1050,489,367,397,0
1051,0,1051,489,367,397,0
1052,0,1052,489,367,397,0
1053,0,1053,489,367,397,0
1054,0,1054,489,367,397,0
1055,0,1055,489,367,397,0
1056,0,1056,489,367,397,0
1057,0,1057,489,367,397,0
1058,0,1058,489,367,397,0
1059,0,1059,489,367,397,0
1060,0,1060,489,367,397,0
1061,0,1061,489,367,397,0
1062,0,1062,489,367,397,0
1063,0,1063,489,367,397,0
1064,0,1064,489,367,397,0
1065,0,1065,489,367,397,0
1066,0,1066,489,367,397,0
1067,0,1067,489,367,397,0
1068,0,1068,490,368,398,0
1069,0,1069,491,369,399,0
1070,0,1070,491,369,399,0
1071,0,1071,491,369,399,0
1072,0,1072,491,369,399,0
1073,0,1073,492,370,400,0
1074,0,1074,493,371,401,0
1075,0,1075,493,371,401,0
1076,0,1076,493,371,401,0
1077,0,1077,493,371,401,0
1078,0,1078,494,372,402,0
1079,0,1079,495,373,403,0
1080,0,1080,495,373,403,0
1081,0,1081,495,373,403,0
1082,0,1082,495,373,403,0
1083,0,1083,495,373,403,0
1084,0,1084,495,373,403,0
1085,0,1085,496,373,403,0
1086,0,1086,497,373,403,0
1087,0,1087,498,374,404,0
1088,0,1088,499,375,405,0
1089,0,1089,499,375,405,0
1090,0,1090,499,375,405,0
1091,0,1091,499,375,405,0
1092,0,1092,499,375,405,0
1093,0,1093,499,375,405,0
1094,0,1094,499,375,405,0
1095,0,1095,499,375,405,0
1096,0,1096,499,375,405,0
1097,0,1097,499,375,405,0
1098,0,1098,499,375,405,0
1099,0,1099,499,375,405,0
1100,0,1100,499,375,405,0
1101,0,1101,499,375,405,0
1102,0,1102,499,375,405,0
1103,0,1103,499,375,405,0
1104,0,1104,499,375,405,0
1105,0,1105,499,375,405,0
1106,0,1106,499,375,405,0
1107,0,1107,499,375,405,0
1108,0,1108,499,375,405,0
1109,0,1109,499,375,405,0
1110,0,1110,499,375,405,0
1111,0,1111,500,375,406,0
1112,0,1112,501,375,407,0
1113,0,1113,501,375,407,0
1114,0,1114,501,375,407,0
1115,0,1115,501,375,407,0
1116,0,1116,501,375,407,0
1117,0,1117,501,375,407,0
1118,0,1118,501,375,407,0
1119,0,1119,501,375,407,0
1120,0,1120,502,375,407,0
1121,0,1121,503,376,408,0
1122,0,1122,504,377,409,0
1123,0,1123,505,378,410,0
1124,0,1124,506,379,411,0
1125,0,1125,507,379,412,0
1126,0,1126,508,379,412,0
1127,0,1127,508,379,412,0
1128,0,1128,508,379,412,0
1129,0,1129,508,379,412,0
1130,0,1130,508,379,412,0
1131,0,1131,508,379,412,0
1132,0,1132,508,379,412,0
1133,0,1133,508,379,412,0
1134,0,1134,508,379,412,0
1135,0,1135,508,379,412,0
1136,0,1136,508,379,412,0
1137,0,1137,508,379,412,0
1138,0,1138,509,379,413,0
1139,0,1139,510,379,414,0
1140,0,1140,511,379,415,0
1141,0,1141,512,380,416,0
1142,0,1142,513,381,417,0
1143,0,1143,513,381,417,0
1144,0,1144,513,381,417,0
1145,0,1145,513,381,417,0
1146,0,1146,513,381,417,0
1147,0,1147,514,382,418,0
1148,0,1148,515,383,419,0
1149,0,1149,516,383,419,0
1150,0,1150,517,384,420,0
1151,0,1151,518,385,421,0
1152,0,1152,519,386,422,0
1153,0,1153,520,387,423,0
1154,0,1154,521,388,424,0
1155,0,1155,522,389,425,0
1156,0,1156,523,389,426,0
1157,0,1157,524,389,427,0
1158,0,1158,525,389,428,0
1159,0,1159,526,390,429,0
1160,0,1160,527,391,430,0
1161,0,1161,527,391,430,0
1162,0,1162,527,391,430,0
1163,0,1163,527,391,430,0
1164,0,1164,527,391,430,0
1165,0,1165,527,391,430,0
1166,0,1166,527,391,430,0
1167,0,1167,527,391,430,0
1168,0,1168,527,391,430,0
1169,0,1169,527,391,430,0
1170,0,1170,528,392,430,0
1171,0,1171,529,393,430,0
1172,0,1172,529,393,430,0
1173,0,1173,529,393,430,0
1174,0,1174,529,393,430,0
1175,0,1175,529,393,430,0
1176,0,1176,529,393,430,0
1177,0,1177,529,393,430,0
1178,0,1178,529,393,430,0
1179,0,1179,530,393,431,0
1180,0,1180,531,393,432,0
1181,0,1181,532,394,433,0
1182,0,1182,533,395,434,0
1183,0,1183,534,395,434,0
1184,0,1184,535,395,434,0
1185,0,1185,535,395,434,0
1186,0,1186,535,395,434,0
1187,0,1187,535,395,434,0
1188,0,1188,535,395,434,0
1189,0,1189,535,395,434,0
1190,0,1190,535,395,434,0
1191,0,1191,535,395,434,0
1192,0,1192,535,395,434,0
1193,0,1193,535,395,434,0
1194,0,1194,535,395,434,0
1195,0,1195,535,395,434,0
1196,0,1196,535,395,434,0
1197,0,1197,536,396,435,0
1198,0,1198,537,396,436,0
1199,0,1199,538,397,436,0
1200,0,1200,539,398,436,0
1201,0,1201,540,399,436,0
1202,0,1202,540,399,436,0
1203,0,1203,540,399,436,0
1204,0,1204,540,399,436,0
1205,0,1205,540,399,436,0
1206,0,1206,540,399,436,0
1207,0,1207,540,399,436,0
1208,0,1208,540,399,436,0
1209,0,1209,541,400,437,0
1210,0,1210,542,401,438,0
1211,0,1211,542,401,438,0
1212,0,1212,542,401,438,0
1213,0,1213,542,401,438,0
1214,0,1214,542,401,438,0
1215,0,1215,543,402,439,0
1216,0,1216,544,403,440,0
1217,0,1217,545,404,441,0
1218,0,1218,546,405,442,0
1219,0,1219,546,405,442,0
1220,0,1220,547,406,442,0
1221,0,1221,548,407,443,0
1222,0,1222,549,407,444,0
1223,0,1223,549,407,444,0
1224,0,1224,549,407,444,0
1225,0,1225,550,408,444,0
1226,0,1226,551,409,444,0
1227,0,1227,551,409,444,0
1228,0,1228,551,409,444,0
1229,0,1229,551,409,444,0
1230,0,1230,551,409,444,0
1231,0,1231,551,409,444,0
1232,0,1232,551,409,444,0
1233,0,1233,551,409,444,0
1234,0,1234,551,409,444,0
1235,0,1235,551,409,444,0
1236,0,1236,552,410,444,0
1237,0,1237,553,411,445,0
1238,0,1238,554,412,446,0
1239,0,1239,555,413,447,0
1240,0,1240,556,414,448,0
1241,0,1241,557,415,448,0
1242,0,1242,558,416,448,0
1243,0,1243,558,416,448,0
1244,0,1244,558,416,448,0
1245,0,1245,558,416,448,0
1246,0,1246,558,416,448,0
1247,0,1247,558,416,448,0
1248,0,1248,558,416,448,0
1249,0,1249,558,416,448,0
1250,0,1250,558,416,448,0
1251,0,1251,559,417,449,0
1252,0,1252,560,418,450,0
1253,0,1253,560,418,450,0
1254,0,1254,560,418,450,0
1255,0,1255,561,419,451,0
1256,0,1256,562,419,452,0
1257,0,1257,563,420,453,0
1258,0,1258,564,421,454,0
1259,0,1259,564,421,454,0
1260,0,1260,565,422,455,0
1261,0,1261,566,423,456,0
1262,0,1262,567,424,457,0
1263,0,1263,568,425,458,0
1264,0,1264,569,426,458,0
1265,0,1265,569,426,458,0
1266,0,1266,569,426,458,0
1267,0,1267,569,426,458,0
1268,0,1268,569,426,458,0
1269,0,1269,570,427,459,0
1270,0,1270,571,428,460,0
1271,0,1271,572,429,461,0
1272,0,1272,573,430,462,0
1273,0,1273,574,431,463,0
1274,0,1274,575,431,464,0
1275,0,1275,575,431,464,0
1276,0,1276,576,432,465,0
1277,0,1277,577,433,466,0
1278,0,1278,577,433,466,0
1279,0,1279,577,433,466,0
1280,0,1280,577,433,466,0
1281,0,1281,577,433,466,0
1282,0,1282,577,433,466,0
1283,0,1283,577,433,466,0
1284,0,1284,578,433,466,0
1285,0,1285,579,433,466,0
1286,0,1286,579,433,466,0
1287,0,1287,579,433,466,0
1288,0,1288,579,433,466,0
1289,0,1289,579,433,466,0
1290,0,1290,579,433,466,0
1291,0,1291,579,433,466,0
1292,0,1292,579,433,466,0
1293,0,1293,580,434,467,0
1294,0,1294,581,434,468,0
1295,0,1295,582,435,469,0
1296,0,1296,582,435,469,0
1297,0,1297,582,435,469,0
1298,0,1298,582,435,469,0
1299,0,1299,582,435,469,0
1300,0,1300,583,436,469,0
1301,0,1301,584,437,470,0
1302,0,1302,585,438,471,0
1303,0,1303,586,439,472,0
1304,0,1304,587,440,473,0
1305,0,1305,588,441,474,0
1306,0,1306,589,442,475,0
1307,0,1307,590,443,476,0
1308,0,1308,591,444,477,0
1309,0,1309,592,445,478,0
1310,0,1310,593,446,479,0
1311,0,1311,593,446,479,0
1312,0,1312,593,446,479,0
1313,0,1313,593,446,479,0
1314,0,1314,593,446,479,0
1315,0,1315,593,446,479,0
1316,0,1316,593,446,479,0
1317,0,1317,593,446,479,0
1318,0,1318,593,446,479,0
1319,0,1319,594,447,480,0
1320,0,1320,595,448,481,0
1321,0,1321,595,448,481,0
1322,0,1322,596,449,482,0
1323,0,1323,597,450,483,0
1324,0,1324,598,451,484,0
1325,0,1325,599,452,485,0
1326,0,1326,600,453,486,0
1327,0,1327,601,454,487,0
1328,0,1328,602,455,488,0
1329,0,1329,603,456,488,0
1330,0,1330,604,457,489,0
1331,0,1331,605,458,490,0
1332,0,1332,606,459,491,0
1333,0,1333,607,460,492,0
1334,0,1334,607,460,492,0
1335,0,1335,607,460,492,0
1336,0,1336,607,460,492,0
1337,0,1337,607,460,492,0
1338,0,1338,607,460,492,0
1339,0,1339,608,460,493,0
1340,0,1340,609,460,494,0
1341,0,1341,609,460,494,0
1342,0,1342,609,460,494,0
1343,0,1343,609,460,494,0
1344,0,1344,610,460,495,0
1345,0,1345,611,460,496,0
1346,0,1346,611,460,496,0
1347,0,1347,611,460,496,0
1348,0,1348,611,460,496,0
1349,0,1349,611,460,496,0
1350,0,1350,611,460,496,0
1351,0,1351,611,460,496,0
1352,0,1352,611,460,496,0
1353,0,1353,611,460,496,0
1354,0,1354,611,460,496,0
1355,0,1355,611,460,496,0
1356,0,1356,611,460,496,0
1357,0,1357,611,460,496,0
1358,0,1358,611,460,496,0
1359,0,1359,611,460,496,0
1360,0,1360,612,460,497,0
1361,0,1361,613,460,498,0
1362,0,1362,613,460,498,0
1363,0,1363,613,460,498,0
1364,0,1364,613,460,498,0
1365,0,1365,613,460,498,0
1366,0,1366,614,461,498,0
1367,0,1367,615,462,498,0
1368,0,1368,615,462,498,0
1369,0,1369,616,463,499,0
1370,0,1370,617,463,500,0
1371,0,1371,618,464,501,0
1372,0,1372,618,464,501,0
1373,0,1373,618,464,501,0
1374,0,1374,618,464,501,0
1375,0,1375,618,464,501,0
1376,0,1376,619,465,502,0
1377,0,1377,620,466,503,0
1378,0,1378,621,467,504,0
1379,0,1379,622,467,505,0
1380,0,1380,623,467,506,0
1381,0,1381,624,468,507,0
1382,0,1382,625,469,508,0
1383,0,1383,625,469,508,0
1384,0,1384,625,469,508,0
1385,0,1385,626,470,508,0
1386,0,1386,627,471,508,0
1387,0,1387,628,471,508,0
1388,0,1388,628,471,508,0
1389,0,1389,628,471,508,0
1390,0,1390,628,471,508,0
1391,0,1391,628,471,508,0
1392,0,1392,628,471,508,0
1393,0,1393,628,471,508,0
1394,0,1394,629,472,509,0
1395,0,1395,630,472,510,0
1396,0,1396,631,473,511,0
1397,0,1397,631,473,511,0
1398,0,1398,631,473,511,0
1399,0,1399,631,473,511,0
1400,0,1400,631,473,511,0
1401,0,1401,632,473,511,0
1402,0,1402,633,473,511,0
1403,0,1403,634,474,512,0
1404,0,1404,635,475,512,0
1405,0,1405,636,475,513,0
1406,0,1406,636,475,513,0
1407,0,1407,637,476,514,0
1408,0,1408,638,477,515,0
1409,0,1409,639,478,516,0
1410,0,1410,639,478,516,0
1411,0,1411,639,478,516,0
1412,0,1412,640,479,517,0
1413,0,1413,641,480,518,0
1414,0,1414,641,480,518,0
1415,0,1415,641,480,518,0
1416,0,1416,642,481,518,0
1417,0,1417,643,482,519,0
1418,0,1418,644,482,520,0
1419,0,1419,645,482,520,0
1420,0,1420,645,482,520,0
1421,0,1421,645,482,520,0
1422,0,1422,645,482,520,0
1423,0,1423,645,482,520,0
1424,0,1424,645,482,520,0
1425,0,1425,645,482,520,0
1426,0,1426,645,482,520,0
1427,0,1427,646,482,521,0
1428,0,1428,647,482,522,0
1429,0,1429,648,482,523,0
1430,0,1430,649,483,523,0
1431,0,1431,650,484,524,0
1432,0,1432,650,484,524,0
1433,0,1433,650,484,524,0
1434,0,1434,650,484,524,0
1435,0,1435,650,484,524,0
1436,0,1436,650,484,524,0
1437,0,1437,651,485,525,0
1438,0,1438,652,486,526,0
1439,0,1439,652,486,526,0
1440,0,1440,653,487,527,0
1441,0,1441,654,488,528,0
1442,0,1442,654,488,528,0
1443,0,1443,654,488,528,0
1444,0,1444,654,488,528,0
1445,0,1445,654,488,528,0
1446,0,1446,654,488,528,0
1447,0,1447,654,488,528,0
1448,0,1448,654,488,528,0
1449,0,1449,655,489,529,0
1450,0,1450,656,490,530,0
1451,0,1451,656,490,530,0
1452,0,1452,657,491,531,0
1453,0,1453,658,492,532,0
1454,0,1454,658,492,532,0
1455,0,1455,659,493,532,0
1456,0,1456,660,494,533,0
1457,0,1457,661,495,534,0
1458,0,1458,662,496,535,0
1459,0,1459,663,497,536,0
1460,0,1460,664,498,537,0
1461,0,1461,665,499,538,0
1462,0,1462,665,499,538,0
1463,0,1463,666,500,539,0
1464,0,1464,667,501,540,0
1465,0,1465,667,501,540,0
1466,0,1466,668,502,541,0
1467,0,1467,669,503,542,0
1468,0,1468,669,503,542,0
1469,0,1469,669,503,542,0
1470,0,1470,669,503,542,0
1471,0,1471,670,504,543,0
1472,0,1472,671,505,544,0
1473,0,1473,671,505,544,0
1474,0,1474,671,505,544,0
1475,0,1475,671,505,544,0
1476,0,1476,671,505,544,0
1477,0,1477,671,505,544,0
1478,0,1478,671,505,544,0
1479,0,1479,671,505,544,0
1480,0,1480,671,505,544,0
1481,0,1481,671,505,544,0
1482,0,1482,671,505,544,0
1483,0,1483,672,506,545,0
1484,0,1484,673,507,546,0
1485,0,1485,673,507,546,0
1486,0,1486,673,507,546,0
1487,0,1487,673,507,546,0
1488,0,1488,674,508,547,0
1489,0,1489,675,509,548,0
1490,0,1490,676,509,549,0
1491,0,1491,677,509,550,0
1492,0,1492,677,509,550,0
1493,0,1493,678,510,551,0
1494,0,1494,679,511,552,0
1495,0,1495,679,511,552,0
1496,0,1496,680,512,553,0
1497,0,1497,681,513,554,0
1498,0,1498,681,513,554,0
1499,0,1499,681,513,554,0
1500,0,1500,681,513,554,0
1501,0,1501,681,513,554,0
1502,0,1502,682,514,555,0
1503,0,1503,683,515,556,0
1504,0,1504,684,516,557,0
1505,0,1505,685,516,557,0
1506,0,1506,685,516,557,0
1507,0,1507,685,516,557,0
1508,0,1508,685,516,557,0
1509,0,1509,686,517,558,0
1510,0,1510,687,518,559,0
1511,0,1511,688,519,560,0
1512,0,1512,688,519,560,0
1513,0,1513,688,519,560,0
1514,0,1514,688,519,560,0
1515,0,1515,688,519,560,0
1516,0,1516,689,520,560,0
1517,0,1517,690,521,560,0
1518,0,1518,690,521,560,0
1519,0,1519,691,522,561,0
1520,0,1520,692,523,562,0
1521,0,1521,692,523,562,0
1522,0,1522,692,523,562,0
1523,0,1523,692,523,562,0
1524,0,1524,693,523,562,0
1525,0,1525,694,524,563,0
1526,0,1526,695,525,564,0
1527,0,1527,695,525,564,0
1528,0,1528,695,525,564,0
1529,0,1529,695,525,564,0
1530,0,1530,696,525,564,0
1531,0,1531,697,525,564,0
1532,0,1532,697,525,564,0
1533,0,1533,698,525,565,0
1534,0,1534,699,526,566,0
1535,0,1535,700,527,567,0
1536,0,1536,700,527,567,0
1537,0,1537,700,527,567,0
1538,0,1538,701,527,568,0
1539,0,1539,702,527,569,0
1540,0,1540,702,527,569,0
1541,0,1541,702,527,569,0
1542,0,1542,702,527,569,0
1543,0,1543,702,527,569,0
1544,0,1544,702,527,569,0
1545,0,1545,703,528,570,0
1546,0,1546,704,529,571,0
1547,0,1547,705,530,572,0
1548,0,1548,705,530,572,0
1549,0,1549,705,530,572,0
1550,0,1550,705,530,572,0
1551,0,1551,705,530,572,0
1552,0,1552,705,530,572,0
1553,0,1553,706,531,573,0
1554,0,1554,707,532,574,0
1555,0,1555,707,532,575,0
1556,0,1556,707,532,575,0
1557,0,1557,707,532,575,0
1558,0,1558,707,532,575,0
1559,0,1559,707,532,575,0
1560,0,1560,708,533,576,0
1561,0,1561,709,534,577,0
1562,0,1562,709,534,577,0
1563,0,1563,709,534,577,0
1564,0,1564,709,534,577,0
1565,0,1565,709,534,577,0
1566,0,1566,710,535,578,0
1567,0,1567,711,536,579,0
1568,0,1568,711,536,579,0
1569,0,1569,711,536,579,0
1570,0,1570,712,537,580,0
1571,0,1571,713,538,581,0
1572,0,1572,713,538,581,0
1573,0,1573,713,538,581,0
1574,0,1574,714,539,582,0
1575,0,1575,715,540,583,0
1576,0,1576,715,540,583,0
1577,0,1577,716,541,584,0
1578,0,1578,717,542,585,0
1579,0,1579,717,542,585,0
1580,0,1580,718,543,585,0
1581,0,1581,719,544,585,0
1582,0,1582,719,544,585,0
1583,0,1583,719,544,585,0
1584,0,1584,719,544,585,0
1585,0,1585,719,544,585,0
1586,0,1586,719,544,585,0
1587,0,1587,719,544,585,0
1588,0,1588,719,544,585,0
1589,0,1589,719,544,585,0
1590,0,1590,719,544,585,0
1591,0,1591,719,544,585,0
1592,0,1592,719,544,585,0
1593,0,1593,720,545,586,0
1594,0,1594,721,546,587,0
1595,0,1595,721,546,587,0
1596,0,1596,721,546,587,0
1597,0,1597,721,546,587,0
1598,0,1598,722,546,587,0
1599,0,1599,723,546,587,0
1600,0,1600,724,547,588,0
1601,0,1601,725,548,589,0
1602,0,1602,725,548,589,0
1603,0,1603,725,548,589,0
1604,0,1604,725,548,589,0
1605,0,1605,725,548,589,0
1606,0,1606,726,549,589,0
1607,0,1607,727,550,590,0
1608,0,1608,728,551,591,0
1609,0,1609,729,551,591,0
1610,0,1610,729,551,591,0
1611,0,1611,729,551,591,0
1612,0,1612,729,551,591,0
1613,0,1613,729,551,591,0
1614,0,1614,729,551,591,0
1615,0,1615,729,551,591,0
1616,0,1616,729,551,591,0
1617,0,1617,729,551,591,0
1618,0,1618,729,551,591,0
1619,0,1619,729,551,591,0
1620,0,1620,729,551,591,0
1621,0,1621,730,552,592,0
1622,0,1622,731,553,593,0
1623,0,1623,731,553,593,0
1624,0,1624,731,553,593,0
1625,0,1625,731,553,593,0
1626,0,1626,731,553,593,0
1627,0,1627,731,553,593,0
1628,0,1628,731,553,593,0
1629,0,1629,731,553,593,0
1630,0,1630,731,553,593,0
1631,0,1631,731,553,593,0
1632,0,1632,732,554,594,0
1633,0,1633,733,555,595,0
1634,0,1634,734,556,596,0
1635,0,1635,735,557,597,0
1636,0,1636,736,557,598,0
1637,0,1637,737,558,599,0
1638,0,1638,738,558,600,0
1639,0,1639,739,559,601,0
1640,0,1640,740,559,602,0
1641,0,1641,741,560,603,0
1642,0,1642,741,560,603,0
1643,0,1643,741,560,603,0
1644,0,1644,741,560,603,0
1645,0,1645,741,560,603,0
1646,0,1646,741,560,603,0
1647,0,1647,741,560,603,0
1648,0,1648,741,560,603,0
1649,0,1649,741,560,603,0
1650,0,1650,741,560,603,0
1651,0,1651,741,560,603,0
1652,0,1652,741,560,603,0
1653,0,1653,742,561,604,0
1654,0,1654,743,562,605,0
1655,0,1655,743,562,605,0
1656,0,1656,744,562,606,0
1657,0,1657,745,563,607,0
1658,0,1658,746,564,608,0
1659,0,1659,747,565,608,0
1660,0,1660,748,566,608,0
1661,0,1661,748,566,608,0
1662,0,1662,748,566,608,0
1663,0,1663,748,566,608,0
1664,0,1664,748,566,608,0
1665,0,1665,748,566,608,0
1666,0,1666,748,566,608,0
1667,0,1667,748,566,608,0
1668,0,1668,748,566,608,0
1669,0,1669,749,566,609,0
1670,0,1670,750,566,610,0
1671,0,1671,751,567,611,0
1672,0,1672,752,568,612,0
1673,0,1673,752,568,612,0
1674,0,1674,752,568,612,0
1675,0,1675,752,568,612,0
1676,0,1676,752,568,612,0
1677,0,1677,753,568,612,0
1678,0,1678,754,568,612,0
1679,0,1679,754,568,612,0
1680,0,1680,754,568,612,0
1681,0,1681,755,569,612,0
1682,0,1682,756,570,612,0
1683,0,1683,756,570,612,0
1684,0,1684,756,570,612,0
1685,0,1685,756,570,612,0
1686,0,1686,757,571,612,0
1687,0,1687,758,572,612,0
1688,0,1688,759,573,613,0
1689,0,1689,760,574,614,0
1690,0,1690,761,575,615,0
1691,0,1691,762,576,616,0
1692,0,1692,763,577,617,0
1693,0,1693,764,578,618,0
1694,0,1694,765,579,619,0
1695,0,1695,765,579,619,0
1696,0,1696,765,579,619,0
1697,0,1697,765,579,619,0
1698,0,1698,765,579,619,0
1699,0,1699,766,579,620,0
1700,0,1700,767,579,621,0
1701,0,1701,767,579,621,0
1702,0,1702,767,579,621,0
1703,0,1703,767,579,621,0
1704,0,1704,767,579,621,0
1705,0,1705,767,579,621,0
1706,0,1706,767,579,621,0
1707,0,1707,767,579,621,0
1708,0,1708,767,579,621,0
1709,0,1709,767,579,621,0
1710,0,1710,768,580,622,0
1711,0,1711,769,581,623,0
1712,0,1712,769,581,623,0
1713,0,1713,769,581,623,0
1714,0,1714,770,581,623,0
1715,0,1715,771,581,623,0
1716,0,1716,772,582,624,0
1717,0,1717,773,583,625,0
1718,0,1718,773,583,625,0
1719,0,1719,774,584,626,0
1720,0,1720,775,585,627,0
1721,0,1721,776,585,628,0
1722,0,1722,777,585,629,0
1723,0,1723,778,586,630,0
1724,0,1724,779,587,631,0
1725,0,1725,779,587,631,0
1726,0,1726,780,588,632,0
1727,0,1727,781,589,633,0
1728,0,1728,782,590,634,0
1729,0,1729,782,590,634,0
1730,0,1730,782,590,634,0
1731,0,1731,782,590,634,0
1732,0,1732,782,590,634,0
1733,0,1733,783,590,635,0
1734,0,1734,784,591,636,0
1735,0,1735,785,592,637,0
1736,0,1736,785,592,637,0
1737,0,1737,785,592,637,0
1738,0,1738,785,592,637,0
1739,0,1739,785,592,637,0
1740,0,1740,785,592,637,0
1741,0,1741,785,592,637,0
1742,0,1742,786,593,638,0
1743,0,1743,787,594,639,0
1744,0,1744,787,594,639,0
1745,0,1745,787,594,639,0
1746,0,1746,787,594,639,0
1747,0,1747,787,594,639,0
1748,0,1748,787,594,639,0
1749,0,1749,788,595,640,0
1750,0,1750,789,596,641,0
1751,0,1751,790,597,642,0
1752,0,1752,791,598,643,0
1753,0,1753,792,598,643,0
1754,0,1754,792,598,643,0
1755,0,1755,793,599,644,0
1756,0,1756,794,600,645,0
1757,0,1757,794,600,645,0
1758,0,1758,794,600,645,0
1759,0,1759,795,601,646,0
1760,0,1760,796,602,647,0
1761,0,1761,796,602,647,0
1762,0,1762,796,602,647,0
1763,0,1763,796,602,647,0
1764,0,1764,796,602,647,0
1765,0,1765,797,603,648,0
1766,0,1766,798,603,649,0
1767,0,1767,799,604,650,0
1768,0,1768,799,604,650,0
1769,0,1769,799,604,650,0
1770,0,1770,799,604,650,0
1771,0,1771,800,604,651,0
1772,0,1772,801,605,652,0
1773,0,1773,802,606,652,0
1774,0,1774,802,606,652,0
1775,0,1775,802,606,652,0
1776,0,1776,803,606,653,0
1777,0,1777,804,606,654,0
1778,0,1778,804,606,654,0
1779,0,1779,804,606,654,0
1780,0,1780,804,606,654,0
1781,0,1781,805,606,655,0
1782,0,1782,806,606,656,0
1783,0,1783,807,606,657,0
1784,0,1784,808,607,658,0
1785,0,1785,809,608,659,0
1786,0,1786,809,608,659,0
1787,0,1787,810,609,660,0
1788,0,1788,811,610,661,0
1789,0,1789,812,611,662,0
1790,0,1790,813,611,663,0
1791,0,1791,814,612,663,0
1792,0,1792,815,613,663,0
1793,0,1793,816,614,663,0
1794,0,1794,817,615,663,0
1795,0,1795,817,615,663,0
1796,0,1796,817,615,663,0
1797,0,1797,817,615,663,0
1798,0,1798,817,615,663,0
1799,0,1799,817,615,663,0
1800,0,1800,817,615,663,0
1801,0,1801,817,615,663,0
1802,0,1802,818,616,664,0
1803,0,1803,819,617,665,0
1804,0,1804,819,617,665,0
1805,0,1805,819,617,665,0
1806,0,1806,819,617,665,0
1807,0,1807,820,617,665,0
1808,0,1808,821,618,666,0
1809,0,1809,822,619,667,0
1810,0,1810,822,619,667,0
1811,0,1811,822,619,667,0
1812,0,1812,822,619,667,0
1813,0,1813,823,619,668,0
1814,0,1814,824,619,669,0
1815,0,1815,825,620,670,0
1816,0,1816,826,621,671,0
1817,0,1817,827,621,672,0
1818,0,1818,827,621,672,0
1819,0,1819,827,621,672,0
1820,0,1820,827,621,672,0
1821,0,1821,828,622,673,0
1822,0,1822,829,623,674,0
1823,0,1823,830,624,675,0
1824,0,1824,830,624,675,0
1825,0,1825,830,624,675,0
1826,0,1826,830,624,675,0
1827,0,1827,830,624,675,0
1828,0,1828,830,624,675,0
1829,0,1829,831,625,676,0
1830,0,1830,832,626,677,0
1831,0,1831,832,626,677,0
1832,0,1832,832,626,677,0
1833,0,1833,832,626,677,0
1834,0,1834,832,626,677,0
1835,0,1835,832,626,677,0
1836,0,1836,832,626,677,0
1837,0,1837,832,626,677,0
1838,0,1838,832,626,677,0
1839,0,1839,833,626,678,0
1840,0,1840,834,626,679,0
1841,0,1841,835,627,680,0
1842,0,1842,836,628,681,0
1843,0,1843,837,629,682,0
1844,0,1844,838,630,683,0
1845,0,1845,839,630,684,0
1846,0,1846,840,631,685,0
1847,0,1847,841,631,685,0
1848,0,1848,841,631,685,0
1849,0,1849,841,631,685,0
1850,0,1850,841,631,685,0
1851,0,1851,842,632,685,0
1852,0,1852,843,633,685,0
1853,0,1853,844,633,686,0
1854,0,1854,845,633,687,0
1855,0,1855,845,633,687,0
1856,0,1856,846,633,688,0
1857,0,1857,847,633,689,0
1858,0,1858,847,633,689,0
1859,0,1859,848,634,690,0
1860,0,1860,849,635,691,0
1861,0,1861,850,636,692,0
1862,0,1862,850,636,692,0
1863,0,1863,851,637,693,0
1864,0,1864,852,638,694,0
1865,0,1865,852,638,694,0
1866,0,1866,852,638,694,0
1867,0,1867,852,638,694,0
1868,0,1868,852,638,694,0
1869,0,1869,852,638,694,0
1870,0,1870,853,639,695,0
1871,0,1871,854,640,696,0
1872,0,1872,854,640,696,0
1873,0,1873,854,640,696,0
1874,0,1874,855,640,696,0
1875,0,1875,856,641,697,0
1876,0,1876,857,642,698,0
1877,0,1877,857,642,698,0
1878,0,1878,857,642,698,0
1879,0,1879,858,643,699,0
1880,0,1880,859,644,700,0
1881,0,1881,860,644,700,0
1882,0,1882,861,645,700,0
1883,0,1883,862,646,701,0
1884,0,1884,863,647,702,0
1885,0,1885,864,648,703,0
1886,0,1886,865,649,704,0
1887,0,1887,865,649,704,0
1888,0,1888,866,650,705,0
1889,0,1889,867,651,706,0
1890,0,1890,868,652,707,0
1891,0,1891,869,653,708,0
1892,0,1892,869,653,708,0
1893,0,1893,870,654,709,0
1894,0,1894,871,655,710,0
1895,0,1895,871,655,710,0
1896,0,1896,871,655,710,0
1897,0,1897,871,655,710,0
1898,0,1898,872,656,711,0
1899,0,1899,873,657,712,0
1900,0,1900,874,658,713,0
1901,0,1901,875,659,714,0
1902,0,1902,876,660,715,0
1903,0,1903,877,661,716,0
1904,0,1904,877,661,716,0
1905,0,1905,877,661,716,0
1906,0,1906,877,661,716,0
1907,0,1907,877,661,716,0
1908,0,1908,878,662,717,0
1909,0,1909,879,663,718,0
1910,0,1910,880,664,719,0
1911,0,1911,881,665,720,0
1912,0,1912,882,666,721,0
1913,0,1913,882,666,721,0
1914,0,1914,883,667,722,0
1915,0,1915,884,668,723,0
1916,0,1916,884,668,723,0
1917,0,1917,884,668,723,0
1918,0,1918,884,668,723,0
1919,0,1919,884,668,723,0
1920,0,1920,884,668,723,0
1921,0,1921,884,668,723,0
1922,0,1922,884,668,723,0
1923,0,1923,884,668,723,0
1924,0,1924,884,668,723,0
1925,0,1925,884,668,723,0
1926,0,1926,884,668,723,0
1927,0,1927,884,668,723,0
1928,0,1928,884,668,723,0
1929,0,1929,884,668,723,0
1930,0,1930,885,668,723,0
1931,0,1931,886,668,723,0
1932,0,1932,886,668,723,0
1933,0,1933,886,668,723,0
1934,0,1934,887,669,724,0
1935,0,1935,888,669,725,0
1936,0,1936,889,669,726,0
1937,0,1937,890,670,727,0
1938,0,1938,891,670,727,0
1939,0,1939,892,670,727,0
1940,0,1940,892,670,727,0
1941,0,1941,892,670,727,0
1942,0,1942,892,670,727,0
1943,0,1943,892,670,727,0
1944,0,1944,892,671,728,0
1945,0,1945,892,672,729,0
1946,0,1946,892,672,729,0
1947,0,1947,893,672,730,0
1948,0,1948,894,672,731,0
1949,0,1949,894,672,731,0
1950,0,1950,895,672,732,0
1951,0,1951,896,672,733,0
1952,0,1952,897,672,734,0
1953,0,1953,897,672,734,0
1954,0,1954,897,672,734,0
1955,0,1955,898,673,735,0
1956,0,1956,899,674,736,0
1957,0,1957,899,674,736,0
1958,0,1958,899,674,736,0
1959,0,1959,899,674,736,0
1960,0,1960,899,674,736,0
1961,0,1961,899,674,736,0
1962,0,1962,900,674,736,0
1963,0,1963,901,674,736,0
1964,0,1964,901,674,736,0
1965,0,1965,901,674,736,0
1966,0,1966,901,674,736,0
1967,0,1967,901,674,736,0
1968,0,1968,901,674,736,0
1969,0,1969,902,675,737,0
1970,0,1970,903,676,738,0
1971,0,1971,904,677,739,0
1972,0,1972,904,677,739,0
1973,0,1973,904,677,739,0
1974,0,1974,904,677,739,0
1975,0,1975,904,677,739,0
1976,0,1976,904,677,739,0
1977,0,1977,904,677,739,0
1978,0,1978,904,677,739,0
1979,0,1979,904,677,739,0
1980,0,1980,904,677,739,0
1981,0,1981,904,677,739,0
1982,0,1982,904,677,739,0
1983,0,1983,904,677,739,0
1984,0,1984,905,678,740,0
1985,0,1985,906,679,741,0
1986,0,1986,907,680,742,0
1987,0,1987,907,680,742,0
1988,0,1988,908,681,743,0
1989,0,1989,909,682,744,0
1990,0,1990,910,683,745,0
1991,0,1991,910,683,745,0
1992,0,1992,911,684,746,0
1993,0,1993,912,685,747,0
1994,0,1994,913,685,747,0
1995,0,1995,914,685,748,0
1996,0,1996,915,685,749,0
1997,0,1997,915,685,749,0
1998,0,1998,915,685,749,0
1999,0,1999,915,685,749,0
2000,0,2000,915,685,749,0
2001,0,2001,915,685,749,0
2002,0,2002,916,686,750,0
2003,0,2003,917,687,751,0
2004,0,2004,918,688,752,0
2005,0,2005,918,688,752,0
2006,0,2006,918,688,752,0
2007,0,2007,918,688,752,0
2008,0,2008,919,689,753,0
2009,0,2009,920,690,754,0
2010,0,2010,921,691,755,0
2011,0,2011,922,692,756,0
2012,0,2012,923,693,757,0
2013,0,2013,923,693,757,0
2014,0,2014,924,694,758,0
2015,0,2015,925,695,759,0
2016,0,2016,925,695,759,0
2017,0,2017,925,695,759,0
2018,0,2018,925,695,759,0
2019,0,2019,925,695,759,0
2020,0,2020,925,695,759,0
2021,0,2021,926,695,760,0
2022,0,2022,927,695,761,0
2023,0,2023,927,695,761,0
2024,0,2024,927,695,761,0
2025,0,2025,928,696,762,0
2026,0,2026,929,697,763,0
2027,0,2027,929,697,763,0
2028,0,2028,929,697,763,0
2029,0,2029,929,697,763,0
2030,0,2030,930,698,764,0
2031,0,2031,931,699,765,0
2032,0,2032,931,699,765,0
2033,0,2033,931,699,765,0
2034,0,2034,931,699,765,0
2035,0,2035,931,699,765,0
2036,0,2036,932,700,766,0
2037,0,2037,933,701,767,0
2038,0,2038,934,701,768,0
2039,0,2039,935,701,769,0
2040,0,2040,935,701,769,0
2041,0,2041,935,701,769,0
2042,0,2042,935,701,769,0
2043,0,2043,935,701,769,0
2044,0,2044,935,701,769,0
2045,0,2045,935,701,769,0
2046,0,2046,935,701,769,0
2047,0,2047,935,701,769,0
2048,0,2048,935,701,769,0
2049,0,2049,935,701,769,0
2050,0,2050,935,701,769,0
2051,0,2051,935,701,769,0
2052,0,2052,936,702,769,0
2053,0,2053,937,703,769,0
2054,0,2054,937,703,769,0
2055,0,2055,937,703,769,0
2056,0,2056,937,703,769,0
2057,0,2057,937,703,769,0
2058,0,2058,937,703,769,0
2059,0,2059,937,703,769,0
2060,0,2060,938,704,770,0
2061,0,2061,939,705,771,0
2062,0,2062,940,705,772,0
2063,0,2063,941,706,773,0
2064,0,2064,942,707,774,0
2065,0,2065,943,708,775,0
2066,0,2066,944,708,776,0
2067,0,2067,944,708,776,0
2068,0,2068,944,708,776,0
2069,0,2069,944,708,776,0
2070,0,2070,944,708,776,0
2071,0,2071,945,709,777,0
2072,0,2072,946,710,777,0
2073,0,2073,947,711,778,0
2074,0,2074,948,711,779,0
2075,0,2075,949,712,780,0
2076,0,2076,950,713,781,0
2077,0,2077,951,714,782,0
2078,0,2078,952,715,783,0
2079,0,2079,953,715,783,0
2080,0,2080,954,715,783,0
2081,0,2081,954,715,783,0
2082,0,2082,955,716,784,0
2083,0,2083,956,717,785,0
2084,0,2084,957,718,786,0
2085,0,2085,957,718,786,0
2086,0,2086,957,718,786,0
2087,0,2087,958,718,786,0
2088,0,2088,959,718,786,0
2089,0,2089,959,718,786,0
2090,0,2090,959,718,786,0
2091,0,2091,959,718,786,0
2092,0,2092,960,719,787,0
2093,0,2093,961,720,788,0
2094,0,2094,962,721,789,0
2095,0,2095,963,722,790,0
2096,0,2096,963,722,790,0
2097,0,2097,964,723,791,0
2098,0,2098,965,724,792,0
2099,0,2099,966,725,793,0
2100,0,2100,967,726,794,0
2101,0,2101,968,727,794,0
2102,0,2102,969,727,795,0
2103,0,2103,970,728,796,0
2104,0,2104,971,729,797,0
2105,0,2105,972,730,798,0
2106,0,2106,972,730,798,0
2107,0,2107,973,731,799,0
2108,0,2108,974,732,800,0
2109,0,2109,974,732,800,0
2110,0,2110,974,732,800,0
2111,0,2111,974,732,800,0
2112,0,2112,974,732,800,0
2113,0,2113,974,732,800,0
2114,0,2114,974,732,800,0
2115,0,2115,974,732,800,0
2116,0,2116,974,732,800,0
2117,0,2117,974,732,800,0
2118,0,2118,974,732,800,0
2119,0,2119,975,733,801,0
2120,0,2120,976,734,802,0
2121,0,2121,976,734,802,0
2122,0,2122,976,734,802,0
2123,0,2123,976,734,802,0
2124,0,2124,976,734,802,0
2125,0,2125,977,735,803,0
2126,0,2126,978,736,804,0
2127,0,2127,978,736,804,0
2128,0,2128,978,736,804,0
2129,0,2129,978,736,804,0
2130,0,2130,978,736,804,0
2131,0,2131,979,736,804,0
2132,0,2132,980,736,804,0
2133,0,2133,980,736,804,0
2134,0,2134,980,736,804,0
2135,0,2135,980,736,804,0
2136,0,2136,981,736,805,0
2137,0,2137,982,736,806,0
2138,0,2138,982,736,806,0
2139,0,2139,982,736,806,0
2140,0,2140,982,736,806,0
2141,0,2141,982,736,806,0
2142,0,2142,983,737,807,0
2143,0,2143,984,738,808,0
2144,0,2144,985,739,808,0
2145,0,2145,986,739,809,0
2146,0,2146,987,739,810,0
2147,0,2147,987,739,810,0
2148,0,2148,988,740,811,0
2149,0,2149,989,741,812,0
2150,0,2150,990,742,813,0
2151,0,2151,991,743,814,0
2152,0,2152,992,744,815,0
2153,0,2153,993,744,816,0
2154,0,2154,994,744,817,0
2155,0,2155,995,745,818,0
2156,0,2156,996,746,819,0
2157,0,2157,996,746,819,0
2158,0,2158,996,746,819,0
2159,0,2159,996,746,819,0
2160,0,2160,996,746,819,0
2161,0,2161,996,746,819,0
2162,0,2162,996,746,819,0
2163,0,2163,997,747,820,0
2164,0,2164,998,748,821,0
2165,0,2165,999,749,822,0
2166,0,2166,999,749,822,0
2167,0,2167,999,749,822,0
2168,0,2168,999,749,822,0
2169,0,2169,1000,750,823,0
2170,0,2170,1001,751,824,0
2171,0,2171,1001,751,824,0
2172,0,2172,1001,751,824,0
2173,0,2173,1002,752,825,0
2174,0,2174,1003,753,826,0
2175,0,2175,1004,753,826,0
2176,0,2176,1004,753,826,0
2177,0,2177,1004,753,826,0
2178,0,2178,1004,753,826,0
2179,0,2179,1005,754,827,0
2180,0,2180,1006,755,828,0
2181,0,2181,1006,755,828,0
2182,0,2182,1006,755,828,0
2183,0,2183,1006,755,828,0
2184,0,2184,1007,756,829,0
2185,0,2185,1008,757,830,0
2186,0,2186,1008,757,830,0
2187,0,2187,1008,757,830,0
2188,0,2188,1009,758,831,0
2189,0,2189,1010,759,832,0
2190,0,2190,1011,760,833,0
2191,0,2191,1012,761,834,0
2192,0,2192,1013,762,835,0
2193,0,2193,1013,762,835,0
2194,0,2194,1013,762,835,0
2195,0,2195,1013,762,835,0
2196,0,2196,1013,762,835,0
2197,0,2197,1013,762,835,0
2198,0,2198,1014,763,836,0
2199,0,2199,1015,764,837,0
2200,0,2200,1015,764,837,0
2201,0,2201,1015,764,837,0
2202,0,2202,1015,764,837,0
2203,0,2203,1015,764,837,0
2204,0,2204,1015,764,837,0
2205,0,2205,1015,764,837,0
2206,0,2206,1015,764,837,0
2207,0,2207,1015,764,837,0
2208,0,2208,1015,764,837,0
2209,0,2209,1015,764,837,0
2210,0,2210,1015,764,837,0
2211,0,2211,1015,764,837,0
2212,0,2212,1016,765,838,0
2213,0,2213,1017,766,839,0
2214,0,2214,1017,766,839,0
2215,0,2215,1017,766,839,0
2216,0,2216,1017,766,839,0
2217,0,2217,1017,766,839,0
2218,0,2218,1017,766,839,0
2219,0,2219,1018,767,840,0
2220,0,2220,1019,768,841,0
2221,0,2221,1019,768,841,0
2222,0,2222,1020,768,842,0
2223,0,2223,1021,769,843,0
2224,0,2224,1022,770,844,0
2225,0,2225,1023,771,845,0
2226,0,2226,1023,771,845,0
2227,0,2227,1023,771,845,0
2228,0,2228,1023,771,845,0
2229,0,2229,1023,771,845,0
2230,0,2230,1024,771,845,0
2231,0,2231,1025,771,845,0
2232,0,2232,1026,771,846,0
2233,0,2233,1027,771,847,0
2234,0,2234,1028,772,848,0
2235,0,2235,1029,773,849,0
2236,0,2236,1029,773,849,0
2237,0,2237,1030,773,850,0
2238,0,2238,1031,773,851,0
2239,0,2239,1031,773,851,0
2240,0,2240,1031,773,851,0
2241,0,2241,1032,773,852,0
2242,0,2242,1033,773,853,0
2243,0,2243,1034,773,854,0
2244,0,2244,1035,773,855,0
2245,0,2245,1035,773,855,0
2246,0,2246,1035,773,855,0
2247,0,2247,1036,773,856,0
2248,0,2248,1037,774,857,0
2249,0,2249,1038,775,858,0
2250,0,2250,1039,776,859,0
2251,0,2251,1040,777,860,0
2252,0,2252,1040,777,860,0
2253,0,2253,1040,777,860,0
2254,0,2254,1041,777,861,0
2255,0,2255,1042,777,862,0
2256,0,2256,1043,777,863,0
2257,0,2257,1043,777,863,0
2258,0,2258,1043,777,863,0
2259,0,2259,1043,777,863,0
2260,0,2260,1043,777,863,0
2261,0,2261,1043,777,863,0
2262,0,2262,1043,777,863,0
2263,0,2263,1044,778,864,0
2264,0,2264,1045,779,865,0
2265,0,2265,1045,779,865,0
2266,0,2266,1045,779,865,0
2267,0,2267,1045,779,865,0
2268,0,2268,1045,779,865,0
2269,0,2269,1045,779,865,0
2270,0,2270,1046,779,865,0
2271,0,2271,1047,779,865,0
2272,0,2272,1048,780,866,0
2273,0,2273,1049,781,867,0
2274,0,2274,1049,781,867,0
2275,0,2275,1049,781,867,0
2276,0,2276,1049,781,867,0
2277,0,2277,1049,781,867,0
2278,0,2278,1049,781,867,0
2279,0,2279,1049,781,867,0
2280,0,2280,1050,781,868,0
2281,0,2281,1051,781,869,0
2282,0,2282,1051,781,869,0
2283,0,2283,1051,781,869,0
2284,0,2284,1052,781,869,0
2285,0,2285,1053,781,869,0
2286,0,2286,1053,781,869,0
2287,0,2287,1053,781,869,0
2288,0,2288,1054,781,869,0
2289,0,2289,1055,782,870,0
2290,0,2290,1056,783,871,0
2291,0,2291,1056,783,871,0
2292,0,2292,1056,783,871,0
2293,0,2293,1057,784,872,0
2294,0,2294,1058,784,873,0
2295,0,2295,1059,785,874,0
2296,0,2296,1059,785,874,0
2297,0,2297,1059,785,874,0
2298,0,2298,1059,785,874,0
2299,0,2299,1059,785,874,0
2300,0,2300,1059,785,874,0
2301,0,2301,1060,786,875,0
2302,0,2302,1061,787,876,0
2303,0,2303,1062,788,877,0
2304,0,2304,1063,789,878,0
2305,0,2305,1064,790,879,0
2306,0,2306,1064,790,879,0
2307,0,2307,1064,790,879,0
2308,0,2308,1064,790,879,0
2309,0,2309,1064,790,879,0
2310,0,2310,1064,790,879,0
2311,0,2311,1065,791,880,0
2312,0,2312,1066,792,881,0
2313,0,2313,1066,792,881,0
2314,0,2314,1066,792,881,0
2315,0,2315,1066,792,881,0
2316,0,2316,1066,792,881,0
2317,0,2317,1067,792,882,0
2318,0,2318,1068,792,883,0
2319,0,2319,1068,792,883,0
2320,0,2320,1069,793,883,0
2321,0,2321,1070,794,883,0
2322,0,2322,1070,794,883,0
2323,0,2323,1070,794,883,0
2324,0,2324,1070,794,883,0
2325,0,2325,1070,794,883,0
2326,0,2326,1070,794,883,0
2327,0,2327,1070,794,883,0
2328,0,2328,1070,794,883,0
2329,0,2329,1070,794,883,0
2330,0,2330,1070,794,883,0
2331,0,2331,1070,794,883,0
2332,0,2332,1070,794,883,0
2333,0,2333,1070,794,883,0
2334,0,2334,1071,795,884,0
2335,0,2335,1072,795,884,0
2336,0,2336,1073,796,885,0
2337,0,2337,1073,796,885,0
2338,0,2338,1073,796,885,0
2339,0,2339,1074,797,886,0
2340,0,2340,1075,798,887,0
2341,0,2341,1076,798,888,0
2342,0,2342,1076,798,888,0
2343,0,2343,1077,798,889,0
2344,0,2344,1078,798,890,0
2345,0,2345,1079,798,891,0
2346,0,2346,1080,799,892,0
2347,0,2347,1081,800,893,0
2348,0,2348,1082,801,894,0
2349,0,2349,1083,802,895,0
2350,0,2350,1084,803,896,0
2351,0,2351,1084,803,896,0
2352,0,2352,1084,803,896,0
2353,0,2353,1085,804,897,0
2354,0,2354,1086,804,898,0
2355,0,2355,1087,805,899,0
2356,0,2356,1088,806,900,0
2357,0,2357,1089,807,901,0
2358,0,2358,1089,807,901,0
2359,0,2359,1089,807,901,0
2360,0,2360,1089,807,901,0
2361,0,2361,1089,807,901,0
2362,0,2362,1089,807,901,0
2363,0,2363,1089,807,901,0
2364,0,2364,1089,807,901,0
2365,0,2365,1089,807,901,0
2366,0,2366,1089,807,901,0
2367,0,2367,1090,808,902,0
2368,0,2368,1091,809,903,0
2369,0,2369,1092,809,903,0
2370,0,2370,1093,809,903,0
2371,0,2371,1094,809,904,0
2372,0,2372,1095,809,905,0
2373,0,2373,1096,810,906,0
2374,0,2374,1097,811,907,0
2375,0,2375,1098,812,908,0
2376,0,2376,1099,813,909,0
2377,0,2377,1099,813,909,0
2378,0,2378,1099,813,909,0
2379,0,2379,1099,813,909,0
2380,0,2380,1099,813,909,0
2381,0,2381,1099,813,909,0
2382,0,2382,1099,813,909,0
2383,0,2383,1099,813,909,0
2384,0,2384,1100,814,910,0
2385,0,2385,1101,815,911,0
2386,0,2386,1102,816,912,0
2387,0,2387,1103,816,913,0
2388,0,2388,1104,816,914,0
2389,0,2389,1104,816,914,0
2390,0,2390,1104,816,914,0
2391,0,2391,1104,816,914,0
2392,0,2392,1104,816,914,0
2393,0,2393,1105,817,915,0
2394,0,2394,1106,817,916,0
2395,0,2395,1107,818,917,0
2396,0,2396,1107,818,917,0
2397,0,2397,1108,819,918,0
2398,0,2398,1109,820,919,0
2399,0,2399,1110,820,920,0
2400,0,2400,1111,821,920,0
2401,0,2401,1112,822,921,0
2402,0,2402,1112,822,921,0
2403,0,2403,1112,822,921,0
2404,0,2404,1112,822,921,0
2405,0,2405,1113,822,922,0
2406,0,2406,1114,822,923,0
2407,0,2407,1114,822,923,0
2408,0,2408,1115,823,924,0
2409,0,2409,1116,824,925,0
2410,0,2410,1117,825,926,0
2411,0,2411,1118,826,927,0
2412,0,2412,1118,826,927,0
2413,0,2413,1118,826,927,0
2414,0,2414,1119,826,928,0
2415,0,2415,1120,826,929,0
2416,0,2416,1121,826,929,0
2417,0,2417,1122,826,929,0
2418,0,2418,1122,826,929,0
2419,0,2419,1123,826,930,0
2420,0,2420,1124,826,931,0
2421,0,2421,1125,826,932,0
2422,0,2422,1125,826,932,0
2423,0,2423,1125,826,932,0
2424,0,2424,1126,827,933,0
2425,0,2425,1127,828,934,0
2426,0,2426,1127,828,934,0
2427,0,2427,1127,828,934,0
2428,0,2428,1127,828,934,0
2429,0,2429,1127,828,934,0
2430,0,2430,1127,828,934,0
2431,0,2431,1127,828,934,0
2432,0,2432,1127,828,934,0
2433,0,2433,1128,829,935,0
2434,0,2434,1129,830,936,0
2435,0,2435,1129,830,936,0
2436,0,2436,1129,830,936,0
2437,0,2437,1130,831,937,0
2438,0,2438,1131,832,938,0
2439,0,2439,1131,832,938,0
2440,0,2440,1131,832,938,0
2441,0,2441,1131,832,938,0
2442,0,2442,1131,832,938,0
2443,0,2443,1132,832,938,0
2444,0,2444,1133,832,938,0
2445,0,2445,1133,832,938,0
2446,0,2446,1133,832,938,0
2447,0,2447,1133,832,938,0
2448,0,2448,1133,832,938,0
2449,0,2449,1133,832,938,0
2450,0,2450,1133,832,938,0
2451,0,2451,1133,832,938,0
2452,0,2452,1133,832,938,0
2453,0,2453,1134,833,939,0
2454,0,2454,1135,834,940,0
2455,0,2455,1135,834,940,0
2456,0,2456,1136,835,941,0
2457,0,2457,1137,836,942,0
2458,0,2458,1137,836,942,0
2459,0,2459,1137,836,942,0
2460,0,2460,1137,836,942,0
2461,0,2461,1138,836,943,0
2462,0,2462,1139,836,944,0
2463,0,2463,1139,836,944,0
2464,0,2464,1139,836,944,0
2465,0,2465,1139,836,944,0
2466,0,2466,1139,836,944,0
2467,0,2467,1139,836,944,0
2468,0,2468,1139,836,944,0
2469,0,2469,1139,836,944,0
2470,0,2470,1139,836,944,0
2471,0,2471,1139,836,944,0
2472,0,2472,1139,836,944,0
2473,0,2473,1139,836,944,0
2474,0,2474,1139,836,944,0
2475,0,2475,1139,836,944,0
2476,0,2476,1139,836,944,0
2477,0,2477,1139,836,944,0
2478,0,2478,1139,836,944,0
2479,0,2479,1139,836,944,0
2480,0,2480,1139,836,944,0
2481,0,2481,1139,836,944,0
2482,0,2482,1139,836,944,0
2483,0,2483,1139,836,944,0
2484,0,2484,1139,836,944,0
2485,0,2485,1139,836,944,0
2486,0,2486,1139,836,944,0
2487,0,2487,1139,836,944,0
2488,0,2488,1140,837,945,0
2489,0,2489,1141,838,946,0
2490,0,2490,1142,839,947,0
2491,0,2491,1142,839,947,0
2492,0,2492,1142,839,947,0
2493,0,2493,1142,839,947,0
2494,0,2494,1142,839,947,0
2495,0,2495,1142,839,947,0
2496,0,2496,1142,839,947,0
2497,0,2497,1142,839,947,0
2498,0,2498,1142,839,947,0
2499,0,2499,1142,839,947,0
2500,0,2500,1142,839,947,0
2501,0,2501,1142,839,947,0
2502,0,2502,1143,840,948,0
2503,0,2503,1144,841,949,0
2504,0,2504,1145,841,950,0
2505,0,2505,1146,841,951,0
2506,0,2506,1147,841,952,0
2507,0,2507,1148,841,953,0
2508,0,2508,1148,841,953,0
2509,0,2509,1148,841,953,0
2510,0,2510,1148,841,953,0
2511,0,2511,1148,841,953,0
2512,0,2512,1148,841,953,0
2513,0,2513,1148,841,953,0
2514,0,2514,1148,841,953,0
2515,0,2515,1149,842,954,0
2516,0,2516,1150,843,955,0
2517,0,2517,1150,843,955,0
2518,0,2518,1150,843,955,0
2519,0,2519,1150,843,955,0
2520,0,2520,1151,843,956,0
2521,0,2521,1152,844,957,0
2522,0,2522,1153,845,958,0
2523,0,2523,1153,845,958,0
2524,0,2524,1154,846,959,0
2525,0,2525,1155,847,960,0
2526,0,2526,1156,848,961,0
2527,0,2527,1156,848,961,0
2528,0,2528,1156,848,961,0
2529,0,2529,1156,848,961,0
2530,0,2530,1156,848,961,0
2531,0,2531,1156,848,961,0
2532,0,2532,1156,848,961,0
2533,0,2533,1156,848,961,0
2534,0,2534,1156,848,961,0
2535,0,2535,1156,848,961,0
2536,0,2536,1156,848,961,0
2537,0,2537,1156,848,961,0
2538,0,2538,1156,848,961,0
2539,0,2539,1156,848,961,0
2540,0,2540,1157,849,962,0
2541,0,2541,1158,850,963,0
2542,0,2542,1159,851,964,0
2543,0,2543,1160,852,965,0
2544,0,2544,1160,852,965,0
2545,0,2545,1161,853,966,0
2546,0,2546,1162,854,967,0
2547,0,2547,1163,855,968,0
2548,0,2548,1163,855,968,0
2549,0,2549,1164,856,969,0
2550,0,2550,1165,857,970,0
2551,0,2551,1165,857,970,0
2552,0,2552,1166,857,970,0
2553,0,2553,1167,857,970,0
2554,0,2554,1168,858,971,0
2555,0,2555,1169,859,972,0
2556,0,2556,1170,859,972,0
2557,0,2557,1170,859,972,0
2558,0,2558,1171,860,973,0
2559,0,2559,1172,860,974,0
2560,0,2560,1173,861,975,0
2561,0,2561,1174,861,976,0
2562,0,2562,1175,862,976,0
2563,0,2563,1176,863,977,0
2564,0,2564,1177,864,978,0
2565,0,2565,1177,864,978,0
2566,0,2566,1178,865,979,0
2567,0,2567,1179,866,980,0
2568,0,2568,1180,867,981,0
2569,0,2569,1181,868,982,0
2570,0,2570,1181,868,982,0
2571,0,2571,1181,868,982,0
2572,0,2572,1181,868,982,0
2573,0,2573,1182,869,983,0
2574,0,2574,1183,870,983,0
2575,0,2575,1184,870,984,0
2576,0,2576,1184,870,984,0
2577,0,2577,1184,870,984,0
2578,0,2578,1184,870,984,0
2579,0,2579,1184,870,984,0
2580,0,2580,1184,870,984,0
2581,0,2581,1184,870,984,0
2582,0,2582,1185,870,984,0
2583,0,2583,1186,871,985,0
2584,0,2584,1187,872,986,0
2585,0,2585,1187,872,986,0
2586,0,2586,1187,872,986,0
2587,0,2587,1187,872,986,0
2588,0,2588,1188,872,987,0
2589,0,2589,1189,872,988,0
2590,0,2590,1189,872,988,0
2591,0,2591,1189,872,988,0
2592,0,2592,1189,872,988,0
2593,0,2593,1189,872,988,0
2594,0,2594,1189,872,988,0
2595,0,2595,1190,872,988,0
2596,0,2596,1191,873,989,0
2597,0,2597,1192,874,990,0
2598,0,2598,1192,874,990,0
2599,0,2599,1192,874,990,0
2600,0,2600,1192,874,990,0
2601,0,2601,1192,874,990,0
2602,0,2602,1192,874,990,0
2603,0,2603,1192,874,990,0
2604,0,2604,1193,875,991,0
2605,0,2605,1194,876,992,0
2606,0,2606,1194,876,992,0
2607,0,2607,1194,876,992,0
2608,0,2608,1194,876,992,0
2609,0,2609,1194,876,992,0
2610,0,2610,1195,876,993,0
2611,0,2611,1196,876,994,0
2612,0,2612,1196,876,994,0
2613,0,2613,1196,876,994,0
2614,0,2614,1197,877,995,0
2615,0,2615,1198,878,996,0
2616,0,2616,1198,878,996,0
2617,0,2617,1198,878,996,0
2618,0,2618,1198,878,996,0
2619,0,2619,1199,878,997,0
2620,0,2620,1200,878,998,0
2621,0,2621,1200,878,998,0
2622,0,2622,1201,879,999,0
2623,0,2623,1202,880,1000,0
2624,0,2624,1202,880,1000,0
2625,0,2625,1203,881,1001,0
2626,0,2626,1204,882,1002,0
2627,0,2627,1204,882,1002,0
2628,0,2628,1204,882,1002,0
2629,0,2629,1204,882,1002,0
2630,0,2630,1204,882,1002,0
2631,0,2631,1205,883,1002,0
2632,0,2632,1206,884,1002,0
2633,0,2633,1206,884,1002,0
2634,0,2634,1206,884,1002,0
2635,0,2635,1206,884,1002,0
2636,0,2636,1206,884,1002,0
2637,0,2637,1206,884,1002,0
2638,0,2638,1206,884,1002,0
2639,0,2639,1206,884,1002,0
2640,0,2640,1206,884,1002,0
2641,0,2641,1206,884,1002,0
2642,0,2642,1206,884,1002,0
2643,0,2643,1206,884,1002,0
2644,0,2644,1207,885,1003,0
2645,0,2645,1208,886,1004,0
2646,0,2646,1208,886,1004,0
2647,0,2647,1209,887,1005,0
2648,0,2648,1210,888,1006,0
2649,0,2649,1211,888,1007,0
2650,0,2650,1212,889,1008,0
2651,0,2651,1213,890,1009,0
2652,0,2652,1214,891,1010,0
2653,0,2653,1214,891,1010,0
2654,0,2654,1214,891,1010,0
2655,0,2655,1214,891,1010,0
2656,0,2656,1214,891,1010,0
2657,0,2657,1215,892,1011,0
2658,0,2658,1216,893,1012,0
2659,0,2659,1217,893,1013,0
2660,0,2660,1217,893,1013,0
2661,0,2661,1217,893,1013,0
2662,0,2662,1217,893,1013,0
2663,0,2663,1217,893,1013,0
2664,0,2664,1217,893,1013,0
2665,0,2665,1217,893,1013,0
2666,0,2666,1217,893,1013,0
2667,0,2667,1217,893,1013,0
2668,0,2668,1217,893,1013,0
2669,0,2669,1217,893,1013,0
2670,0,2670,1218,894,1014,0
2671,0,2671,1219,894,1015,0
2672,0,2672,1220,895,1016,0
2673,0,2673,1221,896,1017,0
2674,0,2674,1222,897,1018,0
2675,0,2675,1223,897,1019,0
2676,0,2676,1223,897,1019,0
2677,0,2677,1223,897,1019,0
2678,0,2678,1223,897,1019,0
2679,0,2679,1223,897,1019,0
2680,0,2680,1223,897,1019,0
2681,0,2681,1224,898,1020,0
2682,0,2682,1225,899,1021,0
2683,0,2683,1225,899,1021,0
2684,0,2684,1226,900,1022,0
2685,0,2685,1227,901,1023,0
2686,0,2686,1228,902,1024,0
2687,0,2687,1229,903,1025,0
2688,0,2688,1230,904,1026,0
2689,0,2689,1230,904,1026,0
2690,0,2690,1230,904,1026,0
2691,0,2691,1230,904,1026,0
2692,0,2692,1230,904,1026,0
2693,0,2693,1231,905,1027,0
2694,0,2694,1232,906,1028,0
2695,0,2695,1232,906,1028,0
2696,0,2696,1232,906,1028,0
2697,0,2697,1232,906,1028,0
2698,0,2698,1232,906,1028,0
2699,0,2699,1233,906,1028,0
2700,0,2700,1234,906,1028,0
2701,0,2701,1234,906,1028,0
2702,0,2702,1234,906,1028,0
2703,0,2703,1234,906,1028,0
2704,0,2704,1234,906,1028,0
2705,0,2705,1235,906,1029,0
2706,0,2706,1236,906,1030,0
2707,0,2707,1236,906,1030,0
2708,0,2708,1236,906,1030,0
2709,0,2709,1237,907,1031,0
2710,0,2710,1238,908,1032,0
2711,0,2711,1238,908,1032,0
2712,0,2712,1239,908,1033,0
2713,0,2713,1240,909,1034,0
2714,0,2714,1241,910,1035,0
2715,0,2715,1242,911,1036,0
2716,0,2716,1242,911,1036,0
2717,0,2717,1242,911,1036,0
2718,0,2718,1243,911,1036,0
2719,0,2719,1244,911,1036,0
2720,0,2720,1244,911,1036,0
2721,0,2721,1244,911,1036,0
2722,0,2722,1244,911,1036,0
2723,0,2723,1244,911,1036,0
2724,0,2724,1244,911,1036,0
2725,0,2725,1244,911,1036,0
2726,0,2726,1244,911,1036,0
2727,0,2727,1244,911,1036,0
2728,0,2728,1245,911,1037,0
2729,0,2729,1246,911,1038,0
2730,0,2730,1247,912,1039,0
2731,0,2731,1248,913,1040,0
2732,0,2732,1249,913,1041,0
2733,0,2733,1250,913,1042,0
2734,0,2734,1250,913,1042,0
2735,0,2735,1250,913,1042,0
2736,0,2736,1250,913,1042,0
2737,0,2737,1250,913,1042,0
2738,0,2738,1250,913,1042,0
2739,0,2739,1251,913,1042,0
2740,0,2740,1252,914,1043,0
2741,0,2741,1253,915,1044,0
2742,0,2742,1254,916,1045,0
2743,0,2743,1255,917,1046,0
2744,0,2744,1256,917,1047,0
2745,0,2745,1256,917,1047,0
2746,0,2746,1256,917,1047,0
2747,0,2747,1256,917,1047,0
2748,0,2748,1256,917,1047,0
2749,0,2749,1257,918,1048,0
2750,0,2750,1258,919,1049,0
2751,0,2751,1258,919,1049,0
2752,0,2752,1259,920,1050,0
2753,0,2753,1260,921,1051,0
2754,0,2754,1260,921,1051,0
2755,0,2755,1260,921,1051,0
2756,0,2756,1261,922,1051,0
2757,0,2757,1262,923,1051,0
2758,0,2758,1262,923,1051,0
2759,0,2759,1262,923,1051,0
2760,0,2760,1262,923,1051,0
2761,0,2761,1262,923,1051,0
2762,0,2762,1262,923,1051,0
2763,0,2763,1262,923,1051,0
2764,0,2764,1262,923,1051,0
2765,0,2765,1262,923,1051,0
2766,0,2766,1262,923,1051,0
2767,0,2767,1262,923,1051,0
2768,0,2768,1262,923,1051,0
2769,0,2769,1262,923,1051,0
2770,0,2770,1262,923,1051,0
2771,0,2771,1263,923,1052,0
2772,0,2772,1264,923,1053,0
2773,0,2773,1265,924,1054,0
2774,0,2774,1266,925,1055,0
2775,0,2775,1267,926,1056,0
2776,0,2776,1268,927,1057,0
2777,0,2777,1268,927,1057,0
2778,0,2778,1268,927,1057,0
2779,0,2779,1269,928,1058,0
2780,0,2780,1270,928,1059,0
2781,0,2781,1271,929,1060,0
2782,0,2782,1272,929,1061,0
2783,0,2783,1273,929,1062,0
2784,0,2784,1273,929,1062,0
2785,0,2785,1273,929,1062,0
2786,0,2786,1273,929,1062,0
2787,0,2787,1273,929,1062,0
2788,0,2788,1273,929,1062,0
2789,0,2789,1273,929,1062,0
2790,0,2790,1273,929,1062,0
2791,0,2791,1273,929,1062,0
2792,0,2792,1273,929,1062,0
2793,0,2793,1273,929,1062,0
2794,0,2794,1273,929,1062,0
2795,0,2795,1273,929,1062,0
2796,0,2796,1273,929,1062,0
2797,0,2797,1274,930,1063,0
2798,0,2798,1275,931,1064,0
2799,0,2799,1276,931,1064,0
2800,0,2800,1276,931,1064,0
2801,0,2801,1277,931,1064,0
2802,0,2802,1278,931,1064,0
2803,0,2803,1279,932,1065,0
2804,0,2804,1280,932,1066,0
2805,0,2805,1281,933,1067,0
2806,0,2806,1281,933,1067,0
2807,0,2807,1281,933,1067,0
2808,0,2808,1282,934,1068,0
2809,0,2809,1283,935,1069,0
2810,0,2810,1284,936,1070,0
2811,0,2811,1285,937,1071,0
2812,0,2812,1286,937,1071,0
2813,0,2813,1287,937,1071,0
2814,0,2814,1287,937,1071,0
2815,0,2815,1287,937,1071,0
2816,0,2816,1288,938,1072,0
2817,0,2817,1289,938,1073,0
2818,0,2818,1290,939,1074,0
2819,0,2819,1291,940,1074,0
2820,0,2820,1292,941,1074,0
2821,0,2821,1292,941,1074,0
2822,0,2822,1292,941,1074,0
2823,0,2823,1292,941,1074,0
2824,0,2824,1292,941,1074,0
2825,0,2825,1292,941,1074,0
2826,0,2826,1292,941,1074,0
2827,0,2827,1292,941,1074,0
2828,0,2828,1292,941,1074,0
2829,0,2829,1292,941,1074,0
2830,0,2830,1292,941,1074,0
2831,0,2831,1292,941,1074,0
2832,0,2832,1292,941,1074,0
2833,0,2833,1292,941,1074,0
2834,0,2834,1293,942,1075,0
2835,0,2835,1294,943,1076,0
2836,0,2836,1295,944,1077,0
2837,0,2837,1296,945,1078,0
2838,0,2838,1297,946,1079,0
2839,0,2839,1298,947,1080,0
2840,0,2840,1298,947,1080,0
2841,0,2841,1298,947,1080,0
2842,0,2842,1299,948,1081,0
2843,0,2843,1300,949,1082,0
2844,0,2844,1301,950,1083,0
2845,0,2845,1301,950,1083,0
2846,0,2846,1302,951,1084,0
2847,0,2847,1303,952,1085,0
2848,0,2848,1303,952,1085,0
2849,0,2849,1303,952,1085,0
2850,0,2850,1303,952,1085,0
2851,0,2851,1303,952,1085,0
2852,0,2852,1303,952,1085,0
2853,0,2853,1303,952,1085,0
2854,0,2854,1304,953,1086,0
2855,0,2855,1305,954,1087,0
2856,0,2856,1305,954,1087,0
2857,0,2857,1305,954,1087,0
2858,0,2858,1305,954,1087,0
2859,0,2859,1305,954,1087,0
2860,0,2860,1306,955,1088,0
2861,0,2861,1307,955,1089,0
2862,0,2862,1308,956,1090,0
2863,0,2863,1309,956,1090,0
2864,0,2864,1310,957,1091,0
2865,0,2865,1311,958,1092,0
2866,0,2866,1311,958,1092,0
2867,0,2867,1311,958,1092,0
2868,0,2868,1311,958,1092,0
2869,0,2869,1311,958,1092,0
2870,0,2870,1311,958,1092,0
2871,0,2871,1311,958,1092,0
2872,0,2872,1311,958,1092,0
2873,0,2873,1312,959,1093,0
2874,0,2874,1313,960,1094,0
2875,0,2875,1314,960,1094,0
2876,0,2876,1314,960,1094,0
2877,0,2877,1314,960,1094,0
2878,0,2878,1314,960,1094,0
2879,0,2879,1315,961,1095,0
2880,0,2880,1316,962,1095,0
2881,0,2881,1317,963,1096,0
2882,0,2882,1317,963,1096,0
2883,0,2883,1318,964,1096,0
2884,0,2884,1319,965,1096,0
2885,0,2885,1319,965,1096,0
2886,0,2886,1319,965,1096,0
2887,0,2887,1319,965,1096,0
2888,0,2888,1320,966,1097,0
2889,0,2889,1321,966,1098,0
2890,0,2890,1322,967,1099,0
2891,0,2891,1322,967,1099,0
2892,0,2892,1322,967,1099,0
2893,0,2893,1322,967,1099,0
2894,0,2894,1322,967,1099,0
2895,0,2895,1322,967,1099,0
2896,0,2896,1322,967,1099,0
2897,0,2897,1322,967,1099,0
2898,0,2898,1322,967,1099,0
2899,0,2899,1323,968,1100,0
2900,0,2900,1324,969,1101,0
2901,0,2901,1325,970,1102,0
2902,0,2902,1326,971,1103,0
2903,0,2903,1327,972,1103,0
2904,0,2904,1328,973,1104,0
2905,0,2905,1328,973,1104,0
2906,0,2906,1328,973,1104,0
2907,0,2907,1328,973,1104,0
2908,0,2908,1328,973,1104,0
2909,0,2909,1328,973,1104,0
2910,0,2910,1328,973,1104,0
2911,0,2911,1328,973,1104,0
2912,0,2912,1328,973,1104,0
2913,0,2913,1329,974,1105,0
2914,0,2914,1330,975,1106,0
2915,0,2915,1331,976,1107,0
2916,0,2916,1332,977,1108,0
2917,0,2917,1332,977,1108,0
2918,0,2918,1332,977,1108,0
2919,0,2919,1332,977,1108,0
2920,0,2920,1333,978,1109,0
2921,0,2921,1334,979,1110,0
2922,0,2922,1334,979,1110,0
2923,0,2923,1334,979,1110,0
2924,0,2924,1334,979,1110,0
2925,0,2925,1334,979,1110,0
2926,0,2926,1335,979,1111,0
2927,0,2927,1336,980,1112,0
2928,0,2928,1337,981,1113,0
2929,0,2929,1338,982,1114,0
2930,0,2930,1339,983,1115,0
2931,0,2931,1339,983,1115,0
2932,0,2932,1339,983,1115,0
2933,0,2933,1339,983,1115,0
2934,0,2934,1340,984,1116,0
2935,0,2935,1341,985,1117,0
2936,0,2936,1342,985,1117,0
2937,0,2937,1343,985,1117,0
2938,0,2938,1343,985,1117,0
2939,0,2939,1343,985,1117,0
2940,0,2940,1344,986,1118,0
2941,0,2941,1345,987,1119,0
2942,0,2942,1346,988,1120,0
2943,0,2943,1347,989,1121,0
2944,0,2944,1348,990,1122,0
2945,0,2945,1349,991,1123,0
2946,0,2946,1350,992,1124,0
2947,0,2947,1351,993,1125,0
2948,0,2948,1352,994,1125,0
2949,0,2949,1352,994,1125,0
2950,0,2950,1353,995,1125,0
2951,0,2951,1354,996,1125,0
2952,0,2952,1355,996,1125,0
2953,0,2953,1356,997,1126,0
2954,0,2954,1357,998,1127,0
2955,0,2955,1357,998,1127,0
2956,0,2956,1357,998,1127,0
2957,0,2957,1357,998,1127,0
2958,0,2958,1357,998,1127,0
2959,0,2959,1357,998,1127,0
2960,0,2960,1357,998,1127,0
2961,0,2961,1357,998,1127,0
2962,0,2962,1357,998,1127,0
2963,0,2963,1357,998,1127,0
2964,0,2964,1357,998,1127,0
2965,0,2965,1357,998,1127,0
2966,0,2966,1357,998,1127,0
2967,0,2967,1358,999,1128,0
2968,0,2968,1359,1000,1129,0
2969,0,2969,1359,1000,1129,0
2970,0,2970,1359,1000,1129,0
2971,0,2971,1359,1000,1129,0
2972,0,2972,1360,1001,1130,0
2973,0,2973,1361,1002,1131,0
2974,0,2974,1361,1002,1131,0
2975,0,2975,1362,1003,1132,0
2976,0,2976,1363,1004,1133,0
2977,0,2977,1363,1004,1133,0
2978,0,2978,1364,1004,1134,0
2979,0,2979,1365,1004,1135,0
2980,0,2980,1365,1004,1135,0
2981,0,2981,1365,1004,1135,0
2982,0,2982,1365,1004,1135,0
2983,0,2983,1366,1005,1136,0
2984,0,2984,1367,1006,1137,0
2985,0,2985,1368,1007,1138,0
2986,0,2986,1368,1007,1138,0
2987,0,2987,1368,1007,1138,0
2988,0,2988,1368,1007,1138,0
2989,0,2989,1369,1008,1139,0
2990,0,2990,1370,1009,1140,0
2991,0,2991,1370,1009,1140,0
2992,0,2992,1370,1009,1140,0
2993,0,2993,1370,1009,1140,0
2994,0,2994,1370,1009,1140,0
2995,0,2995,1370,1009,1140,0
2996,0,2996,1371,1010,1141,0
2997,0,2997,1372,1011,1142,0
2998,0,2998,1372,1011,1142,0
2999,0,2999,1372,1011,1142,0
3000,0,3000,1372,1011,1142,0
3001,0,3001,1372,1011,1142,0
3002,0,3002,1373,1011,1142,0
3003,0,3003,1374,1011,1142,0
3004,0,3004,1374,1011,1142,0
3005,0,3005,1374,1011,1142,0
3006,0,3006,1374,1011,1142,0
3007,0,3007,1374,1011,1142,0
3008,0,3008,1374,1011,1142,0
3009,0,3009,1374,1011,1142,0
3010,0,3010,1374,1011,1142,0
3011,0,3011,1374,1011,1142,0
3012,0,3012,1374,1011,1142,0
3013,0,3013,1374,1011,1142,0
3014,0,3014,1374,1011,1142,0
3015,0,3015,1374,1011,1142,0
3016,0,3016,1374,1011,1142,0
3017,0,3017,1374,1011,1142,0
3018,0,3018,1374,1011,1142,0
3019,0,3019,1374,1011,1142,0
3020,0,3020,1375,1012,1143,0
3021,0,3021,1376,1013,1144,0
3022,0,3022,1376,1013,1144,0
3023,0,3023,1376,1013,1144,0
3024,0,3024,1376,1013,1144,0
3025,0,3025,1376,1013,1144,0
3026,0,3026,1376,1013,1144,0
3027,0,3027,1376,1013,1144,0
3028,0,3028,1376,1013,1144,0
3029,0,3029,1376,1013,1144,0
3030,0,3030,1376,1013,1144,0
3031,0,3031,1377,1014,1144,0
3032,0,3032,1378,1015,1145,0
3033,0,3033,1379,1016,1146,0
3034,0,3034,1380,1017,1147,0
3035,0,3035,1381,1018,1148,0
3036,0,3036,1381,1018,1148,0
3037,0,3037,1382,1019,1149,0
3038,0,3038,1383,1020,1150,0
3039,0,3039,1384,1020,1150,0
3040,0,3040,1384,1020,1150,0
3041,0,3041,1384,1020,1150,0
3042,0,3042,1384,1020,1150,0
3043,0,3043,1384,1020,1150,0
3044,0,3044,1384,1020,1150,0
3045,0,3045,1384,1020,1150,0
3046,0,3046,1384,1020,1150,0
3047,0,3047,1384,1020,1150,0
3048,0,3048,1384,1020,1150,0
3049,0,3049,1384,1020,1150,0
3050,0,3050,1384,1020,1150,0
3051,0,3051,1385,1021,1151,0
3052,0,3052,1386,1022,1152,0
3053,0,3053,1386,1022,1152,0
3054,0,3054,1386,1022,1152,0
3055,0,3055,1387,1023,1153,0
3056,0,3056,1388,1024,1154,0
3057,0,3057,1388,1024,1154,0
3058,0,3058,1388,1024,1154,0
3059,0,3059,1388,1024,1154,0
3060,0,3060,1388,1024,1154,0
3061,0,3061,1388,1024,1154,0
3062,0,3062,1389,1024,1154,0
3063,0,3063,1390,1025,1155,0
3064,0,3064,1391,1026,1156,0
3065,0,3065,1392,1027,1157,0
3066,0,3066,1393,1028,1158,0
3067,0,3067,1394,1029,1159,0
3068,0,3068,1395,1029,1160,0
3069,0,3069,1396,1029,1161,0
3070,0,3070,1396,1029,1161,0
3071,0,3071,1397,1030,1162,0
3072,0,3072,1398,1031,1163,0
3073,0,3073,1398,1031,1163,0
3074,0,3074,1398,1031,1163,0
3075,0,3075,1399,1031,1163,0
3076,0,3076,1400,1031,1163,0
3077,0,3077,1401,1031,1163,0
3078,0,3078,1402,1032,1163,0
3079,0,3079,1403,1033,1163,0
3080,0,3080,1404,1034,1163,0
3081,0,3081,1405,1035,1163,0
3082,0,3082,1406,1035,1163,0
3083,0,3083,1406,1035,1163,0
3084,0,3084,1406,1035,1163,0
3085,0,3085,1406,1035,1163,0
3086,0,3086,1406,1035,1163,0
3087,0,3087,1406,1035,1163,0
3088,0,3088,1406,1035,1163,0
3089,0,3089,1406,1035,1163,0
3090,0,3090,1406,1035,1163,0
3091,0,3091,1406,1035,1163,0
3092,0,3092,1406,1035,1163,0
3093,0,3093,1406,1035,1163,0
3094,0,3094,1406,1035,1163,0
3095,0,3095,1406,1035,1163,0
3096,0,3096,1406,1035,1163,0
3097,0,3097,1407,1035,1164,0
3098,0,3098,1408,1035,1165,0
3099,0,3099,1408,1035,1165,0
3100,0,3100,1409,1035,1165,0
3101,0,3101,1410,1036,1166,0
3102,0,3102,1411,1037,1167,0
3103,0,3103,1412,1037,1167,0
3104,0,3104,1412,1037,1167,0
3105,0,3105,1412,1037,1167,0
3106,0,3106,1412,1037,1167,0
3107,0,3107,1412,1037,1167,0
3108,0,3108,1412,1037,1167,0
3109,0,3109,1412,1037,1167,0
3110,0,3110,1412,1037,1167,0
3111,0,3111,1412,1037,1167,0
3112,0,3112,1413,1038,1168,0
3113,0,3113,1414,1039,1169,0
3114,0,3114,1414,1039,1169,0
3115,0,3115,1414,1039,1169,0
3116,0,3116,1414,1039,1169,0
3117,0,3117,1414,1039,1169,0
3118,0,3118,1414,1039,1169,0
3119,0,3119,1415,1039,1170,0
3120,0,3120,1416,1039,1171,0
3121,0,3121,1416,1039,1171,0
3122,0,3122,1417,1040,1172,0
3123,0,3123,1418,1041,1173,0
3124,0,3124,1418,1041,1173,0
3125,0,3125,1418,1041,1173,0
3126,0,3126,1418,1041,1173,0
3127,0,3127,1419,1042,1174,0
3128,0,3128,1420,1042,1175,0
3129,0,3129,1421,1043,1176,0
3130,0,3130,1421,1043,1176,0
3131,0,3131,1421,1043,1176,0
3132,0,3132,1421,1043,1176,0
3133,0,3133,1421,1043,1176,0
3134,0,3134,1421,1043,1176,0
3135,0,3135,1421,1043,1176,0
3136,0,3136,1421,1043,1176,0
3137,0,3137,1422,1043,1177,0
3138,0,3138,1423,1043,1178,0
3139,0,3139,1423,1043,1178,0
3140,0,3140,1424,1044,1179,0
3141,0,3141,1425,1045,1180,0
3142,0,3142,1425,1045,1180,0
3143,0,3143,1425,1045,1180,0
3144,0,3144,1425,1045,1180,0
3145,0,3145,1426,1045,1181,0
3146,0,3146,1427,1045,1182,0
3147,0,3147,1427,1045,1182,0
3148,0,3148,1427,1045,1182,0
3149,0,3149,1427,1045,1182,0
3150,0,3150,1427,1045,1182,0
3151,0,3151,1427,1045,1182,0