name,recipeinstructions,author,recipeingredient,datepublished,recipeyield,recipecategory
0,-1,0,-1,0,1,1
1,-1,0,-1,1,2,1
2,-1,0,-1,2,-1,2
3,-1,0,-1,3,3,2
4,-1,0,-1,4,-1,2
5,-1,0,-1,5,4,3
6,-1,0,-1,6,-1,4
7,-1,0,-1,7,5,5
8,-1,0,-1,8,-1,6
9,1,0,-1,9,5,7
10,-1,0,-1,10,6,8
11,-1,0,-1,11,7,9
12,-1,0,-1,12,8,10
13,-1,0,-1,13,-1,11
14,-1,0,-1,14,9,-1
15,-1,0,-1,15,-1,11
16,-1,0,-1,16,-1,12
17,-1,0,-1,17,10,13
18,-1,0,-1,18,-1,14
19,-1,0,-1,18,-1,15
20,-1,0,-1,18,-1,16
21,-1,0,-1,19,-1,16
22,-1,0,-1,20,11,17
23,-1,0,-1,21,12,18
24,-1,0,-1,22,-1,19
25,-1,0,-1,23,-1,20
26,-1,0,-1,24,13,21
27,-1,0,-1,25,14,22
28,-1,0,-1,26,-1,23
29,-1,0,-1,27,-1,24
30,2,0,-1,28,15,25
31,-1,0,-1,29,-1,26
32,-1,0,-1,29,-1,27
33,-1,0,-1,29,-1,27
34,-1,0,-1,30,16,28
35,-1,0,-1,31,17,29
36,-1,0,-1,32,18,30
37,-1,0,-1,33,19,31
38,-1,0,-1,34,-1,32
39,3,0,-1,35,20,33
40,-1,0,-1,36,-1,34
41,-1,0,-1,37,21,35
42,-1,0,-1,38,-1,36
43,4,0,-1,39,22,37
44,-1,0,-1,40,23,38
45,-1,0,-1,41,24,39
46,-1,0,-1,42,-1,39
47,-1,0,-1,43,25,40
48,-1,0,-1,44,26,41
49,-1,0,-1,45,-1,42
50,-1,0,-1,46,27,42
51,5,0,-1,47,28,43
52,-1,0,-1,48,-1,44
53,6,0,-1,49,29,45
54,-1,0,-1,50,-1,45
55,-1,0,-1,50,-1,45
56,-1,0,-1,51,30,46
57,-1,0,-1,52,-1,46
58,-1,0,-1,53,31,47
59,-1,0,-1,54,32,48
60,-1,0,-1,55,-1,48
61,-1,0,-1,56,33,49
62,7,0,-1,57,34,50
63,8,0,-1,58,35,51
64,-1,0,-1,59,-1,52
65,-1,0,-1,60,36,53
66,-1,0,-1,61,-1,-1
67,-1,0,-1,61,-1,54
68,-1,0,-1,62,-1,55
69,-1,0,-1,63,37,56
70,-1,0,-1,64,-1,57
71,-1,0,-1,65,38,57
72,-1,0,-1,66,-1,-1
73,-1,0,-1,67,39,58
74,-1,0,-1,68,-1,59
75,-1,0,-1,69,-1,-1
76,-1,0,-1,70,-1,60
77,-1,0,-1,71,40,61
78,-1,0,-1,72,41,62
79,-1,0,-1,73,-1,-1
80,-1,0,-1,74,-1,63
81,-1,0,-1,75,-1,-1
82,-1,0,-1,76,42,64
83,-1,0,-1,77,43,65
84,-1,0,-1,78,-1,66
85,-1,0,-1,79,-1,67
86,-1,0,-1,80,44,68
87,-1,0,-1,81,-1,68
88,-1,0,-1,81,-1,69
89,-1,0,-1,81,-1,70
90,-1,0,-1,82,-1,71
91,-1,0,-1,83,-1,72
92,-1,0,-1,84,-1,73
93,-1,0,-1,85,-1,74
94,-1,0,-1,86,-1,74
95,-1,0,-1,87,44,74
96,-1,0,-1,88,-1,74
97,-1,0,-1,89,-1,74
98,-1,0,-1,90,-1,75
99,-1,0,-1,91,-1,76
100,-1,0,-1,91,-1,77
101,-1,0,-1,92,-1,78
102,-1,0,-1,93,45,79
103,-1,0,-1,94,46,80
104,-1,0,-1,95,-1,81
105,-1,0,-1,96,-1,82
106,-1,0,-1,97,47,83
107,-1,0,-1,98,-1,84
108,-1,0,-1,99,48,85
109,-1,0,-1,100,49,86
110,-1,0,-1,101,50,87
111,-1,0,-1,102,-1,88
112,-1,0,-1,103,-1,89
113,-1,0,-1,104,-1,90
114,-1,0,-1,105,51,91
115,-1,0,-1,106,-1,92
116,-1,0,-1,107,-1,92
117,-1,0,-1,108,52,93
118,-1,0,-1,109,-1,94
119,-1,0,-1,109,-1,-1
120,-1,0,-1,109,-1,95
121,-1,0,-1,110,-1,96
122,-1,0,-1,111,53,97
123,-1,0,-1,112,54,98
124,-1,0,-1,113,-1,99
125,-1,0,-1,113,-1,100
126,-1,0,-1,114,-1,101
127,-1,0,-1,115,-1,102
128,-1,0,-1,116,-1,103
129,-1,0,-1,117,-1,104
130,-1,0,-1,117,-1,105
131,-1,0,-1,118,55,106
132,-1,0,-1,119,56,107
133,-1,0,-1,120,-1,108
134,-1,0,-1,121,-1,-1
135,-1,0,-1,122,-1,109
136,-1,0,-1,123,57,110
137,-1,0,-1,124,58,111
138,-1,0,-1,125,-1,112
139,-1,0,-1,126,-1,113
140,-1,0,-1,127,-1,114
141,-1,0,-1,128,-1,-1
142,-1,0,-1,129,59,115
143,-1,0,-1,130,-1,115
144,-1,0,-1,131,60,115
145,9,0,-1,132,61,115
146,-1,0,-1,133,-1,116
147,-1,0,-1,134,-1,117
148,-1,0,-1,135,-1,118
149,-1,0,-1,136,-1,119
150,-1,0,-1,136,-1,120
151,-1,0,-1,136,-1,121
152,-1,0,-1,137,-1,122
153,-1,0,-1,138,-1,123
154,-1,0,-1,139,62,124
155,-1,0,-1,140,-1,125
156,-1,0,-1,140,-1,126
157,-1,0,-1,141,-1,126
158,-1,0,-1,142,-1,126
159,-1,0,-1,143,63,127
160,10,0,-1,144,64,128
161,-1,0,-1,145,-1,129
162,-1,0,-1,146,65,130
163,-1,0,-1,147,-1,131
164,-1,0,-1,148,-1,132
165,-1,0,-1,149,66,132
166,-1,0,-1,150,66,133
167,-1,0,-1,151,67,134
168,-1,0,-1,152,-1,135
169,-1,0,-1,153,68,136
170,-1,0,-1,154,69,137
171,-1,0,-1,155,70,138
172,-1,0,-1,156,-1,138
173,-1,0,-1,157,71,139
174,-1,0,-1,158,-1,140
175,-1,0,-1,159,72,141
176,-1,0,-1,160,73,142
177,-1,0,-1,161,-1,-1
178,-1,0,-1,162,-1,143
179,-1,0,-1,163,-1,143
180,-1,0,-1,164,-1,143
181,-1,0,-1,165,74,143
182,-1,0,-1,166,75,143
183,-1,0,-1,167,-1,144
184,-1,0,-1,168,76,145
185,-1,0,-1,169,-1,146
186,-1,0,-1,170,77,147
187,-1,0,-1,171,-1,148
188,-1,0,-1,171,-1,149
189,-1,0,-1,172,78,150
190,-1,0,-1,173,-1,151
191,-1,0,-1,174,-1,151
192,-1,0,-1,175,79,152
193,-1,0,-1,176,-1,153
194,-1,0,-1,177,80,154
195,-1,0,-1,178,-1,154
196,-1,0,-1,179,-1,155
197,-1,0,-1,179,-1,156
198,-1,0,-1,180,81,157
199,-1,0,-1,181,-1,158
200,-1,0,-1,181,-1,159
201,-1,0,-1,181,-1,160
202,-1,0,-1,182,82,161
203,-1,0,-1,183,83,162
204,-1,0,-1,184,-1,163
205,-1,0,-1,185,-1,164
206,-1,0,-1,186,84,165
207,-1,0,-1,187,85,166
208,-1,0,-1,188,86,167
209,-1,0,-1,189,87,168
210,-1,0,-1,190,-1,169
211,-1,0,-1,191,-1,-1
212,-1,0,-1,192,-1,170
213,-1,0,-1,193,-1,171
214,-1,0,-1,194,-1,172
215,-1,0,-1,195,88,173
216,-1,0,-1,196,89,174
217,-1,0,-1,197,90,175
218,-1,0,-1,198,-1,176
219,-1,0,-1,199,91,177
220,-1,0,-1,200,92,178
221,-1,0,-1,201,93,179
222,11,0,-1,202,94,180
223,-1,0,-1,203,-1,181
224,-1,0,-1,204,-1,182
225,-1,0,-1,205,-1,183
226,-1,0,-1,206,95,184
227,-1,0,-1,207,-1,185
228,-1,0,-1,208,96,186
229,-1,0,-1,209,-1,187
230,-1,0,-1,210,97,188
231,-1,0,-1,211,-1,188
232,12,0,-1,212,98,189
233,-1,0,-1,213,-1,190
234,-1,0,-1,214,99,191
235,-1,0,-1,215,-1,192
236,-1,0,-1,216,-1,193
237,-1,0,-1,217,-1,194
238,13,0,-1,218,100,195
239,-1,0,-1,219,101,196
240,-1,0,-1,220,-1,-1
241,-1,0,-1,221,102,197
242,-1,0,-1,222,-1,197
243,-1,0,-1,223,103,198
244,-1,0,-1,224,-1,199
245,-1,0,-1,225,-1,200
246,-1,0,-1,226,104,200
247,-1,0,-1,227,-1,200
248,-1,0,-1,228,-1,200
249,-1,0,-1,229,105,201
250,-1,0,-1,230,-1,202
251,-1,0,-1,231,-1,202
252,-1,0,-1,232,-1,203
253,-1,0,-1,233,106,203
254,-1,0,-1,234,107,204
255,-1,0,-1,235,-1,204
256,-1,0,-1,236,108,204
257,-1,0,-1,237,-1,204
258,-1,0,-1,238,-1,205
259,-1,0,-1,239,109,206
260,-1,0,-1,240,110,206
261,-1,0,-1,241,-1,207
262,-1,0,-1,242,-1,208
263,-1,0,-1,243,-1,209
264,14,0,-1,244,111,210
265,15,0,-1,245,112,211
266,-1,0,-1,246,-1,212
267,-1,0,-1,247,113,212
268,-1,0,-1,248,114,213
269,-1,0,-1,249,115,214
270,-1,0,-1,250,116,215
271,-1,0,-1,251,117,216
272,-1,0,-1,252,-1,-1
273,-1,0,-1,253,-1,217
274,-1,0,-1,254,118,218
275,-1,0,-1,255,-1,219
276,-1,0,-1,255,-1,219
277,-1,0,-1,255,-1,220
278,-1,0,-1,256,119,221
279,-1,0,-1,257,120,222
280,-1,0,-1,258,-1,223
281,-1,0,-1,259,-1,224
282,-1,0,-1,260,-1,225
283,-1,0,-1,261,121,226
284,-1,0,-1,262,122,227
285,16,0,-1,263,123,228
286,-1,0,-1,264,124,229
287,-1,0,-1,265,-1,230
288,-1,0,-1,266,-1,231
289,-1,0,-1,267,125,232
290,-1,0,-1,268,-1,233
291,-1,0,-1,269,-1,233
292,-1,0,-1,270,126,234
293,-1,0,-1,271,-1,235
294,-1,0,-1,271,-1,236
295,-1,0,-1,272,-1,237
296,-1,0,-1,273,-1,238
297,-1,0,-1,274,127,239
298,-1,0,-1,275,128,240
299,-1,0,-1,276,-1,240
300,-1,0,-1,276,-1,241
301,-1,0,-1,277,-1,242
302,-1,0,-1,278,129,243
303,-1,0,-1,279,-1,244
304,-1,0,-1,280,-1,245
305,-1,0,-1,281,130,246
306,-1,0,-1,282,-1,247
307,-1,0,-1,283,131,247
308,-1,0,-1,284,132,248
309,-1,0,-1,285,-1,249
310,-1,0,-1,286,-1,250
311,-1,0,-1,287,-1,251
312,-1,0,-1,288,133,252
313,-1,0,-1,289,134,253
314,-1,0,-1,290,-1,254
315,-1,0,-1,291,135,255
316,-1,0,-1,292,135,256
317,-1,0,-1,293,136,257
318,-1,0,-1,294,-1,258
319,-1,0,-1,295,137,259
320,-1,0,-1,296,138,259
321,17,0,-1,297,139,260
322,-1,0,-1,298,-1,261
323,-1,0,-1,299,140,262
324,-1,0,-1,300,141,-1
325,-1,0,-1,301,-1,263
326,-1,0,-1,302,142,264
327,-1,0,-1,303,-1,-1
328,-1,0,-1,304,143,265
329,-1,0,-1,305,-1,266
330,-1,0,-1,306,-1,-1
331,-1,0,-1,307,144,-1
332,-1,0,-1,308,145,267
333,-1,0,-1,309,-1,268
334,-1,0,-1,310,146,269
335,-1,0,-1,311,147,269
336,-1,0,-1,312,-1,270
337,-1,0,-1,313,-1,271
338,-1,0,-1,314,148,271
339,-1,0,-1,315,-1,-1
340,18,0,-1,316,149,271
341,-1,0,-1,317,-1,272
342,-1,0,-1,318,-1,-1
343,-1,0,-1,319,150,273
344,-1,0,-1,320,-1,273
345,-1,0,-1,321,151,274
346,-1,0,-1,322,152,275
347,-1,0,-1,323,153,276
348,-1,0,-1,324,154,277
349,-1,0,-1,325,-1,278
350,-1,0,-1,326,155,279
351,-1,0,-1,327,-1,280
352,-1,0,-1,328,-1,281
353,-1,0,-1,329,-1,282
354,-1,0,-1,330,156,283
355,-1,0,-1,331,-1,-1
356,-1,0,-1,332,157,284
357,-1,0,-1,333,158,285
358,-1,0,-1,334,-1,286
359,-1,0,-1,335,159,287
360,-1,0,-1,336,160,288
361,-1,0,-1,337,-1,289
362,-1,0,-1,338,161,290
363,-1,0,-1,339,-1,291
364,-1,0,-1,340,162,291
365,-1,0,-1,341,163,-1
366,-1,0,-1,342,164,291
367,-1,0,-1,343,165,291
368,-1,0,-1,344,-1,292
369,-1,0,-1,344,-1,-1
370,-1,0,-1,345,166,293
371,-1,0,-1,346,-1,-1
372,-1,0,-1,347,167,294
373,-1,0,-1,348,167,295
374,-1,0,-1,349,-1,295
375,-1,0,-1,350,-1,296
376,19,0,-1,351,168,297
377,-1,0,-1,352,169,298
378,-1,0,-1,353,-1,299
379,-1,0,-1,354,-1,-1
380,-1,0,-1,355,169,299
381,-1,0,-1,356,169,300
382,-1,0,-1,357,-1,300
383,-1,0,-1,357,-1,301
384,-1,0,-1,358,170,302
385,-1,0,-1,359,-1,303
386,-1,0,-1,359,-1,304
387,20,0,-1,360,171,305
388,21,0,-1,361,172,306
389,22,0,-1,362,173,307
390,-1,0,-1,363,-1,308
391,-1,0,-1,364,-1,309
392,-1,0,-1,365,-1,310
393,-1,0,-1,366,174,311
394,-1,0,-1,367,174,311
395,-1,0,-1,368,175,312
396,-1,0,-1,369,176,313
397,-1,0,-1,370,177,314
398,-1,0,-1,371,178,315
399,-1,0,-1,372,-1,315
400,-1,0,-1,373,179,316
401,-1,0,-1,374,180,317
402,-1,0,-1,375,-1,318
403,-1,0,-1,376,-1,319
404,-1,0,-1,377,-1,320
405,-1,0,-1,378,-1,320
406,-1,0,-1,379,181,321
407,-1,0,-1,380,182,322
408,-1,0,-1,381,-1,323
409,-1,0,-1,382,183,324
410,-1,0,-1,383,-1,325
411,-1,0,-1,384,184,326
412,-1,0,-1,385,-1,327
413,-1,0,-1,386,185,328
414,-1,0,-1,387,-1,329
415,-1,0,-1,388,-1,330
416,-1,0,-1,389,-1,331
417,-1,0,-1,390,186,332
418,-1,0,-1,391,-1,333
419,-1,0,-1,392,-1,333
420,-1,0,-1,393,-1,334
421,-1,0,-1,394,187,335
422,-1,0,-1,395,-1,-1
423,-1,0,-1,396,188,335
424,-1,0,-1,397,-1,336
425,-1,0,-1,398,-1,-1
426,-1,0,-1,399,189,337
427,-1,0,-1,400,-1,338
428,-1,0,-1,401,-1,339
429,-1,0,-1,401,-1,340
430,-1,0,-1,402,190,341
431,-1,0,-1,403,-1,342
432,-1,0,-1,404,-1,343
433,-1,0,-1,405,-1,344
434,-1,0,-1,406,190,345
435,-1,0,-1,407,191,345
436,-1,0,-1,408,-1,346
437,-1,0,-1,409,192,347
438,-1,0,-1,410,-1,347
439,-1,0,-1,411,-1,348
440,-1,0,-1,412,-1,349
441,-1,0,-1,412,-1,350
442,-1,0,-1,413,-1,351
443,-1,0,-1,414,-1,352
444,-1,0,-1,414,-1,353
445,-1,0,-1,415,-1,354
446,-1,0,-1,416,193,354
447,-1,0,-1,417,-1,355
448,-1,0,-1,418,194,356
449,-1,0,-1,419,195,356
450,-1,0,-1,420,-1,357
451,-1,0,-1,421,-1,358
452,-1,0,-1,422,-1,359
453,-1,0,-1,423,196,360
454,-1,0,-1,424,197,361
455,-1,0,-1,425,-1,361
456,-1,0,-1,425,-1,361
457,-1,0,-1,426,198,361
458,-1,0,-1,427,198,361
459,-1,0,-1,428,199,362
460,-1,0,-1,429,-1,363
461,-1,0,-1,429,-1,364
462,-1,0,-1,429,-1,364
463,-1,0,-1,430,200,365
464,-1,0,-1,431,201,366
465,-1,0,-1,432,-1,367
466,-1,0,-1,433,-1,-1
467,-1,0,-1,434,-1,368
468,-1,0,-1,435,-1,368
469,-1,0,-1,436,-1,369
470,-1,0,-1,436,-1,370
471,-1,0,-1,437,202,371
472,-1,0,-1,438,-1,372
473,-1,0,-1,439,-1,373
474,-1,0,-1,440,-1,374
475,-1,0,-1,441,203,374
476,23,0,-1,442,204,375
477,-1,0,-1,443,-1,-1
478,-1,0,-1,444,-1,376
479,-1,0,-1,445,205,377
480,-1,0,-1,446,-1,378
481,-1,0,-1,446,-1,379
482,-1,0,-1,447,206,380
483,-1,0,-1,448,-1,380
484,-1,0,-1,449,207,381
485,-1,0,-1,450,-1,382
486,-1,0,-1,451,-1,383
487,-1,0,-1,452,208,384
488,-1,0,-1,453,-1,385
489,-1,0,-1,454,209,386
490,-1,0,-1,455,-1,-1
491,-1,0,-1,456,-1,-1
492,-1,0,-1,457,-1,387
493,-1,0,-1,458,-1,388
494,-1,0,-1,459,210,389
495,-1,0,-1,460,-1,390
496,-1,0,-1,461,211,391
497,-1,0,-1,462,212,392
498,-1,0,-1,463,213,-1
499,-1,0,-1,464,-1,393
500,-1,0,-1,465,214,394
501,-1,0,-1,466,-1,395
502,-1,0,-1,467,-1,396
503,-1,0,-1,468,215,397
504,-1,0,-1,469,216,398
505,-1,0,-1,470,-1,398
506,-1,0,-1,471,-1,398
507,-1,0,-1,472,217,398
508,-1,0,-1,473,218,399
509,-1,0,-1,474,-1,400
510,24,0,-1,475,219,401
511,-1,0,-1,476,220,402
512,-1,0,-1,477,-1,403
513,-1,0,-1,478,-1,404
514,-1,0,-1,479,-1,405
515,-1,0,-1,480,221,406
516,-1,0,-1,481,-1,407
517,-1,0,-1,482,221,408
518,-1,0,-1,483,-1,-1
519,-1,0,-1,484,-1,-1
520,-1,0,-1,485,222,409
521,-1,0,-1,486,-1,410
522,-1,0,-1,487,223,410
523,-1,0,-1,488,-1,411
524,-1,0,-1,488,-1,412
525,25,0,-1,489,224,413
526,-1,0,-1,490,-1,414
527,-1,0,-1,491,225,414
528,26,0,-1,492,226,415
529,-1,0,-1,493,227,416
530,27,0,-1,494,228,417
531,-1,0,-1,495,-1,418
532,-1,0,-1,496,229,419
533,-1,0,-1,497,-1,420
534,-1,0,-1,498,230,421
535,-1,0,-1,499,-1,421
536,-1,0,-1,500,-1,422
537,-1,0,-1,501,-1,423
538,-1,0,-1,502,231,424
539,-1,0,-1,503,232,425
540,-1,0,-1,504,-1,426
541,-1,0,-1,504,-1,427
542,-1,0,-1,505,233,428
543,-1,0,-1,506,234,429
544,-1,0,-1,507,235,429
545,-1,0,-1,508,-1,-1
546,-1,0,-1,508,-1,430
547,-1,0,-1,509,-1,431
548,-1,0,-1,510,-1,431
549,-1,0,-1,510,-1,432
550,-1,0,-1,511,-1,433
551,-1,0,-1,512,236,434
552,-1,0,-1,513,-1,434
553,-1,0,-1,514,237,435
554,-1,0,-1,515,-1,436
555,-1,0,-1,516,-1,437
556,-1,0,-1,517,-1,438
557,28,0,-1,518,238,439
558,-1,0,-1,519,239,440
559,-1,0,-1,520,-1,441
560,-1,0,-1,520,-1,442
561,29,0,-1,521,239,443
562,-1,0,-1,522,-1,444
563,-1,0,-1,523,240,445
564,-1,0,-1,524,241,446
565,-1,0,-1,525,-1,447
566,-1,0,-1,525,-1,448
567,-1,0,-1,525,-1,-1
568,-1,0,-1,526,242,449
569,-1,0,-1,527,-1,450
570,-1,0,-1,528,243,451
571,-1,0,-1,529,-1,452
572,-1,0,-1,530,244,-1
573,-1,0,-1,531,-1,453
574,-1,0,-1,532,245,453
575,-1,0,-1,533,-1,453
576,-1,0,-1,534,246,454
577,-1,0,-1,535,-1,455
578,-1,0,-1,536,247,456
579,-1,0,-1,537,-1,457
580,-1,0,-1,538,248,458
581,-1,0,-1,539,-1,459
582,-1,0,-1,540,-1,459
583,-1,0,-1,541,-1,460
584,-1,0,-1,542,-1,-1
585,-1,0,-1,542,-1,461
586,-1,0,-1,543,249,462
587,30,0,-1,544,250,463
588,-1,0,-1,545,251,464
589,-1,0,-1,546,252,464
590,-1,0,-1,547,252,464
591,-1,0,-1,548,252,465
592,-1,0,-1,549,-1,466
593,-1,0,-1,550,253,466
594,-1,0,-1,551,-1,467
595,-1,0,-1,552,-1,468
596,-1,0,-1,553,-1,-1
597,-1,0,-1,554,254,469
598,-1,0,-1,555,-1,470
599,-1,0,-1,555,-1,471
600,-1,0,-1,555,-1,472
601,-1,0,-1,556,-1,473
602,-1,0,-1,557,255,474
603,-1,0,-1,558,-1,475
604,-1,0,-1,559,256,475
605,-1,0,-1,560,257,476
606,-1,0,-1,561,-1,477
607,-1,0,-1,562,-1,477
608,-1,0,-1,563,-1,477
609,-1,0,-1,564,-1,477
610,-1,0,-1,565,-1,-1
611,-1,0,-1,565,-1,478
612,-1,0,-1,566,258,479
613,-1,0,-1,567,259,480
614,31,0,-1,568,260,481
615,-1,0,-1,569,-1,482
616,-1,0,-1,570,261,483
617,-1,0,-1,571,-1,484
618,-1,0,-1,572,-1,485
619,-1,0,-1,573,262,486
620,-1,0,-1,574,-1,487
621,-1,0,-1,575,263,488
622,32,0,-1,576,264,489
623,-1,0,-1,577,265,490
624,-1,0,-1,578,266,491
625,-1,0,-1,579,267,492
626,-1,0,-1,580,-1,493
627,-1,0,-1,581,267,494
628,-1,0,-1,582,267,495
629,-1,0,-1,583,-1,495
630,-1,0,-1,584,268,496
631,-1,0,-1,585,-1,497
632,-1,0,-1,586,-1,-1
633,-1,0,-1,587,-1,497
634,-1,0,-1,588,269,498
635,-1,0,-1,589,270,499
636,-1,0,-1,590,271,500
637,-1,0,-1,591,272,501
638,-1,0,-1,592,-1,502
639,-1,0,-1,593,273,503
640,-1,0,-1,594,-1,504
641,-1,0,-1,595,-1,505
642,-1,0,-1,596,-1,506
643,-1,0,-1,597,274,506
644,-1,0,-1,598,-1,507
645,-1,0,-1,599,-1,508
646,-1,0,-1,600,-1,509
647,-1,0,-1,601,274,510
648,-1,0,-1,602,275,510
649,-1,0,-1,603,-1,510
650,-1,0,-1,604,276,511
651,-1,0,-1,605,276,512
652,-1,0,-1,606,277,513
653,-1,0,-1,607,278,514
654,-1,0,-1,608,-1,514
655,-1,0,-1,609,-1,515
656,-1,0,-1,610,-1,516
657,-1,0,-1,611,-1,-1
658,-1,0,-1,612,279,517
659,-1,0,-1,613,-1,518
660,-1,0,-1,614,-1,519
661,-1,0,-1,614,-1,520
662,-1,0,-1,614,-1,-1
663,-1,0,-1,615,-1,520
664,-1,0,-1,616,-1,521
665,-1,0,-1,617,280,522
666,-1,0,-1,618,281,522
667,33,0,-1,619,282,523
668,-1,0,-1,620,-1,524
669,-1,0,-1,621,283,525
670,-1,0,-1,622,-1,526
671,-1,0,-1,623,-1,527
672,-1,0,-1,624,-1,528
673,-1,0,-1,624,-1,528
674,-1,0,-1,625,284,529
675,-1,0,-1,626,-1,530
676,-1,0,-1,627,-1,531
677,-1,0,-1,628,285,532
678,-1,0,-1,629,286,533
679,-1,0,-1,630,-1,-1
680,-1,0,-1,631,-1,534
681,-1,0,-1,632,287,535
682,-1,0,-1,633,-1,536
683,-1,0,-1,633,-1,536
684,-1,0,-1,634,-1,536
685,-1,0,-1,635,-1,536
686,-1,0,-1,636,-1,-1
687,-1,0,-1,637,-1,537
688,-1,0,-1,637,-1,538
689,34,0,-1,638,288,539
690,35,0,-1,639,289,540
691,-1,0,-1,640,290,540
692,-1,0,-1,641,291,541
693,-1,0,-1,642,-1,542
694,-1,0,-1,643,292,542
695,-1,0,-1,644,-1,543
696,-1,0,-1,645,-1,544
697,-1,0,-1,646,-1,545
698,36,0,-1,647,292,545
699,-1,0,-1,648,-1,546
700,-1,0,-1,649,-1,547
701,-1,0,-1,650,293,548
702,-1,0,-1,651,294,549
703,-1,0,-1,652,-1,550
704,-1,0,-1,653,295,551
705,-1,0,-1,654,296,552
706,-1,0,-1,655,-1,553
707,-1,0,-1,656,297,554
708,37,0,-1,657,298,555
709,-1,0,-1,658,-1,-1
710,-1,0,-1,659,299,556
711,-1,0,-1,660,300,557
712,-1,0,-1,661,301,558
713,-1,0,-1,662,-1,559
714,-1,0,-1,663,302,560
715,-1,0,-1,664,303,561
716,-1,0,-1,665,-1,561
717,-1,0,-1,665,-1,561
718,-1,0,-1,666,303,561
719,-1,0,-1,667,304,562
720,-1,0,-1,668,-1,563
721,-1,0,-1,669,305,563
722,-1,0,-1,670,306,564
723,-1,0,-1,671,307,565
724,-1,0,-1,672,308,566
725,-1,0,-1,673,-1,567
726,38,0,-1,674,309,568
727,-1,0,-1,675,310,569
728,-1,0,-1,676,-1,569
729,-1,0,-1,677,311,570
730,-1,0,-1,678,-1,571
731,-1,0,-1,679,312,571
732,-1,0,-1,680,313,571
733,39,0,-1,681,314,572
734,-1,0,-1,682,-1,573
735,-1,0,-1,683,315,574
736,-1,0,-1,684,316,575
737,-1,0,-1,685,-1,576
738,-1,0,-1,686,-1,577
739,-1,0,-1,687,317,578
740,-1,0,-1,688,-1,578
741,-1,0,-1,689,318,579
742,-1,0,-1,690,319,580
743,-1,0,-1,691,319,581
744,-1,0,-1,692,-1,581
745,-1,0,-1,693,320,582
746,-1,0,-1,694,-1,582
747,-1,0,-1,695,-1,583
748,-1,0,-1,696,321,584
749,-1,0,-1,697,-1,585
750,-1,0,-1,698,-1,586
751,-1,0,-1,699,322,587
752,-1,0,-1,700,-1,587
753,-1,0,-1,701,323,587
754,-1,0,-1,702,-1,588
755,-1,0,-1,703,-1,589
756,-1,0,-1,704,-1,590
757,-1,0,-1,705,324,591
758,-1,0,-1,706,-1,592
759,-1,0,-1,707,-1,593
760,-1,0,-1,708,-1,594
761,-1,0,-1,709,-1,595
762,-1,0,-1,710,325,596
763,-1,0,-1,711,-1,597
764,-1,0,-1,712,-1,598
765,-1,0,-1,712,-1,599
766,-1,0,-1,713,326,600
767,-1,0,-1,714,-1,601
768,-1,0,-1,715,327,602
769,-1,0,-1,716,-1,603
770,-1,0,-1,716,-1,604
771,-1,0,-1,717,328,605
772,-1,0,-1,718,329,606
773,-1,0,-1,719,-1,606
774,-1,0,-1,720,-1,-1
775,-1,0,-1,721,-1,606
776,-1,0,-1,722,330,606
777,-1,0,-1,723,-1,607
778,-1,0,-1,724,-1,608
779,-1,0,-1,725,-1,608
780,-1,0,-1,726,330,609
781,-1,0,-1,727,331,610
782,-1,0,-1,728,-1,611
783,-1,0,-1,729,332,612
784,-1,0,-1,730,-1,612
785,-1,0,-1,730,-1,613
786,-1,0,-1,731,333,614
787,-1,0,-1,732,-1,614
788,-1,0,-1,732,-1,614
789,-1,0,-1,733,334,615
790,-1,0,-1,734,335,616
791,-1,0,-1,735,336,617
792,-1,0,-1,736,-1,618
793,-1,0,-1,737,337,619
794,-1,0,-1,738,338,620
795,-1,0,-1,739,-1,621
796,-1,0,-1,740,339,622
797,-1,0,-1,741,340,623
798,-1,0,-1,742,341,624
799,-1,0,-1,743,342,625
800,-1,0,-1,744,343,626
801,-1,0,-1,745,-1,627
802,-1,0,-1,746,-1,628
803,40,0,-1,747,344,629
804,-1,0,-1,748,-1,630
805,-1,0,-1,749,-1,631
806,-1,0,-1,750,-1,632
807,-1,0,-1,751,-1,633
808,-1,0,-1,752,344,634
809,-1,0,-1,753,345,635
810,-1,0,-1,754,-1,636
811,-1,0,-1,754,-1,637
812,-1,0,-1,755,-1,637
813,-1,0,-1,756,346,637
814,-1,0,-1,757,347,637
815,-1,0,-1,758,-1,638
816,-1,0,-1,759,-1,639
817,-1,0,-1,760,348,640
818,-1,0,-1,761,-1,641
819,-1,0,-1,762,349,642
820,-1,0,-1,763,350,643
821,-1,0,-1,764,351,644
822,-1,0,-1,765,352,644
823,-1,0,-1,766,-1,644
824,-1,0,-1,767,353,645
825,-1,0,-1,768,354,646
826,-1,0,-1,769,355,647
827,-1,0,-1,770,356,648
828,-1,0,-1,771,357,649
829,-1,0,-1,772,358,-1
830,-1,0,-1,773,-1,650
831,-1,0,-1,774,359,651
832,-1,0,-1,775,360,652
833,-1,0,-1,776,361,653
834,-1,0,-1,777,362,654
835,-1,0,-1,778,363,655
836,41,0,-1,779,364,656
837,42,0,-1,780,365,657
838,-1,0,-1,781,-1,658
839,-1,0,-1,782,-1,659
840,-1,0,-1,783,366,660
841,-1,0,-1,784,-1,661
842,-1,0,-1,785,367,662
843,-1,0,-1,786,-1,663
844,-1,0,-1,787,-1,663
845,-1,0,-1,788,368,664
846,-1,0,-1,789,-1,-1
847,43,0,-1,790,369,664
848,-1,0,-1,791,-1,665
849,-1,0,-1,792,-1,666
850,-1,0,-1,793,-1,-1
851,-1,0,-1,794,370,667
852,-1,0,-1,795,-1,-1
853,-1,0,-1,796,-1,668
854,-1,0,-1,797,371,669
855,-1,0,-1,798,372,670
856,-1,0,-1,799,373,671
857,-1,0,-1,800,-1,672
858,-1,0,-1,801,-1,673
859,-1,0,-1,802,-1,674
860,-1,0,-1,803,-1,675
861,-1,0,-1,804,374,676
862,-1,0,-1,805,374,676
863,-1,0,-1,806,-1,677
864,-1,0,-1,807,-1,678
865,-1,0,-1,808,375,679
866,-1,0,-1,809,-1,-1
867,-1,0,-1,810,376,680
868,-1,0,-1,811,-1,681
869,-1,0,-1,812,377,682
870,-1,0,-1,813,378,683
871,-1,0,-1,814,379,684
872,-1,0,-1,815,380,685
873,-1,0,-1,816,-1,685
874,-1,0,-1,817,-1,685
875,-1,0,-1,818,-1,685
876,-1,0,-1,819,381,686
877,-1,0,-1,820,-1,687
878,-1,0,-1,820,-1,688
879,-1,0,-1,821,382,689
880,-1,0,-1,822,-1,690
881,-1,0,-1,823,383,691
882,-1,0,-1,824,-1,692
883,44,0,-1,825,384,693
884,-1,0,-1,826,-1,693
885,-1,0,-1,826,-1,694
886,-1,0,-1,827,-1,694
887,-1,0,-1,828,385,695
888,-1,0,-1,829,-1,696
889,-1,0,-1,830,386,697
890,-1,0,-1,831,-1,-1
891,-1,0,-1,832,-1,698
892,-1,0,-1,832,-1,699
893,-1,0,-1,832,-1,699
894,-1,0,-1,833,-1,700
895,-1,0,-1,834,-1,701
896,45,0,-1,835,387,702
897,-1,0,-1,836,388,703
898,-1,0,-1,837,-1,703
899,-1,0,-1,838,389,704
900,-1,0,-1,839,-1,705
901,-1,0,-1,840,390,705
902,46,0,-1,841,391,706
903,-1,0,-1,842,391,707
904,-1,0,-1,843,-1,708
905,-1,0,-1,844,392,709
906,-1,0,-1,845,393,710
907,-1,0,-1,846,394,711
908,-1,0,-1,847,-1,712
909,-1,0,-1,848,394,713
910,-1,0,-1,849,-1,714
911,-1,0,-1,850,-1,715
912,-1,0,-1,851,394,716
913,-1,0,-1,852,-1,717
914,-1,0,-1,853,-1,718
915,-1,0,-1,854,-1,719
916,-1,0,-1,855,395,719
917,-1,0,-1,856,396,719
918,-1,0,-1,857,-1,719
919,-1,0,-1,857,-1,720
920,-1,0,-1,858,-1,721
921,-1,0,-1,859,-1,-1
922,-1,0,-1,860,397,722
923,-1,0,-1,861,-1,-1
924,47,0,-1,862,398,723
925,-1,0,-1,863,399,724
926,-1,0,-1,864,400,725
927,-1,0,-1,865,401,726
928,-1,0,-1,866,-1,726
929,-1,0,-1,867,-1,727
930,-1,0,-1,868,401,728
931,-1,0,-1,869,402,728
932,-1,0,-1,870,403,728
933,-1,0,-1,871,-1,728
934,-1,0,-1,872,404,728
935,-1,0,-1,873,405,729
936,-1,0,-1,874,-1,730
937,48,0,-1,875,406,731
938,-1,0,-1,876,-1,-1
939,-1,0,-1,877,-1,732
940,-1,0,-1,878,407,733
941,-1,0,-1,879,-1,734
942,-1,0,-1,879,-1,734
943,-1,0,-1,880,408,734
944,-1,0,-1,881,-1,735
945,-1,0,-1,882,-1,736
946,-1,0,-1,883,-1,-1
947,-1,0,-1,884,409,737
948,-1,0,-1,885,-1,738
949,-1,0,-1,886,-1,-1
950,-1,0,-1,887,410,739
951,-1,0,-1,888,411,740
952,-1,0,-1,889,-1,741
953,49,0,-1,890,412,742
954,-1,0,-1,891,413,743
955,-1,0,-1,892,414,744
956,-1,0,-1,893,-1,745
957,-1,0,-1,894,415,746
958,50,0,-1,895,416,747
959,-1,0,-1,896,417,748
960,-1,0,-1,897,418,749
961,-1,0,-1,898,418,750
962,-1,0,-1,899,-1,751
963,-1,0,-1,900,419,752
964,-1,0,-1,901,-1,753
965,-1,0,-1,902,-1,754
966,-1,0,-1,903,-1,755
967,-1,0,-1,904,-1,756
968,-1,0,-1,904,-1,756
969,-1,0,-1,905,420,757
970,-1,0,-1,906,-1,758
971,-1,0,-1,907,-1,759
972,-1,0,-1,908,-1,759
973,-1,0,-1,909,421,760
974,-1,0,-1,910,-1,761
975,51,0,-1,911,422,762
976,-1,0,-1,912,423,763
977,-1,0,-1,913,-1,764
978,-1,0,-1,914,424,765
979,-1,0,-1,915,425,766
980,-1,0,-1,916,-1,767
981,-1,0,-1,917,-1,767
982,-1,0,-1,918,426,768
983,-1,0,-1,919,-1,769
984,-1,0,-1,920,-1,770
985,-1,0,-1,921,-1,771
986,-1,0,-1,922,-1,771
987,-1,0,-1,923,-1,771
988,-1,0,-1,924,-1,771
989,-1,0,-1,925,-1,771
990,-1,0,-1,926,427,771
991,-1,0,-1,927,-1,-1
992,-1,0,-1,928,428,772
993,-1,0,-1,929,-1,773
994,-1,0,-1,930,429,774
995,-1,0,-1,931,430,774
996,-1,0,-1,932,-1,774
997,-1,0,-1,933,430,774
998,-1,0,-1,934,-1,774
999,-1,0,-1,935,-1,775
1000,-1,0,-1,935,-1,775
1001,-1,0,-1,935,-1,776
1002,-1,0,-1,936,430,777
1003,-1,0,-1,937,-1,778
1004,-1,0,-1,937,-1,779
1005,-1,0,-1,938,431,780
1006,-1,0,-1,939,432,781
1007,-1,0,-1,940,-1,782
1008,-1,0,-1,941,433,783
1009,-1,0,-1,942,-1,784
1010,-1,0,-1,943,434,784
1011,-1,0,-1,944,-1,784
1012,-1,0,-1,945,-1,785
1013,52,0,-1,946,435,786
1014,-1,0,-1,947,-1,787
1015,-1,0,-1,947,-1,788
1016,-1,0,-1,948,-1,789
1017,-1,0,-1,949,436,-1
1018,-1,0,-1,950,437,790
1019,-1,0,-1,951,438,791
1020,-1,0,-1,952,439,792
1021,-1,0,-1,953,440,792
1022,-1,0,-1,954,-1,793
1023,-1,0,-1,955,441,794
1024,-1,0,-1,956,-1,795
1025,-1,0,-1,956,-1,796
1026,-1,0,-1,956,-1,796
1027,-1,0,-1,957,442,797
1028,-1,0,-1,958,-1,798
1029,-1,0,-1,959,-1,799
1030,-1,0,-1,960,-1,800
1031,-1,0,-1,961,443,801
1032,-1,0,-1,962,-1,802
1033,-1,0,-1,963,-1,803
1034,53,0,-1,964,444,804
1035,-1,0,-1,965,445,805
1036,-1,0,-1,966,-1,805
1037,-1,0,-1,967,-1,806
1038,54,0,-1,968,446,807
1039,-1,0,-1,969,447,807
1040,-1,0,-1,970,-1,808
1041,-1,0,-1,971,448,808
1042,-1,0,-1,972,449,809
1043,-1,0,-1,973,-1,810
1044,-1,0,-1,974,-1,811
1045,-1,0,-1,975,-1,-1
1046,-1,0,-1,976,-1,812
1047,-1,0,-1,977,-1,813
1048,55,0,-1,978,450,814
1049,-1,0,-1,979,451,815
1050,-1,0,-1,980,-1,816
1051,-1,0,-1,981,-1,817
1052,-1,0,-1,982,452,818
1053,-1,0,-1,983,453,819
1054,-1,0,-1,984,-1,820
1055,-1,0,-1,985,454,821
1056,-1,0,-1,986,455,822
1057,-1,0,-1,987,456,823
1058,56,0,-1,988,456,824
1059,-1,0,-1,989,457,824
1060,-1,0,-1,990,-1,825
1061,-1,0,-1,991,458,826
1062,-1,0,-1,992,458,827
1063,-1,0,-1,993,459,828
1064,-1,0,-1,994,460,829
1065,-1,0,-1,995,461,830
1066,-1,0,-1,996,462,831
1067,-1,0,-1,997,463,832
1068,-1,0,-1,998,-1,832
1069,-1,0,-1,999,464,833
1070,-1,0,-1,1000,465,834
1071,57,0,-1,1001,466,835
1072,-1,0,-1,1002,-1,836
1073,58,0,-1,1003,467,837
1074,-1,0,-1,1004,-1,838
1075,-1,0,-1,1005,-1,839
1076,-1,0,-1,1006,468,839
1077,-1,0,-1,1007,-1,840
1078,-1,0,-1,1007,-1,841
1079,-1,0,-1,1007,-1,842
1080,-1,0,-1,1008,-1,843
1081,-1,0,-1,1009,-1,843
1082,-1,0,-1,1010,-1,844
1083,-1,0,-1,1011,469,845
1084,-1,0,-1,1012,-1,846
1085,-1,0,-1,1013,470,-1
1086,-1,0,-1,1014,471,846
1087,-1,0,-1,1015,471,847
1088,-1,0,-1,1016,-1,848
1089,-1,0,-1,1017,-1,849
1090,-1,0,-1,1018,472,850
1091,-1,0,-1,1019,473,850
1092,59,0,-1,1020,474,851
1093,-1,0,-1,1021,-1,852
1094,-1,0,-1,1022,-1,853
1095,-1,0,-1,1023,-1,853
1096,-1,0,-1,1024,475,854
1097,-1,0,-1,1025,-1,855
1098,-1,0,-1,1026,-1,856
1099,-1,0,-1,1027,476,857
1100,-1,0,-1,1028,477,857
1101,-1,0,-1,1029,478,857
1102,-1,0,-1,1030,-1,857
1103,-1,0,-1,1031,-1,857
1104,-1,0,-1,1032,-1,858
1105,-1,0,-1,1033,-1,859
1106,-1,0,-1,1034,479,860
1107,-1,0,-1,1035,480,861
1108,-1,0,-1,1036,-1,862
1109,-1,0,-1,1037,481,863
1110,-1,0,-1,1038,482,864
1111,-1,0,-1,1039,483,865
1112,-1,0,-1,1040,-1,866
1113,-1,0,-1,1040,-1,867
1114,-1,0,-1,1041,484,868
1115,-1,0,-1,1042,-1,869
1116,-1,0,-1,1042,-1,870
1117,-1,0,-1,1043,485,871
1118,-1,0,-1,1044,-1,872
1119,-1,0,-1,1044,-1,872
1120,-1,0,-1,1044,-1,873
1121,-1,0,-1,1045,-1,874
1122,-1,0,-1,1046,-1,875
1123,-1,0,-1,1047,486,876
1124,-1,0,-1,1048,-1,877
1125,60,0,-1,1049,487,878
1126,-1,0,-1,1050,-1,879
1127,-1,0,-1,1051,-1,-1
1128,-1,0,-1,1052,488,880
1129,-1,0,-1,1053,489,880
1130,-1,0,-1,1054,-1,881
1131,-1,0,-1,1055,-1,882
1132,-1,0,-1,1056,490,883
1133,-1,0,-1,1057,-1,884
1134,-1,0,-1,1058,491,884
1135,-1,0,-1,1059,-1,884
1136,-1,0,-1,1060,-1,884
1137,-1,0,-1,1061,492,885
1138,-1,0,-1,1062,493,886
1139,-1,0,-1,1063,494,886
1140,61,0,-1,1064,495,887
1141,-1,0,-1,1065,496,888
1142,-1,0,-1,1066,-1,889
1143,-1,0,-1,1067,497,890
1144,62,0,-1,1068,-1,891
1145,-1,0,-1,1069,498,892
1146,-1,0,-1,1070,498,893
1147,-1,0,-1,1071,499,894
1148,-1,0,-1,1072,-1,895
1149,-1,0,-1,1072,-1,895
1150,-1,0,-1,1072,-1,895
1151,-1,0,-1,1073,500,895
1152,-1,0,-1,1074,-1,895
1153,-1,0,-1,1075,501,896
1154,63,0,-1,1076,502,897
1155,-1,0,-1,1077,-1,898
1156,-1,0,-1,1078,503,899
1157,-1,0,-1,1079,504,900
1158,-1,0,-1,1080,505,901
1159,-1,0,-1,1081,505,902
1160,-1,0,-1,1082,-1,903
1161,-1,0,-1,1082,-1,904
1162,-1,0,-1,1083,-1,905
1163,-1,0,-1,1084,506,906
1164,-1,0,-1,1085,507,907
1165,-1,0,-1,1086,-1,907
1166,-1,0,-1,1087,508,907
1167,-1,0,-1,1088,-1,908
1168,-1,0,-1,1089,-1,909
1169,-1,0,-1,1090,-1,909
1170,-1,0,-1,1091,-1,910
1171,-1,0,-1,1092,-1,911
1172,-1,0,-1,1093,-1,912
1173,-1,0,-1,1094,509,913
1174,-1,0,-1,1095,509,914
1175,-1,0,-1,1096,-1,915
1176,-1,0,-1,1097,510,916
1177,-1,0,-1,1098,511,917
1178,-1,0,-1,1099,-1,918
1179,-1,0,-1,1100,-1,919
1180,-1,0,-1,1101,512,920
1181,64,0,-1,1102,513,921
1182,-1,0,-1,1103,513,922
1183,-1,0,-1,1104,-1,923
1184,-1,0,-1,1105,514,924
1185,-1,0,-1,1106,-1,925
1186,-1,0,-1,1107,515,926
1187,-1,0,-1,1108,516,927
1188,-1,0,-1,1109,517,927
1189,-1,0,-1,1110,518,928
1190,-1,0,-1,1111,519,929
1191,-1,0,-1,1112,520,929
1192,-1,0,-1,1113,-1,930
1193,-1,0,-1,1114,-1,931
1194,-1,0,-1,1115,521,932
1195,-1,0,-1,1116,-1,933
1196,-1,0,-1,1117,-1,934
1197,-1,0,-1,1118,-1,934
1198,-1,0,-1,1119,522,935
1199,65,0,-1,1120,523,936
1200,-1,0,-1,1121,-1,937
1201,-1,0,-1,1122,-1,938
1202,-1,0,-1,1123,-1,-1
1203,66,0,-1,1124,524,939
1204,-1,0,-1,1125,525,940
1205,-1,0,-1,1126,526,941
1206,-1,0,-1,1127,527,942
1207,-1,0,-1,1128,-1,943
1208,-1,0,-1,1129,528,944
1209,-1,0,-1,1130,-1,945
1210,-1,0,-1,1131,-1,945
1211,-1,0,-1,1132,529,946
1212,-1,0,-1,1133,-1,947
1213,-1,0,-1,1133,-1,948
1214,-1,0,-1,1133,-1,949
1215,-1,0,-1,1133,-1,950
1216,-1,0,-1,1134,529,951
1217,-1,0,-1,1135,-1,952
1218,-1,0,-1,1136,530,952
1219,-1,0,-1,1137,-1,953
1220,-1,0,-1,1138,-1,954
1221,67,0,-1,1139,531,955
1222,-1,0,-1,1140,-1,956
1223,-1,0,-1,1141,532,956
1224,-1,0,-1,1142,533,957
1225,-1,0,-1,1143,-1,958
1226,-1,0,-1,1144,534,959
1227,-1,0,-1,1145,535,960
1228,-1,0,-1,1146,536,961
1229,-1,0,-1,1147,-1,962
1230,-1,0,-1,1148,-1,963
1231,-1,0,-1,1149,-1,964
1232,-1,0,-1,1150,-1,965
1233,-1,0,-1,1151,537,966
1234,-1,0,-1,1152,-1,967
1235,-1,0,-1,1152,-1,967
1236,-1,0,-1,1152,-1,968
1237,-1,0,-1,1152,-1,969
1238,-1,0,-1,1152,-1,-1
1239,-1,0,-1,1153,-1,970
1240,-1,0,-1,1154,538,970
1241,-1,0,-1,1155,-1,970
1242,-1,0,-1,1156,-1,971
1243,-1,0,-1,1157,539,972
1244,-1,0,-1,1158,-1,973
1245,-1,0,-1,1158,-1,974
1246,-1,0,-1,1159,-1,975
1247,-1,0,-1,1160,540,-1
1248,-1,0,-1,1161,-1,976
1249,-1,0,-1,1161,-1,977
1250,-1,0,-1,1162,540,978
1251,-1,0,-1,1163,541,979
1252,-1,0,-1,1164,-1,980
1253,-1,0,-1,1165,-1,-1
1254,-1,0,-1,1166,-1,981
1255,-1,0,-1,1167,-1,-1
1256,-1,0,-1,1168,-1,982
1257,-1,0,-1,1169,-1,983
1258,-1,0,-1,1170,541,984
1259,-1,0,-1,1171,-1,985
1260,-1,0,-1,1172,-1,986
1261,-1,0,-1,1173,542,987
1262,-1,0,-1,1174,-1,-1
1263,-1,0,-1,1175,-1,988
1264,68,0,-1,1176,543,988
1265,-1,0,-1,1177,-1,989
1266,-1,0,-1,1178,-1,990
1267,-1,0,-1,1179,544,991
1268,-1,0,-1,1180,545,992
1269,-1,0,-1,1181,546,993
1270,-1,0,-1,1182,-1,994
1271,-1,0,-1,1183,547,995
1272,-1,0,-1,1184,548,996
1273,-1,0,-1,1185,549,997
1274,-1,0,-1,1186,550,998
1275,-1,0,-1,1187,551,999
1276,-1,0,-1,1188,-1,1000
1277,69,0,-1,1189,551,1001
1278,-1,0,-1,1190,552,1002
1279,-1,0,-1,1191,-1,1003
1280,-1,0,-1,1192,-1,1004
1281,-1,0,-1,1193,-1,1005
1282,-1,0,-1,1194,-1,1006
1283,-1,0,-1,1195,-1,1007
1284,-1,0,-1,1196,-1,1008
1285,-1,0,-1,1197,553,1008
1286,-1,0,-1,1198,-1,1009
1287,-1,0,-1,1199,-1,1010
1288,-1,0,-1,1200,-1,1011
1289,-1,0,-1,1201,554,1012
1290,-1,0,-1,1202,-1,1013
1291,-1,0,-1,1203,555,1014
1292,-1,0,-1,1204,-1,1015
1293,-1,0,-1,1205,-1,1016
1294,-1,0,-1,1206,556,1017
1295,-1,0,-1,1207,-1,1018
1296,-1,0,-1,1208,557,1019
1297,-1,0,-1,1209,558,1020
1298,-1,0,-1,1210,-1,1021
1299,-1,0,-1,1211,559,1022
1300,-1,0,-1,1212,-1,1023
1301,-1,0,-1,1213,560,1023
1302,-1,0,-1,1214,561,1023
1303,-1,0,-1,1215,-1,1023
1304,-1,0,-1,1216,562,1024
1305,-1,0,-1,1217,-1,-1
1306,-1,0,-1,1218,-1,1025
1307,-1,0,-1,1219,563,1026
1308,70,0,-1,1220,564,1027
1309,-1,0,-1,1221,-1,1028
1310,-1,0,-1,1222,565,1029
1311,-1,0,-1,1223,-1,1030
1312,-1,0,-1,1224,566,1031
1313,-1,0,-1,1225,-1,1032
1314,-1,0,-1,1225,-1,1032
1315,-1,0,-1,1226,567,1033
1316,-1,0,-1,1227,568,1034
1317,-1,0,-1,1228,569,1035
1318,-1,0,-1,1229,570,1036
1319,-1,0,-1,1230,571,1037
1320,-1,0,-1,1231,572,1038
1321,-1,0,-1,1232,573,1039
1322,-1,0,-1,1233,-1,1039
1323,-1,0,-1,1234,574,1040
1324,-1,0,-1,1235,575,1041
1325,-1,0,-1,1236,576,1041
1326,-1,0,-1,1237,577,1041
1327,-1,0,-1,1238,-1,1042
1328,-1,0,-1,1239,578,1043
1329,-1,0,-1,1240,578,1044
1330,-1,0,-1,1241,579,1045
1331,-1,0,-1,1242,-1,1046
1332,-1,0,-1,1243,-1,1046
1333,-1,0,-1,1244,580,1047
1334,71,0,-1,1245,581,-1
1335,72,0,-1,1246,582,1047
1336,-1,0,-1,1247,-1,1048
1337,-1,0,-1,1247,-1,1049
1338,73,0,-1,1248,583,1050
1339,-1,0,-1,1249,-1,1051
1340,-1,0,-1,1250,584,1052
1341,-1,0,-1,1251,-1,1053
1342,-1,0,-1,1252,-1,1053
1343,-1,0,-1,1253,584,1054
1344,-1,0,-1,1254,585,1055
1345,-1,0,-1,1255,-1,1056
1346,-1,0,-1,1256,-1,1057
1347,-1,0,-1,1257,586,1058
1348,-1,0,-1,1258,-1,1059
1349,-1,0,-1,1258,-1,1060
1350,-1,0,-1,1259,587,1061
1351,-1,0,-1,1260,-1,1062
1352,-1,0,-1,1261,588,1063
1353,-1,0,-1,1262,-1,1064
1354,-1,0,-1,1263,589,1065
1355,-1,0,-1,1264,-1,1066
1356,-1,0,-1,1264,-1,1067
1357,-1,0,-1,1265,-1,1067
1358,-1,0,-1,1266,590,1067
1359,-1,0,-1,1267,-1,1067
1360,-1,0,-1,1268,-1,-1
1361,-1,0,-1,1269,591,1068
1362,-1,0,-1,1270,592,1069
1363,-1,0,-1,1271,-1,1070
1364,-1,0,-1,1271,-1,1071
1365,74,0,-1,1272,593,1071
1366,-1,0,-1,1273,594,1072
1367,-1,0,-1,1274,-1,-1
1368,-1,0,-1,1275,-1,1073
1369,-1,0,-1,1276,-1,1073
1370,-1,0,-1,1277,-1,1074
1371,-1,0,-1,1278,595,1074
1372,-1,0,-1,1279,-1,1075
1373,-1,0,-1,1280,-1,1076
1374,-1,0,-1,1281,596,-1
1375,-1,0,-1,1282,597,1077
1376,-1,0,-1,1283,-1,1078
1377,-1,0,-1,1284,-1,1079
1378,-1,0,-1,1285,-1,1080
1379,-1,0,-1,1286,598,1081
1380,-1,0,-1,1287,599,1082
1381,-1,0,-1,1288,-1,1083
1382,-1,0,-1,1289,-1,1084
1383,75,0,-1,1290,600,1085
1384,-1,0,-1,1291,-1,1086
1385,-1,0,-1,1292,-1,1087
1386,-1,0,-1,1293,601,1087
1387,76,0,-1,1294,602,1088
1388,-1,0,-1,1295,602,1088
1389,-1,0,-1,1296,-1,1089
1390,-1,0,-1,1296,-1,1090
1391,-1,0,-1,1296,-1,1091
1392,-1,0,-1,1297,603,1092
1393,-1,0,-1,1298,604,1093
1394,-1,0,-1,1299,-1,1094
1395,-1,0,-1,1300,605,1095
1396,-1,0,-1,1301,606,1096
1397,-1,0,-1,1302,607,1097
1398,-1,0,-1,1303,608,1098
1399,-1,0,-1,1304,-1,1099
1400,77,0,-1,1305,609,1100
1401,-1,0,-1,1306,-1,1101
1402,78,0,-1,1307,610,1102
1403,-1,0,-1,1308,611,1103
1404,-1,0,-1,1309,-1,-1
1405,-1,0,-1,1310,-1,1104
1406,-1,0,-1,1311,612,1105
1407,-1,0,-1,1312,613,1105
1408,-1,0,-1,1313,-1,-1
1409,-1,0,-1,1313,-1,1106
1410,-1,0,-1,1314,-1,1107
1411,79,0,-1,1315,614,1108
1412,-1,0,-1,1316,-1,-1
1413,-1,0,-1,1317,-1,1109
1414,-1,0,-1,1318,615,1110
1415,-1,0,-1,1319,-1,1111
1416,-1,0,-1,1320,-1,1111
1417,-1,0,-1,1320,-1,1111
1418,-1,0,-1,1321,616,1111
1419,-1,0,-1,1322,-1,1112
1420,-1,0,-1,1323,-1,1113
1421,-1,0,-1,1324,-1,1114
1422,-1,0,-1,1325,-1,1115
1423,-1,0,-1,1326,617,1116
1424,-1,0,-1,1327,-1,1116
1425,-1,0,-1,1328,-1,1117
1426,-1,0,-1,1329,618,1118
1427,80,0,-1,1330,619,1119
1428,-1,0,-1,1331,-1,1120
1429,-1,0,-1,1332,-1,-1
1430,-1,0,-1,1333,619,1121
1431,-1,0,-1,1334,620,1122
1432,-1,0,-1,1335,-1,1123
1433,-1,0,-1,1336,-1,1124
1434,-1,0,-1,1337,-1,1124
1435,-1,0,-1,1338,621,1125
1436,-1,0,-1,1339,622,1126
1437,-1,0,-1,1340,-1,1126
1438,-1,0,-1,1341,-1,1126
1439,-1,0,-1,1342,-1,1127
1440,81,0,-1,1343,623,1128
1441,-1,0,-1,1344,624,1128
1442,-1,0,-1,1345,624,1129
1443,-1,0,-1,1346,-1,1130
1444,-1,0,-1,1347,-1,1131
1445,-1,0,-1,1348,625,1131
1446,-1,0,-1,1349,626,1131
1447,-1,0,-1,1350,627,1132
1448,-1,0,-1,1351,-1,1133
1449,82,0,-1,1352,628,1134
1450,-1,0,-1,1353,628,1135
1451,-1,0,-1,1354,629,-1
1452,-1,0,-1,1355,630,1136
1453,-1,0,-1,1356,-1,1137
1454,-1,0,-1,1357,631,1138
1455,-1,0,-1,1358,632,1139
1456,-1,0,-1,1359,633,1140
1457,-1,0,-1,1360,634,1141
1458,-1,0,-1,1361,-1,1142
1459,-1,0,-1,1362,-1,1143
1460,-1,0,-1,1363,635,1144
1461,83,0,-1,1364,636,1145
1462,-1,0,-1,1365,637,1146
1463,-1,0,-1,1366,638,1147
1464,-1,0,-1,1367,-1,1148
1465,-1,0,-1,1368,-1,1149
1466,-1,0,-1,1369,639,1150
1467,84,0,-1,1370,640,1151
1468,-1,0,-1,1371,-1,1152
1469,-1,0,-1,1372,641,1153
1470,-1,0,-1,1373,642,1154
1471,-1,0,-1,1374,643,1155
1472,-1,0,-1,1375,644,1156
1473,-1,0,-1,1376,-1,1157
1474,-1,0,-1,1377,-1,1157
1475,-1,0,-1,1378,645,1158
1476,-1,0,-1,1379,-1,1159
1477,-1,0,-1,1380,646,1160
1478,-1,0,-1,1381,-1,1161
1479,-1,0,-1,1382,-1,1162
1480,-1,0,-1,1383,647,1163
1481,-1,0,-1,1384,-1,1164
1482,-1,0,-1,1384,-1,1165
1483,-1,0,-1,1385,648,1166
1484,-1,0,-1,1386,-1,1166
1485,-1,0,-1,1387,-1,1167
1486,-1,0,-1,1387,-1,1167
1487,-1,0,-1,1387,-1,1167
1488,-1,0,-1,1387,-1,1167
1489,-1,0,-1,1388,-1,1167
1490,-1,0,-1,1389,649,1168
1491,-1,0,-1,1390,-1,1169
1492,-1,0,-1,1391,650,1170
1493,-1,0,-1,1392,651,1171
1494,-1,0,-1,1393,652,1172
1495,-1,0,-1,1394,-1,-1
1496,-1,0,-1,1395,-1,1173
1497,-1,0,-1,1396,653,1174
1498,-1,0,-1,1397,-1,1175
1499,-1,0,-1,1398,654,1175
1500,-1,0,-1,1399,-1,1175
1501,-1,0,-1,1400,654,1176
1502,-1,0,-1,1401,-1,1177
1503,-1,0,-1,1402,-1,1178
1504,-1,0,-1,1403,655,1179
1505,-1,0,-1,1404,-1,1179
1506,-1,0,-1,1405,656,1179
1507,-1,0,-1,1406,657,-1
1508,-1,0,-1,1407,-1,1180
1509,-1,0,-1,1408,-1,1181
1510,-1,0,-1,1409,-1,1182
1511,-1,0,-1,1410,-1,1183
1512,-1,0,-1,1411,-1,1184
1513,-1,0,-1,1412,658,1185
1514,-1,0,-1,1413,-1,1186
1515,-1,0,-1,1414,659,1187
1516,-1,0,-1,1415,660,1188
1517,-1,0,-1,1416,-1,1189
1518,85,0,-1,1417,661,1189
1519,-1,0,-1,1418,662,1190
1520,-1,0,-1,1419,662,1191
1521,86,0,-1,1420,663,1192
1522,-1,0,-1,1421,-1,1192
1523,-1,0,-1,1422,-1,1193
1524,-1,0,-1,1423,-1,1194
1525,-1,0,-1,1424,664,1195
1526,-1,0,-1,1425,-1,1196
1527,-1,0,-1,1426,-1,1196
1528,-1,0,-1,1427,665,1197
1529,-1,0,-1,1428,-1,1198
1530,-1,0,-1,1429,666,1199
1531,-1,0,-1,1430,667,1200
1532,-1,0,-1,1431,-1,1201
1533,-1,0,-1,1432,-1,1201
1534,-1,0,-1,1433,668,1201
1535,-1,0,-1,1434,669,1201
1536,-1,0,-1,1435,670,1201
1537,-1,0,-1,1436,-1,1202
1538,-1,0,-1,1437,671,1203
1539,-1,0,-1,1438,-1,1204
1540,-1,0,-1,1439,-1,1205
1541,-1,0,-1,1440,672,1206
1542,-1,0,-1,1441,-1,1207
1543,-1,0,-1,1442,-1,1207
1544,-1,0,-1,1443,-1,1208
1545,-1,0,-1,1444,-1,1209
1546,-1,0,-1,1444,-1,1210
1547,-1,0,-1,1445,-1,1211
1548,-1,0,-1,1446,673,1212
1549,-1,0,-1,1447,-1,1213
1550,-1,0,-1,1448,-1,1213
1551,-1,0,-1,1449,674,1214
1552,-1,0,-1,1450,675,1214
1553,-1,0,-1,1451,-1,1214
1554,-1,0,-1,1452,676,1215
1555,87,0,-1,1453,677,1215
1556,-1,0,-1,1454,-1,-1
1557,-1,0,-1,1455,-1,1216
1558,-1,0,-1,1456,678,1217
1559,-1,0,-1,1457,679,1218
1560,-1,0,-1,1458,-1,1219
1561,-1,0,-1,1459,680,1220
1562,-1,0,-1,1460,681,1221
1563,-1,0,-1,1461,682,1222
1564,-1,0,-1,1462,683,1223
1565,-1,0,-1,1463,684,1224
1566,-1,0,-1,1464,-1,1224
1567,-1,0,-1,1465,-1,1225
1568,-1,0,-1,1466,685,1226
1569,-1,0,-1,1467,686,1227
1570,-1,0,-1,1468,687,1228
1571,-1,0,-1,1469,-1,1229
1572,-1,0,-1,1470,-1,1230
1573,-1,0,-1,1471,688,1231
1574,-1,0,-1,1472,689,1232
1575,-1,0,-1,1473,-1,1233
1576,-1,0,-1,1474,690,1234
1577,88,0,-1,1475,691,1234
1578,-1,0,-1,1476,692,1235
1579,89,0,-1,1477,693,1236
1580,-1,0,-1,1478,694,1237
1581,-1,0,-1,1479,-1,1238
1582,-1,0,-1,1480,695,1239
1583,-1,0,-1,1481,696,1239
1584,-1,0,-1,1482,-1,1239
1585,-1,0,-1,1483,697,1240
1586,-1,0,-1,1484,698,1241
1587,-1,0,-1,1485,-1,1242
1588,-1,0,-1,1486,-1,1243
1589,-1,0,-1,1487,-1,1244
1590,-1,0,-1,1488,698,1245
1591,-1,0,-1,1489,699,1246
1592,-1,0,-1,1490,700,1247
1593,-1,0,-1,1491,-1,1248
1594,-1,0,-1,1492,701,1249
1595,-1,0,-1,1493,-1,1249
1596,-1,0,-1,1494,-1,1250
1597,-1,0,-1,1495,702,1251
1598,-1,0,-1,1496,-1,1251
1599,-1,0,-1,1497,703,1251
1600,-1,0,-1,1498,704,1252
1601,-1,0,-1,1499,705,-1
1602,-1,0,-1,1500,-1,1253
1603,-1,0,-1,1501,-1,1254
1604,-1,0,-1,1502,-1,1254
1605,-1,0,-1,1503,706,1255
1606,-1,0,-1,1504,-1,1256
1607,-1,0,-1,1505,707,1257
1608,-1,0,-1,1506,708,1258
1609,-1,0,-1,1507,708,1258
1610,90,0,-1,1508,709,1258
1611,-1,0,-1,1509,710,1259
1612,-1,0,-1,1510,-1,1260
1613,-1,0,-1,1511,-1,1261
1614,-1,0,-1,1511,-1,1262
1615,-1,0,-1,1512,711,1263
1616,91,0,-1,1513,712,1264
1617,-1,0,-1,1514,-1,1265
1618,-1,0,-1,1515,713,1266
1619,-1,0,-1,1516,-1,1266
1620,-1,0,-1,1517,714,1267
1621,-1,0,-1,1518,715,1268
1622,-1,0,-1,1519,-1,1269
1623,-1,0,-1,1520,-1,1269
1624,-1,0,-1,1521,-1,-1
1625,-1,0,-1,1522,-1,1269
1626,-1,0,-1,1523,-1,1270
1627,-1,0,-1,1524,-1,1271
1628,-1,0,-1,1525,-1,1272
1629,-1,0,-1,1526,-1,1273
1630,-1,0,-1,1527,-1,-1
1631,-1,0,-1,1528,716,1273
1632,-1,0,-1,1529,717,1274
1633,-1,0,-1,1530,-1,1275
1634,-1,0,-1,1530,-1,1276
1635,-1,0,-1,1530,-1,1277
1636,-1,0,-1,1530,-1,1278
1637,-1,0,-1,1531,718,1279
1638,-1,0,-1,1532,719,1280
1639,-1,0,-1,1533,-1,1281
1640,-1,0,-1,1534,-1,1281
1641,-1,0,-1,1535,-1,-1
1642,-1,0,-1,1536,720,1282
1643,-1,0,-1,1537,721,1283
1644,-1,0,-1,1538,-1,1284
1645,-1,0,-1,1538,-1,1284
1646,-1,0,-1,1538,-1,1285
1647,-1,0,-1,1539,722,1286
1648,-1,0,-1,1540,723,1287
1649,-1,0,-1,1541,724,1288
1650,-1,0,-1,1542,-1,1289
1651,-1,0,-1,1543,-1,1290
1652,-1,0,-1,1544,725,1291
1653,-1,0,-1,1545,726,1292
1654,-1,0,-1,1546,727,1293
1655,-1,0,-1,1547,728,1293
1656,-1,0,-1,1548,-1,1294
1657,-1,0,-1,1549,-1,1295
1658,-1,0,-1,1550,-1,1296
1659,-1,0,-1,1551,729,1297
1660,-1,0,-1,1552,-1,1298
1661,-1,0,-1,1552,-1,1298
1662,-1,0,-1,1553,-1,1298
1663,-1,0,-1,1554,-1,1299
1664,-1,0,-1,1554,-1,-1
1665,-1,0,-1,1555,730,1300
1666,92,0,-1,1556,731,1301
1667,-1,0,-1,1557,-1,1302
1668,-1,0,-1,1558,732,1303
1669,-1,0,-1,1559,-1,-1
1670,-1,0,-1,1560,-1,1304
1671,-1,0,-1,1561,-1,1305
1672,-1,0,-1,1562,733,1306
1673,-1,0,-1,1563,734,1306
1674,-1,0,-1,1564,-1,1307
1675,-1,0,-1,1565,-1,1308
1676,-1,0,-1,1566,-1,1309
1677,-1,0,-1,1567,-1,1310
1678,-1,0,-1,1568,-1,1311
1679,-1,0,-1,1569,735,1312
1680,-1,0,-1,1570,-1,1313
1681,-1,0,-1,1571,-1,1314
1682,-1,0,-1,1571,-1,1314
1683,-1,0,-1,1572,-1,1315
1684,-1,0,-1,1573,736,1316
1685,-1,0,-1,1574,737,1317
1686,-1,0,-1,1575,738,1318
1687,-1,0,-1,1576,-1,1319
1688,-1,0,-1,1577,-1,1320
1689,93,0,-1,1578,739,1321
1690,-1,0,-1,1579,739,1322
1691,-1,0,-1,1580,740,1323
1692,-1,0,-1,1581,-1,1324
1693,-1,0,-1,1582,-1,1324
1694,-1,0,-1,1583,-1,1325
1695,-1,0,-1,1584,741,1326
1696,-1,0,-1,1585,742,1327
1697,-1,0,-1,1586,743,1328
1698,94,0,-1,1587,744,1329
1699,-1,0,-1,1588,-1,1329
1700,-1,0,-1,1589,745,1330
1701,-1,0,-1,1590,-1,1331
1702,-1,0,-1,1591,-1,1331
1703,-1,0,-1,1591,-1,1332
1704,-1,0,-1,1592,746,-1
1705,-1,0,-1,1593,747,1333
1706,-1,0,-1,1594,748,1334
1707,-1,0,-1,1595,749,1335
1708,-1,0,-1,1596,-1,-1
1709,-1,0,-1,1597,750,1335
1710,-1,0,-1,1598,-1,1335
1711,-1,0,-1,1599,751,1336
1712,-1,0,-1,1600,752,1337
1713,-1,0,-1,1601,-1,1338
1714,-1,0,-1,1602,753,1339
1715,-1,0,-1,1603,-1,1340
1716,-1,0,-1,1604,754,1341
1717,95,0,-1,1605,755,1342
1718,-1,0,-1,1606,-1,1343
1719,-1,0,-1,1607,-1,-1
1720,-1,0,-1,1608,756,1344
1721,-1,0,-1,1609,757,1345
1722,-1,0,-1,1610,-1,1346
1723,-1,0,-1,1611,-1,1346
1724,-1,0,-1,1612,-1,1347
1725,-1,0,-1,1613,-1,1348
1726,-1,0,-1,1614,758,1349
1727,-1,0,-1,1615,-1,1349
1728,-1,0,-1,1616,759,1350
1729,-1,0,-1,1617,760,1351
1730,-1,0,-1,1618,761,1352
1731,-1,0,-1,1619,762,1353
1732,96,0,-1,1620,762,1354
1733,-1,0,-1,1621,763,1355
1734,-1,0,-1,1622,-1,1356
1735,-1,0,-1,1623,764,1357
1736,97,0,-1,1624,765,1358
1737,-1,0,-1,1625,766,1359
1738,-1,0,-1,1626,767,1360
1739,-1,0,-1,1627,-1,1361
1740,-1,0,-1,1628,-1,1362
1741,-1,0,-1,1629,768,1363
1742,-1,0,-1,1630,-1,1364
1743,-1,0,-1,1631,769,1365
1744,-1,0,-1,1632,770,-1
1745,98,0,-1,1633,771,1366
1746,-1,0,-1,1634,772,1367
1747,-1,0,-1,1635,773,1368
1748,-1,0,-1,1636,774,1369
1749,-1,0,-1,1637,-1,1370
1750,-1,0,-1,1638,775,1371
1751,-1,0,-1,1639,776,1371
1752,-1,0,-1,1640,777,1372
1753,-1,0,-1,1641,778,1373
1754,-1,0,-1,1642,-1,1374
1755,-1,0,-1,1643,-1,1374
1756,-1,0,-1,1644,-1,1374
1757,-1,0,-1,1645,-1,1374
1758,99,0,-1,1646,779,1375
1759,-1,0,-1,1647,-1,1376
1760,-1,0,-1,1648,-1,1377
1761,-1,0,-1,1649,-1,1378
1762,-1,0,-1,1650,780,1378
1763,-1,0,-1,1651,781,1379
1764,-1,0,-1,1652,782,1380
1765,-1,0,-1,1653,-1,1381
1766,100,0,-1,1654,783,1382
1767,-1,0,-1,1655,-1,1383
1768,-1,0,-1,1655,-1,1384
1769,101,0,-1,1656,784,1385
1770,-1,0,-1,1657,785,1386
1771,-1,0,-1,1658,786,1387
1772,-1,0,-1,1659,-1,1387
1773,-1,0,-1,1660,-1,1388
1774,-1,0,-1,1661,786,1389
1775,-1,0,-1,1662,-1,1390
1776,-1,0,-1,1663,787,1391
1777,-1,0,-1,1664,-1,1392
1778,-1,0,-1,1665,-1,1393
1779,-1,0,-1,1666,788,1393
1780,-1,0,-1,1667,-1,1394
1781,-1,0,-1,1668,-1,1395
1782,-1,0,-1,1669,-1,1395
1783,-1,0,-1,1670,-1,1395
1784,102,0,-1,1671,789,1395
1785,-1,0,-1,1672,790,1396
1786,-1,0,-1,1673,791,1397
1787,-1,0,-1,1674,-1,1397
1788,-1,0,-1,1675,792,1398
1789,-1,0,-1,1676,-1,1398
1790,-1,0,-1,1676,-1,1398
1791,-1,0,-1,1677,793,1399
1792,-1,0,-1,1678,-1,1400
1793,-1,0,-1,1679,794,1401
1794,-1,0,-1,1680,-1,1402
1795,-1,0,-1,1681,-1,1403
1796,-1,0,-1,1682,-1,-1
1797,-1,0,-1,1683,795,1404
1798,-1,0,-1,1684,796,1405
1799,-1,0,-1,1685,797,1406
1800,-1,0,-1,1686,-1,1407
1801,-1,0,-1,1687,798,1408
1802,-1,0,-1,1688,799,1408
1803,-1,0,-1,1689,800,1408
1804,103,0,-1,1690,801,1409
1805,-1,0,-1,1691,-1,1410
1806,-1,0,-1,1692,-1,1411
1807,104,0,-1,1693,802,1412
1808,-1,0,-1,1694,-1,1413
1809,-1,0,-1,1695,803,1414
1810,-1,0,-1,1696,-1,1415
1811,-1,0,-1,1697,804,1416
1812,-1,0,-1,1698,-1,1417
1813,-1,0,-1,1699,-1,1418
1814,-1,0,-1,1700,805,1419
1815,-1,0,-1,1701,806,1420
1816,-1,0,-1,1702,-1,1421
1817,105,0,-1,1703,807,1422
1818,-1,0,-1,1704,-1,1423
1819,-1,0,-1,1705,808,1424
1820,-1,0,-1,1706,-1,1425
1821,-1,0,-1,1707,809,1426
1822,-1,0,-1,1708,-1,1427
1823,106,0,-1,1709,-1,1428
1824,-1,0,-1,1710,810,1429
1825,-1,0,-1,1711,-1,1430
1826,-1,0,-1,1712,811,1431
1827,-1,0,-1,1713,812,1432
1828,-1,0,-1,1714,813,1432
1829,-1,0,-1,1715,-1,1432
1830,-1,0,-1,1716,-1,1432
1831,-1,0,-1,1717,-1,1433
1832,-1,0,-1,1718,-1,1434
1833,-1,0,-1,1719,-1,1435
1834,-1,0,-1,1720,814,1436
1835,107,0,-1,1721,815,1437
1836,-1,0,-1,1722,-1,1438
1837,-1,0,-1,1723,816,1439
1838,-1,0,-1,1724,817,1439
1839,-1,0,-1,1725,818,1440
1840,-1,0,-1,1726,819,1441
1841,-1,0,-1,1727,820,1442
1842,-1,0,-1,1728,-1,1443
1843,-1,0,-1,1729,821,1444
1844,-1,0,-1,1730,-1,1445
1845,-1,0,-1,1731,822,-1
1846,-1,0,-1,1732,823,1446
1847,-1,0,-1,1733,-1,1447
1848,-1,0,-1,1733,-1,1448
1849,-1,0,-1,1733,-1,1449
1850,-1,0,-1,1733,-1,1450
1851,-1,0,-1,1733,-1,1451
1852,-1,0,-1,1734,824,1451
1853,-1,0,-1,1735,825,1452
1854,-1,0,-1,1736,-1,1453
1855,-1,0,-1,1737,-1,1454
1856,108,0,-1,1738,826,1455
1857,-1,0,-1,1739,827,1456
1858,-1,0,-1,1740,-1,-1
1859,-1,0,-1,1741,-1,1457
1860,-1,0,-1,1742,828,1458
1861,-1,0,-1,1743,-1,1459
1862,-1,0,-1,1744,-1,1460
1863,-1,0,-1,1745,-1,1461
1864,-1,0,-1,1746,829,1462
1865,-1,0,-1,1747,-1,1463
1866,-1,0,-1,1748,830,1464
1867,-1,0,-1,1749,831,1465
1868,-1,0,-1,1750,-1,1466
1869,-1,0,-1,1751,832,1467
1870,-1,0,-1,1752,-1,1468
1871,-1,0,-1,1753,833,1469
1872,-1,0,-1,1754,-1,1470
1873,-1,0,-1,1755,-1,1471
1874,-1,0,-1,1756,834,1472
1875,-1,0,-1,1757,-1,1473
1876,-1,0,-1,1758,-1,1473
1877,109,0,-1,1759,835,1474
1878,-1,0,-1,1760,836,1475
1879,-1,0,-1,1761,-1,1476
1880,-1,0,-1,1762,-1,1477
1881,-1,0,-1,1763,837,1478
1882,-1,0,-1,1764,-1,1479
1883,-1,0,-1,1765,838,1480
1884,-1,0,-1,1766,839,1481
1885,-1,0,-1,1767,-1,1482
1886,-1,0,-1,1768,840,1483
1887,-1,0,-1,1769,841,1484
1888,-1,0,-1,1770,842,1485
1889,-1,0,-1,1771,843,1486
1890,-1,0,-1,1772,844,1487
1891,-1,0,-1,1773,-1,1488
1892,-1,0,-1,1774,845,1489
1893,-1,0,-1,1775,-1,1490
1894,110,0,-1,1776,846,1491
1895,-1,0,-1,1777,847,1492
1896,-1,0,-1,1778,848,1493
1897,-1,0,-1,1779,-1,1494
1898,-1,0,-1,1780,849,1495
1899,-1,0,-1,1781,850,1496
1900,-1,0,-1,1782,-1,1497
1901,-1,0,-1,1783,851,1498
1902,-1,0,-1,1784,-1,1499
1903,-1,0,-1,1785,852,1500
1904,-1,0,-1,1786,853,1500
1905,-1,0,-1,1787,-1,1501
1906,-1,0,-1,1788,-1,1502
1907,-1,0,-1,1789,-1,1503
1908,111,0,-1,1790,854,1504
1909,-1,0,-1,1791,855,1505
1910,-1,0,-1,1792,856,1506
1911,-1,0,-1,1793,857,1507
1912,-1,0,-1,1794,858,1508
1913,-1,0,-1,1795,859,1509
1914,-1,0,-1,1796,860,1510
1915,-1,0,-1,1797,861,1511
1916,-1,0,-1,1798,862,1512
1917,-1,0,-1,1799,-1,1513
1918,-1,0,-1,1800,863,1514
1919,-1,0,-1,1801,-1,1515
1920,-1,0,-1,1802,-1,1516
1921,-1,0,-1,1803,864,1517
1922,-1,0,-1,1804,-1,1518
1923,-1,0,-1,1805,865,1519
1924,-1,0,-1,1806,866,1520
1925,-1,0,-1,1807,867,1521
1926,-1,0,-1,1808,-1,1521
1927,-1,0,-1,1809,-1,1522
1928,-1,0,-1,1810,868,1523
1929,-1,0,-1,1811,-1,1524
1930,-1,0,-1,1812,869,1525
1931,-1,0,-1,1813,-1,1526
1932,-1,0,-1,1814,870,1527
1933,-1,0,-1,1815,-1,1528
1934,-1,0,-1,1816,871,1529
1935,112,0,-1,1817,872,1530
1936,-1,0,-1,1818,-1,1531
1937,-1,0,-1,1819,873,1531
1938,-1,0,-1,1820,-1,1532
1939,-1,0,-1,1821,874,1533
1940,-1,0,-1,1822,875,1534
1941,-1,0,-1,1823,-1,1535
1942,-1,0,-1,1824,876,1536
1943,-1,0,-1,1825,-1,1537
1944,-1,0,-1,1826,877,1538
1945,-1,0,-1,1827,-1,1539
1946,-1,0,-1,1828,878,1540
1947,-1,0,-1,1829,879,1540
1948,-1,0,-1,1830,-1,-1
1949,-1,0,-1,1831,-1,1541
1950,-1,0,-1,1832,880,1542
1951,-1,0,-1,1833,-1,-1
1952,-1,0,-1,1834,881,1543
1953,-1,0,-1,1835,-1,1544
1954,-1,0,-1,1836,882,1545
1955,-1,0,-1,1837,883,1546
1956,-1,0,-1,1838,884,1547
1957,113,0,-1,1839,885,1548
1958,-1,0,-1,1840,-1,1549
1959,-1,0,-1,1841,886,1550
1960,-1,0,-1,1842,887,1551
1961,-1,0,-1,1843,888,1552
1962,-1,0,-1,1844,889,1552
1963,-1,0,-1,1845,890,1553
1964,-1,0,-1,1846,891,1553
1965,-1,0,-1,1847,-1,1554
1966,-1,0,-1,1848,-1,1555
1967,-1,0,-1,1849,892,1556
1968,-1,0,-1,1850,893,1557
1969,-1,0,-1,1851,894,1558
1970,-1,0,-1,1852,-1,1559
1971,-1,0,-1,1853,895,1560
1972,-1,0,-1,1854,-1,1561
1973,-1,0,-1,1855,-1,1562
1974,-1,0,-1,1856,896,1562
1975,-1,0,-1,1857,-1,1562
1976,-1,0,-1,1858,897,1562
1977,114,0,-1,1859,898,1563
1978,-1,0,-1,1860,899,1564
1979,-1,0,-1,1861,-1,1565
1980,-1,0,-1,1862,-1,1566
1981,-1,0,-1,1863,900,1566
1982,-1,0,-1,1864,901,1567
1983,-1,0,-1,1865,902,1568
1984,-1,0,-1,1866,903,1569
1985,-1,0,-1,1867,904,1570
1986,115,0,-1,1868,905,1571
1987,-1,0,-1,1869,-1,1572
1988,-1,0,-1,1870,906,1572
1989,-1,0,-1,1871,907,1573
1990,-1,0,-1,1872,-1,1574
1991,-1,0,-1,1873,-1,1575
1992,-1,0,-1,1874,908,1576
1993,-1,0,-1,1875,-1,1577
1994,-1,0,-1,1876,909,1578
1995,116,0,-1,1877,910,1579
1996,-1,0,-1,1878,911,1580
1997,-1,0,-1,1879,-1,1580
1998,-1,0,-1,1880,912,1580
1999,-1,0,-1,1881,-1,1581
2000,-1,0,-1,1882,913,-1
2001,-1,0,-1,1883,-1,1582
2002,-1,0,-1,1884,914,1583
2003,-1,0,-1,1885,915,1584
2004,-1,0,-1,1886,-1,1584
2005,117,0,-1,1887,-1,1585
2006,-1,0,-1,1888,-1,1586
2007,-1,0,-1,1889,-1,1587
2008,-1,0,-1,1890,-1,1588
2009,-1,0,-1,1891,916,1589
2010,-1,0,-1,1892,-1,1590
2011,-1,0,-1,1893,917,1591
2012,-1,0,-1,1894,918,-1
2013,-1,0,-1,1895,919,1592
2014,-1,0,-1,1896,920,1593
2015,-1,0,-1,1897,921,1594
2016,-1,0,-1,1898,-1,1595
2017,-1,0,-1,1899,922,1596
2018,-1,0,-1,1900,923,1596
2019,118,0,-1,1901,924,1597
2020,-1,0,-1,1902,925,1598
2021,-1,0,-1,1903,926,1599
2022,-1,0,-1,1904,927,1600
2023,-1,0,-1,1905,-1,1601
2024,-1,0,-1,1905,-1,1602
2025,-1,0,-1,1906,928,1602
2026,-1,0,-1,1907,-1,1603
2027,-1,0,-1,1908,929,1604
2028,-1,0,-1,1909,-1,1605
2029,-1,0,-1,1910,-1,1606
2030,-1,0,-1,1911,930,1607
2031,-1,0,-1,1912,-1,1608
2032,-1,0,-1,1913,931,1609
2033,-1,0,-1,1914,-1,1610
2034,-1,0,-1,1915,-1,1611
2035,-1,0,-1,1916,932,1611
2036,-1,0,-1,1917,-1,1612
2037,-1,0,-1,1918,932,1613
2038,-1,0,-1,1919,933,1614
2039,-1,0,-1,1920,934,1615
2040,-1,0,-1,1921,-1,1616
2041,-1,0,-1,1922,-1,1617
2042,-1,0,-1,1923,935,1618
2043,-1,0,-1,1924,-1,1618
2044,-1,0,-1,1925,-1,1618
2045,-1,0,-1,1926,-1,-1
2046,-1,0,-1,1927,936,1619
2047,-1,0,-1,1928,936,1620
2048,-1,0,-1,1929,-1,1621
2049,-1,0,-1,1930,-1,1622
2050,-1,0,-1,1930,-1,1623
2051,-1,0,-1,1931,937,1624
2052,-1,0,-1,1932,938,1625
2053,119,0,-1,1933,939,1626
2054,-1,0,-1,1934,940,1627
2055,-1,0,-1,1935,-1,-1
2056,-1,0,-1,1936,-1,1628
2057,-1,0,-1,1937,-1,1629
2058,-1,0,-1,1938,941,1630
2059,-1,0,-1,1939,942,1631
2060,-1,0,-1,1940,943,1632
2061,-1,0,-1,1941,944,1633
2062,-1,0,-1,1942,-1,-1
2063,-1,0,-1,1943,945,1634
2064,-1,0,-1,1944,946,1635
2065,-1,0,-1,1945,-1,1636
2066,-1,0,-1,1946,-1,1637
2067,-1,0,-1,1947,-1,1638
2068,-1,0,-1,1948,947,1639
2069,-1,0,-1,1949,-1,1640
2070,-1,0,-1,1950,948,1641
2071,-1,0,-1,1951,-1,1641
2072,-1,0,-1,1952,-1,1642
2073,-1,0,-1,1952,-1,1643
2074,-1,0,-1,1953,949,1643
2075,-1,0,-1,1954,950,1644
2076,-1,0,-1,1955,951,1645
2077,-1,0,-1,1956,952,1646
2078,-1,0,-1,1957,-1,1647
2079,-1,0,-1,1958,953,1648
2080,-1,0,-1,1959,-1,1649
2081,-1,0,-1,1960,-1,1650
2082,-1,0,-1,1961,954,1650
2083,-1,0,-1,1962,-1,1651
2084,-1,0,-1,1963,-1,1652
2085,-1,0,-1,1964,-1,1653
2086,-1,0,-1,1965,-1,1654
2087,120,0,-1,1966,955,1655
2088,-1,0,-1,1967,-1,-1
2089,121,0,-1,1968,956,1656
2090,-1,0,-1,1969,957,1657
2091,-1,0,-1,1970,-1,1658
2092,-1,0,-1,1971,958,1659
2093,-1,0,-1,1972,-1,1660
2094,-1,0,-1,1973,959,1661
2095,-1,0,-1,1974,960,1662
2096,-1,0,-1,1975,-1,1663
2097,-1,0,-1,1975,-1,1664
2098,122,0,-1,1976,961,1665
2099,123,0,-1,1977,962,1665
2100,-1,0,-1,1978,-1,1666
2101,-1,0,-1,1979,963,1667
2102,-1,0,-1,1980,964,1668
2103,-1,0,-1,1981,-1,1669
2104,-1,0,-1,1982,965,1670
2105,-1,0,-1,1983,-1,1671
2106,-1,0,-1,1984,966,1672
2107,-1,0,-1,1985,-1,1673
2108,-1,0,-1,1986,-1,1674
2109,-1,0,-1,1987,967,1674
2110,-1,0,-1,1988,-1,1675
2111,-1,0,-1,1989,-1,1676
2112,-1,0,-1,1990,968,1677
2113,-1,0,-1,1991,969,1678
2114,-1,0,-1,1992,970,1678
2115,-1,0,-1,1993,-1,1679
2116,-1,0,-1,1994,971,1680
2117,-1,0,-1,1995,972,1681
2118,-1,0,-1,1996,973,1682
2119,-1,0,-1,1997,974,1683
2120,-1,0,-1,1998,975,1683
2121,-1,0,-1,1999,-1,1684
2122,-1,0,-1,2000,-1,1685
2123,-1,0,-1,2001,976,1686
2124,-1,0,-1,2002,-1,1686
2125,-1,0,-1,2003,977,1687
2126,-1,0,-1,2004,978,1687
2127,-1,0,-1,2005,979,1688
2128,-1,0,-1,2006,-1,1689
2129,-1,0,-1,2007,980,-1
2130,-1,0,-1,2008,981,1690
2131,-1,0,-1,2009,-1,1691
2132,-1,0,-1,2010,982,1692
2133,-1,0,-1,2011,983,1693
2134,-1,0,-1,2012,-1,1694
2135,-1,0,-1,2013,984,1695
2136,-1,0,-1,2014,985,1695
2137,-1,0,-1,2015,-1,1696
2138,-1,0,-1,2016,-1,1696
2139,124,0,-1,2017,986,1696
2140,-1,0,-1,2018,987,1697
2141,-1,0,-1,2019,988,1698
2142,-1,0,-1,2020,989,1699
2143,-1,0,-1,2021,-1,1699
2144,-1,0,-1,2022,-1,1700
2145,-1,0,-1,2023,989,1701
2146,-1,0,-1,2024,990,-1
2147,-1,0,-1,2025,-1,1702
2148,-1,0,-1,2026,-1,1702
2149,-1,0,-1,2027,991,1703
2150,-1,0,-1,2028,-1,-1
2151,-1,0,-1,2028,-1,1704
2152,-1,0,-1,2029,-1,1705
2153,-1,0,-1,2030,-1,1706
2154,-1,0,-1,2031,992,1707
2155,-1,0,-1,2032,993,1708
2156,-1,0,-1,2033,994,1709
2157,-1,0,-1,2034,995,1710
2158,-1,0,-1,2035,-1,1710
2159,-1,0,-1,2036,996,1711
2160,-1,0,-1,2037,-1,1712
2161,-1,0,-1,2038,-1,1713
2162,-1,0,-1,2039,-1,1713
2163,-1,0,-1,2040,997,1714
2164,-1,0,-1,2041,-1,1715
2165,-1,0,-1,2042,-1,1715
2166,125,0,-1,2043,998,1716
2167,-1,0,-1,2044,-1,1717
2168,-1,0,-1,2045,-1,1717
2169,-1,0,-1,2046,-1,1718
2170,-1,0,-1,2047,-1,1719
2171,-1,0,-1,2048,999,1720
2172,-1,0,-1,2049,-1,1721
2173,-1,0,-1,2050,1000,1722
2174,-1,0,-1,2051,-1,1722
2175,-1,0,-1,2052,-1,1723
2176,-1,0,-1,2053,-1,-1
2177,-1,0,-1,2054,-1,1724
2178,-1,0,-1,2055,-1,1725
2179,-1,0,-1,2056,-1,1725
2180,-1,0,-1,2056,-1,1725
2181,-1,0,-1,2057,-1,1726
2182,-1,0,-1,2058,1000,1727
2183,-1,0,-1,2059,1001,1728
2184,-1,0,-1,2060,1002,1729
2185,-1,0,-1,2061,-1,1730
2186,126,0,-1,2062,1003,1731
2187,-1,0,-1,2063,1004,1732
2188,-1,0,-1,2064,1005,1733
2189,-1,0,-1,2065,-1,1734
2190,-1,0,-1,2066,1006,1734
2191,-1,0,-1,2067,-1,1735
2192,-1,0,-1,2068,-1,1736
2193,-1,0,-1,2068,-1,1736
2194,-1,0,-1,2069,1007,1736
2195,-1,0,-1,2070,1008,1736
2196,-1,0,-1,2071,1009,-1
2197,-1,0,-1,2072,1010,1736
2198,-1,0,-1,2073,-1,-1
2199,-1,0,-1,2074,1011,1736
2200,-1,0,-1,2075,1012,-1
2201,-1,0,-1,2076,1013,1737
2202,-1,0,-1,2077,1014,1738
2203,-1,0,-1,2078,-1,1739
2204,-1,0,-1,2079,1015,1740
2205,-1,0,-1,2080,-1,1741
2206,-1,0,-1,2081,1016,1742
2207,127,0,-1,2082,1017,1743
2208,-1,0,-1,2083,-1,-1
2209,-1,0,-1,2084,-1,1744
2210,-1,0,-1,2085,-1,1744
2211,-1,0,-1,2086,-1,1745
2212,-1,0,-1,2087,1018,1746
2213,-1,0,-1,2088,1019,1746
2214,128,0,-1,2089,1020,1747
2215,-1,0,-1,2090,1021,1748
2216,-1,0,-1,2091,-1,1749
2217,-1,0,-1,2092,-1,1750
2218,-1,0,-1,2093,1022,1751
2219,-1,0,-1,2094,-1,1752
2220,-1,0,-1,2094,-1,1753
2221,-1,0,-1,2095,1023,1754
2222,-1,0,-1,2096,1024,1755
2223,-1,0,-1,2097,-1,1756
2224,-1,0,-1,2098,-1,1757
2225,-1,0,-1,2099,-1,1758
2226,-1,0,-1,2100,-1,1759
2227,-1,0,-1,2101,-1,1760
2228,-1,0,-1,2102,1025,1761
2229,-1,0,-1,2103,-1,1762
2230,-1,0,-1,2104,-1,1762
2231,-1,0,-1,2105,-1,1762
2232,-1,0,-1,2106,-1,1763
2233,-1,0,-1,2107,-1,1763
2234,-1,0,-1,2108,1025,1763
2235,-1,0,-1,2109,-1,1764
2236,129,0,-1,2110,-1,1765
2237,130,0,-1,2111,1026,1766
2238,-1,0,-1,2112,1027,1767
2239,-1,0,-1,2113,1028,1768
2240,-1,0,-1,2114,-1,1769
2241,-1,0,-1,2115,1029,1770
2242,131,0,-1,2116,1030,1771
2243,-1,0,-1,2117,-1,1771
2244,-1,0,-1,2118,-1,-1
2245,-1,0,-1,2119,-1,1772
2246,-1,0,-1,2120,1031,1773
2247,-1,0,-1,2121,1032,1774
2248,-1,0,-1,2122,1033,1775
2249,-1,0,-1,2123,1034,1776
2250,-1,0,-1,2124,1035,1777
2251,-1,0,-1,2125,1036,1778
2252,-1,0,-1,2126,-1,1779
2253,-1,0,-1,2127,-1,-1
2254,-1,0,-1,2128,-1,1780
2255,-1,0,-1,2129,1037,1781
2256,-1,0,-1,2130,-1,1782
2257,-1,0,-1,2131,1038,1783
2258,-1,0,-1,2132,-1,1783
2259,132,0,-1,2133,1039,1784
2260,-1,0,-1,2134,-1,-1
2261,-1,0,-1,2135,1039,1785
2262,-1,0,-1,2136,1040,1786
2263,-1,0,-1,2137,-1,1787
2264,-1,0,-1,2138,1041,1788
2265,-1,0,-1,2139,-1,1789
2266,-1,0,-1,2140,-1,1789
2267,-1,0,-1,2141,-1,1789
2268,133,0,-1,2142,1042,1790
2269,-1,0,-1,2143,-1,-1
2270,-1,0,-1,2144,1042,1791
2271,-1,0,-1,2145,-1,-1
2272,-1,0,-1,2146,1043,1792
2273,-1,0,-1,2147,-1,1793
2274,-1,0,-1,2148,1044,1794
2275,-1,0,-1,2149,1045,1795
2276,-1,0,-1,2150,1046,1796
2277,-1,0,-1,2151,-1,1796
2278,-1,0,-1,2152,1047,1797
2279,-1,0,-1,2153,-1,1798
2280,-1,0,-1,2154,1048,1799
2281,-1,0,-1,2155,1049,1800
2282,-1,0,-1,2156,1049,1801
2283,-1,0,-1,2157,1050,1802
2284,-1,0,-1,2158,1051,1803
2285,-1,0,-1,2159,1052,1804
2286,-1,0,-1,2160,1053,1805
2287,-1,0,-1,2161,1054,1806
2288,-1,0,-1,2162,-1,1807
2289,134,0,-1,2163,1055,1808
2290,-1,0,-1,2164,1056,1809
2291,135,0,-1,2165,1057,1809
2292,-1,0,-1,2166,1058,1810
2293,-1,0,-1,2167,-1,1811
2294,-1,0,-1,2167,-1,1812
2295,-1,0,-1,2168,1059,1813
2296,-1,0,-1,2169,1060,1814
2297,-1,0,-1,2170,-1,1815
2298,-1,0,-1,2171,-1,1816
2299,-1,0,-1,2172,-1,1817
2300,136,0,-1,2173,1061,1818
2301,-1,0,-1,2174,-1,-1
2302,137,0,-1,2175,1062,1819
2303,-1,0,-1,2176,-1,1820
2304,-1,0,-1,2177,1063,1821
2305,-1,0,-1,2178,-1,-1
2306,-1,0,-1,2179,-1,1822
2307,-1,0,-1,2180,-1,1822
2308,138,0,-1,2181,1064,1823
2309,-1,0,-1,2182,-1,1824
2310,-1,0,-1,2182,-1,1825
2311,-1,0,-1,2183,-1,1826
2312,139,0,-1,2184,-1,1827
2313,-1,0,-1,2185,-1,1828
2314,-1,0,-1,2186,1065,1829
2315,-1,0,-1,2187,-1,1830
2316,-1,0,-1,2187,-1,1831
2317,-1,0,-1,2188,1066,1832
2318,-1,0,-1,2189,1067,1833
2319,-1,0,-1,2190,1068,1834
2320,-1,0,-1,2191,1069,1835
2321,140,0,-1,2192,1070,1836
2322,-1,0,-1,2193,-1,1837
2323,-1,0,-1,2194,1071,1837
2324,-1,0,-1,2195,1072,1838
2325,-1,0,-1,2196,-1,1839
2326,-1,0,-1,2197,1073,1840
2327,-1,0,-1,2198,-1,1841
2328,-1,0,-1,2199,1074,1842
2329,-1,0,-1,2200,1075,1843
2330,-1,0,-1,2201,-1,1844
2331,-1,0,-1,2202,-1,1845
2332,-1,0,-1,2203,1076,1846
2333,-1,0,-1,2204,-1,1847
2334,-1,0,-1,2205,-1,1847
2335,-1,0,-1,2206,1077,1847
2336,141,0,-1,2207,1078,1848
2337,-1,0,-1,2208,-1,1849
2338,-1,0,-1,2209,1079,1850
2339,-1,0,-1,2210,1080,-1
2340,-1,0,-1,2211,1081,1851
2341,-1,0,-1,2212,1082,1852
2342,-1,0,-1,2213,-1,1853
2343,142,0,-1,2214,1083,1854
2344,-1,0,-1,2215,1084,1855
2345,-1,0,-1,2216,-1,1855
2346,-1,0,-1,2217,-1,1856
2347,-1,0,-1,2218,-1,1857
2348,-1,0,-1,2219,1085,1858
2349,-1,0,-1,2220,-1,1859
2350,-1,0,-1,2221,1086,1860
2351,-1,0,-1,2222,-1,1861
2352,-1,0,-1,2223,-1,1861
2353,-1,0,-1,2224,1087,1861
2354,-1,0,-1,2225,1088,1862
2355,-1,0,-1,2226,-1,1863
2356,-1,0,-1,2227,1089,1864
2357,-1,0,-1,2228,1090,1865
2358,-1,0,-1,2229,1091,1866
2359,-1,0,-1,2230,-1,1867
2360,-1,0,-1,2231,1091,1868
2361,-1,0,-1,2232,1091,1869
2362,-1,0,-1,2233,1092,1870
2363,-1,0,-1,2234,1093,1871
2364,-1,0,-1,2235,1094,1872
2365,-1,0,-1,2236,-1,1873
2366,143,0,-1,2237,1095,1874
2367,-1,0,-1,2238,1096,1875
2368,-1,0,-1,2239,1097,1876
2369,-1,0,-1,2240,-1,1877
2370,-1,0,-1,2241,1098,1878
2371,-1,0,-1,2242,1098,1879
2372,-1,0,-1,2243,1099,1879
2373,-1,0,-1,2244,-1,1880
2374,144,0,-1,2245,1100,1881
2375,-1,0,-1,2246,1100,1882
2376,-1,0,-1,2247,1101,1883
2377,-1,0,-1,2248,-1,1884
2378,-1,0,-1,2248,-1,1885
2379,-1,0,-1,2248,-1,1886
2380,-1,0,-1,2248,-1,1887
2381,-1,0,-1,2249,1102,1888
2382,-1,0,-1,2250,1103,1889
2383,-1,0,-1,2251,1104,1890
2384,-1,0,-1,2252,-1,1891
2385,-1,0,-1,2253,-1,1892
2386,-1,0,-1,2254,1104,1892
2387,-1,0,-1,2255,1105,1893
2388,-1,0,-1,2256,1106,1894
2389,-1,0,-1,2257,-1,1895
2390,-1,0,-1,2258,1107,1896
2391,-1,0,-1,2259,1108,1897
2392,-1,0,-1,2260,-1,1898
2393,-1,0,-1,2261,1109,1899
2394,-1,0,-1,2262,-1,1899
2395,-1,0,-1,2263,1109,-1
2396,-1,0,-1,2264,-1,1899
2397,-1,0,-1,2265,1110,-1
2398,-1,0,-1,2266,1111,1899
2399,-1,0,-1,2267,-1,1900
2400,-1,0,-1,2268,1111,1901
2401,-1,0,-1,2269,1112,1902
2402,-1,0,-1,2270,1113,1903
2403,-1,0,-1,2271,-1,1904
2404,-1,0,-1,2272,-1,1905
2405,-1,0,-1,2273,-1,1906
2406,-1,0,-1,2274,1114,1907
2407,-1,0,-1,2275,1115,1908
2408,-1,0,-1,2276,-1,1909
2409,-1,0,-1,2277,-1,-1
2410,-1,0,-1,2278,-1,1909
2411,-1,0,-1,2279,1116,1909
2412,-1,0,-1,2280,1117,1910
2413,-1,0,-1,2281,1118,1911
2414,-1,0,-1,2282,-1,1912
2415,-1,0,-1,2283,1119,1913
2416,-1,0,-1,2284,1120,1914
2417,-1,0,-1,2285,-1,1915
2418,-1,0,-1,2286,1121,1915
2419,-1,0,-1,2287,-1,1915
2420,-1,0,-1,2288,1122,1915
2421,-1,0,-1,2289,1123,1916
2422,-1,0,-1,2290,1124,1917
2423,-1,0,-1,2291,-1,1918
2424,-1,0,-1,2292,1125,1919
2425,-1,0,-1,2293,1126,1920
2426,-1,0,-1,2294,1127,1920
2427,-1,0,-1,2295,-1,1921
2428,-1,0,-1,2296,-1,1922
2429,-1,0,-1,2297,-1,1922
2430,-1,0,-1,2298,-1,1923
2431,-1,0,-1,2299,-1,1924
2432,-1,0,-1,2300,1128,1925
2433,-1,0,-1,2301,1129,1926
2434,-1,0,-1,2302,1130,1927
2435,-1,0,-1,2303,-1,-1
2436,-1,0,-1,2304,-1,1928
2437,-1,0,-1,2305,1131,1929
2438,-1,0,-1,2306,1132,1930
2439,-1,0,-1,2307,1133,1930
2440,-1,0,-1,2308,-1,1931
2441,-1,0,-1,2309,1134,1932
2442,-1,0,-1,2310,-1,1933
2443,-1,0,-1,2311,-1,1934
2444,-1,0,-1,2312,-1,-1
2445,-1,0,-1,2313,1135,1935
2446,-1,0,-1,2314,1136,1936
2447,145,0,-1,2315,1137,1936
2448,-1,0,-1,2316,1138,1937
2449,-1,0,-1,2317,-1,1938
2450,-1,0,-1,2318,-1,1939
2451,-1,0,-1,2319,1139,1940
2452,-1,0,-1,2320,-1,1941
2453,-1,0,-1,2321,1140,1942
2454,-1,0,-1,2322,-1,1943
2455,-1,0,-1,2322,-1,1943
2456,-1,0,-1,2323,-1,1944
2457,-1,0,-1,2324,1141,1945
2458,-1,0,-1,2325,1142,1946
2459,-1,0,-1,2326,-1,1947
2460,-1,0,-1,2327,1143,1948
2461,-1,0,-1,2328,1144,1949
2462,-1,0,-1,2329,-1,1950
2463,-1,0,-1,2330,-1,1951
2464,-1,0,-1,2331,1145,-1
2465,-1,0,-1,2332,1146,1952
2466,-1,0,-1,2333,1147,1953
2467,-1,0,-1,2334,1148,1954
2468,-1,0,-1,2335,1149,1955
2469,-1,0,-1,2336,1149,1955
2470,-1,0,-1,2337,-1,1955
2471,-1,0,-1,2338,1150,1956
2472,-1,0,-1,2339,-1,1957
2473,-1,0,-1,2340,1151,1958
2474,-1,0,-1,2341,-1,1959
2475,146,0,-1,2342,1152,1960
2476,-1,0,-1,2343,-1,1961
2477,-1,0,-1,2343,-1,1962
2478,-1,0,-1,2344,1153,1962
2479,147,0,-1,2345,1154,1963
2480,-1,0,-1,2346,1155,1964
2481,-1,0,-1,2347,-1,1964
2482,-1,0,-1,2348,1156,1964
2483,-1,0,-1,2349,-1,1964
2484,-1,0,-1,2350,1157,1965
2485,-1,0,-1,2351,1158,1966
2486,-1,0,-1,2352,1159,1966
2487,-1,0,-1,2353,1160,1967
2488,-1,0,-1,2354,-1,1968
2489,-1,0,-1,2355,1161,1969
2490,-1,0,-1,2356,-1,1970
2491,-1,0,-1,2356,-1,1971
2492,-1,0,-1,2357,1162,1972
2493,-1,0,-1,2358,1163,1973
2494,-1,0,-1,2359,-1,1974
2495,-1,0,-1,2360,1164,1975
2496,-1,0,-1,2361,-1,1976
2497,-1,0,-1,2361,-1,1977
2498,-1,0,-1,2362,-1,1978
2499,-1,0,-1,2363,1165,1979
2500,-1,0,-1,2364,1165,1979
2501,-1,0,-1,2365,1166,1980
2502,-1,0,-1,2366,1167,1981
2503,-1,0,-1,2367,-1,1982
2504,-1,0,-1,2368,-1,1983
2505,-1,0,-1,2369,-1,1984
2506,-1,0,-1,2370,-1,1984
2507,-1,0,-1,2371,1168,1985
2508,-1,0,-1,2372,-1,1986
2509,-1,0,-1,2373,1169,1986
2510,-1,0,-1,2374,1170,1986
2511,-1,0,-1,2375,1171,1987
2512,-1,0,-1,2376,1172,1988
2513,-1,0,-1,2377,-1,1989
2514,-1,0,-1,2377,-1,1990
2515,-1,0,-1,2378,1172,1991
2516,-1,0,-1,2379,-1,1991
2517,-1,0,-1,2380,1173,1992
2518,-1,0,-1,2381,1174,1993
2519,-1,0,-1,2381,-1,1994
2520,-1,0,-1,2382,1175,1995
2521,-1,0,-1,2383,1176,1996
2522,148,0,-1,2384,1177,1997
2523,-1,0,-1,2385,1178,-1
2524,-1,0,-1,2386,-1,-1
2525,-1,0,-1,2387,-1,1998
2526,-1,0,-1,2388,-1,1998
2527,-1,0,-1,2389,1179,1999
2528,-1,0,-1,2390,1180,2000
2529,-1,0,-1,2391,1181,2001
2530,-1,0,-1,2392,-1,2002
2531,-1,0,-1,2393,1182,2003
2532,-1,0,-1,2394,1183,2004
2533,149,0,-1,2395,1184,2005
2534,-1,0,-1,2396,1185,2006
2535,-1,0,-1,2397,1186,2007
2536,150,0,-1,2398,1187,2008
2537,-1,0,-1,2399,1188,2009
2538,-1,0,-1,2400,-1,2010
2539,-1,0,-1,2401,-1,2011
2540,-1,0,-1,2402,-1,-1
2541,-1,0,-1,2403,-1,-1
2542,-1,0,-1,2404,-1,2012
2543,-1,0,-1,2405,-1,2013
2544,-1,0,-1,2406,-1,2014
2545,-1,0,-1,2407,1189,-1
2546,-1,0,-1,2408,1190,2015
2547,-1,0,-1,2409,-1,2016
2548,-1,0,-1,2410,1191,2017
2549,-1,0,-1,2411,1192,2018
2550,-1,0,-1,2412,1193,2019
2551,-1,0,-1,2413,1194,2020
2552,-1,0,-1,2414,1195,2020
2553,-1,0,-1,2415,1196,2020
2554,-1,0,-1,2416,-1,2021
2555,-1,0,-1,2417,1197,2022
2556,-1,0,-1,2418,-1,2022
2557,-1,0,-1,2419,1198,2022
2558,151,0,-1,2420,1199,2023
2559,-1,0,-1,2421,1200,2024
2560,-1,0,-1,2422,1201,2025
2561,-1,0,-1,2423,-1,2026
2562,-1,0,-1,2424,-1,2027
2563,-1,0,-1,2425,1202,2028
2564,-1,0,-1,2426,1203,2029
2565,-1,0,-1,2427,1204,2030
2566,-1,0,-1,2428,-1,2031
2567,152,0,-1,2429,1205,2032
2568,-1,0,-1,2430,1206,2033
2569,-1,0,-1,2431,-1,2034
2570,-1,0,-1,2432,-1,2035
2571,-1,0,-1,2433,-1,-1
2572,-1,0,-1,2434,-1,2036
2573,-1,0,-1,2435,-1,2037
2574,-1,0,-1,2436,1207,2038
2575,-1,0,-1,2437,1208,2039
2576,-1,0,-1,2438,-1,2040
2577,-1,0,-1,2439,1209,2041
2578,-1,0,-1,2440,-1,2042
2579,-1,0,-1,2441,-1,2043
2580,-1,0,-1,2442,1210,2044
2581,-1,0,-1,2443,-1,2045
2582,-1,0,-1,2443,-1,2046
2583,-1,0,-1,2444,1211,2047
2584,153,0,-1,2445,1212,2048
2585,-1,0,-1,2446,-1,2049
2586,154,0,-1,2447,1213,2050
2587,-1,0,-1,2448,-1,2051
2588,-1,0,-1,2448,-1,2051
2589,-1,0,-1,2449,-1,2052
2590,-1,0,-1,2450,-1,2053
2591,-1,0,-1,2451,-1,2054
2592,-1,0,-1,2452,1214,2054
2593,-1,0,-1,2453,-1,2055
2594,-1,0,-1,2454,-1,2056
2595,-1,0,-1,2455,1215,2057
2596,-1,0,-1,2456,-1,2058
2597,-1,0,-1,2457,1216,2059
2598,155,0,-1,2458,1217,2060
2599,156,0,-1,2459,1218,-1
2600,-1,0,-1,2460,-1,2061
2601,-1,0,-1,2461,-1,2062
2602,-1,0,-1,2462,1218,2063
2603,-1,0,-1,2463,-1,2064
2604,-1,0,-1,2463,-1,2065
2605,157,0,-1,2464,1219,2066
2606,-1,0,-1,2465,1220,2067
2607,-1,0,-1,2466,1221,2068
2608,-1,0,-1,2467,-1,2069
2609,-1,0,-1,2468,1222,2070
2610,-1,0,-1,2469,-1,2071
2611,-1,0,-1,2470,-1,2071
2612,-1,0,-1,2471,1223,2072
2613,-1,0,-1,2472,-1,2073
2614,-1,0,-1,2473,1224,2074
2615,-1,0,-1,2474,-1,2075
2616,-1,0,-1,2475,1225,2076
2617,-1,0,-1,2476,1226,2076
2618,-1,0,-1,2477,1227,2077
2619,-1,0,-1,2478,-1,2077
2620,-1,0,-1,2479,1228,2077
2621,-1,0,-1,2480,-1,2077
2622,-1,0,-1,2481,1228,2077
2623,-1,0,-1,2482,1229,2078
2624,-1,0,-1,2483,-1,2079
2625,-1,0,-1,2484,1230,2080
2626,-1,0,-1,2485,1231,2081
2627,-1,0,-1,2486,1232,2082
2628,-1,0,-1,2487,-1,-1
2629,-1,0,-1,2488,1233,2083
2630,-1,0,-1,2489,-1,2084
2631,-1,0,-1,2490,-1,2085
2632,-1,0,-1,2491,1234,2086
2633,-1,0,-1,2492,1235,2087
2634,-1,0,-1,2493,1236,2088
2635,158,0,-1,2494,1237,2089
2636,-1,0,-1,2495,1238,2090
2637,-1,0,-1,2496,1239,2091
2638,-1,0,-1,2497,1240,2092
2639,-1,0,-1,2498,1241,2093
2640,159,0,-1,2499,1242,-1
2641,-1,0,-1,2500,1243,2094
2642,-1,0,-1,2501,-1,2095
2643,-1,0,-1,2502,-1,2096
2644,160,0,-1,2503,1244,2097
2645,-1,0,-1,2504,1245,2098
2646,-1,0,-1,2505,1246,2099
2647,-1,0,-1,2506,1247,2100
2648,-1,0,-1,2507,1247,2101
2649,-1,0,-1,2508,-1,2102
2650,-1,0,-1,2509,-1,2103
2651,-1,0,-1,2510,-1,2104
2652,-1,0,-1,2511,1247,2105
2653,-1,0,-1,2512,1248,2106
2654,-1,0,-1,2513,-1,2107
2655,-1,0,-1,2514,-1,2108
2656,-1,0,-1,2515,-1,2109
2657,-1,0,-1,2516,1249,2110
2658,-1,0,-1,2517,-1,2111
2659,-1,0,-1,2518,1250,2111
2660,-1,0,-1,2519,-1,2112
2661,161,0,-1,2520,1251,2113
2662,-1,0,-1,2521,-1,2114
2663,-1,0,-1,2522,1252,2115
2664,-1,0,-1,2523,1253,2116
2665,-1,0,-1,2524,-1,2117
2666,-1,0,-1,2525,1254,2118
2667,-1,0,-1,2526,1255,-1
2668,-1,0,-1,2527,-1,2119
2669,-1,0,-1,2527,-1,2120
2670,-1,0,-1,2527,-1,2121
2671,162,0,-1,2528,1256,2122
2672,-1,0,-1,2529,-1,2123
2673,-1,0,-1,2530,1257,2124
2674,-1,0,-1,2531,1258,2125
2675,-1,0,-1,2532,1259,2126
2676,163,0,-1,2533,1260,2127
2677,-1,0,-1,2534,1261,2128
2678,-1,0,-1,2535,1262,2129
2679,-1,0,-1,2536,-1,2130
2680,-1,0,-1,2537,-1,2131
2681,-1,0,-1,2538,1263,2132
2682,-1,0,-1,2539,1264,2133
2683,-1,0,-1,2540,-1,-1
2684,-1,0,-1,2541,-1,-1
2685,-1,0,-1,2542,1265,2134
2686,-1,0,-1,2543,1266,2135
2687,-1,0,-1,2544,-1,2136
2688,-1,0,-1,2545,-1,2136
2689,-1,0,-1,2546,1267,2136
2690,-1,0,-1,2547,-1,2136
2691,-1,0,-1,2548,-1,2137
2692,-1,0,-1,2549,1268,2138
2693,164,0,-1,2550,1269,2139
2694,-1,0,-1,2551,1270,2140
2695,-1,0,-1,2552,-1,2141
2696,-1,0,-1,2553,1271,2142
2697,-1,0,-1,2554,1272,2143
2698,-1,0,-1,2555,1273,2144
2699,-1,0,-1,2556,-1,2145
2700,-1,0,-1,2557,1274,2146
2701,-1,0,-1,2558,-1,2147
2702,-1,0,-1,2559,1275,2148
2703,-1,0,-1,2560,1276,2149
2704,-1,0,-1,2561,-1,2150
2705,-1,0,-1,2562,-1,-1
2706,-1,0,-1,2563,-1,2151
2707,-1,0,-1,2564,-1,2152
2708,-1,0,-1,2564,-1,2153
2709,-1,0,-1,2565,1277,2154
2710,-1,0,-1,2566,-1,2155
2711,-1,0,-1,2567,1277,2156
2712,-1,0,-1,2568,1278,2156
2713,-1,0,-1,2569,1279,2156
2714,-1,0,-1,2570,1280,2157
2715,-1,0,-1,2571,-1,2158
2716,-1,0,-1,2572,1281,2159
2717,-1,0,-1,2573,1282,2160
2718,-1,0,-1,2574,1283,2161
2719,165,0,-1,2575,1284,2162
2720,-1,0,-1,2576,1285,2162
2721,-1,0,-1,2577,-1,2163
2722,-1,0,-1,2578,1286,2164
2723,-1,0,-1,2579,1287,2164
2724,-1,0,-1,2580,1288,2165
2725,-1,0,-1,2581,-1,2166
2726,-1,0,-1,2582,1289,2167
2727,-1,0,-1,2583,-1,2168
2728,-1,0,-1,2584,-1,2169
2729,-1,0,-1,2585,1290,2170
2730,-1,0,-1,2586,-1,2171
2731,-1,0,-1,2587,1291,2172
2732,-1,0,-1,2588,1292,2173
2733,-1,0,-1,2589,-1,2174
2734,-1,0,-1,2590,-1,2175
2735,-1,0,-1,2591,1293,2175
2736,-1,0,-1,2592,-1,2176
2737,166,0,-1,2593,1294,2177
2738,-1,0,-1,2594,1295,2177
2739,-1,0,-1,2595,-1,2177
2740,-1,0,-1,2596,-1,2177
2741,-1,0,-1,2597,-1,2177
2742,-1,0,-1,2598,1296,2178
2743,-1,0,-1,2599,1297,2179
2744,-1,0,-1,2600,-1,2179
2745,-1,0,-1,2601,1298,2179
2746,-1,0,-1,2602,-1,2179
2747,-1,0,-1,2603,1299,2179
2748,-1,0,-1,2604,1300,2180
2749,-1,0,-1,2605,1301,2181
2750,-1,0,-1,2606,1302,2182
2751,-1,0,-1,2607,1303,2183
2752,-1,0,-1,2608,-1,2184
2753,-1,0,-1,2609,1304,2185
2754,-1,0,-1,2610,1305,2186
2755,-1,0,-1,2611,1306,2187
2756,-1,0,-1,2612,1307,2188
2757,-1,0,-1,2613,1308,2189
2758,-1,0,-1,2614,-1,2189
2759,167,0,-1,2615,1309,2190
2760,-1,0,-1,2616,-1,2191
2761,-1,0,-1,2617,1310,2192
2762,-1,0,-1,2618,-1,2193
2763,-1,0,-1,2619,-1,2194
2764,-1,0,-1,2620,1311,2195
2765,-1,0,-1,2621,-1,2196
2766,-1,0,-1,2622,1312,2197
2767,168,0,-1,2623,1313,2198
2768,-1,0,-1,2624,-1,2199
2769,-1,0,-1,2625,-1,2200
2770,-1,0,-1,2626,1314,2201
2771,-1,0,-1,2627,1315,2202
2772,-1,0,-1,2628,-1,2203
2773,-1,0,-1,2629,1316,2204
2774,-1,0,-1,2630,-1,2205
2775,-1,0,-1,2631,1317,2206
2776,-1,0,-1,2632,-1,2207
2777,-1,0,-1,2633,-1,2208
2778,-1,0,-1,2634,1318,2209
2779,-1,0,-1,2635,-1,2210
2780,-1,0,-1,2635,-1,2211
2781,-1,0,-1,2636,1319,2212
2782,-1,0,-1,2637,1320,2213
2783,-1,0,-1,2638,-1,-1
2784,-1,0,-1,2639,1321,2213
2785,-1,0,-1,2640,1322,2214
2786,-1,0,-1,2641,-1,-1
2787,-1,0,-1,2642,-1,-1
2788,-1,0,-1,2643,1323,2215
2789,-1,0,-1,2644,-1,2216
2790,-1,0,-1,2645,1324,2217
2791,-1,0,-1,2646,-1,2217
2792,169,0,-1,2647,1325,2218
2793,-1,0,-1,2648,1326,2219
2794,-1,0,-1,2649,-1,2220
2795,-1,0,-1,2650,1327,2221
2796,-1,0,-1,2651,1328,2222
2797,-1,0,-1,2652,-1,-1
2798,-1,0,-1,2652,-1,2223
2799,-1,0,-1,2653,-1,2224
2800,-1,0,-1,2654,1329,2225
2801,-1,0,-1,2655,1330,2226
2802,-1,0,-1,2656,-1,2227
2803,-1,0,-1,2657,-1,2228
2804,-1,0,-1,2658,-1,2229
2805,-1,0,-1,2659,-1,2230
2806,-1,0,-1,2660,-1,2230
2807,-1,0,-1,2661,1331,2231
2808,-1,0,-1,2662,-1,2232
2809,-1,0,-1,2663,1332,2233
2810,-1,0,-1,2664,-1,2233
2811,-1,0,-1,2665,1333,2234
2812,-1,0,-1,2666,1334,2235
2813,-1,0,-1,2667,-1,2236
2814,-1,0,-1,2668,-1,2237
2815,170,0,-1,2669,1335,2238
2816,-1,0,-1,2670,-1,2239
2817,-1,0,-1,2670,-1,2240
2818,-1,0,-1,2671,1336,2241
2819,-1,0,-1,2672,-1,2241
2820,-1,0,-1,2673,-1,2242
2821,-1,0,-1,2674,-1,2243
2822,-1,0,-1,2675,-1,2244
2823,-1,0,-1,2676,1337,2245
2824,-1,0,-1,2677,-1,2246
2825,-1,0,-1,2678,1338,2247
2826,-1,0,-1,2679,-1,2248
2827,-1,0,-1,2680,1339,2249
2828,-1,0,-1,2681,1340,2250
2829,-1,0,-1,2682,-1,2251
2830,-1,0,-1,2683,1341,2252
2831,-1,0,-1,2684,-1,2253
2832,-1,0,-1,2685,-1,2254
2833,-1,0,-1,2686,1342,2255
2834,-1,0,-1,2687,-1,2256
2835,171,0,-1,2688,1343,2257
2836,-1,0,-1,2689,-1,2258
2837,-1,0,-1,2690,-1,2259
2838,-1,0,-1,2691,1344,2260
2839,-1,0,-1,2692,1345,2261
2840,-1,0,-1,2693,-1,2262
2841,-1,0,-1,2693,-1,2263
2842,-1,0,-1,2694,1346,2264
2843,-1,0,-1,2695,-1,2265
2844,-1,0,-1,2696,1347,2266
2845,-1,0,-1,2697,-1,2267
2846,-1,0,-1,2698,-1,2268
2847,-1,0,-1,2699,-1,2269
2848,-1,0,-1,2700,1348,2270
2849,-1,0,-1,2701,1349,2271
2850,-1,0,-1,2702,1350,2271
2851,-1,0,-1,2703,-1,2272
2852,-1,0,-1,2704,1351,2273
2853,-1,0,-1,2705,-1,2274
2854,-1,0,-1,2706,1352,2275
2855,-1,0,-1,2707,1353,2276
2856,-1,0,-1,2708,1354,2277
2857,172,0,-1,2709,-1,2278
2858,-1,0,-1,2710,1355,2279
2859,-1,0,-1,2711,1356,2280
2860,-1,0,-1,2712,-1,2281
2861,-1,0,-1,2713,1357,2282
2862,-1,0,-1,2714,1358,2282
2863,-1,0,-1,2715,-1,2282
2864,-1,0,-1,2716,-1,2283
2865,-1,0,-1,2717,-1,2284
2866,-1,0,-1,2718,1359,2285
2867,-1,0,-1,2719,-1,2286
2868,-1,0,-1,2719,-1,2287
2869,-1,0,-1,2720,1360,2288
2870,-1,0,-1,2721,-1,2289
2871,-1,0,-1,2722,1361,2290
2872,-1,0,-1,2723,1362,2291
2873,-1,0,-1,2724,1363,2292
2874,-1,0,-1,2725,-1,2293
2875,-1,0,-1,2726,1364,2294
2876,-1,0,-1,2727,-1,2294
2877,-1,0,-1,2728,1365,2295
2878,-1,0,-1,2729,-1,2295
2879,-1,0,-1,2730,1366,2296
2880,-1,0,-1,2731,-1,2297
2881,-1,0,-1,2731,-1,2298
2882,173,0,-1,2732,1367,2299
2883,174,0,-1,2733,1368,2300
2884,-1,0,-1,2734,1369,2301
2885,-1,0,-1,2735,-1,2302
2886,-1,0,-1,2736,-1,2303
2887,175,0,-1,2737,1370,2304
2888,-1,0,-1,2738,1371,2305
2889,176,0,-1,2739,1372,2306
2890,-1,0,-1,2740,-1,2307
2891,-1,0,-1,2741,1373,2308
2892,177,0,-1,2742,1374,2309
2893,-1,0,-1,2743,1375,2310
2894,-1,0,-1,2744,1376,2311
2895,-1,0,-1,2745,-1,2312
2896,-1,0,-1,2746,1377,2313
2897,-1,0,-1,2747,-1,2313
2898,178,0,-1,2748,1378,2314
2899,-1,0,-1,2749,-1,2315
2900,-1,0,-1,2750,-1,-1
2901,-1,0,-1,2751,-1,2316
2902,-1,0,-1,2752,-1,2316
2903,-1,0,-1,2753,1379,2317
2904,-1,0,-1,2754,1380,2318
2905,-1,0,-1,2755,1381,2319
2906,-1,0,-1,2756,1382,2320
2907,-1,0,-1,2757,-1,2321
2908,-1,0,-1,2758,-1,2322
2909,-1,0,-1,2759,1383,2323
2910,-1,0,-1,2760,1384,2324
2911,-1,0,-1,2761,1385,2325
2912,-1,0,-1,2762,-1,2326
2913,-1,0,-1,2763,1386,2327
2914,-1,0,-1,2764,1387,2328
2915,-1,0,-1,2765,-1,2329
2916,-1,0,-1,2766,1388,2330
2917,179,0,-1,2767,1389,2331
2918,-1,0,-1,2768,-1,2332
2919,-1,0,-1,2769,1390,2333
2920,-1,0,-1,2770,1391,2334
2921,-1,0,-1,2771,-1,2335
2922,-1,0,-1,2772,-1,2336
2923,-1,0,-1,2773,-1,2337
2924,-1,0,-1,2774,1392,2337
2925,-1,0,-1,2775,1393,2337
2926,180,0,-1,2776,1394,2337
2927,-1,0,-1,2777,-1,2338
2928,-1,0,-1,2778,1395,2339
2929,-1,0,-1,2779,-1,2340
2930,-1,0,-1,2780,-1,2341
2931,-1,0,-1,2781,1395,2341
2932,-1,0,-1,2782,1396,2341
2933,-1,0,-1,2783,1397,2342
2934,-1,0,-1,2784,1398,2343
2935,-1,0,-1,2785,-1,2343
2936,-1,0,-1,2786,1399,2344
2937,-1,0,-1,2787,-1,2344
2938,-1,0,-1,2788,-1,2345
2939,181,0,-1,2789,1400,2346
2940,-1,0,-1,2790,1401,2347
2941,-1,0,-1,2791,1402,2348
2942,-1,0,-1,2792,1403,2349
2943,-1,0,-1,2793,-1,2349
2944,182,0,-1,2794,-1,2350
2945,-1,0,-1,2795,1404,2351
2946,-1,0,-1,2796,1405,2351
2947,-1,0,-1,2797,-1,2352
2948,-1,0,-1,2798,-1,2353
2949,-1,0,-1,2799,1406,2354
2950,-1,0,-1,2800,1407,2355
2951,-1,0,-1,2801,-1,2356
2952,-1,0,-1,2802,-1,2357
2953,-1,0,-1,2803,1408,2358
2954,-1,0,-1,2804,-1,2359
2955,-1,0,-1,2805,-1,2360
2956,-1,0,-1,2806,-1,2361
2957,-1,0,-1,2807,1409,2362
2958,-1,0,-1,2808,1410,2363
2959,-1,0,-1,2809,-1,2364
2960,-1,0,-1,2810,1411,2365
2961,-1,0,-1,2811,1412,2366
2962,-1,0,-1,2812,-1,2367
2963,-1,0,-1,2813,-1,2368
2964,-1,0,-1,2814,-1,2369
2965,-1,0,-1,2815,1413,2369
2966,-1,0,-1,2816,-1,2370
2967,-1,0,-1,2817,1414,2371
2968,-1,0,-1,2818,1415,2371
2969,-1,0,-1,2819,1416,2372
2970,-1,0,-1,2820,1417,2373
2971,-1,0,-1,2821,-1,2374
2972,-1,0,-1,2822,1418,2375
2973,-1,0,-1,2823,1419,2376
2974,-1,0,-1,2824,-1,2377
2975,-1,0,-1,2825,1420,2378
2976,-1,0,-1,2826,1421,2379
2977,183,0,-1,2827,1422,2380
2978,-1,0,-1,2828,1423,2381
2979,-1,0,-1,2829,-1,2382
2980,-1,0,-1,2830,1424,2382
2981,-1,0,-1,2831,1425,2383
2982,-1,0,-1,2832,1426,2383
2983,-1,0,-1,2833,1427,2384
2984,184,0,-1,2834,1428,2385
2985,-1,0,-1,2835,1429,2386
2986,-1,0,-1,2836,1430,2387
2987,-1,0,-1,2837,1431,2388
2988,-1,0,-1,2838,-1,2389
2989,-1,0,-1,2839,1432,2390
2990,-1,0,-1,2840,-1,2391
2991,-1,0,-1,2840,-1,2392
2992,185,0,-1,2841,1433,2392
2993,-1,0,-1,2842,1434,2393
2994,-1,0,-1,2843,1435,2394
2995,-1,0,-1,2844,1435,2395
2996,186,0,-1,2845,1436,2396
2997,-1,0,-1,2846,-1,2397
2998,-1,0,-1,2847,1437,2398
2999,-1,0,-1,2848,1438,2399
3000,-1,0,-1,2849,-1,2400
3001,187,0,-1,2850,1439,2401
3002,-1,0,-1,2851,-1,2402
3003,-1,0,-1,2852,-1,2403
3004,-1,0,-1,2853,-1,2404
3005,-1,0,-1,2854,-1,2405
3006,-1,0,-1,2855,-1,2406
3007,-1,0,-1,2856,1440,2407
3008,-1,0,-1,2857,1441,2407
3009,-1,0,-1,2858,1442,2408
3010,-1,0,-1,2859,1443,2409
3011,-1,0,-1,2860,-1,-1
3012,-1,0,-1,2861,-1,2410
3013,-1,0,-1,2861,-1,2411
3014,-1,0,-1,2862,1444,2412
3015,-1,0,-1,2863,1445,-1
3016,-1,0,-1,2864,1446,2413
3017,-1,0,-1,2865,-1,2414
3018,-1,0,-1,2866,1447,2415
3019,-1,0,-1,2867,1448,2416
3020,-1,0,-1,2868,-1,2417
3021,-1,0,-1,2869,1449,2418
3022,-1,0,-1,2870,-1,2419
3023,-1,0,-1,2871,1450,2420
3024,-1,0,-1,2872,1451,2421
3025,-1,0,-1,2873,-1,2421
3026,-1,0,-1,2874,-1,2422
3027,-1,0,-1,2875,1451,2423
3028,-1,0,-1,2876,-1,2424
3029,-1,0,-1,2877,1452,2425
3030,-1,0,-1,2878,1453,2426
3031,-1,0,-1,2879,1454,2427
3032,-1,0,-1,2880,1455,2428
3033,-1,0,-1,2881,-1,2429
3034,-1,0,-1,2882,1456,2430
3035,-1,0,-1,2883,1457,2431
3036,-1,0,-1,2884,1458,2432
3037,-1,0,-1,2885,1459,2433
3038,-1,0,-1,2886,1460,2434
3039,-1,0,-1,2887,1461,2435
3040,-1,0,-1,2888,1462,2436
3041,-1,0,-1,2889,-1,2437
3042,-1,0,-1,2890,1463,2438
3043,-1,0,-1,2891,1464,2439
3044,-1,0,-1,2892,1465,2440
3045,-1,0,-1,2893,-1,2441
3046,-1,0,-1,2894,1465,2442
3047,-1,0,-1,2895,1466,2442
3048,-1,0,-1,2896,-1,2443
3049,-1,0,-1,2897,1467,2444
3050,-1,0,-1,2898,-1,2445
3051,-1,0,-1,2899,-1,2446
3052,-1,0,-1,2900,1468,2447
3053,-1,0,-1,2901,1469,2448
3054,-1,0,-1,2902,1470,2449
3055,-1,0,-1,2903,-1,2450
3056,-1,0,-1,2904,1471,2451
3057,-1,0,-1,2905,1472,2452
3058,-1,0,-1,2906,-1,2452
3059,-1,0,-1,2907,1473,2453
3060,-1,0,-1,2908,1474,2454
3061,-1,0,-1,2909,1475,2455
3062,-1,0,-1,2910,1476,2456
3063,188,0,-1,2911,1477,2457
3064,-1,0,-1,2912,-1,2458
3065,-1,0,-1,2913,1478,2459
3066,-1,0,-1,2914,1479,2460
3067,-1,0,-1,2915,-1,-1
3068,-1,0,-1,2916,1480,2461
3069,-1,0,-1,2917,1481,2462
3070,-1,0,-1,2918,1482,2463
3071,-1,0,-1,2919,1483,2464
3072,-1,0,-1,2920,-1,2464
3073,-1,0,-1,2921,1484,2464
3074,-1,0,-1,2922,-1,2465
3075,-1,0,-1,2923,-1,2466
3076,-1,0,-1,2924,1484,2467
3077,-1,0,-1,2925,-1,2468
3078,-1,0,-1,2926,1485,2469
3079,189,0,-1,2927,1486,2470
3080,-1,0,-1,2928,1487,2471
3081,-1,0,-1,2929,-1,2472
3082,-1,0,-1,2930,1488,-1
3083,190,0,-1,2931,1489,2473
3084,-1,0,-1,2932,1490,2474
3085,-1,0,-1,2933,-1,2475
3086,-1,0,-1,2934,-1,2476
3087,-1,0,-1,2935,1491,2477
3088,-1,0,-1,2936,1492,2478
3089,-1,0,-1,2937,1493,2479
3090,-1,0,-1,2938,1494,2480
3091,-1,0,-1,2939,1495,2481
3092,191,0,-1,2940,1496,2482
3093,-1,0,-1,2941,1497,-1
3094,-1,0,-1,2942,1498,2483
3095,-1,0,-1,2943,-1,2484
3096,-1,0,-1,2944,1499,2485
3097,-1,0,-1,2945,-1,2486
3098,-1,0,-1,2946,1499,2487
3099,-1,0,-1,2947,1500,2488
3100,-1,0,-1,2948,1501,2489
3101,-1,0,-1,2949,1502,2490
3102,-1,0,-1,2950,1503,2491
3103,-1,0,-1,2951,-1,2492
3104,-1,0,-1,2952,1504,2493
3105,-1,0,-1,2953,-1,2494
3106,-1,0,-1,2954,-1,2495
3107,-1,0,-1,2955,1505,2496
3108,-1,0,-1,2956,-1,2497
3109,-1,0,-1,2957,1505,2498
3110,-1,0,-1,2958,1506,2498
3111,-1,0,-1,2959,1507,2499
3112,-1,0,-1,2960,1508,2500
3113,-1,0,-1,2961,1509,2501
3114,-1,0,-1,2962,-1,2502
3115,-1,0,-1,2963,1510,2503
3116,-1,0,-1,2964,-1,2503
3117,-1,0,-1,2965,-1,2503
3118,-1,0,-1,2966,1511,2504
3119,-1,0,-1,2967,1512,2505
3120,-1,0,-1,2968,1513,2506
3121,-1,0,-1,2969,1514,2507
3122,-1,0,-1,2970,-1,2508
3123,-1,0,-1,2971,1515,2509
3124,-1,0,-1,2972,1516,2510
3125,-1,0,-1,2973,1517,2511
3126,-1,0,-1,2974,-1,2512
3127,-1,0,-1,2975,-1,2513