recipeinstructions,author,recipeingredient,datepublished,recipecategory,keywords,aggregaterating
0,0,-1,0,-1,-1,0
0,0,-1,1,-1,-1,0
0,0,-1,2,1,-1,0
0,0,-1,3,-1,-1,0
0,0,-1,4,1,-1,0
0,0,-1,5,2,1,0
0,0,-1,6,-1,-1,0
0,0,-1,7,-1,-1,0
0,0,-1,8,-1,-1,0
0,0,-1,9,-1,-1,0
0,0,-1,10,-1,-1,0
0,0,-1,11,-1,-1,0
0,0,-1,12,3,-1,0
0,0,-1,13,-1,-1,0
0,0,-1,14,3,-1,0
0,0,-1,15,-1,-1,0
0,0,-1,16,-1,-1,0
0,0,-1,17,4,-1,0
0,0,-1,18,5,-1,0
0,0,-1,19,-1,-1,0
0,0,-1,20,6,-1,0
0,0,-1,21,7,-1,0
0,0,-1,22,-1,-1,0
0,0,-1,23,8,-1,0
0,0,-1,24,-1,-1,0
0,0,-1,25,-1,-1,0
0,0,-1,26,-1,-1,0
0,0,-1,27,9,-1,0
0,0,-1,28,10,-1,0
0,0,-1,29,-1,-1,0
0,0,-1,30,10,-1,0
0,0,-1,31,10,-1,0
0,0,-1,32,-1,-1,0
0,0,-1,33,-1,-1,0
0,0,-1,34,-1,-1,0
0,0,-1,35,-1,-1,0
0,0,-1,36,10,-1,0
0,0,-1,37,-1,-1,0
0,0,-1,38,-1,-1,0
0,0,-1,39,-1,-1,0
0,0,-1,40,-1,-1,0
0,0,-1,41,10,-1,0
0,0,-1,42,-1,2,0
0,0,-1,43,-1,-1,0
0,0,-1,44,11,-1,0
0,0,-1,45,-1,-1,0
0,0,-1,46,12,-1,0
0,0,-1,47,12,-1,0
0,0,1,48,13,-1,0
0,0,-1,49,-1,-1,0
0,0,-1,50,-1,-1,0
0,0,-1,51,-1,-1,0
0,0,-1,52,-1,-1,0
0,0,-1,53,-1,-1,0
0,0,-1,54,14,-1,0
0,0,-1,55,-1,-1,0
0,0,-1,56,15,-1,0
0,0,-1,57,-1,-1,0
0,0,-1,58,16,-1,0
0,0,-1,59,-1,-1,0
0,0,-1,60,16,-1,0
0,0,-1,61,-1,-1,0
0,0,-1,62,-1,-1,0
0,0,-1,63,-1,-1,0
0,0,-1,64,16,-1,0
0,0,-1,65,17,-1,0
0,0,-1,66,18,-1,0
0,0,2,67,-1,-1,0
0,0,-1,68,18,-1,0
0,0,-1,69,-1,-1,0
0,0,-1,70,-1,-1,0
0,0,-1,71,19,-1,0
0,0,-1,72,20,-1,0
0,0,-1,73,-1,3,0
0,0,-1,74,-1,-1,0
0,0,-1,75,-1,-1,0
0,0,-1,76,21,-1,0
0,0,-1,77,21,-1,0
0,0,3,78,22,-1,0
0,0,-1,79,23,-1,0
0,0,-1,80,23,-1,0
0,0,-1,81,-1,-1,0
0,0,-1,82,23,-1,0
0,0,-1,83,-1,-1,0
0,0,-1,84,23,-1,0
0,0,-1,85,23,-1,0
0,0,-1,86,-1,-1,0
0,0,-1,87,-1,-1,0
0,0,-1,88,-1,-1,0
0,0,-1,89,-1,-1,0
0,0,-1,90,24,-1,0
0,0,-1,91,-1,-1,0
0,0,-1,92,-1,-1,0
0,0,-1,93,25,-1,0
0,0,-1,94,26,-1,0
0,0,-1,95,27,-1,0
0,0,-1,96,-1,-1,0
0,0,-1,97,-1,-1,0
0,0,-1,98,28,-1,0
0,0,-1,99,29,-1,0
0,0,-1,100,29,-1,0
0,0,-1,101,-1,-1,0
0,0,-1,102,29,-1,0
0,0,-1,103,29,-1,0
0,0,-1,104,-1,-1,0
0,0,-1,105,29,-1,0
0,0,-1,106,-1,-1,0
0,0,-1,107,-1,-1,0
0,0,-1,108,29,-1,0
0,0,-1,109,30,-1,0
0,0,-1,110,-1,-1,0
0,0,-1,111,31,-1,0
0,0,-1,112,-1,-1,0
0,0,-1,113,-1,-1,0
0,0,-1,114,31,-1,0
0,0,-1,115,-1,-1,0
0,0,-1,116,-1,-1,0
0,0,-1,117,-1,-1,0
0,0,-1,118,32,-1,0
0,0,-1,119,33,-1,0
0,0,-1,120,33,-1,0
0,0,-1,121,34,-1,0
0,0,-1,122,-1,-1,0
0,0,-1,123,35,-1,0
0,0,-1,124,-1,-1,0
0,0,-1,125,36,-1,0
0,0,-1,126,36,-1,0
0,0,-1,127,36,-1,0
0,0,-1,128,36,4,0
0,0,-1,129,-1,-1,0
0,0,-1,130,37,-1,0
0,0,-1,131,-1,-1,0
0,0,-1,132,-1,-1,0
0,0,-1,133,38,-1,0
0,0,-1,134,38,-1,0
0,0,-1,135,-1,-1,0
0,0,-1,136,-1,-1,0
0,0,-1,137,-1,-1,0
0,0,-1,138,38,-1,0
0,0,-1,139,-1,-1,0
0,0,-1,140,-1,-1,0
0,0,-1,141,39,-1,0
0,0,-1,142,-1,-1,0
0,0,-1,143,40,-1,0
0,0,-1,144,-1,-1,0
0,0,-1,145,-1,-1,0
0,0,-1,146,40,-1,0
0,0,-1,147,-1,-1,0
0,0,-1,148,-1,-1,0
0,0,-1,149,-1,-1,0
0,0,-1,150,40,-1,0
0,0,-1,151,40,-1,0
0,0,-1,152,40,-1,0
0,0,-1,153,40,-1,0
0,0,-1,154,-1,5,0
0,0,-1,155,41,-1,0
0,0,-1,156,-1,-1,0
0,0,-1,157,41,-1,0
0,0,-1,158,-1,-1,0
0,0,-1,159,42,-1,0
0,0,-1,160,-1,-1,0
0,0,-1,161,-1,-1,0
0,0,-1,162,43,-1,0
0,0,-1,163,-1,-1,0
0,0,-1,164,44,-1,0
0,0,-1,165,-1,-1,0
0,0,-1,166,45,-1,0
0,0,-1,167,45,-1,0
0,0,-1,168,-1,-1,0
0,0,-1,169,45,-1,0
0,0,-1,170,-1,-1,0
0,0,-1,171,-1,-1,0
0,0,-1,172,-1,-1,0
0,0,-1,173,-1,-1,0
0,0,-1,174,-1,-1,0
0,0,-1,175,-1,-1,0
0,0,-1,176,45,-1,0
0,0,-1,177,-1,-1,0
0,0,-1,178,45,-1,0
0,0,-1,179,-1,-1,0
0,0,-1,180,-1,-1,0
0,0,-1,181,-1,-1,0
0,0,-1,182,45,-1,0
0,0,-1,183,45,-1,0
0,0,-1,184,-1,-1,0
0,0,-1,185,45,-1,0
0,0,-1,186,45,-1,0
0,0,-1,187,46,-1,0
0,0,-1,188,-1,-1,0
0,0,-1,189,-1,-1,0
0,0,-1,190,47,-1,0
0,0,-1,191,48,-1,0
0,0,-1,192,49,-1,0
0,0,-1,193,-1,-1,0
0,0,-1,194,49,-1,0
0,0,-1,195,50,-1,0
0,0,-1,196,-1,-1,0
0,0,-1,197,51,6,0
0,0,-1,198,-1,-1,0
0,0,-1,199,-1,-1,0
0,0,-1,200,-1,-1,0
0,0,-1,201,51,-1,0
0,0,-1,202,51,-1,0
0,0,-1,203,-1,-1,0
0,0,-1,204,-1,-1,0
0,0,-1,205,51,-1,0
0,0,-1,206,51,-1,0
0,0,-1,207,-1,-1,0
0,0,-1,208,-1,-1,0
0,0,-1,209,-1,-1,0
0,0,-1,210,-1,-1,0
0,0,-1,211,51,-1,0
0,0,-1,212,52,-1,0
0,0,-1,213,-1,-1,0
0,0,-1,214,-1,-1,0
0,0,-1,215,53,-1,0
0,0,-1,216,-1,-1,0
0,0,-1,217,-1,-1,0
0,0,-1,218,54,-1,0
0,0,-1,219,55,-1,0
0,0,-1,220,55,-1,0
0,0,-1,221,-1,-1,0
0,0,-1,222,56,-1,0
0,0,-1,223,-1,-1,0
0,0,-1,224,57,-1,0
0,0,-1,225,-1,-1,0
0,0,-1,226,-1,-1,0
0,0,-1,227,57,-1,0
0,0,-1,228,-1,-1,0
0,0,-1,229,57,-1,0
0,0,-1,230,-1,-1,0
0,0,-1,231,-1,-1,0
0,0,-1,232,-1,-1,0
0,0,-1,233,-1,-1,0
0,0,-1,234,-1,-1,0
0,0,-1,235,-1,-1,0
0,0,-1,236,57,-1,0
0,0,-1,237,58,-1,0
0,0,-1,238,-1,-1,0
0,0,-1,239,59,-1,0
0,0,-1,240,59,-1,0
0,0,-1,241,-1,-1,0
0,0,-1,242,-1,-1,0
0,0,-1,243,59,-1,0
0,0,-1,244,-1,-1,0
0,0,-1,245,-1,-1,0
0,0,-1,246,-1,-1,0
0,0,-1,247,-1,-1,0
0,0,-1,248,59,-1,0
0,0,-1,249,-1,-1,0
0,0,-1,250,59,-1,0
0,0,-1,251,59,-1,0
0,0,-1,252,60,-1,0
0,0,-1,253,61,-1,0
0,0,-1,254,61,-1,0
0,0,-1,255,62,-1,0
0,0,-1,256,62,-1,0
0,0,-1,257,62,-1,0
0,0,-1,258,-1,-1,0
0,0,-1,259,-1,-1,0
0,0,-1,260,62,-1,0
0,0,-1,261,63,-1,0
0,0,-1,262,64,-1,0
0,0,-1,263,65,-1,0
0,0,-1,264,65,-1,0
0,0,-1,265,65,-1,0
0,0,-1,266,-1,-1,0
0,0,-1,267,65,-1,0
0,0,-1,268,65,-1,0
0,0,-1,269,65,-1,0
0,0,-1,270,65,-1,0
0,0,-1,271,-1,-1,0
0,0,-1,272,-1,-1,0
0,0,-1,273,66,-1,0
0,0,4,274,67,-1,0
0,0,-1,275,-1,-1,0
0,0,-1,276,-1,-1,0
0,0,-1,277,-1,-1,0
0,0,-1,278,68,-1,0
0,0,-1,279,69,-1,0
0,0,5,280,70,-1,0
0,0,-1,281,-1,-1,0
0,0,-1,282,-1,-1,0
0,0,-1,283,-1,-1,0
0,0,-1,284,-1,-1,0
0,0,-1,285,71,-1,0
0,0,-1,286,72,-1,0
0,0,-1,287,-1,-1,0
0,0,-1,288,73,-1,0
0,0,-1,289,73,-1,0
0,0,-1,290,74,-1,0
0,0,-1,291,75,-1,0
0,0,-1,292,-1,-1,0
0,0,-1,293,-1,-1,0
0,0,-1,294,76,-1,0
0,0,-1,295,-1,-1,0
0,0,-1,296,-1,-1,0
0,0,-1,297,77,-1,0
0,0,-1,298,-1,-1,0
0,0,-1,299,77,-1,0
0,0,-1,300,78,-1,0
0,0,-1,301,-1,-1,0
0,0,-1,302,-1,-1,0
0,0,-1,303,79,-1,0
0,0,-1,304,79,-1,0
0,0,-1,305,79,-1,0
0,0,-1,306,-1,-1,0
0,0,-1,307,79,-1,0
0,0,-1,308,-1,-1,0
0,0,-1,309,-1,-1,0
0,0,-1,310,79,-1,0
0,0,-1,311,-1,-1,0
0,0,-1,312,-1,-1,0
0,0,-1,313,-1,-1,0
0,0,-1,314,79,-1,0
0,0,-1,315,-1,-1,0
0,0,-1,316,79,-1,0
0,0,-1,317,-1,-1,0
0,0,-1,318,80,-1,0
0,0,-1,319,81,-1,0
0,0,-1,320,-1,-1,0
0,0,-1,321,-1,-1,0
0,0,-1,322,81,-1,0
0,0,-1,323,-1,-1,0
0,0,-1,324,-1,-1,0
0,0,-1,325,-1,-1,0
0,0,-1,326,-1,-1,0
0,0,-1,327,81,-1,0
0,0,-1,328,-1,-1,0
0,0,-1,329,-1,-1,0
0,0,-1,330,82,-1,0
0,0,-1,331,-1,-1,0
0,0,-1,332,-1,-1,0
0,0,-1,333,83,-1,0
0,0,-1,334,83,-1,0
0,0,-1,335,-1,-1,0
0,0,-1,336,-1,-1,0
0,0,-1,337,-1,-1,0
0,0,-1,338,-1,-1,0
0,0,-1,339,-1,-1,0
0,0,-1,340,84,-1,0
0,0,-1,341,85,-1,0
0,0,-1,342,-1,-1,0
0,0,-1,343,-1,-1,0
0,0,-1,344,86,-1,0
0,0,-1,345,-1,-1,0
0,0,-1,346,87,-1,0
0,0,-1,347,88,-1,0
0,0,-1,348,-1,-1,0
0,0,-1,349,89,-1,0
0,0,-1,350,89,-1,0
0,0,-1,351,-1,-1,0
0,0,-1,352,90,-1,0
0,0,-1,353,-1,-1,0
0,0,-1,354,91,-1,0
0,0,-1,355,92,-1,0
0,0,-1,356,-1,-1,0
0,0,-1,357,93,-1,0
0,0,-1,358,-1,-1,0
0,0,-1,359,-1,-1,0
0,0,-1,360,93,-1,0
0,0,6,361,94,-1,0
0,0,-1,362,95,-1,0
0,0,-1,363,96,-1,0
0,0,-1,364,-1,-1,0
0,0,-1,365,-1,-1,0
0,0,-1,366,96,-1,0
0,0,-1,367,96,-1,0
0,0,-1,368,97,-1,0
0,0,-1,369,-1,-1,0
0,0,-1,370,98,-1,0
0,0,-1,371,-1,-1,0
0,0,-1,372,-1,-1,0
0,0,-1,373,-1,-1,0
0,0,-1,374,-1,-1,0
0,0,-1,375,98,-1,0
0,0,-1,376,-1,-1,0
0,0,-1,377,99,-1,0
0,0,-1,378,100,-1,0
0,0,-1,379,-1,-1,0
0,0,-1,380,-1,-1,0
0,0,-1,381,-1,-1,0
0,0,-1,382,100,-1,0
0,0,-1,383,-1,-1,0
0,0,-1,384,-1,-1,0
0,0,-1,385,101,-1,0
0,0,-1,386,-1,-1,0
0,0,-1,387,102,-1,0
0,0,-1,388,102,-1,0
0,0,-1,389,-1,-1,0
0,0,-1,390,103,-1,0
0,0,-1,391,-1,-1,0
0,0,-1,392,-1,-1,0
0,0,-1,393,-1,-1,0
0,0,-1,394,-1,-1,0
0,0,-1,395,-1,-1,0
0,0,-1,396,104,-1,0
0,0,-1,397,-1,-1,0
0,0,-1,398,104,-1,0
0,0,-1,399,104,-1,0
0,0,-1,400,-1,-1,0
0,0,-1,401,-1,-1,0
0,0,-1,402,104,-1,0
0,0,-1,403,-1,-1,0
0,0,-1,404,-1,-1,0
0,0,-1,405,-1,-1,0
0,0,-1,406,-1,-1,0
0,0,-1,407,-1,-1,0
0,0,-1,408,104,-1,0
0,0,-1,409,-1,-1,0
0,0,-1,410,-1,-1,0
0,0,-1,411,104,-1,0
0,0,-1,412,-1,-1,0
0,0,-1,413,-1,-1,0
0,0,-1,414,-1,-1,0
0,0,-1,415,104,-1,0
0,0,-1,416,104,-1,0
0,0,-1,417,105,-1,0
0,0,-1,418,106,-1,0
0,0,-1,419,-1,-1,0
0,0,-1,420,-1,-1,0
0,0,-1,421,-1,-1,0
0,0,-1,422,106,-1,0
0,0,-1,423,106,-1,0
0,0,-1,424,-1,-1,0
0,0,-1,425,-1,-1,0
0,0,-1,426,-1,-1,0
0,0,-1,427,-1,-1,0
0,0,-1,428,-1,-1,0
0,0,-1,429,107,-1,0
0,0,-1,430,108,-1,0
0,0,-1,431,108,-1,0
0,0,-1,432,-1,-1,0
0,0,-1,433,108,-1,0
0,0,-1,434,-1,-1,0
0,0,-1,435,-1,-1,0
0,0,-1,436,-1,-1,0
0,0,-1,437,108,-1,0
0,0,-1,438,108,-1,0
0,0,-1,439,109,-1,0
0,0,-1,440,110,-1,0
0,0,-1,441,110,-1,0
0,0,-1,442,110,-1,0
0,0,-1,443,111,-1,0
0,0,-1,444,-1,-1,0
0,0,-1,445,-1,-1,0
0,0,-1,446,-1,-1,0
0,0,-1,447,111,7,0
0,0,-1,448,-1,-1,0
0,0,-1,449,112,-1,0
0,0,-1,450,-1,-1,0
0,0,-1,451,-1,-1,0
0,0,-1,452,-1,-1,0
0,0,-1,453,-1,-1,0
0,0,-1,454,113,-1,0
0,0,-1,455,114,-1,0
0,0,-1,456,-1,-1,0
0,0,-1,457,-1,-1,0
0,0,-1,458,-1,-1,0
0,0,-1,459,-1,-1,0
0,0,-1,460,114,-1,0
0,0,-1,461,-1,-1,0
0,0,-1,462,114,-1,0
0,0,-1,463,-1,-1,0
0,0,-1,464,115,-1,0
0,0,-1,465,-1,-1,0
0,0,-1,466,-1,-1,0
0,0,-1,467,116,-1,0
0,0,-1,468,116,-1,0
0,0,-1,469,-1,-1,0
0,0,-1,470,-1,-1,0
0,0,-1,471,116,-1,0
0,0,-1,472,-1,-1,0
0,0,-1,473,-1,-1,0
0,0,-1,474,-1,-1,0
0,0,-1,475,116,-1,0
0,0,-1,476,116,-1,0
0,0,-1,477,116,-1,0
0,0,-1,478,-1,-1,0
0,0,-1,479,116,-1,0
0,0,-1,480,116,-1,0
0,0,-1,481,117,-1,0
0,0,-1,482,-1,-1,0
0,0,-1,483,118,-1,0
0,0,-1,484,118,-1,0
0,0,-1,485,-1,-1,0
0,0,-1,486,-1,-1,0
0,0,-1,487,-1,-1,0
0,0,-1,488,-1,-1,0
0,0,-1,489,-1,-1,0
0,0,-1,490,118,-1,0
0,0,-1,491,118,-1,0
0,0,-1,492,-1,-1,0
0,0,-1,493,118,-1,0
0,0,-1,494,-1,-1,0
0,0,-1,495,119,-1,0
0,0,-1,496,-1,-1,0
0,0,-1,497,120,-1,0
0,0,-1,498,-1,-1,0
0,0,-1,499,-1,-1,0
0,0,-1,500,-1,-1,0
0,0,-1,501,-1,-1,0
0,0,-1,502,-1,-1,0
0,0,-1,503,-1,-1,0
0,0,-1,504,120,-1,0
0,0,-1,505,120,-1,0
0,0,-1,506,120,-1,0
0,0,-1,507,120,-1,0
0,0,-1,508,120,-1,0
0,0,-1,509,-1,-1,0
0,0,-1,510,120,-1,0
0,0,-1,511,120,-1,0
0,0,-1,512,121,-1,0
0,0,-1,513,-1,-1,0
0,0,-1,514,-1,-1,0
0,0,-1,515,122,-1,0
0,0,-1,516,123,-1,0
0,0,-1,517,-1,-1,0
0,0,-1,518,123,-1,0
0,0,-1,519,124,-1,0
0,0,-1,520,124,-1,0
0,0,-1,521,-1,-1,0
0,0,-1,522,125,-1,0
0,0,-1,523,125,-1,0
0,0,-1,524,-1,-1,0
0,0,-1,525,-1,-1,0
0,0,-1,526,-1,-1,0
0,0,-1,527,125,-1,0
0,0,-1,528,-1,-1,0
0,0,-1,529,125,-1,0
0,0,-1,530,-1,-1,0
0,0,-1,531,126,-1,0
0,0,-1,532,127,-1,0
0,0,-1,533,128,-1,0
0,0,-1,534,128,-1,0
0,0,-1,535,-1,-1,0
0,0,-1,536,-1,-1,0
0,0,-1,537,129,-1,0
0,0,-1,538,-1,-1,0
0,0,-1,539,130,-1,0
0,0,-1,540,-1,-1,0
0,0,-1,541,130,-1,0
0,0,-1,542,131,-1,0
0,0,-1,543,-1,-1,0
0,0,-1,544,-1,-1,0
0,0,-1,545,-1,-1,0
0,0,-1,546,-1,-1,0
0,0,-1,547,-1,-1,0
0,0,-1,548,-1,-1,0
0,0,-1,549,132,-1,0
0,0,-1,550,-1,-1,0
0,0,-1,551,132,-1,0
0,0,-1,552,-1,-1,0
0,0,-1,553,-1,-1,0
0,0,7,554,133,-1,0
0,0,-1,555,133,-1,0
0,0,-1,556,133,-1,0
0,0,-1,557,133,-1,0
0,0,-1,558,134,-1,0
0,0,-1,559,-1,8,0
0,0,-1,560,135,9,0
0,0,-1,561,136,-1,0
0,0,-1,562,-1,-1,0
0,0,-1,563,-1,-1,0
0,0,-1,564,-1,10,0
0,0,-1,565,-1,-1,0
0,0,-1,566,-1,-1,0
0,0,-1,567,136,-1,0
0,0,-1,568,136,-1,0
0,0,-1,569,-1,-1,0
0,0,-1,570,-1,-1,0
0,0,-1,571,136,-1,0
0,0,-1,572,-1,-1,0
0,0,-1,573,136,-1,0
0,0,-1,574,137,-1,0
0,0,-1,575,138,-1,0
0,0,-1,576,-1,-1,0
0,0,-1,577,138,-1,0
0,0,-1,578,-1,11,0
0,0,-1,579,-1,-1,0
0,0,-1,580,-1,-1,0
0,0,-1,581,138,-1,0
0,0,-1,582,139,12,0
0,0,-1,583,-1,-1,0
0,0,-1,584,-1,-1,0
0,0,-1,585,-1,-1,0
0,0,-1,586,-1,-1,0
0,0,-1,587,-1,-1,0
0,0,-1,588,-1,-1,0
0,0,-1,589,139,-1,0
0,0,-1,590,-1,-1,0
0,0,-1,591,-1,-1,0
0,0,-1,592,140,-1,0
0,0,-1,593,-1,-1,0
0,0,-1,594,-1,-1,0
0,0,-1,595,141,-1,0
0,0,-1,596,142,-1,0
0,0,-1,597,-1,-1,0
0,0,-1,598,-1,-1,0
0,0,-1,599,142,-1,0
0,0,-1,600,143,-1,0
0,0,-1,601,-1,-1,0
0,0,-1,602,143,-1,0
0,0,-1,603,-1,-1,0
0,0,-1,604,144,-1,0
0,0,-1,605,145,-1,0
0,0,-1,606,-1,-1,0
0,0,-1,607,146,-1,0
0,0,-1,608,-1,-1,0
0,0,-1,609,146,-1,0
0,0,-1,610,147,-1,0
0,0,-1,611,147,-1,0
0,0,-1,612,-1,-1,0
0,0,-1,613,-1,-1,0
0,0,-1,614,-1,-1,0
0,0,-1,615,-1,-1,0
0,0,-1,616,148,-1,0
0,0,-1,617,-1,-1,0
0,0,-1,618,149,-1,0
0,0,-1,619,-1,-1,0
0,0,-1,620,150,-1,0
0,0,-1,621,151,-1,0
0,0,-1,622,-1,-1,0
0,0,-1,623,-1,-1,0
0,0,-1,624,-1,-1,0
0,0,-1,625,-1,-1,0
0,0,-1,626,-1,-1,0
0,0,-1,627,152,-1,0
0,0,-1,628,-1,-1,0
0,0,-1,629,-1,-1,0
0,0,-1,630,-1,-1,0
0,0,-1,631,-1,-1,0
0,0,-1,632,-1,-1,0
0,0,-1,633,153,-1,0
0,0,-1,634,-1,-1,0
0,0,-1,635,-1,-1,0
0,0,-1,636,154,-1,0
0,0,-1,637,-1,-1,0
0,0,-1,638,155,-1,0
0,0,-1,639,156,-1,0
0,0,-1,640,-1,-1,0
0,0,-1,641,-1,-1,0
0,0,-1,642,-1,-1,0
0,0,-1,643,157,-1,0
0,0,-1,644,158,-1,0
0,0,-1,645,-1,-1,0
0,0,-1,646,158,-1,0
0,0,-1,647,158,-1,0
0,0,-1,648,159,13,0
0,0,-1,649,-1,-1,0
0,0,-1,650,-1,-1,0
0,0,-1,651,160,-1,0
0,0,-1,652,-1,-1,0
0,0,-1,653,-1,-1,0
0,0,-1,654,161,-1,0
0,0,-1,655,-1,-1,0
0,0,-1,656,-1,-1,0
0,0,-1,657,-1,-1,0
0,0,-1,658,162,-1,0
0,0,-1,659,162,-1,0
0,0,-1,660,163,-1,0
0,0,-1,661,-1,-1,0
0,0,-1,662,164,-1,0
0,0,-1,663,164,-1,0
0,0,-1,664,-1,-1,0
0,0,-1,665,164,-1,0
0,0,-1,666,-1,-1,0
0,0,-1,667,164,-1,0
0,0,-1,668,164,-1,0
0,0,-1,669,164,-1,0
0,0,-1,670,164,-1,0
0,0,-1,671,-1,-1,0
0,0,-1,672,165,-1,0
0,0,-1,673,166,-1,0
0,0,-1,674,-1,-1,0
0,0,-1,675,167,-1,0
0,0,-1,676,-1,-1,0
0,0,-1,677,167,-1,0
0,0,-1,678,168,-1,0
0,0,-1,679,169,-1,0
0,0,-1,680,170,-1,0
0,0,-1,681,171,-1,0
0,0,-1,682,171,-1,0
0,0,-1,683,-1,-1,0
0,0,-1,684,171,-1,0
0,0,-1,685,-1,14,0
0,0,-1,686,-1,-1,0
0,0,-1,687,172,15,0
0,0,-1,688,173,-1,0
0,0,-1,689,-1,-1,0
0,0,-1,690,-1,-1,0
0,0,-1,691,-1,-1,0
0,0,-1,692,173,-1,0
0,0,-1,693,174,-1,0
0,0,-1,694,-1,16,0
0,0,-1,695,175,-1,0
0,0,-1,696,175,-1,0
0,0,-1,697,-1,-1,0
0,0,-1,698,175,-1,0
0,0,-1,699,-1,-1,0
0,0,-1,700,-1,-1,0
0,0,-1,701,-1,-1,0
0,0,-1,702,-1,-1,0
0,0,-1,703,175,-1,0
0,0,-1,704,175,-1,0
0,0,-1,705,176,-1,0
0,0,-1,706,177,-1,0
0,0,-1,707,177,-1,0
0,0,-1,708,-1,-1,0
0,0,-1,709,177,-1,0
0,0,-1,710,177,-1,0
0,0,8,711,178,-1,0
0,0,-1,712,179,-1,0
0,0,-1,713,-1,-1,0
0,0,-1,714,179,-1,0
0,0,-1,715,-1,-1,0
0,0,-1,716,179,-1,0
0,0,-1,717,179,-1,0
0,0,-1,718,-1,-1,0
0,0,-1,719,-1,-1,0
0,0,-1,720,-1,-1,0
0,0,-1,721,180,-1,0
0,0,-1,722,181,-1,0
0,0,-1,723,-1,-1,0
0,0,-1,724,-1,-1,0
0,0,-1,725,-1,-1,0
0,0,-1,726,181,-1,0
0,0,-1,727,-1,-1,0
0,0,-1,728,-1,-1,0
0,0,-1,729,-1,-1,0
0,0,-1,730,181,-1,0
0,0,-1,731,-1,-1,0
0,0,-1,732,-1,-1,0
0,0,-1,733,-1,-1,0
0,0,-1,734,182,-1,0
0,0,-1,735,183,-1,0
0,0,-1,736,184,-1,0
0,0,-1,737,-1,-1,0
0,0,-1,738,-1,-1,0
0,0,-1,739,-1,-1,0
0,0,-1,740,185,-1,0
0,0,-1,741,186,-1,0
0,0,-1,742,-1,-1,0
0,0,-1,743,-1,-1,0
0,0,-1,744,-1,-1,0
0,0,-1,745,186,-1,0
0,0,-1,746,187,-1,0
0,0,-1,747,188,-1,0
0,0,-1,748,-1,-1,0
0,0,-1,749,-1,-1,0
0,0,-1,750,189,-1,0
0,0,-1,751,190,-1,0
0,0,-1,752,191,17,0
0,0,-1,753,-1,-1,0
0,0,9,754,192,-1,0
0,0,-1,755,-1,-1,0
0,0,-1,756,193,-1,0
0,0,-1,757,-1,-1,0
0,0,-1,758,-1,-1,0
0,0,-1,759,194,-1,0
0,0,-1,760,-1,-1,0
0,0,-1,761,-1,-1,0
0,0,-1,762,195,-1,0
0,0,-1,763,-1,-1,0
0,0,-1,764,-1,-1,0
0,0,-1,765,-1,-1,0
0,0,-1,766,-1,-1,0
0,0,-1,767,-1,-1,0
0,0,-1,768,195,-1,0
0,0,-1,769,195,-1,0
0,0,-1,770,196,-1,0
0,0,-1,771,196,-1,0
0,0,-1,772,-1,-1,0
0,0,10,773,196,-1,0
0,0,-1,774,-1,-1,0
0,0,-1,775,197,-1,0
0,0,-1,776,197,-1,0
0,0,-1,777,-1,-1,0
0,0,-1,778,197,-1,0
0,0,-1,779,-1,-1,0
0,0,-1,780,-1,-1,0
0,0,-1,781,-1,-1,0
0,0,-1,782,197,-1,0
0,0,-1,783,-1,-1,0
0,0,-1,784,197,-1,0
0,0,-1,785,198,-1,0
0,0,-1,786,-1,-1,0
0,0,-1,787,-1,-1,0
0,0,-1,788,198,-1,0
0,0,-1,789,-1,-1,0
0,0,-1,790,-1,-1,0
0,0,-1,791,-1,-1,0
0,0,-1,792,-1,-1,0
0,0,-1,793,199,-1,0
0,0,-1,794,199,-1,0
0,0,-1,795,-1,-1,0
0,0,-1,796,199,-1,0
0,0,-1,797,-1,-1,0
0,0,-1,798,-1,-1,0
0,0,-1,799,-1,-1,0
0,0,-1,800,199,-1,0
0,0,-1,801,199,-1,0
0,0,-1,802,199,-1,0
0,0,-1,803,-1,-1,0
0,0,-1,804,-1,-1,0
0,0,-1,805,-1,-1,0
0,0,-1,806,199,-1,0
0,0,-1,807,-1,-1,0
0,0,-1,808,-1,-1,0
0,0,-1,809,199,-1,0
0,0,-1,810,-1,-1,0
0,0,-1,811,-1,-1,0
0,0,-1,812,199,-1,0
0,0,11,813,200,-1,0
0,0,-1,814,201,-1,0
0,0,-1,815,201,-1,0
0,0,-1,816,-1,-1,0
0,0,-1,817,-1,-1,0
0,0,-1,818,-1,-1,0
0,0,-1,819,-1,-1,0
0,0,-1,820,201,-1,0
0,0,-1,821,201,-1,0
0,0,-1,822,201,-1,0
0,0,-1,823,-1,-1,0
0,0,-1,824,-1,-1,0
0,0,-1,825,201,-1,0
0,0,-1,826,-1,-1,0
0,0,-1,827,202,-1,0
0,0,-1,828,-1,-1,0
0,0,-1,829,203,-1,0
0,0,-1,830,-1,-1,0
0,0,-1,831,-1,-1,0
0,0,-1,832,-1,-1,0
0,0,-1,833,-1,-1,0
0,0,-1,834,-1,-1,0
0,0,-1,835,-1,-1,0
0,0,-1,836,203,-1,0
0,0,-1,837,-1,-1,0
0,0,-1,838,203,-1,0
0,0,-1,839,-1,-1,0
0,0,-1,840,203,-1,0
0,0,-1,841,-1,-1,0
0,0,-1,842,-1,-1,0
0,0,-1,843,-1,-1,0
0,0,-1,844,203,-1,0
0,0,-1,845,204,-1,0
0,0,-1,846,205,-1,0
0,0,-1,847,205,-1,0
0,0,-1,848,-1,-1,0
0,0,-1,849,206,-1,0
0,0,-1,850,-1,-1,0
0,0,-1,851,-1,-1,0
0,0,-1,852,207,-1,0
0,0,-1,853,208,-1,0
0,0,-1,854,-1,-1,0
0,0,-1,855,208,-1,0
0,0,-1,856,208,-1,0
0,0,-1,857,209,-1,0
0,0,-1,858,-1,-1,0
0,0,-1,859,-1,-1,0
0,0,-1,860,210,-1,0
0,0,-1,861,210,-1,0
0,0,-1,862,-1,-1,0
0,0,-1,863,211,-1,0
0,0,-1,864,-1,-1,0
0,0,12,865,212,-1,0
0,0,-1,866,-1,-1,0
0,0,-1,867,-1,-1,0
0,0,-1,868,-1,-1,0
0,0,-1,869,212,-1,0
0,0,-1,870,213,-1,0
0,0,-1,871,213,-1,0
0,0,-1,872,-1,-1,0
0,0,-1,873,213,-1,0
0,0,-1,874,213,-1,0
0,0,-1,875,-1,-1,0
0,0,-1,876,-1,-1,0
0,0,-1,877,-1,-1,0
0,0,-1,878,-1,-1,0
0,0,-1,879,213,-1,0
0,0,-1,880,-1,-1,0
0,0,-1,881,-1,-1,0
0,0,-1,882,-1,-1,0
0,0,-1,883,213,-1,0
0,0,-1,884,-1,-1,0
0,0,-1,885,-1,-1,0
0,0,-1,886,-1,-1,0
0,0,-1,887,-1,-1,0
0,0,-1,888,213,-1,0
0,0,-1,889,-1,-1,0
0,0,-1,890,-1,-1,0
0,0,-1,891,-1,-1,0
0,0,-1,892,-1,-1,0
0,0,-1,893,-1,-1,0
0,0,-1,894,213,-1,0
0,0,-1,895,-1,-1,0
0,0,-1,896,213,-1,0
0,0,-1,897,213,-1,0
0,0,-1,898,-1,-1,0
0,0,-1,899,214,-1,0
0,0,-1,900,215,-1,0
0,0,-1,901,215,-1,0
0,0,-1,902,-1,-1,0
0,0,-1,903,215,-1,0
0,0,-1,904,-1,-1,0
0,0,-1,905,-1,-1,0
0,0,-1,906,215,-1,0
0,0,-1,907,-1,-1,0
0,0,-1,908,216,-1,0
0,0,-1,909,217,-1,0
0,0,-1,910,218,18,0
0,0,-1,911,-1,-1,0
0,0,-1,912,219,-1,0
0,0,-1,913,220,19,0
0,0,-1,914,221,-1,0
0,0,-1,915,221,-1,0
0,0,-1,916,-1,-1,0
0,0,-1,917,-1,-1,0
0,0,-1,918,-1,-1,0
0,0,-1,919,221,-1,0
0,0,-1,920,-1,-1,0
0,0,-1,921,222,-1,0
0,0,-1,922,223,-1,0
0,0,-1,923,223,-1,0
0,0,-1,924,-1,-1,0
0,0,-1,925,223,-1,0
0,0,-1,926,-1,-1,0
0,0,-1,927,-1,-1,0
0,0,-1,928,223,-1,0
0,0,-1,929,-1,-1,0
0,0,-1,930,-1,-1,0
0,0,-1,931,-1,-1,0
0,0,-1,932,223,-1,0
0,0,-1,933,-1,-1,0
0,0,-1,934,224,-1,0
0,0,-1,935,-1,-1,0
0,0,-1,936,-1,-1,0
0,0,-1,937,-1,-1,0
0,0,-1,938,225,-1,0
0,0,-1,939,225,-1,0
0,0,-1,940,-1,-1,0
0,0,-1,941,225,-1,0
0,0,-1,942,-1,-1,0
0,0,-1,943,-1,-1,0
0,0,-1,944,-1,-1,0
0,0,-1,945,225,-1,0
0,0,-1,946,226,-1,0
0,0,-1,947,227,-1,0
0,0,-1,948,-1,-1,0
0,0,-1,949,227,-1,0
0,0,-1,950,-1,-1,0
0,0,-1,951,227,-1,0
0,0,-1,952,-1,-1,0
0,0,-1,953,227,-1,0
0,0,-1,954,-1,-1,0
0,0,-1,955,-1,-1,0
0,0,-1,956,227,-1,0
0,0,-1,957,-1,-1,0
0,0,-1,958,227,-1,0
0,0,-1,959,-1,-1,0
0,0,-1,960,-1,-1,0
0,0,-1,961,228,-1,0
0,0,-1,962,229,-1,0
0,0,-1,963,230,-1,0
0,0,-1,964,230,-1,0
0,0,-1,965,231,-1,0
0,0,-1,966,232,-1,0
0,0,-1,967,233,-1,0
0,0,-1,968,-1,-1,0
0,0,-1,969,234,-1,0
0,0,-1,970,-1,-1,0
0,0,-1,971,-1,-1,0
0,0,-1,972,234,-1,0
0,0,-1,973,235,-1,0
0,0,-1,974,236,-1,0
0,0,13,975,237,-1,0
0,0,-1,976,-1,-1,0
0,0,-1,977,-1,-1,0
0,0,-1,978,-1,-1,0
0,0,-1,979,238,-1,0
0,0,-1,980,-1,-1,0
0,0,-1,981,239,-1,0
0,0,-1,982,-1,-1,0
0,0,-1,983,-1,-1,0
0,0,-1,984,239,-1,0
0,0,-1,985,240,-1,0
0,0,14,986,241,-1,0
0,0,-1,987,-1,-1,0
0,0,-1,988,242,-1,0
0,0,-1,989,-1,-1,0
0,0,-1,990,242,-1,0
0,0,-1,991,-1,-1,0
0,0,-1,992,243,-1,0
0,0,-1,993,-1,-1,0
0,0,-1,994,244,-1,0
0,0,-1,995,244,-1,0
0,0,-1,996,244,-1,0
0,0,-1,997,244,-1,0
0,0,-1,998,244,-1,0
0,0,-1,999,244,-1,0
0,0,-1,1000,244,-1,0
0,0,-1,1001,-1,-1,0
0,0,-1,1002,-1,-1,0
0,0,-1,1003,244,-1,0
0,0,-1,1004,-1,-1,0
0,0,-1,1005,244,-1,0
0,0,-1,1006,244,-1,0
0,0,-1,1007,-1,-1,0
0,0,-1,1008,245,-1,0
0,0,-1,1009,-1,-1,0
0,0,-1,1010,-1,-1,0
0,0,-1,1011,-1,-1,0
0,0,-1,1012,-1,-1,0
0,0,-1,1013,-1,-1,0
0,0,-1,1014,-1,-1,0
0,0,-1,1015,-1,-1,0
0,0,-1,1016,246,-1,0
0,0,-1,1017,-1,-1,0
0,0,-1,1018,246,-1,0
0,0,-1,1019,246,-1,0
0,0,-1,1020,-1,-1,0
0,0,-1,1021,246,-1,0
0,0,-1,1022,246,-1,0
0,0,-1,1023,-1,-1,0
0,0,-1,1024,-1,-1,0
0,0,-1,1025,247,-1,0
0,0,-1,1026,-1,-1,0
0,0,-1,1027,-1,-1,0
0,0,-1,1028,248,-1,0
0,0,-1,1029,-1,-1,0
0,0,-1,1030,-1,-1,0
0,0,-1,1031,249,-1,0
0,0,-1,1032,250,-1,0
0,0,-1,1033,-1,-1,0
0,0,-1,1034,-1,-1,0
0,0,-1,1035,-1,-1,0
0,0,-1,1036,251,-1,0
0,0,-1,1037,252,-1,0
0,0,-1,1038,252,-1,0
0,0,-1,1039,252,-1,0
0,0,-1,1040,-1,-1,0
0,0,-1,1041,-1,-1,0
0,0,-1,1042,-1,-1,0
0,0,-1,1043,253,-1,0
0,0,-1,1044,254,-1,0
0,0,-1,1045,255,-1,0
0,0,-1,1046,256,-1,0
0,0,-1,1047,-1,-1,0
0,0,-1,1048,257,-1,0
0,0,-1,1049,258,-1,0
0,0,-1,1050,259,-1,0
0,0,-1,1051,260,-1,0
0,0,-1,1052,-1,-1,0
0,0,-1,1053,260,-1,0
0,0,-1,1054,261,-1,0
0,0,-1,1055,-1,-1,0
0,0,-1,1056,262,-1,0
0,0,-1,1057,-1,-1,0
0,0,-1,1058,263,-1,0
0,0,-1,1059,264,-1,0
0,0,-1,1060,265,-1,0
0,0,-1,1061,265,-1,0
0,0,-1,1062,-1,-1,0
0,0,-1,1063,-1,-1,0
0,0,-1,1064,265,-1,0
0,0,-1,1065,-1,-1,0
0,0,-1,1066,-1,-1,0
0,0,-1,1067,-1,-1,0
0,0,-1,1068,-1,-1,0
0,0,-1,1069,265,-1,0
0,0,-1,1070,-1,-1,0
0,0,-1,1071,266,-1,0
0,0,-1,1072,-1,-1,0
0,0,-1,1073,267,-1,0
0,0,-1,1074,267,-1,0
0,0,-1,1075,267,-1,0
0,0,-1,1076,-1,-1,0
0,0,-1,1077,268,-1,0
0,0,-1,1078,-1,-1,0
0,0,-1,1079,269,-1,0
0,0,-1,1080,-1,-1,0
0,0,-1,1081,-1,-1,0
0,0,-1,1082,-1,-1,0
0,0,-1,1083,-1,-1,0
0,0,-1,1084,269,-1,0
0,0,-1,1085,269,-1,0
0,0,-1,1086,269,20,0
0,0,-1,1087,-1,-1,0
0,0,-1,1088,-1,-1,0
0,0,-1,1089,-1,-1,0
0,0,-1,1090,-1,-1,0
0,0,-1,1091,-1,-1,0
0,0,-1,1092,-1,-1,0
0,0,-1,1093,-1,-1,0
0,0,-1,1094,-1,-1,0
0,0,-1,1095,-1,-1,0
0,0,-1,1096,-1,-1,0
0,0,-1,1097,-1,-1,0
0,0,-1,1098,269,-1,0
0,0,-1,1099,-1,-1,0
0,0,-1,1100,269,-1,0
0,0,-1,1101,269,-1,0
0,0,-1,1102,-1,-1,0
0,0,-1,1103,270,-1,0
0,0,-1,1104,271,-1,0
0,0,-1,1105,-1,-1,0
0,0,-1,1106,-1,-1,0
0,0,-1,1107,-1,-1,0
0,0,-1,1108,-1,-1,0
0,0,-1,1109,271,-1,0
0,0,-1,1110,-1,-1,0
0,0,-1,1111,272,-1,0
0,0,-1,1112,273,21,0
0,0,-1,1113,-1,-1,0
0,0,-1,1114,-1,-1,0
0,0,-1,1115,-1,-1,0
0,0,-1,1116,274,22,0
0,0,-1,1117,274,-1,0
0,0,-1,1118,275,-1,0
0,0,-1,1119,275,-1,0
0,0,-1,1120,276,-1,0
0,0,-1,1121,277,-1,0
0,0,-1,1122,-1,-1,0
0,0,-1,1123,-1,-1,0
0,0,-1,1124,277,-1,0
0,0,-1,1125,-1,-1,0
0,0,-1,1126,277,-1,0
0,0,-1,1127,-1,-1,0
0,0,-1,1128,277,-1,0
0,0,-1,1129,278,-1,0
0,0,-1,1130,-1,-1,0
0,0,-1,1131,279,-1,0
0,0,-1,1132,279,-1,0
0,0,-1,1133,-1,-1,0
0,0,-1,1134,279,-1,0
0,0,-1,1135,-1,-1,0
0,0,-1,1136,-1,-1,0
0,0,-1,1137,279,-1,0
0,0,-1,1138,-1,-1,0
0,0,-1,1139,-1,-1,0
0,0,-1,1140,280,-1,0
0,0,-1,1141,281,-1,0
0,0,-1,1142,282,-1,0
0,0,-1,1143,283,-1,0
0,0,-1,1144,-1,-1,0
0,0,-1,1145,284,-1,0
0,0,-1,1146,-1,-1,0
0,0,15,1147,284,-1,0
0,0,-1,1148,-1,-1,0
0,0,-1,1149,285,-1,0
0,0,-1,1150,-1,-1,0
0,0,-1,1151,286,-1,0
0,0,-1,1152,-1,-1,0
0,0,-1,1153,-1,-1,0
0,0,-1,1154,-1,-1,0
0,0,-1,1155,-1,-1,0
0,0,-1,1156,-1,-1,0
0,0,-1,1157,-1,-1,0
0,0,-1,1158,-1,-1,0
0,0,-1,1159,-1,-1,0
0,0,-1,1160,287,-1,0
0,0,-1,1161,-1,-1,0
0,0,-1,1162,288,-1,0
0,0,-1,1163,-1,-1,0
0,0,-1,1164,289,-1,0
0,0,-1,1165,290,-1,0
0,0,-1,1166,-1,-1,0
0,0,-1,1167,-1,-1,0
0,0,-1,1168,-1,-1,0
0,0,-1,1169,290,-1,0
0,0,-1,1170,-1,-1,0
0,0,16,1171,291,-1,0
0,0,-1,1172,292,-1,0
0,0,-1,1173,-1,-1,0
0,0,-1,1174,-1,-1,0
0,0,-1,1175,293,-1,0
0,0,-1,1176,294,-1,0
0,0,-1,1177,-1,-1,0
0,0,-1,1178,295,-1,0
0,0,-1,1179,296,-1,0
0,0,-1,1180,-1,-1,0
0,0,-1,1181,-1,-1,0
0,0,-1,1182,-1,-1,0
0,0,-1,1183,296,-1,0
0,0,-1,1184,297,-1,0
0,0,-1,1185,298,-1,0
0,0,-1,1186,298,-1,0
0,0,-1,1187,299,-1,0
0,0,-1,1188,300,-1,0
0,0,-1,1189,-1,-1,0
0,0,-1,1190,-1,-1,0
0,0,-1,1191,300,-1,0
0,0,-1,1192,301,-1,0
0,0,-1,1193,302,-1,0
0,0,-1,1194,302,-1,0
0,0,-1,1195,302,-1,0
0,0,-1,1196,-1,-1,0
0,0,-1,1197,-1,-1,0
0,0,-1,1198,302,-1,0
0,0,-1,1199,-1,-1,0
0,0,-1,1200,303,-1,0
0,0,-1,1201,304,-1,0
0,0,-1,1202,304,-1,0
0,0,-1,1203,304,-1,0
0,0,-1,1204,304,-1,0
0,0,-1,1205,-1,-1,0
0,0,-1,1206,-1,-1,0
0,0,-1,1207,304,-1,0
0,0,-1,1208,-1,-1,0
0,0,-1,1209,305,-1,0
0,0,-1,1210,-1,-1,0
0,0,-1,1211,306,-1,0
0,0,-1,1212,-1,-1,0
0,0,-1,1213,-1,-1,0
0,0,-1,1214,-1,-1,0
0,0,-1,1215,306,-1,0
0,0,-1,1216,306,-1,0
0,0,-1,1217,306,-1,0
0,0,-1,1218,-1,-1,0
0,0,-1,1219,306,-1,0
0,0,-1,1220,-1,-1,0
0,0,-1,1221,307,-1,0
0,0,-1,1222,-1,-1,0
0,0,-1,1223,-1,-1,0
0,0,-1,1224,308,-1,0
0,0,-1,1225,-1,-1,0
0,0,-1,1226,-1,-1,0
0,0,-1,1227,309,-1,0
0,0,-1,1228,310,-1,0
0,0,-1,1229,310,-1,0
0,0,-1,1230,310,-1,0
0,0,-1,1231,-1,-1,0
0,0,-1,1232,310,-1,0
0,0,-1,1233,310,-1,0
0,0,-1,1234,310,-1,0
0,0,-1,1235,-1,-1,0
0,0,-1,1236,-1,-1,0
0,0,-1,1237,311,-1,0
0,0,-1,1238,312,-1,0
0,0,-1,1239,-1,-1,0
0,0,-1,1240,-1,-1,0
0,0,-1,1241,313,-1,0
0,0,-1,1242,-1,-1,0
0,0,-1,1243,314,-1,0
0,0,-1,1244,-1,-1,0
0,0,-1,1245,315,23,0
0,0,-1,1246,-1,-1,0
0,0,-1,1247,-1,-1,0
0,0,-1,1248,316,-1,0
0,0,-1,1249,-1,-1,0
0,0,-1,1250,-1,-1,0
0,0,-1,1251,-1,-1,0
0,0,-1,1252,316,-1,0
0,0,-1,1253,-1,-1,0
0,0,-1,1254,-1,-1,0
0,0,-1,1255,316,-1,0
0,0,-1,1256,316,-1,0
0,0,-1,1257,316,-1,0
0,0,-1,1258,316,-1,0
0,0,-1,1259,316,-1,0
0,0,-1,1260,316,-1,0
0,0,-1,1261,-1,-1,0
0,0,-1,1262,-1,-1,0
0,0,-1,1263,-1,-1,0
0,0,-1,1264,-1,-1,0
0,0,-1,1265,-1,-1,0
0,0,-1,1266,-1,-1,0
0,0,-1,1267,-1,-1,0
0,0,-1,1268,-1,-1,0
0,0,-1,1269,-1,-1,0
0,0,-1,1270,316,-1,0
0,0,-1,1271,-1,-1,0
0,0,-1,1272,316,-1,0
0,0,-1,1273,317,-1,0
0,0,-1,1274,-1,-1,0
0,0,-1,1275,-1,-1,0
0,0,17,1276,318,-1,0
0,0,-1,1277,319,-1,0
0,0,-1,1278,-1,-1,0
0,0,-1,1279,-1,-1,0
0,0,-1,1280,-1,-1,0
0,0,-1,1281,320,-1,0
0,0,-1,1282,320,-1,0
0,0,-1,1283,-1,-1,0
0,0,-1,1284,-1,-1,0
0,0,-1,1285,-1,-1,0
0,0,-1,1286,-1,-1,0
0,0,-1,1287,320,-1,0
0,0,-1,1288,-1,-1,0
0,0,-1,1289,320,-1,0
0,0,-1,1290,-1,-1,0
0,0,-1,1291,320,-1,0
0,0,-1,1292,-1,-1,0
0,0,-1,1293,320,-1,0
0,0,-1,1294,320,-1,0
0,0,-1,1295,320,-1,0
0,0,18,1296,321,-1,0
0,0,-1,1297,322,-1,0
0,0,-1,1298,-1,-1,0
0,0,-1,1299,322,-1,0
0,0,-1,1300,-1,-1,0
0,0,-1,1301,322,-1,0
0,0,-1,1302,322,-1,0
0,0,-1,1303,322,-1,0
0,0,-1,1304,-1,-1,0
0,0,-1,1305,-1,-1,0
0,0,-1,1306,322,-1,0
0,0,-1,1307,322,-1,0
0,0,-1,1308,-1,-1,0
0,0,-1,1309,-1,-1,0
0,0,-1,1310,323,-1,0
0,0,-1,1311,-1,-1,0
0,0,-1,1312,324,-1,0
0,0,-1,1313,-1,-1,0
0,0,-1,1314,-1,-1,0
0,0,-1,1315,-1,-1,0
0,0,-1,1316,-1,-1,0
0,0,-1,1317,324,-1,0
0,0,-1,1318,325,-1,0
0,0,-1,1319,-1,-1,0
0,0,-1,1320,-1,-1,0
0,0,-1,1321,-1,-1,0
0,0,-1,1322,-1,-1,0
0,0,-1,1323,326,-1,0
0,0,-1,1324,326,-1,0
0,0,-1,1325,-1,-1,0
0,0,-1,1326,-1,-1,0
0,0,-1,1327,327,-1,0
0,0,-1,1328,328,-1,0
0,0,-1,1329,-1,-1,0
0,0,-1,1330,-1,-1,0
0,0,-1,1331,329,-1,0
0,0,-1,1332,330,-1,0
0,0,-1,1333,330,-1,0
0,0,-1,1334,-1,-1,0
0,0,-1,1335,330,-1,0
0,0,-1,1336,-1,-1,0
0,0,-1,1337,331,-1,0
0,0,-1,1338,-1,-1,0
0,0,-1,1339,-1,-1,0
0,0,-1,1340,-1,-1,0
0,0,-1,1341,332,-1,0
0,0,-1,1342,333,-1,0
0,0,-1,1343,333,-1,0
0,0,-1,1344,-1,-1,0
0,0,-1,1345,-1,-1,0
0,0,-1,1346,-1,-1,0
0,0,-1,1347,333,-1,0
0,0,-1,1348,-1,-1,0
0,0,-1,1349,-1,-1,0
0,0,-1,1350,-1,-1,0
0,0,-1,1351,-1,-1,0
0,0,-1,1352,334,-1,0
0,0,-1,1353,-1,-1,0
0,0,-1,1354,335,-1,0
0,0,-1,1355,-1,-1,0
0,0,-1,1356,-1,-1,0
0,0,-1,1357,335,-1,0
0,0,-1,1358,335,-1,0
0,0,-1,1359,335,-1,0
0,0,-1,1360,-1,-1,0
0,0,-1,1361,-1,-1,0
0,0,-1,1362,-1,-1,0
0,0,-1,1363,336,-1,0
0,0,-1,1364,-1,-1,0
0,0,-1,1365,-1,-1,0
0,0,-1,1366,-1,-1,0
0,0,-1,1367,337,-1,0
0,0,-1,1368,338,-1,0
0,0,-1,1369,338,-1,0
0,0,-1,1370,339,-1,0
0,0,-1,1371,340,-1,0
0,0,-1,1372,340,-1,0
0,0,-1,1373,340,-1,0
0,0,-1,1374,-1,-1,0
0,0,-1,1375,340,-1,0
0,0,-1,1376,-1,-1,0
0,0,-1,1377,-1,-1,0
0,0,-1,1378,-1,-1,0
0,0,-1,1379,-1,-1,0
0,0,-1,1380,340,-1,0
0,0,-1,1381,341,-1,0
0,0,-1,1382,-1,-1,0
0,0,-1,1383,342,-1,0
0,0,-1,1384,342,-1,0
0,0,-1,1385,-1,-1,0
0,0,-1,1386,343,-1,0
0,0,-1,1387,344,-1,0
0,0,-1,1388,345,-1,0
0,0,-1,1389,345,-1,0
0,0,-1,1390,-1,-1,0
0,0,-1,1391,-1,-1,0
0,0,-1,1392,-1,-1,0
0,0,-1,1393,345,-1,0
0,0,-1,1394,-1,-1,0
0,0,-1,1395,-1,-1,0
0,0,-1,1396,-1,-1,0
0,0,-1,1397,346,-1,0
0,0,-1,1398,-1,-1,0
0,0,-1,1399,346,-1,0
0,0,-1,1400,347,-1,0
0,0,-1,1401,348,-1,0
0,0,-1,1402,-1,-1,0
0,0,-1,1403,348,-1,0
0,0,-1,1404,-1,-1,0
0,0,-1,1405,-1,-1,0
0,0,-1,1406,-1,-1,0
0,0,-1,1407,348,-1,0
0,0,-1,1408,348,-1,0
0,0,-1,1409,349,-1,0
0,0,-1,1410,-1,-1,0
0,0,-1,1411,-1,-1,0
0,0,-1,1412,350,-1,0
0,0,-1,1413,350,-1,0
0,0,-1,1414,-1,-1,0
0,0,-1,1415,-1,-1,0
0,0,-1,1416,350,-1,0
0,0,-1,1417,-1,-1,0
0,0,-1,1418,350,-1,0
0,0,-1,1419,-1,-1,0
0,0,-1,1420,-1,-1,0
0,0,-1,1421,-1,-1,0
0,0,-1,1422,351,-1,0
0,0,-1,1423,352,-1,0
0,0,-1,1424,-1,-1,0
0,0,-1,1425,-1,-1,0
0,0,-1,1426,-1,-1,0
0,0,-1,1427,-1,-1,0
0,0,-1,1428,353,-1,0
0,0,-1,1429,-1,-1,0
0,0,-1,1430,354,-1,0
0,0,-1,1431,-1,-1,0
0,0,-1,1432,354,-1,0
0,0,-1,1433,-1,-1,0
0,0,-1,1434,354,-1,0
0,0,-1,1435,-1,-1,0
0,0,-1,1436,354,-1,0
0,0,-1,1437,354,-1,0
0,0,-1,1438,-1,-1,0
0,0,-1,1439,-1,-1,0
0,0,-1,1440,354,-1,0
0,0,-1,1441,-1,-1,0
0,0,-1,1442,-1,-1,0
0,0,-1,1443,354,-1,0
0,0,-1,1444,-1,-1,0
0,0,-1,1445,-1,-1,0
0,0,-1,1446,355,-1,0
0,0,-1,1447,-1,-1,0
0,0,-1,1448,-1,-1,0
0,0,-1,1449,-1,-1,0
0,0,-1,1450,-1,-1,0
0,0,-1,1451,355,-1,0
0,0,-1,1452,-1,-1,0
0,0,-1,1453,356,-1,0
0,0,-1,1454,356,-1,0
0,0,-1,1455,-1,-1,0
0,0,-1,1456,356,-1,0
0,0,-1,1457,-1,-1,0
0,0,-1,1458,-1,-1,0
0,0,-1,1459,-1,-1,0
0,0,-1,1460,-1,-1,0
0,0,-1,1461,-1,-1,0
0,0,-1,1462,-1,-1,0
0,0,-1,1463,357,-1,0
0,0,-1,1464,-1,-1,0
0,0,-1,1465,357,-1,0
0,0,-1,1466,-1,-1,0
0,0,-1,1467,-1,-1,0
0,0,-1,1468,-1,-1,0
0,0,-1,1469,357,-1,0
0,0,-1,1470,358,-1,0
0,0,-1,1471,-1,-1,0
0,0,-1,1472,358,-1,0
0,0,-1,1473,359,-1,0
0,0,-1,1474,360,-1,0
0,0,-1,1475,-1,-1,0
0,0,-1,1476,-1,-1,0
0,0,-1,1477,360,-1,0
0,0,-1,1478,360,-1,0
0,0,-1,1479,360,-1,0
0,0,-1,1480,-1,-1,0
0,0,-1,1481,360,-1,0
0,0,-1,1482,-1,-1,0
0,0,-1,1483,-1,-1,0
0,0,-1,1484,-1,-1,0
0,0,-1,1485,-1,-1,0
0,0,-1,1486,-1,-1,0
0,0,-1,1487,360,-1,0
0,0,-1,1488,360,-1,0
0,0,-1,1489,360,-1,0
0,0,19,1490,361,-1,0
0,0,-1,1491,362,-1,0
0,0,-1,1492,-1,24,0
0,0,-1,1493,362,-1,0
0,0,-1,1494,-1,-1,0
0,0,-1,1495,362,-1,0
0,0,-1,1496,362,-1,0
0,0,-1,1497,363,-1,0
0,0,-1,1498,-1,-1,0
0,0,-1,1499,363,-1,0
0,0,-1,1500,-1,-1,0
0,0,-1,1501,364,-1,0
0,0,-1,1502,-1,-1,0
0,0,-1,1503,364,-1,0
0,0,-1,1504,-1,-1,0
0,0,-1,1505,-1,-1,0
0,0,-1,1506,-1,-1,0
0,0,-1,1507,364,-1,0
0,0,-1,1508,-1,-1,0
0,0,-1,1509,365,-1,0
0,0,-1,1510,-1,-1,0
0,0,-1,1511,-1,-1,0
0,0,-1,1512,366,-1,0
0,0,-1,1513,-1,-1,0
0,0,-1,1514,-1,-1,0
0,0,-1,1515,-1,-1,0
0,0,-1,1516,-1,-1,0
0,0,-1,1517,367,-1,0
0,0,-1,1518,-1,-1,0
0,0,-1,1519,-1,-1,0
0,0,-1,1520,368,-1,0
0,0,-1,1521,369,-1,0
0,0,-1,1522,370,-1,0
0,0,-1,1523,371,-1,0
0,0,-1,1524,372,-1,0
0,0,-1,1525,-1,-1,0
0,0,-1,1526,-1,-1,0
0,0,-1,1527,-1,-1,0
0,0,-1,1528,372,-1,0
0,0,-1,1529,-1,-1,0
0,0,-1,1530,372,-1,0
0,0,-1,1531,372,-1,0
0,0,-1,1532,-1,-1,0
0,0,-1,1533,-1,-1,0
0,0,-1,1534,-1,-1,0
0,0,-1,1535,-1,-1,0
0,0,-1,1536,373,-1,0
0,0,-1,1537,-1,-1,0
0,0,-1,1538,374,-1,0
0,0,-1,1539,-1,-1,0
0,0,-1,1540,-1,-1,0
0,0,-1,1541,-1,-1,0
0,0,-1,1542,374,-1,0
0,0,-1,1543,374,-1,0
0,0,-1,1544,-1,-1,0
0,0,-1,1545,-1,-1,0
0,0,-1,1546,-1,-1,0
0,0,-1,1547,374,-1,0
0,0,-1,1548,-1,-1,0
0,0,-1,1549,374,-1,0
0,0,-1,1550,-1,-1,0
0,0,-1,1551,375,-1,0
0,0,-1,1552,376,-1,0
0,0,-1,1553,377,-1,0
0,0,-1,1554,-1,-1,0
0,0,-1,1555,377,-1,0
0,0,-1,1556,378,-1,0
0,0,-1,1557,379,-1,0
0,0,-1,1558,-1,-1,0
0,0,-1,1559,-1,-1,0
0,0,-1,1560,-1,-1,0
0,0,-1,1561,-1,-1,0
0,0,-1,1562,-1,-1,0
0,0,-1,1563,379,-1,0
0,0,-1,1564,-1,-1,0
0,0,-1,1565,380,-1,0
0,0,-1,1566,381,-1,0
0,0,-1,1567,-1,-1,0
0,0,-1,1568,382,-1,0
0,0,-1,1569,-1,-1,0
0,0,-1,1570,383,-1,0
0,0,-1,1571,-1,-1,0
0,0,-1,1572,-1,-1,0
0,0,-1,1573,-1,-1,0
0,0,-1,1574,-1,-1,0
0,0,-1,1575,-1,-1,0
0,0,-1,1576,-1,-1,0
0,0,-1,1577,-1,-1,0
0,0,-1,1578,383,-1,0
0,0,-1,1579,-1,-1,0
0,0,-1,1580,-1,-1,0
0,0,-1,1581,383,-1,0
0,0,-1,1582,-1,-1,0
0,0,-1,1583,-1,-1,0
0,0,-1,1584,-1,-1,0
0,0,-1,1585,-1,-1,0
0,0,-1,1586,383,-1,0
0,0,-1,1587,383,-1,0
0,0,-1,1588,383,-1,0
0,0,-1,1589,384,-1,0
0,0,-1,1590,385,-1,0
0,0,-1,1591,385,-1,0
0,0,-1,1592,-1,-1,0
0,0,-1,1593,385,-1,0
0,0,-1,1594,385,-1,0
0,0,-1,1595,-1,-1,0
0,0,-1,1596,385,-1,0
0,0,-1,1597,386,-1,0
0,0,-1,1598,-1,-1,0
0,0,-1,1599,387,-1,0
0,0,-1,1600,-1,-1,0
0,0,-1,1601,387,-1,0
0,0,-1,1602,388,-1,0
0,0,-1,1603,-1,-1,0
0,0,-1,1604,389,-1,0
0,0,-1,1605,389,-1,0
0,0,-1,1606,389,-1,0
0,0,-1,1607,-1,-1,0
0,0,-1,1608,389,-1,0
0,0,-1,1609,389,-1,0
0,0,-1,1610,-1,-1,0
0,0,-1,1611,-1,-1,0
0,0,-1,1612,-1,-1,0
0,0,-1,1613,389,-1,0
0,0,-1,1614,-1,-1,0
0,0,-1,1615,389,-1,0
0,0,-1,1616,-1,-1,0
0,0,-1,1617,-1,-1,0
0,0,-1,1618,-1,-1,0
0,0,-1,1619,390,-1,0
0,0,-1,1620,-1,-1,0
0,0,-1,1621,-1,-1,0
0,0,-1,1622,-1,-1,0
0,0,-1,1623,391,-1,0
0,0,-1,1624,-1,-1,0
0,0,-1,1625,-1,-1,0
0,0,-1,1626,-1,-1,0
0,0,-1,1627,392,-1,0
0,0,-1,1628,-1,-1,0
0,0,-1,1629,392,-1,0
0,0,-1,1630,-1,-1,0
0,0,-1,1631,392,-1,0
0,0,-1,1632,-1,-1,0
0,0,-1,1633,392,-1,0
0,0,-1,1634,392,-1,0
0,0,-1,1635,-1,-1,0
0,0,-1,1636,-1,-1,0
0,0,-1,1637,392,-1,0
0,0,-1,1638,-1,-1,0
0,0,-1,1639,392,-1,0
0,0,-1,1640,392,-1,0
0,0,-1,1641,393,-1,0
0,0,20,1642,394,-1,0
0,0,-1,1643,-1,-1,0
0,0,-1,1644,395,-1,0
0,0,-1,1645,-1,-1,0
0,0,-1,1646,-1,-1,0
0,0,-1,1647,395,-1,0
0,0,-1,1648,396,-1,0
0,0,-1,1649,397,-1,0
0,0,-1,1650,397,-1,0
0,0,-1,1651,397,-1,0
0,0,-1,1652,-1,-1,0
0,0,-1,1653,-1,-1,0
0,0,-1,1654,-1,-1,0
0,0,-1,1655,-1,-1,0
0,0,-1,1656,-1,-1,0
0,0,-1,1657,397,-1,0
0,0,-1,1658,398,-1,0
0,0,-1,1659,399,-1,0
0,0,-1,1660,-1,-1,0
0,0,-1,1661,400,-1,0
0,0,-1,1662,-1,-1,0
0,0,-1,1663,401,-1,0
0,0,-1,1664,-1,-1,0
0,0,-1,1665,402,-1,0
0,0,-1,1666,402,-1,0
0,0,-1,1667,403,-1,0
0,0,-1,1668,404,-1,0
0,0,-1,1669,-1,-1,0
0,0,-1,1670,405,-1,0
0,0,-1,1671,405,-1,0
0,0,-1,1672,405,-1,0
0,0,-1,1673,-1,-1,0
0,0,-1,1674,-1,-1,0
0,0,-1,1675,-1,-1,0
0,0,-1,1676,405,-1,0
0,0,-1,1677,405,-1,0
0,0,-1,1678,-1,-1,0
0,0,-1,1679,-1,-1,0
0,0,-1,1680,-1,-1,0
0,0,-1,1681,405,-1,0
0,0,-1,1682,-1,-1,0
0,0,-1,1683,405,-1,0
0,0,-1,1684,-1,-1,0
0,0,-1,1685,405,-1,0
0,0,-1,1686,-1,-1,0
0,0,-1,1687,-1,-1,0
0,0,-1,1688,-1,-1,0
0,0,-1,1689,-1,-1,0
0,0,-1,1690,-1,-1,0
0,0,-1,1691,-1,-1,0
0,0,-1,1692,405,-1,0
0,0,-1,1693,405,-1,0
0,0,-1,1694,405,-1,0
0,0,-1,1695,-1,-1,0
0,0,-1,1696,405,-1,0
0,0,-1,1697,405,-1,0
0,0,-1,1698,405,-1,0
0,0,-1,1699,-1,-1,0
0,0,-1,1700,405,-1,0
0,0,-1,1701,406,-1,0
0,0,-1,1702,407,-1,0
0,0,-1,1703,407,-1,0
0,0,-1,1704,-1,-1,0
0,0,-1,1705,408,-1,0
0,0,-1,1706,-1,-1,0
0,0,-1,1707,409,-1,0
0,0,-1,1708,-1,-1,0
0,0,-1,1709,-1,-1,0
0,0,-1,1710,409,-1,0
0,0,-1,1711,-1,-1,0
0,0,-1,1712,410,-1,0
0,0,-1,1713,411,-1,0
0,0,-1,1714,-1,-1,0
0,0,-1,1715,412,-1,0
0,0,-1,1716,-1,-1,0
0,0,-1,1717,412,-1,0
0,0,-1,1718,412,-1,0
0,0,-1,1719,-1,-1,0
0,0,-1,1720,-1,-1,0
0,0,-1,1721,413,-1,0
0,0,-1,1722,-1,-1,0
0,0,-1,1723,-1,-1,0
0,0,-1,1724,-1,-1,0
0,0,-1,1725,-1,-1,0
0,0,-1,1726,-1,-1,0
0,0,-1,1727,414,-1,0
0,0,-1,1728,414,-1,0
0,0,-1,1729,415,-1,0
0,0,-1,1730,416,-1,0
0,0,-1,1731,-1,-1,0
0,0,-1,1732,-1,-1,0
0,0,-1,1733,416,-1,0
0,0,-1,1734,416,-1,0
0,0,-1,1735,416,-1,0
0,0,-1,1736,416,-1,0
0,0,-1,1737,-1,-1,0
0,0,-1,1738,-1,-1,0
0,0,-1,1739,416,-1,0
0,0,-1,1740,-1,-1,0
0,0,-1,1741,-1,-1,0
0,0,-1,1742,-1,-1,0
0,0,-1,1743,-1,-1,0
0,0,-1,1744,-1,-1,0
0,0,-1,1745,-1,-1,0
0,0,-1,1746,-1,-1,0
0,0,-1,1747,-1,-1,0
0,0,-1,1748,416,-1,0
0,0,-1,1749,416,-1,0
0,0,-1,1750,417,-1,0
0,0,-1,1751,418,-1,0
0,0,-1,1752,-1,-1,0
0,0,-1,1753,418,-1,0
0,0,-1,1754,-1,-1,0
0,0,-1,1755,-1,-1,0
0,0,-1,1756,418,-1,0
0,0,-1,1757,-1,-1,0
0,0,-1,1758,-1,-1,0
0,0,-1,1759,418,-1,0
0,0,-1,1760,-1,-1,0
0,0,-1,1761,-1,-1,0
0,0,-1,1762,-1,-1,0
0,0,-1,1763,418,-1,0
0,0,-1,1764,418,-1,0
0,0,-1,1765,-1,-1,0
0,0,-1,1766,419,-1,0
0,0,-1,1767,420,-1,0
0,0,-1,1768,-1,-1,0
0,0,-1,1769,420,-1,0
0,0,-1,1770,420,-1,0
0,0,-1,1771,421,-1,0
0,0,-1,1772,-1,-1,0
0,0,-1,1773,422,-1,0
0,0,-1,1774,-1,-1,0
0,0,-1,1775,-1,-1,0
0,0,-1,1776,-1,-1,0
0,0,-1,1777,422,-1,0
0,0,-1,1778,422,-1,0
0,0,-1,1779,-1,-1,0
0,0,-1,1780,422,-1,0
0,0,-1,1781,-1,-1,0
0,0,-1,1782,-1,-1,0
0,0,-1,1783,423,-1,0
0,0,21,1784,423,-1,0
0,0,-1,1785,424,-1,0
0,0,-1,1786,425,-1,0
0,0,-1,1787,-1,-1,0
0,0,-1,1788,425,-1,0
0,0,-1,1789,-1,-1,0
0,0,-1,1790,426,-1,0
0,0,-1,1791,426,-1,0
0,0,-1,1792,426,-1,0
0,0,-1,1793,-1,-1,0
0,0,-1,1794,427,-1,0
0,0,-1,1795,-1,-1,0
0,0,-1,1796,428,-1,0
0,0,-1,1797,-1,-1,0
0,0,-1,1798,-1,-1,0
0,0,-1,1799,-1,-1,0
0,0,-1,1800,428,-1,0
0,0,-1,1801,-1,-1,0
0,0,-1,1802,-1,-1,0
0,0,-1,1803,428,-1,0
0,0,-1,1804,428,-1,0
0,0,-1,1805,-1,-1,0
0,0,-1,1806,-1,-1,0
0,0,-1,1807,-1,-1,0
0,0,-1,1808,428,-1,0
0,0,-1,1809,-1,-1,0
0,0,-1,1810,429,-1,0
0,0,-1,1811,430,-1,0
0,0,-1,1812,-1,-1,0
0,0,-1,1813,-1,-1,0
0,0,-1,1814,431,-1,0
0,0,-1,1815,-1,-1,0
0,0,-1,1816,432,-1,0
0,0,-1,1817,433,-1,0
0,0,-1,1818,433,-1,0
0,0,-1,1819,433,-1,0
0,0,-1,1820,434,-1,0
0,0,-1,1821,435,-1,0
0,0,-1,1822,-1,-1,0
0,0,-1,1823,-1,-1,0
0,0,-1,1824,-1,-1,0
0,0,-1,1825,436,-1,0
0,0,-1,1826,437,-1,0
0,0,-1,1827,438,-1,0
0,0,-1,1828,-1,-1,0
0,0,-1,1829,439,-1,0
0,0,-1,1830,439,-1,0
0,0,-1,1831,-1,-1,0
0,0,-1,1832,-1,-1,0
0,0,-1,1833,-1,-1,0
0,0,-1,1834,-1,-1,0
0,0,-1,1835,439,-1,0
0,0,-1,1836,-1,-1,0
0,0,-1,1837,439,-1,0
0,0,-1,1838,439,-1,0
0,0,-1,1839,-1,-1,0
0,0,-1,1840,440,-1,0
0,0,-1,1841,441,-1,0
0,0,-1,1842,-1,-1,0
0,0,-1,1843,442,-1,0
0,0,-1,1844,442,-1,0
0,0,-1,1845,-1,-1,0
0,0,-1,1846,442,-1,0
0,0,-1,1847,442,-1,0
0,0,-1,1848,442,-1,0
0,0,-1,1849,-1,-1,0
0,0,-1,1850,-1,-1,0
0,0,-1,1851,-1,-1,0
0,0,-1,1852,442,-1,0
0,0,-1,1853,442,-1,0
0,0,-1,1854,-1,-1,0
0,0,-1,1855,443,25,0
0,0,-1,1856,444,-1,0
0,0,-1,1857,444,-1,0
0,0,-1,1858,-1,-1,0
0,0,-1,1859,-1,-1,0
0,0,-1,1860,444,-1,0
0,0,-1,1861,-1,-1,0
0,0,-1,1862,-1,-1,0
0,0,-1,1863,-1,-1,0
0,0,-1,1864,-1,-1,0
0,0,-1,1865,444,-1,0
0,0,-1,1866,445,-1,0
0,0,-1,1867,-1,-1,0
0,0,-1,1868,-1,-1,0
0,0,-1,1869,-1,-1,0
0,0,22,1870,446,-1,0
0,0,-1,1871,-1,-1,0
0,0,-1,1872,-1,-1,0
0,0,-1,1873,-1,-1,0
0,0,-1,1874,-1,-1,0
0,0,-1,1875,447,-1,0
0,0,-1,1876,448,-1,0
0,0,-1,1877,-1,-1,0
0,0,-1,1878,-1,-1,0
0,0,-1,1879,449,-1,0
0,0,-1,1880,450,26,0
0,0,-1,1881,-1,-1,0
0,0,-1,1882,-1,-1,0
0,0,-1,1883,-1,-1,0
0,0,-1,1884,-1,-1,0
0,0,-1,1885,-1,-1,0
0,0,23,1886,451,-1,0
0,0,-1,1887,452,-1,0
0,0,-1,1888,-1,-1,0
0,0,24,1889,453,-1,0
0,0,-1,1890,454,-1,0
0,0,-1,1891,-1,-1,0
0,0,-1,1892,454,-1,0
0,0,-1,1893,-1,-1,0
0,0,-1,1894,-1,-1,0
0,0,-1,1895,-1,-1,0
0,0,-1,1896,454,-1,0
0,0,-1,1897,455,-1,0
0,0,-1,1898,-1,-1,0
0,0,-1,1899,-1,-1,0
0,0,-1,1900,456,-1,0
0,0,-1,1901,456,-1,0
0,0,-1,1902,-1,-1,0
0,0,-1,1903,457,-1,0
0,0,-1,1904,458,-1,0
0,0,-1,1905,-1,-1,0
0,0,-1,1906,-1,-1,0
0,0,-1,1907,458,-1,0
0,0,-1,1908,459,-1,0
0,0,-1,1909,460,-1,0
0,0,-1,1910,461,-1,0
0,0,-1,1911,461,-1,0
0,0,-1,1912,-1,-1,0
0,0,-1,1913,-1,-1,0
0,0,-1,1914,461,-1,0
0,0,-1,1915,461,-1,0
0,0,-1,1916,461,-1,0
0,0,-1,1917,-1,-1,0
0,0,-1,1918,461,-1,0
0,0,-1,1919,462,-1,0
0,0,-1,1920,463,-1,0
0,0,-1,1921,-1,-1,0
0,0,-1,1922,463,-1,0
0,0,-1,1923,-1,-1,0
0,0,-1,1924,-1,-1,0
0,0,-1,1925,-1,-1,0
0,0,-1,1926,-1,-1,0
0,0,-1,1927,-1,-1,0
0,0,-1,1928,-1,-1,0
0,0,-1,1929,463,-1,0
0,0,-1,1930,-1,-1,0
0,0,-1,1931,464,-1,0
0,0,-1,1932,-1,-1,0
0,0,-1,1933,465,-1,0
0,0,-1,1934,-1,-1,0
0,0,-1,1935,-1,-1,0
0,0,-1,1936,466,-1,0
0,0,-1,1937,-1,-1,0
0,0,-1,1938,-1,-1,0
0,0,-1,1939,467,-1,0
0,0,-1,1940,467,-1,0
0,0,-1,1941,467,-1,0
0,0,-1,1942,-1,-1,0
0,0,-1,1943,-1,-1,0
0,0,-1,1944,468,-1,0
0,0,-1,1945,-1,-1,0
0,0,-1,1946,469,-1,0
0,0,-1,1947,-1,-1,0
0,0,-1,1948,470,-1,0
0,0,-1,1949,-1,-1,0
0,0,-1,1950,471,-1,0
0,0,-1,1951,471,-1,0
0,0,-1,1952,-1,-1,0
0,0,-1,1953,-1,-1,0
0,0,-1,1954,472,-1,0
0,0,-1,1955,-1,-1,0
0,0,-1,1956,-1,-1,0
0,0,-1,1957,473,-1,0
0,0,-1,1958,473,-1,0
0,0,-1,1959,473,-1,0
0,0,-1,1960,473,-1,0
0,0,-1,1961,-1,-1,0
0,0,-1,1962,-1,-1,0
0,0,-1,1963,-1,-1,0
0,0,-1,1964,473,-1,0
0,0,-1,1965,474,-1,0
0,0,-1,1966,475,-1,0
0,0,-1,1967,-1,-1,0
0,0,-1,1968,476,-1,0
0,0,-1,1969,-1,-1,0
0,0,-1,1970,477,-1,0
0,0,-1,1971,-1,-1,0
0,0,-1,1972,-1,-1,0
0,0,-1,1973,-1,-1,0
0,0,-1,1974,478,-1,0
0,0,-1,1975,-1,-1,0
0,0,-1,1976,478,-1,0
0,0,-1,1977,-1,-1,0
0,0,-1,1978,-1,-1,0
0,0,-1,1979,-1,-1,0
0,0,-1,1980,479,-1,0
0,0,-1,1981,-1,-1,0
0,0,-1,1982,480,-1,0
0,0,-1,1983,-1,-1,0
0,0,-1,1984,481,-1,0
0,0,-1,1985,482,-1,0
0,0,-1,1986,482,-1,0
0,0,-1,1987,-1,-1,0
0,0,-1,1988,-1,-1,0
0,0,-1,1989,-1,-1,0
0,0,-1,1990,-1,-1,0
0,0,-1,1991,482,-1,0
0,0,-1,1992,482,-1,0
0,0,-1,1993,483,-1,0
0,0,-1,1994,484,-1,0
0,0,-1,1995,-1,-1,0
0,0,-1,1996,485,-1,0
0,0,-1,1997,-1,-1,0
0,0,-1,1998,-1,-1,0
0,0,-1,1999,-1,27,0
0,0,-1,2000,486,28,0
0,0,-1,2001,487,-1,0
0,0,-1,2002,487,-1,0
0,0,25,2003,488,-1,0
0,0,-1,2004,-1,-1,0
0,0,-1,2005,-1,-1,0
0,0,-1,2006,-1,-1,0
0,0,-1,2007,489,-1,0
0,0,-1,2008,-1,-1,0
0,0,-1,2009,489,-1,0
0,0,-1,2010,489,-1,0
0,0,-1,2011,-1,-1,0
0,0,-1,2012,-1,-1,0
0,0,-1,2013,-1,-1,0
0,0,-1,2014,-1,-1,0
0,0,-1,2015,-1,-1,0
0,0,-1,2016,489,-1,0
0,0,-1,2017,489,-1,0
0,0,-1,2018,-1,-1,0
0,0,-1,2019,-1,-1,0
0,0,-1,2020,489,-1,0
0,0,-1,2021,489,-1,0
0,0,-1,2022,489,-1,0
0,0,-1,2023,-1,-1,0
0,0,-1,2024,490,-1,0
0,0,-1,2025,491,-1,0
0,0,-1,2026,492,-1,0
0,0,-1,2027,493,-1,0
0,0,-1,2028,494,-1,0
0,0,-1,2029,-1,-1,0
0,0,-1,2030,494,-1,0
0,0,-1,2031,-1,-1,0
0,0,-1,2032,-1,-1,0
0,0,-1,2033,495,-1,0
0,0,-1,2034,-1,-1,0
0,0,-1,2035,496,-1,0
0,0,-1,2036,-1,-1,0
0,0,-1,2037,497,-1,0
0,0,-1,2038,-1,-1,0
0,0,-1,2039,498,-1,0
0,0,-1,2040,499,-1,0
0,0,26,2041,499,-1,0
0,0,-1,2042,499,-1,0
0,0,-1,2043,500,-1,0
0,0,-1,2044,-1,-1,0
0,0,-1,2045,-1,-1,0
0,0,-1,2046,-1,-1,0
0,0,-1,2047,-1,-1,0
0,0,-1,2048,500,-1,0
0,0,-1,2049,500,-1,0
0,0,-1,2050,-1,-1,0
0,0,-1,2051,501,-1,0
0,0,-1,2052,502,-1,0
0,0,-1,2053,-1,-1,0
0,0,-1,2054,503,-1,0
0,0,-1,2055,503,-1,0
0,0,-1,2056,503,-1,0
0,0,-1,2057,-1,-1,0
0,0,-1,2058,503,-1,0
0,0,-1,2059,503,-1,0
0,0,-1,2060,-1,-1,0
0,0,-1,2061,503,-1,0
0,0,-1,2062,503,-1,0
0,0,27,2063,504,-1,0
0,0,-1,2064,505,-1,0
0,0,-1,2065,505,-1,0
0,0,-1,2066,-1,-1,0
0,0,-1,2067,506,29,0
0,0,-1,2068,-1,-1,0
0,0,-1,2069,-1,-1,0
0,0,-1,2070,506,-1,0
0,0,-1,2071,-1,-1,0
0,0,-1,2072,-1,-1,0
0,0,-1,2073,-1,-1,0
0,0,-1,2074,507,-1,0
0,0,-1,2075,507,-1,0
0,0,-1,2076,-1,-1,0
0,0,-1,2077,-1,-1,0
0,0,-1,2078,507,-1,0
0,0,-1,2079,-1,-1,0
0,0,-1,2080,-1,-1,0
0,0,-1,2081,-1,-1,0
0,0,-1,2082,508,-1,0
0,0,-1,2083,509,-1,0
0,0,-1,2084,-1,-1,0
0,0,-1,2085,-1,-1,0
0,0,-1,2086,509,-1,0
0,0,-1,2087,-1,-1,0
0,0,-1,2088,509,-1,0
0,0,-1,2089,-1,-1,0
0,0,-1,2090,-1,-1,0
0,0,28,2091,510,-1,0
0,0,-1,2092,-1,-1,0
0,0,-1,2093,-1,-1,0
0,0,-1,2094,-1,-1,0
0,0,-1,2095,511,-1,0
0,0,-1,2096,-1,-1,0
0,0,-1,2097,512,-1,0
0,0,-1,2098,-1,-1,0
0,0,-1,2099,-1,-1,0
0,0,-1,2100,513,-1,0
0,0,-1,2101,-1,-1,0
0,0,-1,2102,514,-1,0
0,0,-1,2103,514,-1,0
0,0,-1,2104,514,-1,0
0,0,-1,2105,-1,-1,0
0,0,29,2106,515,-1,0
0,0,-1,2107,516,-1,0
0,0,-1,2108,-1,-1,0
0,0,-1,2109,-1,-1,0
0,0,-1,2110,-1,-1,0
0,0,-1,2111,516,-1,0
0,0,-1,2112,-1,-1,0
0,0,-1,2113,-1,-1,0
0,0,-1,2114,-1,-1,0
0,0,-1,2115,516,-1,0
0,0,-1,2116,516,-1,0
0,0,-1,2117,-1,-1,0
0,0,-1,2118,-1,-1,0
0,0,-1,2119,-1,-1,0
0,0,-1,2120,-1,-1,0
0,0,-1,2121,-1,-1,0
0,0,-1,2122,-1,-1,0
0,0,-1,2123,-1,-1,0
0,0,-1,2124,517,30,0
0,0,-1,2125,518,-1,0
0,0,-1,2126,-1,-1,0
0,0,-1,2127,-1,-1,0
0,0,-1,2128,519,-1,0
0,0,-1,2129,-1,-1,0
0,0,-1,2130,520,-1,0
0,0,-1,2131,521,-1,0
0,0,-1,2132,522,-1,0
0,0,-1,2133,-1,-1,0
0,0,-1,2134,523,-1,0
0,0,-1,2135,524,-1,0
0,0,-1,2136,525,-1,0
0,0,-1,2137,-1,-1,0
0,0,-1,2138,526,-1,0
0,0,-1,2139,-1,-1,0
0,0,-1,2140,526,-1,0
0,0,-1,2141,526,-1,0
0,0,-1,2142,526,-1,0
0,0,-1,2143,526,-1,0
0,0,-1,2144,-1,-1,0
0,0,-1,2145,-1,-1,0
0,0,-1,2146,-1,-1,0
0,0,-1,2147,-1,-1,0
0,0,-1,2148,-1,-1,0
0,0,-1,2149,526,-1,0
0,0,-1,2150,526,-1,0
0,0,-1,2151,526,-1,0
0,0,-1,2152,526,-1,0
0,0,-1,2153,527,-1,0
0,0,-1,2154,528,-1,0
0,0,-1,2155,-1,-1,0
0,0,-1,2156,529,-1,0
0,0,30,2157,530,-1,0
0,0,-1,2158,-1,-1,0
0,0,-1,2159,531,-1,0
0,0,-1,2160,-1,-1,0
0,0,-1,2161,-1,-1,0
0,0,-1,2162,-1,-1,0
0,0,-1,2163,-1,-1,0
0,0,-1,2164,-1,-1,0
0,0,-1,2165,531,-1,0
0,0,-1,2166,531,-1,0
0,0,-1,2167,532,-1,0
0,0,-1,2168,-1,-1,0
0,0,-1,2169,-1,-1,0
0,0,-1,2170,-1,-1,0
0,0,-1,2171,533,-1,0
0,0,-1,2172,-1,-1,0
0,0,-1,2173,-1,-1,0
0,0,-1,2174,-1,-1,0
0,0,-1,2175,-1,-1,0
0,0,-1,2176,533,-1,0
0,0,-1,2177,-1,-1,0
0,0,-1,2178,534,-1,0
0,0,-1,2179,535,-1,0
0,0,-1,2180,536,-1,0
0,0,-1,2181,-1,-1,0
0,0,-1,2182,-1,-1,0
0,0,-1,2183,-1,-1,0
0,0,-1,2184,537,-1,0
0,0,-1,2185,537,-1,0
0,0,-1,2186,537,-1,0
0,0,-1,2187,538,-1,0
0,0,-1,2188,-1,-1,0
0,0,-1,2189,-1,-1,0
0,0,-1,2190,-1,-1,0
0,0,-1,2191,-1,-1,0
0,0,-1,2192,539,-1,0
0,0,-1,2193,540,-1,0
0,0,-1,2194,540,-1,0
0,0,-1,2195,-1,-1,0
0,0,-1,2196,-1,-1,0
0,0,-1,2197,-1,-1,0
0,0,-1,2198,-1,-1,0
0,0,-1,2199,541,-1,0
0,0,-1,2200,-1,-1,0
0,0,-1,2201,541,-1,0
0,0,-1,2202,-1,-1,0
0,0,-1,2203,-1,-1,0
0,0,-1,2204,-1,-1,0
0,0,-1,2205,-1,-1,0
0,0,-1,2206,-1,-1,0
0,0,-1,2207,542,-1,0
0,0,-1,2208,-1,-1,0
0,0,-1,2209,-1,-1,0
0,0,-1,2210,-1,-1,0
0,0,-1,2211,-1,-1,0
0,0,-1,2212,542,-1,0
0,0,-1,2213,543,-1,0
0,0,-1,2214,544,-1,0
0,0,-1,2215,544,-1,0
0,0,-1,2216,545,-1,0
0,0,-1,2217,-1,-1,0
0,0,-1,2218,-1,-1,0
0,0,-1,2219,-1,-1,0
0,0,-1,2220,-1,-1,0
0,0,-1,2221,546,-1,0
0,0,-1,2222,-1,-1,0
0,0,-1,2223,546,-1,0
0,0,-1,2224,546,-1,0
0,0,-1,2225,-1,-1,0
0,0,-1,2226,546,-1,0
0,0,-1,2227,546,-1,0
0,0,-1,2228,547,-1,0
0,0,-1,2229,548,-1,0
0,0,-1,2230,549,-1,0
0,0,-1,2231,550,-1,0
0,0,-1,2232,550,-1,0
0,0,-1,2233,551,-1,0
0,0,-1,2234,552,-1,0
0,0,-1,2235,552,-1,0
0,0,-1,2236,-1,-1,0
0,0,-1,2237,552,-1,0
0,0,-1,2238,-1,-1,0
0,0,-1,2239,553,-1,0
0,0,-1,2240,-1,-1,0
0,0,-1,2241,-1,-1,0
0,0,-1,2242,-1,-1,0
0,0,-1,2243,-1,-1,0
0,0,-1,2244,554,-1,0
0,0,-1,2245,-1,-1,0
0,0,-1,2246,554,-1,0
0,0,-1,2247,-1,-1,0
0,0,-1,2248,-1,-1,0
0,0,-1,2249,-1,-1,0
0,0,-1,2250,-1,-1,0
0,0,-1,2251,555,-1,0
0,0,-1,2252,556,-1,0
0,0,-1,2253,-1,-1,0
0,0,-1,2254,557,-1,0
0,0,-1,2255,558,-1,0
0,0,-1,2256,-1,-1,0
0,0,-1,2257,-1,-1,0
0,0,-1,2258,-1,31,0
0,0,-1,2259,559,-1,0
0,0,-1,2260,559,-1,0
0,0,-1,2261,560,-1,0
0,0,-1,2262,561,-1,0
0,0,-1,2263,561,-1,0
0,0,-1,2264,-1,-1,0
0,0,-1,2265,-1,-1,0
0,0,-1,2266,-1,-1,0
0,0,-1,2267,-1,-1,0
0,0,-1,2268,-1,-1,0
0,0,-1,2269,-1,-1,0
0,0,-1,2270,561,-1,0
0,0,-1,2271,562,-1,0
0,0,-1,2272,-1,-1,0
0,0,-1,2273,563,-1,0
0,0,-1,2274,-1,-1,0
0,0,-1,2275,563,-1,0
0,0,-1,2276,563,-1,0
0,0,-1,2277,563,-1,0
0,0,-1,2278,563,-1,0
0,0,-1,2279,-1,-1,0
0,0,-1,2280,564,-1,0
0,0,-1,2281,565,-1,0
0,0,-1,2282,-1,-1,0
0,0,-1,2283,-1,-1,0
0,0,-1,2284,565,-1,0
0,0,-1,2285,-1,-1,0
0,0,-1,2286,565,-1,0
0,0,-1,2287,566,-1,0
0,0,-1,2288,-1,-1,0
0,0,-1,2289,-1,-1,0
0,0,-1,2290,567,-1,0
0,0,-1,2291,-1,-1,0
0,0,-1,2292,-1,-1,0
0,0,-1,2293,568,-1,0
0,0,-1,2294,569,-1,0
0,0,-1,2295,-1,-1,0
0,0,-1,2296,-1,-1,0
0,0,31,2297,570,-1,0
0,0,-1,2298,-1,-1,0
0,0,-1,2299,-1,-1,0
0,0,-1,2300,571,-1,0
0,0,-1,2301,572,-1,0
0,0,-1,2302,573,-1,0
0,0,-1,2303,-1,-1,0
0,0,-1,2304,-1,-1,0
0,0,-1,2305,-1,-1,0
0,0,-1,2306,-1,-1,0
0,0,-1,2307,-1,-1,0
0,0,-1,2308,573,-1,0
0,0,-1,2309,-1,-1,0
0,0,-1,2310,573,-1,0
0,0,-1,2311,-1,-1,0
0,0,-1,2312,574,-1,0
0,0,-1,2313,-1,-1,0
0,0,-1,2314,575,-1,0
0,0,-1,2315,-1,-1,0
0,0,-1,2316,575,-1,0
0,0,-1,2317,575,-1,0
0,0,-1,2318,-1,-1,0
0,0,-1,2319,-1,-1,0
0,0,-1,2320,575,-1,0
0,0,32,2321,576,-1,0
0,0,-1,2322,-1,-1,0
0,0,-1,2323,-1,-1,0
0,0,-1,2324,-1,-1,0
0,0,-1,2325,577,-1,0
0,0,-1,2326,-1,-1,0
0,0,-1,2327,577,-1,0
0,0,-1,2328,577,-1,0
0,0,-1,2329,577,-1,0
0,0,-1,2330,-1,-1,0
0,0,-1,2331,578,-1,0
0,0,-1,2332,-1,-1,0
0,0,-1,2333,579,-1,0
0,0,-1,2334,-1,-1,0
0,0,-1,2335,579,-1,0
0,0,-1,2336,580,-1,0
0,0,-1,2337,-1,-1,0
0,0,-1,2338,581,-1,0
0,0,-1,2339,581,-1,0
0,0,-1,2340,582,-1,0
0,0,-1,2341,-1,-1,0
0,0,-1,2342,-1,-1,0
0,0,-1,2343,-1,-1,0
0,0,-1,2344,-1,-1,0
0,0,-1,2345,-1,-1,0
0,0,-1,2346,583,-1,0
0,0,-1,2347,-1,-1,0
0,0,-1,2348,584,-1,0
0,0,-1,2349,585,-1,0
0,0,-1,2350,586,-1,0
0,0,-1,2351,586,-1,0
0,0,-1,2352,-1,-1,0
0,0,-1,2353,587,-1,0
0,0,-1,2354,588,-1,0
0,0,-1,2355,588,-1,0
0,0,33,2356,589,-1,0
0,0,-1,2357,-1,-1,0
0,0,-1,2358,590,-1,0
0,0,-1,2359,590,-1,0
0,0,-1,2360,-1,-1,0
0,0,-1,2361,590,-1,0
0,0,-1,2362,-1,-1,0
0,0,-1,2363,590,-1,0
0,0,-1,2364,591,-1,0
0,0,-1,2365,592,-1,0
0,0,-1,2366,-1,-1,0
0,0,-1,2367,592,-1,0
0,0,-1,2368,-1,-1,0
0,0,-1,2369,-1,-1,0
0,0,-1,2370,-1,-1,0
0,0,-1,2371,592,-1,0
0,0,-1,2372,-1,-1,0
0,0,-1,2373,-1,-1,0
0,0,-1,2374,592,-1,0
0,0,-1,2375,-1,-1,0
0,0,-1,2376,593,-1,0
0,0,-1,2377,594,-1,0
0,0,-1,2378,594,-1,0
0,0,-1,2379,595,-1,0
0,0,-1,2380,595,-1,0
0,0,-1,2381,595,-1,0
0,0,-1,2382,595,-1,0
0,0,-1,2383,595,-1,0
0,0,-1,2384,-1,-1,0
0,0,-1,2385,-1,-1,0
0,0,-1,2386,596,-1,0
0,0,-1,2387,597,-1,0
0,0,-1,2388,-1,-1,0
0,0,-1,2389,598,-1,0
0,0,-1,2390,-1,-1,0
0,0,-1,2391,-1,-1,0
0,0,-1,2392,-1,-1,0
0,0,-1,2393,598,-1,0
0,0,-1,2394,-1,-1,0
0,0,-1,2395,599,-1,0
0,0,-1,2396,600,-1,0
0,0,-1,2397,-1,-1,0
0,0,-1,2398,-1,-1,0
0,0,-1,2399,601,-1,0
0,0,-1,2400,-1,-1,0
0,0,-1,2401,-1,-1,0
0,0,-1,2402,-1,-1,0
0,0,-1,2403,-1,-1,0
0,0,-1,2404,-1,-1,0
0,0,-1,2405,602,-1,0
0,0,-1,2406,603,-1,0
0,0,-1,2407,604,-1,0
0,0,-1,2408,-1,-1,0
0,0,-1,2409,605,-1,0
0,0,-1,2410,-1,-1,0
0,0,-1,2411,606,-1,0
0,0,-1,2412,607,-1,0
0,0,-1,2413,-1,-1,0
0,0,-1,2414,-1,-1,0
0,0,-1,2415,-1,-1,0
0,0,-1,2416,-1,-1,0
0,0,-1,2417,-1,-1,0
0,0,-1,2418,-1,-1,0
0,0,-1,2419,-1,-1,0
0,0,-1,2420,608,32,0
0,0,-1,2421,-1,-1,0
0,0,-1,2422,609,-1,0
0,0,-1,2423,610,-1,0
0,0,-1,2424,611,-1,0
0,0,-1,2425,-1,-1,0
0,0,-1,2426,612,-1,0
0,0,-1,2427,-1,-1,0
0,0,-1,2428,613,-1,0
0,0,-1,2429,-1,-1,0
0,0,-1,2430,-1,-1,0
0,0,-1,2431,-1,-1,0
0,0,-1,2432,613,-1,0
0,0,-1,2433,614,-1,0
0,0,34,2434,615,-1,0
0,0,-1,2435,616,-1,0
0,0,-1,2436,-1,-1,0
0,0,-1,2437,-1,-1,0
0,0,-1,2438,617,-1,0
0,0,-1,2439,618,-1,0
0,0,-1,2440,-1,-1,0
0,0,-1,2441,618,-1,0
0,0,-1,2442,-1,-1,0
0,0,-1,2443,618,-1,0
0,0,-1,2444,-1,-1,0
0,0,-1,2445,618,-1,0
0,0,-1,2446,-1,-1,0
0,0,-1,2447,618,-1,0
0,0,-1,2448,618,-1,0
0,0,-1,2449,-1,33,0
0,0,-1,2450,-1,-1,0
0,0,-1,2451,618,-1,0
0,0,-1,2452,-1,-1,0
0,0,-1,2453,618,-1,0
0,0,-1,2454,618,-1,0
0,0,-1,2455,618,-1,0
0,0,-1,2456,-1,-1,0
0,0,-1,2457,-1,-1,0
0,0,-1,2458,-1,-1,0
0,0,-1,2459,-1,-1,0
0,0,-1,2460,-1,-1,0
0,0,-1,2461,619,-1,0
0,0,-1,2462,-1,-1,0
0,0,-1,2463,620,-1,0
0,0,-1,2464,-1,-1,0
0,0,-1,2465,621,-1,0
0,0,-1,2466,622,-1,0
0,0,-1,2467,-1,-1,0
0,0,-1,2468,623,-1,0
0,0,-1,2469,624,-1,0
0,0,-1,2470,-1,-1,0
0,0,-1,2471,624,-1,0
0,0,-1,2472,625,-1,0
0,0,-1,2473,625,-1,0
0,0,-1,2474,-1,-1,0
0,0,-1,2475,626,-1,0
0,0,-1,2476,626,-1,0
0,0,-1,2477,-1,-1,0
0,0,35,2478,-1,-1,0
0,0,-1,2479,-1,-1,0
0,0,-1,2480,-1,-1,0
0,0,-1,2481,627,34,0
0,0,-1,2482,-1,-1,0
0,0,-1,2483,628,-1,0
0,0,-1,2484,-1,-1,0
0,0,-1,2485,-1,-1,0
0,0,-1,2486,-1,-1,0
0,0,-1,2487,-1,35,0
0,0,-1,2488,629,-1,0
0,0,-1,2489,630,-1,0
0,0,-1,2490,-1,-1,0
0,0,-1,2491,631,-1,0
0,0,-1,2492,631,-1,0
0,0,-1,2493,632,-1,0
0,0,-1,2494,-1,-1,0
0,0,-1,2495,-1,-1,0
0,0,-1,2496,-1,-1,0
0,0,-1,2497,-1,-1,0
0,0,-1,2498,633,-1,0
0,0,-1,2499,633,-1,0
0,0,-1,2500,634,-1,0
0,0,36,2501,635,-1,0
0,0,-1,2502,-1,-1,0
0,0,-1,2503,-1,-1,0
0,0,-1,2504,-1,-1,0
0,0,-1,2505,636,-1,0
0,0,-1,2506,-1,-1,0
0,0,-1,2507,636,-1,0
0,0,-1,2508,636,-1,0
0,0,-1,2509,-1,-1,0
0,0,-1,2510,-1,-1,0
0,0,-1,2511,636,-1,0
0,0,-1,2512,636,-1,0
0,0,-1,2513,637,-1,0
0,0,-1,2514,-1,-1,0
0,0,-1,2515,638,-1,0
0,0,-1,2516,638,-1,0
0,0,-1,2517,-1,-1,0
0,0,-1,2518,-1,-1,0
0,0,-1,2519,638,-1,0
0,0,-1,2520,-1,-1,0
0,0,-1,2521,638,-1,0
0,0,-1,2522,-1,-1,0
0,0,-1,2523,639,36,0
0,0,-1,2524,-1,-1,0
0,0,-1,2525,-1,-1,0
0,0,-1,2526,-1,-1,0
0,0,-1,2527,-1,-1,0
0,0,37,2528,639,-1,0
0,0,-1,2529,639,-1,0
0,0,-1,2530,640,-1,0
0,0,-1,2531,-1,-1,0
0,0,-1,2532,-1,-1,0
0,0,38,2533,641,-1,0
0,0,-1,2534,-1,-1,0
0,0,-1,2535,-1,-1,0
0,0,-1,2536,-1,-1,0
0,0,-1,2537,-1,-1,0
0,0,-1,2538,-1,-1,0
0,0,-1,2539,642,-1,0
0,0,-1,2540,642,-1,0
0,0,-1,2541,642,-1,0
0,0,-1,2542,-1,-1,0
0,0,-1,2543,-1,-1,0
0,0,-1,2544,642,-1,0
0,0,-1,2545,-1,-1,0
0,0,-1,2546,-1,-1,0
0,0,-1,2547,-1,-1,0
0,0,-1,2548,642,-1,0
0,0,-1,2549,-1,-1,0
0,0,-1,2550,642,-1,0
0,0,-1,2551,-1,-1,0
0,0,-1,2552,642,-1,0
0,0,-1,2553,642,-1,0
0,0,-1,2554,-1,-1,0
0,0,-1,2555,642,-1,0
0,0,-1,2556,-1,-1,0
0,0,-1,2557,642,-1,0
0,0,-1,2558,-1,-1,0
0,0,-1,2559,-1,-1,0
0,0,-1,2560,642,-1,0
0,0,-1,2561,642,-1,0
0,0,-1,2562,643,-1,0
0,0,-1,2563,644,-1,0
0,0,-1,2564,-1,-1,0
0,0,-1,2565,645,-1,0
0,0,-1,2566,-1,-1,0
0,0,-1,2567,645,-1,0
0,0,-1,2568,645,-1,0
0,0,-1,2569,-1,-1,0
0,0,-1,2570,645,-1,0
0,0,-1,2571,-1,-1,0
0,0,-1,2572,-1,37,0
0,0,-1,2573,-1,-1,0
0,0,-1,2574,645,-1,0
0,0,-1,2575,645,-1,0
0,0,-1,2576,-1,-1,0
0,0,-1,2577,-1,-1,0
0,0,-1,2578,-1,-1,0
0,0,-1,2579,-1,-1,0
0,0,-1,2580,645,-1,0
0,0,-1,2581,-1,-1,0
0,0,-1,2582,645,-1,0
0,0,-1,2583,646,-1,0
0,0,-1,2584,-1,-1,0
0,0,-1,2585,-1,-1,0
0,0,-1,2586,-1,-1,0
0,0,-1,2587,647,-1,0
0,0,-1,2588,647,-1,0
0,0,-1,2589,-1,-1,0
0,0,-1,2590,647,-1,0
0,0,-1,2591,-1,-1,0
0,0,-1,2592,-1,-1,0
0,0,-1,2593,647,-1,0
0,0,-1,2594,-1,-1,0
0,0,-1,2595,648,-1,0
0,0,-1,2596,-1,-1,0
0,0,-1,2597,649,-1,0
0,0,-1,2598,650,-1,0
0,0,-1,2599,651,-1,0
0,0,-1,2600,-1,-1,0
0,0,-1,2601,652,-1,0
0,0,-1,2602,-1,-1,0
0,0,-1,2603,-1,-1,0
0,0,-1,2604,-1,-1,0
0,0,-1,2605,-1,-1,0
0,0,-1,2606,653,-1,0
0,0,-1,2607,-1,-1,0
0,0,-1,2608,653,-1,0
0,0,-1,2609,-1,-1,0
0,0,-1,2610,653,-1,0
0,0,-1,2611,-1,-1,0
0,0,-1,2612,653,-1,0
0,0,-1,2613,-1,-1,0
0,0,-1,2614,653,-1,0
0,0,-1,2615,-1,-1,0
0,0,-1,2616,653,-1,0
0,0,-1,2617,-1,-1,0
0,0,-1,2618,653,-1,0
0,0,-1,2619,-1,-1,0
0,0,-1,2620,654,-1,0
0,0,-1,2621,-1,-1,0
0,0,-1,2622,655,-1,0
0,0,-1,2623,-1,-1,0
0,0,-1,2624,655,-1,0
0,0,-1,2625,-1,-1,0
0,0,-1,2626,655,-1,0
0,0,-1,2627,655,-1,0
0,0,-1,2628,655,-1,0
0,0,-1,2629,-1,-1,0
0,0,-1,2630,-1,-1,0
0,0,-1,2631,656,-1,0
0,0,-1,2632,-1,-1,0
0,0,-1,2633,-1,-1,0
0,0,-1,2634,-1,-1,0
0,0,-1,2635,-1,-1,0
0,0,-1,2636,-1,-1,0
0,0,-1,2637,-1,-1,0
0,0,-1,2638,657,-1,0
0,0,-1,2639,657,-1,0
0,0,-1,2640,657,-1,0
0,0,-1,2641,658,-1,0
0,0,-1,2642,659,-1,0
0,0,-1,2643,-1,-1,0
0,0,-1,2644,660,-1,0
0,0,-1,2645,-1,-1,0
0,0,-1,2646,661,-1,0
0,0,-1,2647,-1,-1,0
0,0,-1,2648,-1,-1,0
0,0,-1,2649,-1,-1,0
0,0,-1,2650,662,-1,0
0,0,-1,2651,663,38,0
0,0,-1,2652,664,-1,0
0,0,-1,2653,665,-1,0
0,0,-1,2654,-1,-1,0
0,0,39,2655,666,-1,0
0,0,-1,2656,667,-1,0
0,0,-1,2657,667,-1,0
0,0,-1,2658,668,-1,0
0,0,40,2659,669,-1,0
0,0,-1,2660,670,-1,0
0,0,-1,2661,671,-1,0
0,0,-1,2662,672,-1,0
0,0,-1,2663,673,-1,0
0,0,-1,2664,-1,-1,0
0,0,-1,2665,674,-1,0
0,0,-1,2666,-1,-1,0
0,0,-1,2667,-1,-1,0
0,0,41,2668,675,-1,0
0,0,-1,2669,676,-1,0
0,0,-1,2670,676,-1,0
0,0,-1,2671,676,-1,0
0,0,-1,2672,-1,-1,0
0,0,-1,2673,677,-1,0
0,0,-1,2674,-1,-1,0
0,0,-1,2675,678,-1,0
0,0,-1,2676,-1,-1,0
0,0,-1,2677,-1,-1,0
0,0,-1,2678,679,-1,0
0,0,-1,2679,680,-1,0
0,0,-1,2680,680,-1,0
0,0,-1,2681,-1,-1,0
0,0,-1,2682,-1,-1,0
0,0,-1,2683,680,-1,0
0,0,-1,2684,-1,-1,0
0,0,-1,2685,-1,-1,0
0,0,-1,2686,-1,-1,0
0,0,-1,2687,-1,-1,0
0,0,-1,2688,-1,-1,0
0,0,-1,2689,681,-1,0
0,0,-1,2690,682,-1,0
0,0,-1,2691,-1,-1,0
0,0,-1,2692,-1,-1,0
0,0,-1,2693,682,-1,0
0,0,-1,2694,-1,-1,0
0,0,-1,2695,683,-1,0
0,0,-1,2696,-1,-1,0
0,0,-1,2697,-1,-1,0
0,0,42,2698,684,-1,0
0,0,-1,2699,685,-1,0
0,0,-1,2700,-1,-1,0
0,0,-1,2701,-1,-1,0
0,0,-1,2702,-1,-1,0
0,0,-1,2703,686,-1,0
0,0,-1,2704,-1,-1,0
0,0,-1,2705,-1,-1,0
0,0,-1,2706,-1,-1,0
0,0,-1,2707,-1,-1,0
0,0,-1,2708,687,-1,0
0,0,-1,2709,687,-1,0
0,0,-1,2710,688,-1,0
0,0,-1,2711,689,-1,0
0,0,-1,2712,-1,-1,0
0,0,-1,2713,-1,-1,0
0,0,-1,2714,690,-1,0
0,0,-1,2715,-1,-1,0
0,0,-1,2716,-1,-1,0
0,0,-1,2717,-1,-1,0
0,0,-1,2718,-1,-1,0
0,0,-1,2719,690,-1,0
0,0,-1,2720,691,-1,0
0,0,-1,2721,-1,-1,0
0,0,-1,2722,692,-1,0
0,0,-1,2723,692,-1,0
0,0,-1,2724,692,-1,0
0,0,-1,2725,-1,-1,0
0,0,-1,2726,-1,-1,0
0,0,-1,2727,692,-1,0
0,0,-1,2728,-1,-1,0
0,0,-1,2729,-1,-1,0
0,0,-1,2730,693,-1,0
0,0,-1,2731,-1,-1,0
0,0,-1,2732,-1,-1,0
0,0,-1,2733,-1,-1,0
0,0,-1,2734,693,-1,0
0,0,-1,2735,694,-1,0
0,0,-1,2736,695,-1,0
0,0,-1,2737,-1,-1,0
0,0,-1,2738,-1,-1,0
0,0,-1,2739,696,-1,0
0,0,-1,2740,696,-1,0
0,0,-1,2741,-1,-1,0
0,0,-1,2742,-1,-1,0
0,0,-1,2743,696,-1,0
0,0,-1,2744,696,-1,0
0,0,-1,2745,-1,-1,0
0,0,-1,2746,697,-1,0
0,0,-1,2747,-1,-1,0
0,0,-1,2748,698,-1,0
0,0,-1,2749,-1,-1,0
0,0,-1,2750,-1,-1,0
0,0,-1,2751,699,-1,0
0,0,-1,2752,-1,-1,0
0,0,-1,2753,-1,-1,0
0,0,-1,2754,-1,-1,0
0,0,-1,2755,700,-1,0
0,0,-1,2756,701,-1,0
0,0,-1,2757,702,-1,0
0,0,-1,2758,702,-1,0
0,0,-1,2759,-1,-1,0
0,0,-1,2760,-1,-1,0
0,0,-1,2761,703,-1,0
0,0,-1,2762,703,-1,0
0,0,-1,2763,-1,-1,0
0,0,-1,2764,704,-1,0
0,0,-1,2765,-1,-1,0
0,0,-1,2766,-1,-1,0
0,0,-1,2767,-1,-1,0
0,0,-1,2768,-1,-1,0
0,0,-1,2769,705,-1,0
0,0,-1,2770,-1,-1,0
0,0,-1,2771,-1,-1,0
0,0,-1,2772,705,-1,0
0,0,-1,2773,-1,-1,0
0,0,-1,2774,-1,-1,0
0,0,-1,2775,-1,-1,0
0,0,-1,2776,705,-1,0
0,0,-1,2777,706,-1,0
0,0,-1,2778,-1,-1,0
0,0,-1,2779,707,-1,0
0,0,-1,2780,-1,-1,0
0,0,-1,2781,-1,-1,0
0,0,-1,2782,707,-1,0
0,0,-1,2783,708,-1,0
0,0,-1,2784,-1,-1,0
0,0,-1,2785,708,-1,0
0,0,-1,2786,709,-1,0
0,0,-1,2787,710,-1,0
0,0,-1,2788,-1,-1,0
0,0,-1,2789,-1,-1,0
0,0,43,2790,711,-1,0
0,0,-1,2791,-1,-1,0
0,0,-1,2792,712,-1,0
0,0,-1,2793,712,-1,0
0,0,-1,2794,712,-1,0
0,0,-1,2795,-1,-1,0
0,0,-1,2796,-1,-1,0
0,0,-1,2797,-1,-1,0
0,0,-1,2798,713,-1,0
0,0,-1,2799,714,-1,0
0,0,-1,2800,714,-1,0
0,0,-1,2801,-1,-1,0
0,0,-1,2802,-1,-1,0
0,0,-1,2803,714,-1,0
0,0,-1,2804,-1,-1,0
0,0,-1,2805,714,-1,0
0,0,-1,2806,-1,-1,0
0,0,-1,2807,715,-1,0
0,0,-1,2808,-1,-1,0
0,0,-1,2809,-1,-1,0
0,0,-1,2810,716,-1,0
0,0,-1,2811,-1,-1,0
0,0,-1,2812,717,-1,0
0,0,-1,2813,-1,-1,0
0,0,-1,2814,718,-1,0
0,0,-1,2815,-1,-1,0
0,0,-1,2816,718,-1,0
0,0,-1,2817,718,-1,0
0,0,-1,2818,-1,-1,0
0,0,-1,2819,719,-1,0
0,0,-1,2820,720,39,0
0,0,-1,2821,-1,-1,0
0,0,-1,2822,-1,-1,0
0,0,-1,2823,721,-1,0
0,0,-1,2824,722,-1,0
0,0,-1,2825,-1,-1,0
0,0,-1,2826,723,-1,0
0,0,44,2827,724,-1,0
0,0,-1,2828,-1,-1,0
0,0,-1,2829,725,-1,0
0,0,-1,2830,-1,-1,0
0,0,-1,2831,726,-1,0
0,0,-1,2832,-1,-1,0
0,0,-1,2833,727,-1,0
0,0,-1,2834,-1,-1,0
0,0,-1,2835,727,-1,0
0,0,-1,2836,-1,-1,0
0,0,-1,2837,727,-1,0
0,0,-1,2838,727,-1,0
0,0,-1,2839,-1,-1,0
0,0,-1,2840,-1,-1,0
0,0,-1,2841,-1,-1,0
0,0,-1,2842,-1,-1,0
0,0,-1,2843,-1,-1,0
0,0,-1,2844,727,-1,0
0,0,-1,2845,-1,-1,0
0,0,-1,2846,-1,-1,0
0,0,-1,2847,-1,-1,0
0,0,-1,2848,727,-1,0
0,0,-1,2849,-1,-1,0
0,0,-1,2850,727,-1,0
0,0,-1,2851,728,-1,0
0,0,-1,2852,-1,-1,0
0,0,-1,2853,729,-1,0
0,0,-1,2854,729,-1,0
0,0,-1,2855,730,-1,0
0,0,-1,2856,-1,-1,0
0,0,-1,2857,-1,-1,0
0,0,-1,2858,-1,-1,0
0,0,-1,2859,731,-1,0
0,0,-1,2860,-1,-1,0
0,0,-1,2861,732,-1,0
0,0,-1,2862,732,-1,0
0,0,-1,2863,733,-1,0
0,0,-1,2864,734,-1,0
0,0,-1,2865,735,-1,0
0,0,-1,2866,-1,-1,0
0,0,-1,2867,736,-1,0
0,0,-1,2868,737,-1,0
0,0,-1,2869,738,-1,0
0,0,-1,2870,-1,-1,0
0,0,-1,2871,-1,-1,0
0,0,-1,2872,-1,-1,0
0,0,-1,2873,-1,-1,0
0,0,-1,2874,-1,-1,0
0,0,-1,2875,-1,-1,0
0,0,-1,2876,738,-1,0
0,0,-1,2877,739,-1,0
0,0,-1,2878,-1,-1,0
0,0,-1,2879,740,-1,0
0,0,-1,2880,740,-1,0
0,0,-1,2881,-1,-1,0
0,0,-1,2882,-1,-1,0
0,0,-1,2883,-1,-1,0
0,0,-1,2884,-1,-1,0
0,0,-1,2885,-1,-1,0
0,0,-1,2886,-1,-1,0
0,0,-1,2887,740,-1,0
0,0,-1,2888,740,-1,0
0,0,-1,2889,-1,-1,0
0,0,-1,2890,-1,-1,0
0,0,-1,2891,741,-1,0
0,0,-1,2892,-1,-1,0
0,0,-1,2893,742,-1,0
0,0,-1,2894,-1,-1,0
0,0,-1,2895,-1,-1,0
0,0,-1,2896,-1,-1,0
0,0,-1,2897,-1,-1,0
0,0,-1,2898,-1,-1,0
0,0,-1,2899,-1,-1,0
0,0,-1,2900,-1,-1,0
0,0,-1,2901,-1,-1,0
0,0,-1,2902,743,-1,0
0,0,-1,2903,744,-1,0
0,0,-1,2904,744,-1,0
0,0,-1,2905,744,-1,0
0,0,-1,2906,-1,-1,0
0,0,-1,2907,-1,-1,0
0,0,-1,2908,-1,-1,0
0,0,-1,2909,744,-1,0
0,0,-1,2910,-1,-1,0
0,0,-1,2911,-1,-1,0
0,0,-1,2912,744,-1,0
0,0,-1,2913,745,-1,0
0,0,-1,2914,746,-1,0
0,0,-1,2915,-1,-1,0
0,0,-1,2916,746,-1,0
0,0,-1,2917,-1,-1,0
0,0,-1,2918,-1,-1,0
0,0,-1,2919,746,-1,0
0,0,-1,2920,-1,-1,0
0,0,-1,2921,747,-1,0
0,0,-1,2922,748,-1,0
0,0,-1,2923,-1,-1,0
0,0,-1,2924,748,-1,0
0,0,-1,2925,-1,40,0
0,0,-1,2926,-1,-1,0
0,0,45,2927,749,-1,0
0,0,-1,2928,-1,-1,0
0,0,-1,2929,-1,-1,0
0,0,-1,2930,750,-1,0
0,0,-1,2931,-1,-1,0
0,0,-1,2932,-1,-1,0
0,0,-1,2933,750,-1,0
0,0,-1,2934,-1,-1,0
0,0,-1,2935,750,-1,0
0,0,-1,2936,-1,-1,0
0,0,-1,2937,-1,-1,0
0,0,-1,2938,-1,-1,0
0,0,-1,2939,750,-1,0
0,0,-1,2940,-1,-1,0
0,0,-1,2941,750,-1,0
0,0,-1,2942,-1,-1,0
0,0,-1,2943,-1,-1,0
0,0,-1,2944,750,-1,0
0,0,-1,2945,-1,-1,0
0,0,-1,2946,750,-1,0
0,0,-1,2947,751,-1,0
0,0,-1,2948,752,-1,0
0,0,-1,2949,-1,41,0
0,0,-1,2950,-1,-1,0
0,0,-1,2951,-1,-1,0
0,0,-1,2952,-1,-1,0
0,0,-1,2953,752,-1,0
0,0,-1,2954,-1,-1,0
0,0,-1,2955,-1,-1,0
0,0,-1,2956,752,-1,0
0,0,-1,2957,752,-1,0
0,0,-1,2958,-1,-1,0
0,0,-1,2959,-1,-1,0
0,0,-1,2960,752,-1,0
0,0,-1,2961,-1,-1,0
0,0,-1,2962,753,-1,0
0,0,-1,2963,754,-1,0
0,0,-1,2964,755,-1,0
0,0,-1,2965,755,-1,0
0,0,-1,2966,756,-1,0
0,0,-1,2967,-1,-1,0
0,0,-1,2968,-1,-1,0
0,0,-1,2969,757,-1,0
0,0,-1,2970,758,-1,0
0,0,-1,2971,-1,-1,0
0,0,-1,2972,-1,-1,0
0,0,-1,2973,759,-1,0
0,0,-1,2974,-1,-1,0
0,0,-1,2975,-1,-1,0
0,0,-1,2976,759,-1,0
0,0,-1,2977,-1,-1,0
0,0,-1,2978,-1,-1,0
0,0,-1,2979,-1,-1,0
0,0,-1,2980,760,-1,0
0,0,-1,2981,-1,-1,0
0,0,-1,2982,-1,-1,0
0,0,-1,2983,-1,-1,0
0,0,-1,2984,-1,-1,0
0,0,-1,2985,-1,-1,0
0,0,-1,2986,760,-1,0
0,0,-1,2987,-1,-1,0
0,0,-1,2988,-1,-1,0
0,0,-1,2989,761,-1,0
0,0,-1,2990,762,-1,0
0,0,46,2991,763,-1,0
0,0,-1,2992,-1,-1,0
0,0,-1,2993,764,-1,0
0,0,-1,2994,-1,-1,0
0,0,-1,2995,-1,-1,0
0,0,-1,2996,-1,-1,0
0,0,-1,2997,764,-1,0
0,0,-1,2998,-1,-1,0
0,0,-1,2999,-1,-1,0
0,0,-1,3000,764,-1,0
0,0,47,3001,765,-1,0
0,0,-1,3002,766,-1,0
0,0,-1,3003,766,-1,0
0,0,-1,3004,-1,-1,0
0,0,-1,3005,766,-1,0
0,0,-1,3006,766,-1,0
0,0,-1,3007,766,-1,0
0,0,-1,3008,-1,-1,0
0,0,-1,3009,766,-1,0
0,0,-1,3010,-1,-1,0
0,0,-1,3011,766,-1,0
0,0,-1,3012,-1,-1,0
0,0,-1,3013,-1,-1,0
0,0,-1,3014,767,-1,0
0,0,-1,3015,768,-1,0
0,0,-1,3016,-1,-1,0
0,0,-1,3017,-1,-1,0
0,0,-1,3018,768,-1,0
0,0,-1,3019,769,-1,0
0,0,-1,3020,-1,-1,0
0,0,-1,3021,-1,-1,0
0,0,-1,3022,-1,-1,0
0,0,-1,3023,770,-1,0
0,0,-1,3024,771,-1,0
0,0,-1,3025,-1,-1,0
0,0,-1,3026,-1,-1,0
0,0,-1,3027,-1,-1,0
0,0,-1,3028,-1,-1,0
0,0,-1,3029,772,-1,0
0,0,-1,3030,-1,-1,0
0,0,-1,3031,772,-1,0
0,0,-1,3032,-1,-1,0
0,0,-1,3033,-1,-1,0
0,0,-1,3034,-1,-1,0
0,0,-1,3035,-1,-1,0
0,0,-1,3036,-1,-1,0
0,0,-1,3037,-1,-1,0
0,0,-1,3038,772,-1,0
0,0,-1,3039,-1,-1,0
0,0,-1,3040,-1,-1,0
0,0,-1,3041,773,-1,0
0,0,-1,3042,774,-1,0
0,0,-1,3043,775,-1,0
0,0,-1,3044,776,-1,0
0,0,-1,3045,-1,-1,0