name,author,recipecategory,recipecuisine,aggregaterating,nutrition,suitablefordiet
0,-1,1,1,-1,0,0
1,-1,2,2,-1,0,0
2,-1,3,3,-1,0,0
3,-1,4,3,-1,0,0
4,-1,4,3,-1,0,0
5,-1,5,4,-1,0,0
6,-1,6,5,-1,0,0
7,-1,6,5,-1,0,0
8,-1,6,5,-1,0,0
9,-1,7,5,-1,0,0
10,-1,8,5,-1,0,0
11,-1,8,5,-1,0,0
12,-1,9,5,-1,0,0
13,-1,10,5,-1,0,0
14,-1,11,5,-1,0,0
15,-1,11,6,-1,0,0
16,-1,12,7,-1,0,0
17,-1,13,7,-1,0,0
18,-1,14,8,-1,0,0
19,-1,15,9,-1,0,0
20,-1,15,10,-1,0,0
21,-1,15,11,-1,0,0
22,-1,15,11,-1,0,0
23,-1,16,11,-1,0,0
24,-1,17,12,-1,0,0
25,-1,18,13,-1,0,0
26,-1,18,13,-1,0,0
27,-1,19,13,-1,0,0
28,-1,20,13,-1,0,0
29,-1,21,13,-1,0,0
30,-1,22,13,-1,0,0
31,-1,23,14,-1,0,0
32,-1,23,15,-1,0,0
33,-1,24,16,-1,0,0
34,-1,25,16,-1,0,0
35,-1,26,16,-1,0,0
36,-1,26,16,-1,0,0
37,-1,27,16,-1,0,0
38,-1,27,17,-1,0,0
39,-1,28,18,-1,0,0
40,-1,29,19,-1,0,0
41,-1,30,20,-1,0,0
42,-1,31,21,-1,0,0
43,-1,32,22,-1,0,0
44,-1,32,22,-1,0,0
45,-1,32,22,-1,0,0
46,-1,32,22,-1,0,0
47,-1,32,23,-1,0,0
48,-1,33,24,-1,0,0
49,-1,34,25,-1,0,0
50,-1,35,26,-1,0,0
51,-1,36,26,-1,0,0
52,-1,36,26,-1,0,0
53,-1,37,26,-1,0,0
54,-1,37,26,-1,0,0
55,1,-1,-1,-1,0,0
56,-1,37,26,-1,0,0
57,-1,38,27,-1,0,0
58,-1,39,28,-1,0,0
59,-1,40,28,-1,0,0
60,-1,41,28,-1,0,0
61,-1,41,28,-1,0,0
62,-1,42,28,-1,0,0
63,-1,43,29,-1,0,0
64,-1,44,30,-1,0,0
65,-1,45,31,-1,0,0
66,-1,46,32,-1,0,0
67,-1,46,32,-1,0,0
68,-1,46,32,-1,0,0
69,-1,47,33,-1,0,0
70,-1,48,34,-1,0,0
71,-1,49,35,-1,0,0
72,-1,50,35,-1,0,0
73,-1,51,36,-1,0,0
74,-1,51,37,-1,0,0
75,-1,51,38,-1,0,0
76,-1,52,39,-1,0,0
77,-1,53,39,-1,0,0
78,-1,54,39,-1,0,0
79,-1,55,40,-1,0,0
80,-1,56,41,-1,0,0
81,-1,57,41,-1,0,0
82,-1,58,41,-1,0,0
83,-1,59,41,-1,0,0
84,-1,60,41,-1,0,0
85,-1,61,41,-1,0,0
86,-1,62,42,-1,0,0
87,-1,63,43,-1,0,0
88,-1,63,43,-1,0,0
89,-1,63,43,-1,0,0
90,-1,63,43,-1,0,0
91,-1,64,43,-1,0,0
92,-1,64,43,-1,0,0
93,-1,65,43,-1,0,0
94,-1,66,44,-1,0,0
95,-1,67,45,-1,0,0
96,-1,67,45,-1,0,0
97,-1,67,45,-1,0,0
98,-1,68,45,-1,0,0
99,-1,69,46,-1,0,0
100,-1,70,47,-1,0,0
101,-1,71,47,-1,0,0
102,-1,72,47,-1,0,0
103,-1,73,48,-1,0,0
104,-1,73,49,-1,0,0
105,-1,74,50,-1,0,0
106,-1,74,51,-1,0,0
107,-1,75,51,-1,0,0
108,-1,76,51,-1,0,0
109,-1,76,51,-1,0,0
110,-1,77,51,-1,0,0
111,-1,77,52,-1,0,0
112,-1,78,53,-1,0,0
113,-1,79,53,-1,0,0
114,-1,80,53,-1,0,0
115,-1,81,53,-1,0,0
116,-1,82,53,-1,0,0
117,-1,83,53,-1,0,0
118,-1,84,54,-1,0,0
119,-1,85,55,-1,0,0
120,-1,85,55,-1,0,0
121,-1,85,55,-1,0,0
122,-1,85,55,-1,0,0
123,-1,85,55,-1,0,0
124,-1,85,55,-1,0,0
125,-1,85,55,-1,0,0
126,-1,86,55,-1,0,0
127,-1,87,55,-1,0,0
128,-1,87,55,-1,0,0
129,-1,87,55,-1,0,0
130,-1,88,55,-1,0,0
131,-1,89,56,-1,0,0
132,-1,90,57,-1,0,0
133,-1,91,57,-1,0,0
134,-1,92,57,-1,0,0
135,-1,93,58,-1,0,0
136,-1,93,59,-1,0,0
137,-1,94,59,-1,0,0
138,-1,95,59,-1,0,0
139,-1,96,60,-1,0,0
140,-1,97,60,-1,0,0
141,-1,98,61,-1,0,0
142,-1,99,62,-1,0,0
143,-1,100,62,-1,0,0
144,-1,101,62,-1,0,0
145,-1,101,63,-1,0,0
146,-1,102,64,-1,0,0
147,-1,102,65,-1,0,0
148,-1,103,66,-1,0,0
149,-1,104,67,-1,0,0
150,-1,105,68,-1,0,0
151,-1,105,68,-1,0,0
152,-1,105,68,-1,0,0
153,-1,106,68,-1,0,0
154,-1,107,68,-1,0,0
155,-1,108,68,-1,0,0
156,-1,108,69,-1,0,0
157,-1,109,70,-1,0,0
158,-1,110,70,-1,0,0
159,-1,111,70,-1,0,0
160,-1,112,71,-1,0,0
161,-1,113,72,-1,0,0
162,-1,114,73,-1,0,0
163,-1,115,74,-1,0,0
164,-1,116,74,-1,0,0
165,-1,117,74,-1,0,0
166,-1,118,75,-1,0,0
167,-1,119,76,-1,0,0
168,-1,120,77,-1,0,0
169,-1,121,77,-1,0,0
170,-1,122,78,-1,0,0
171,-1,122,78,-1,0,0
172,-1,123,79,-1,0,0
173,-1,124,79,-1,0,0
174,-1,125,79,-1,0,0
175,-1,126,79,-1,0,0
176,-1,126,79,-1,0,0
177,-1,127,79,-1,0,0
178,-1,128,79,-1,0,0
179,-1,129,79,-1,0,0
180,-1,130,80,-1,0,0
181,-1,131,81,-1,0,0
182,-1,131,81,-1,0,0
183,-1,131,81,-1,0,0
184,-1,132,82,-1,0,0
185,-1,133,83,-1,0,0
186,-1,134,83,-1,0,0
187,-1,134,84,-1,0,0
188,-1,135,84,-1,0,0
189,-1,135,85,-1,0,0
190,-1,136,86,-1,0,0
191,-1,137,87,-1,0,0
192,-1,138,87,-1,0,0
193,-1,139,87,-1,0,0
194,-1,140,87,-1,0,0
195,-1,140,88,-1,0,0
196,-1,141,89,-1,0,0
197,-1,141,89,-1,0,0
198,-1,141,90,-1,0,0
199,-1,142,91,-1,0,0
200,-1,143,91,-1,0,0
201,-1,143,91,-1,0,0
202,-1,144,91,-1,0,0
203,-1,144,92,-1,0,0
204,-1,144,93,-1,0,0
205,-1,145,94,-1,0,0
206,-1,145,94,-1,0,0
207,-1,146,94,-1,0,0
208,-1,147,94,-1,0,0
209,-1,148,94,-1,0,0
210,-1,149,94,-1,0,0
211,-1,150,94,-1,0,0
212,-1,151,95,-1,0,0
213,-1,152,96,-1,0,0
214,-1,153,97,-1,0,0
215,-1,154,98,-1,0,0
216,-1,154,98,-1,0,0
217,-1,155,99,-1,0,0
218,-1,156,100,-1,0,0
219,-1,156,100,-1,0,0
220,-1,157,100,-1,0,0
221,-1,157,100,-1,0,0
222,-1,158,100,-1,0,0
223,-1,159,101,-1,0,0
224,-1,160,102,-1,0,0
225,-1,160,103,-1,0,0
226,-1,161,104,-1,0,0
227,-1,162,105,-1,0,0
228,-1,163,106,-1,0,0
229,-1,163,107,-1,0,0
230,-1,164,107,-1,0,0
231,-1,165,108,-1,0,0
232,-1,166,109,-1,0,0
233,-1,167,110,-1,0,0
234,-1,168,111,-1,0,0
235,-1,168,111,-1,0,0
236,-1,169,111,-1,0,0
237,-1,170,111,-1,0,0
238,-1,171,111,-1,0,0
239,-1,172,111,-1,0,0
240,-1,173,112,-1,0,0
241,-1,174,113,-1,0,0
242,-1,175,114,-1,0,0
243,-1,176,114,-1,0,0
244,-1,177,114,-1,0,0
245,-1,177,115,-1,0,0
246,-1,177,116,-1,0,0
247,-1,178,117,-1,0,0
248,-1,178,118,-1,0,0
249,-1,178,119,-1,0,0
250,-1,179,120,-1,0,0
251,-1,180,121,-1,0,0
252,-1,181,121,-1,0,0
253,-1,181,121,-1,0,0
254,-1,182,121,-1,0,0
255,-1,183,122,-1,0,0
256,-1,184,123,-1,0,0
257,-1,184,123,-1,0,0
258,-1,185,123,-1,0,0
259,-1,186,123,-1,0,0
260,-1,187,123,-1,0,0
261,-1,187,123,-1,0,0
262,-1,187,123,-1,0,0
263,-1,187,123,-1,0,0
264,-1,188,123,-1,0,0
265,-1,189,123,-1,0,0
266,-1,190,123,-1,0,0
267,-1,191,123,-1,0,0
268,-1,192,123,-1,0,0
269,-1,193,123,-1,0,0
270,-1,194,123,-1,0,0
271,-1,194,123,-1,0,0
272,-1,194,123,-1,0,0
273,-1,194,123,-1,0,0
274,-1,195,124,-1,0,0
275,-1,196,125,-1,0,0
276,-1,196,126,-1,0,0
277,-1,197,126,-1,0,0
278,-1,198,126,-1,0,0
279,-1,199,127,-1,0,0
280,-1,200,128,-1,0,0
281,-1,201,129,-1,0,0
282,-1,202,130,-1,0,0
283,-1,203,131,-1,0,0
284,-1,204,131,-1,0,0
285,-1,204,131,-1,0,0
286,-1,205,132,-1,0,0
287,-1,205,132,-1,0,0
288,-1,206,133,-1,0,0
289,-1,207,133,-1,0,0
290,-1,207,133,-1,0,0
291,-1,208,133,-1,0,0
292,-1,209,134,-1,0,0
293,-1,210,135,-1,0,0
294,-1,211,135,-1,0,0
295,-1,212,136,-1,0,0
296,-1,213,137,-1,0,0
297,-1,214,138,-1,0,0
298,-1,214,138,-1,0,0
299,-1,215,139,-1,0,0
300,-1,216,140,-1,0,0
301,-1,217,140,-1,0,0
302,-1,217,140,-1,0,0
303,-1,218,140,-1,0,0
304,-1,218,140,-1,0,0
305,-1,219,140,-1,0,0
306,-1,220,141,-1,0,0
307,-1,221,142,-1,0,0
308,-1,222,142,-1,0,0
309,-1,223,142,-1,0,0
310,-1,223,143,-1,0,0
311,-1,224,143,-1,0,0
312,-1,225,144,-1,0,0
313,-1,226,144,-1,0,0
314,-1,227,144,-1,0,0
315,-1,227,144,-1,0,0
316,-1,227,145,-1,0,0
317,-1,228,146,-1,0,0
318,-1,229,146,-1,0,0
319,-1,230,146,-1,0,0
320,-1,231,146,-1,0,0
321,-1,232,146,-1,0,0
322,-1,233,147,-1,0,0
323,-1,234,148,-1,0,0
324,-1,234,148,-1,0,0
325,-1,235,149,-1,0,0
326,-1,235,150,-1,0,0
327,-1,236,151,-1,0,0
328,-1,237,152,-1,0,0
329,-1,238,152,-1,0,0
330,-1,239,152,-1,0,0
331,-1,240,152,-1,0,0
332,-1,241,152,-1,0,0
333,-1,241,152,-1,0,0
334,-1,242,152,-1,0,0
335,-1,243,153,-1,0,0
336,-1,244,154,-1,0,0
337,-1,244,155,-1,0,0
338,-1,245,156,-1,0,0
339,-1,246,157,-1,0,0
340,-1,247,157,-1,0,0
341,-1,248,157,-1,0,0
342,-1,249,157,-1,0,0
343,-1,249,158,-1,0,0
344,-1,250,159,-1,0,0
345,-1,251,160,-1,0,0
346,-1,252,161,-1,0,0
347,-1,253,161,-1,0,0
348,-1,254,162,-1,0,0
349,-1,255,163,-1,0,0
350,-1,255,164,-1,0,0
351,-1,256,165,-1,0,0
352,-1,256,166,-1,0,0
353,-1,256,166,-1,0,0
354,-1,257,167,-1,0,0
355,-1,258,168,-1,0,0
356,-1,259,168,-1,0,0
357,-1,260,168,-1,0,0
358,-1,260,168,-1,0,0
359,-1,261,169,-1,0,0
360,-1,262,170,-1,0,0
361,-1,263,171,-1,0,0
362,-1,263,172,-1,0,0
363,-1,264,173,-1,0,0
364,-1,265,173,-1,0,0
365,-1,266,173,-1,0,0
366,-1,267,173,-1,0,0
367,-1,267,173,-1,0,0
368,-1,267,173,-1,0,0
369,-1,268,173,-1,0,0
370,-1,269,174,-1,0,0
371,-1,270,175,-1,0,0
372,-1,271,175,-1,0,0
373,-1,272,176,-1,0,0
374,-1,273,177,-1,0,0
375,-1,274,177,-1,0,0
376,-1,275,177,-1,0,0
377,-1,276,177,-1,0,0
378,-1,277,177,-1,0,0
379,-1,278,177,-1,0,0
380,-1,279,177,-1,0,0
381,-1,280,177,-1,0,0
382,-1,281,178,-1,0,0
383,-1,282,179,-1,0,0
384,-1,282,179,-1,0,0
385,-1,282,179,-1,0,0
386,-1,282,180,-1,0,0
387,-1,282,181,-1,0,0
388,-1,282,181,-1,0,0
389,-1,282,181,-1,0,0
390,-1,282,182,-1,0,0
391,-1,282,183,-1,0,0
392,-1,282,184,-1,0,0
393,-1,282,185,-1,0,0
394,-1,283,186,-1,0,0
395,-1,284,187,-1,0,0
396,-1,285,187,-1,0,0
397,-1,286,187,-1,0,0
398,-1,287,187,-1,0,0
399,-1,288,187,-1,0,0
400,-1,289,187,-1,0,0
401,-1,290,188,-1,0,0
402,-1,291,189,-1,0,0
403,-1,292,189,-1,0,0
404,-1,292,190,-1,0,0
405,-1,293,191,-1,0,0
406,-1,294,191,-1,0,0
407,-1,295,191,-1,0,0
408,-1,296,192,-1,0,0
409,-1,297,193,-1,0,0
410,-1,298,193,-1,0,0
411,-1,299,193,-1,0,0
412,-1,299,193,-1,0,0
413,-1,300,193,-1,0,0
414,-1,300,194,-1,0,0
415,-1,300,195,-1,0,0
416,-1,301,196,-1,0,0
417,-1,301,196,-1,0,0
418,-1,301,196,-1,0,0
419,-1,302,197,-1,0,0
420,-1,303,198,-1,0,0
421,-1,303,198,-1,0,0
422,-1,304,199,-1,0,0
423,-1,305,200,-1,0,0
424,-1,306,200,-1,0,0
425,-1,307,200,-1,0,0
426,-1,307,200,-1,0,0
427,-1,308,201,-1,0,0
428,-1,309,202,-1,0,0
429,-1,310,202,-1,0,0
430,-1,311,202,-1,0,0
431,-1,312,203,-1,0,0
432,2,-1,-1,-1,0,0
433,2,-1,-1,-1,0,0
434,-1,312,204,-1,0,0
435,-1,312,205,-1,0,0
436,-1,313,206,-1,0,0
437,-1,313,206,-1,0,0
438,-1,314,206,-1,0,0
439,-1,315,206,-1,0,0
440,-1,316,207,-1,0,0
441,-1,317,208,-1,0,0
442,-1,317,208,-1,0,0
443,-1,317,208,-1,0,0
444,-1,318,208,-1,0,0
445,-1,318,208,-1,0,0
446,-1,319,208,-1,0,0
447,-1,319,208,-1,0,0
448,-1,319,208,-1,0,0
449,-1,320,208,-1,0,0
450,-1,320,208,-1,0,0
451,-1,321,208,-1,0,0
452,-1,322,208,-1,0,0
453,-1,323,208,-1,0,0
454,-1,323,208,-1,0,0
455,-1,323,208,-1,0,0
456,-1,324,208,-1,0,0
457,-1,325,208,-1,0,0
458,-1,326,208,-1,0,0
459,-1,327,209,-1,0,0
460,-1,327,210,-1,0,0
461,-1,328,211,-1,0,0
462,-1,328,212,-1,0,0
463,-1,328,213,-1,0,0
464,-1,328,213,-1,0,0
465,-1,329,213,-1,0,0
466,-1,330,214,-1,0,0
467,-1,331,215,-1,0,0
468,-1,332,215,-1,0,0
469,-1,333,215,-1,0,0
470,-1,333,216,-1,0,0
471,-1,334,217,-1,0,0
472,-1,335,218,-1,0,0
473,-1,335,218,-1,0,0
474,-1,336,218,-1,0,0
475,-1,337,218,-1,0,0
476,-1,338,218,-1,0,0
477,-1,339,218,-1,0,0
478,-1,340,219,-1,0,0
479,-1,341,220,-1,0,0
480,-1,341,220,-1,0,0
481,-1,342,221,-1,0,0
482,-1,342,222,-1,0,0
483,-1,342,223,-1,0,0
484,-1,343,224,-1,0,0
485,-1,344,225,-1,0,0
486,-1,344,225,-1,0,0
487,-1,344,225,-1,0,0
488,-1,345,226,-1,0,0
489,-1,346,227,-1,0,0
490,-1,346,228,-1,0,0
491,-1,347,229,-1,0,0
492,-1,347,230,-1,0,0
493,-1,348,230,-1,0,0
494,-1,349,230,-1,0,0
495,-1,349,230,-1,0,0
496,-1,350,230,-1,0,0
497,-1,351,230,-1,0,0
498,-1,352,230,-1,0,0
499,-1,353,230,-1,0,0
500,-1,354,231,-1,0,0
501,-1,354,231,-1,0,0
502,-1,355,232,-1,0,0
503,-1,356,232,-1,0,0
504,-1,357,233,-1,0,0
505,-1,357,234,-1,0,0
506,-1,358,235,-1,0,0
507,-1,358,235,-1,0,0
508,-1,359,236,-1,0,0
509,-1,359,237,-1,0,0
510,-1,360,237,-1,0,0
511,-1,361,237,-1,0,0
512,-1,362,237,-1,0,0
513,-1,363,237,-1,0,0
514,-1,364,238,-1,0,0
515,-1,365,239,-1,0,0
516,-1,365,239,-1,0,0
517,-1,366,239,-1,0,0
518,-1,367,239,-1,0,0
519,-1,368,239,-1,0,0
520,-1,369,239,-1,0,0
521,-1,370,239,-1,0,0
522,-1,371,239,-1,0,0
523,-1,372,239,-1,0,0
524,-1,373,240,-1,0,0
525,-1,373,241,-1,0,0
526,-1,374,241,-1,0,0
527,-1,375,241,-1,0,0
528,-1,376,241,-1,0,0
529,-1,377,241,-1,0,0
530,-1,378,241,-1,0,0
531,-1,379,242,-1,0,0
532,-1,380,243,-1,0,0
533,-1,381,243,-1,0,0
534,-1,382,243,-1,0,0
535,-1,383,244,-1,0,0
536,-1,384,245,-1,0,0
537,-1,384,245,-1,0,0
538,-1,385,245,-1,0,0
539,-1,386,245,-1,0,0
540,-1,387,245,-1,0,0
541,-1,388,245,-1,0,0
542,-1,388,245,-1,0,0
543,-1,388,245,-1,0,0
544,-1,389,245,-1,0,0
545,-1,390,245,-1,0,0
546,-1,390,245,-1,0,0
547,-1,390,245,-1,0,0
548,-1,390,245,-1,0,0
549,-1,390,245,-1,0,0
550,-1,390,245,-1,0,0
551,-1,390,245,-1,0,0
552,-1,391,245,-1,0,0
553,-1,392,245,-1,0,0
554,-1,392,245,-1,0,0
555,-1,393,246,-1,0,0
556,-1,394,247,-1,0,0
557,-1,394,248,-1,0,0
558,-1,394,248,-1,0,0
559,-1,394,248,-1,0,0
560,-1,394,248,-1,0,0
561,-1,395,248,-1,0,0
562,-1,396,248,-1,0,0
563,-1,397,248,-1,0,0
564,-1,398,248,-1,0,0
565,-1,398,248,-1,0,0
566,-1,399,248,-1,0,0
567,-1,400,248,-1,0,0
568,-1,401,248,-1,0,0
569,-1,402,248,-1,0,0
570,-1,403,248,-1,0,0
571,-1,403,249,-1,0,0
572,-1,403,250,-1,0,0
573,-1,404,251,-1,0,0
574,-1,405,252,-1,0,0
575,-1,405,252,-1,0,0
576,-1,406,253,-1,0,0
577,-1,407,254,-1,0,0
578,-1,408,254,-1,0,0
579,-1,408,255,-1,0,0
580,-1,408,256,-1,0,0
581,-1,409,256,-1,0,0
582,-1,410,256,-1,0,0
583,-1,411,256,-1,0,0
584,-1,411,256,-1,0,0
585,-1,412,256,-1,0,0
586,-1,412,256,-1,0,0
587,-1,413,256,-1,0,0
588,-1,414,256,-1,0,0
589,-1,415,256,-1,0,0
590,-1,416,256,-1,0,0
591,-1,417,256,-1,0,0
592,-1,418,257,-1,0,0
593,-1,419,258,-1,0,0
594,-1,420,258,-1,0,0
595,-1,421,258,-1,0,0
596,-1,422,258,-1,0,0
597,-1,422,258,-1,0,0
598,-1,423,258,-1,0,0
599,-1,423,258,-1,0,0
600,-1,424,259,-1,0,0
601,-1,425,260,-1,0,0
602,-1,426,261,-1,0,0
603,-1,427,262,-1,0,0
604,-1,428,262,-1,0,0
605,-1,428,262,-1,0,0
606,-1,429,262,-1,0,0
607,-1,430,262,-1,0,0
608,-1,431,262,-1,0,0
609,-1,432,262,-1,0,0
610,-1,433,262,-1,0,0
611,-1,433,262,-1,0,0
612,-1,434,262,-1,0,0
613,-1,435,263,-1,0,0
614,-1,436,264,-1,0,0
615,-1,436,264,-1,0,0
616,-1,436,264,-1,0,0
617,-1,436,265,-1,0,0
618,-1,436,266,-1,0,0
619,-1,437,266,-1,0,0
620,-1,438,266,-1,0,0
621,-1,439,267,-1,0,0
622,-1,440,268,-1,0,0
623,-1,441,268,-1,0,0
624,-1,442,268,-1,0,0
625,-1,443,269,-1,0,0
626,-1,444,270,-1,0,0
627,-1,445,271,-1,0,0
628,-1,446,272,-1,0,0
629,-1,447,272,-1,0,0
630,-1,448,272,-1,0,0
631,-1,449,272,-1,0,0
632,-1,450,273,-1,0,0
633,-1,451,273,-1,0,0
634,-1,452,274,-1,0,0
635,-1,453,275,-1,0,0
636,-1,454,276,-1,0,0
637,-1,455,277,-1,0,0
638,-1,456,277,-1,0,0
639,-1,457,277,-1,0,0
640,-1,458,277,-1,0,0
641,-1,459,277,-1,0,0
642,-1,460,277,-1,0,0
643,-1,461,277,-1,0,0
644,-1,462,277,-1,0,0
645,-1,463,277,-1,0,0
646,-1,463,278,-1,0,0
647,-1,463,279,-1,0,0
648,-1,463,279,-1,0,0
649,-1,464,280,-1,0,0
650,-1,465,281,-1,0,0
651,-1,465,282,-1,0,0
652,-1,465,283,-1,0,0
653,-1,466,283,-1,0,0
654,-1,466,283,-1,0,0
655,-1,466,283,-1,0,0
656,-1,467,283,-1,0,0
657,-1,467,283,-1,0,0
658,-1,468,283,-1,0,0
659,-1,469,283,-1,0,0
660,-1,469,283,-1,0,0
661,-1,469,283,-1,0,0
662,-1,469,283,-1,0,0
663,3,-1,-1,-1,0,0
664,-1,470,284,-1,0,0
665,-1,471,285,-1,0,0
666,-1,472,286,-1,0,0
667,-1,473,287,-1,0,0
668,-1,473,287,-1,0,0
669,-1,473,287,-1,0,0
670,-1,474,287,-1,0,0
671,-1,475,287,-1,0,0
672,-1,476,287,-1,0,0
673,-1,477,287,-1,0,0
674,-1,478,288,-1,0,0
675,-1,479,289,-1,0,0
676,-1,480,290,-1,0,0
677,-1,480,291,-1,0,0
678,-1,481,291,-1,0,0
679,-1,482,292,-1,0,0
680,-1,483,293,-1,0,0
681,-1,484,293,-1,0,0
682,-1,485,294,-1,0,0
683,-1,486,295,-1,0,0
684,-1,487,296,-1,0,0
685,-1,488,296,-1,0,0
686,-1,488,296,-1,0,0
687,-1,488,297,-1,0,0
688,-1,488,298,-1,0,0
689,-1,488,298,-1,0,0
690,-1,488,298,-1,0,0
691,-1,488,298,-1,0,0
692,-1,489,298,-1,0,0
693,-1,490,299,-1,0,0
694,-1,491,300,-1,0,0
695,-1,492,300,-1,0,0
696,-1,493,301,-1,0,0
697,-1,494,301,-1,0,0
698,-1,495,301,-1,0,0
699,-1,496,301,-1,0,0
700,-1,496,301,-1,0,0
701,-1,497,302,-1,0,0
702,-1,498,303,-1,0,0
703,-1,499,303,-1,0,0
704,-1,499,304,-1,0,0
705,-1,499,305,-1,0,0
706,-1,499,305,-1,0,0
707,-1,499,306,-1,0,0
708,-1,499,307,-1,0,0
709,-1,499,307,-1,0,0
710,-1,499,307,-1,0,0
711,-1,499,307,-1,0,0
712,-1,500,307,-1,0,0
713,-1,501,307,-1,0,0
714,-1,502,307,-1,0,0
715,-1,503,307,-1,0,0
716,-1,504,307,-1,0,0
717,-1,504,307,-1,0,0
718,-1,505,307,-1,0,0
719,-1,505,307,-1,0,0
720,-1,506,307,-1,0,0
721,-1,507,307,-1,0,0
722,-1,507,307,-1,0,0
723,-1,507,307,-1,0,0
724,-1,507,308,-1,0,0
725,-1,507,309,-1,0,0
726,-1,508,309,-1,0,0
727,-1,509,309,-1,0,0
728,-1,510,309,-1,0,0
729,-1,511,309,-1,0,0
730,-1,512,309,-1,0,0
731,-1,513,309,-1,0,0
732,-1,514,309,-1,0,0
733,-1,515,310,-1,0,0
734,-1,516,311,-1,0,0
735,-1,517,312,-1,0,0
736,-1,518,312,-1,0,0
737,-1,518,312,-1,0,0
738,-1,519,313,-1,0,0
739,-1,519,314,-1,0,0
740,-1,520,314,-1,0,0
741,-1,520,314,-1,0,0
742,-1,520,314,-1,0,0
743,-1,520,314,-1,0,0
744,-1,521,315,-1,0,0
745,-1,522,316,-1,0,0
746,-1,523,316,-1,0,0
747,-1,524,316,-1,0,0
748,-1,525,316,-1,0,0
749,-1,526,317,-1,0,0
750,-1,526,318,-1,0,0
751,-1,527,318,-1,0,0
752,-1,527,318,-1,0,0
753,-1,528,318,-1,0,0
754,-1,529,318,-1,0,0
755,-1,529,318,-1,0,0
756,-1,530,318,-1,0,0
757,-1,531,318,-1,0,0
758,-1,532,318,-1,0,0
759,-1,532,318,-1,0,0
760,-1,533,318,-1,0,0
761,-1,533,318,-1,0,0
762,4,-1,-1,-1,0,0
763,-1,534,318,-1,0,0
764,-1,535,318,-1,0,0
765,-1,536,318,-1,0,0
766,-1,537,318,-1,0,0
767,-1,538,319,-1,0,0
768,-1,539,320,-1,0,0
769,-1,540,321,-1,0,0
770,-1,541,322,-1,0,0
771,-1,541,322,-1,0,0
772,-1,541,322,-1,0,0
773,-1,542,323,-1,0,0
774,-1,543,324,-1,0,0
775,-1,543,325,-1,0,0
776,-1,544,326,-1,0,0
777,-1,545,326,-1,0,0
778,-1,545,326,-1,0,0
779,-1,546,326,-1,0,0
780,-1,547,326,-1,0,0
781,5,-1,-1,-1,0,0
782,6,-1,-1,-1,0,0
783,-1,548,327,-1,0,0
784,-1,549,328,-1,0,0
785,-1,550,328,-1,0,0
786,-1,550,328,-1,0,0
787,-1,551,328,-1,0,0
788,-1,552,329,-1,0,0
789,-1,552,330,-1,0,0
790,-1,552,330,-1,0,0
791,-1,553,331,-1,0,0
792,-1,554,332,-1,0,0
793,-1,555,332,-1,0,0
794,-1,556,333,-1,0,0
795,-1,557,334,-1,0,0
796,-1,558,334,-1,0,0
797,-1,558,335,-1,0,0
798,-1,559,336,-1,0,0
799,-1,560,337,-1,0,0
800,-1,561,338,-1,0,0
801,-1,562,338,-1,0,0
802,-1,563,338,-1,0,0
803,-1,564,338,-1,0,0
804,-1,565,338,-1,0,0
805,-1,566,338,-1,0,0
806,-1,566,338,-1,0,0
807,-1,566,338,-1,0,0
808,-1,566,338,-1,0,0
809,-1,567,338,-1,0,0
810,-1,568,339,-1,0,0
811,-1,569,340,-1,0,0
812,-1,569,340,-1,0,0
813,-1,569,341,-1,0,0
814,-1,570,342,-1,0,0
815,-1,571,343,-1,0,0
816,-1,572,344,-1,0,0
817,-1,572,345,-1,0,0
818,-1,572,345,-1,0,0
819,-1,573,346,-1,0,0
820,-1,573,346,-1,0,0
821,-1,574,347,-1,0,0
822,-1,575,348,-1,0,0
823,-1,575,348,-1,0,0
824,-1,576,348,-1,0,0
825,-1,577,349,-1,0,0
826,-1,577,350,-1,0,0
827,-1,577,350,-1,0,0
828,-1,578,351,-1,0,0
829,-1,579,352,-1,0,0
830,-1,580,353,-1,0,0
831,-1,581,353,-1,0,0
832,-1,581,353,-1,0,0
833,-1,581,353,-1,0,0
834,-1,582,354,-1,0,0
835,-1,583,355,-1,0,0
836,-1,583,355,-1,0,0
837,-1,584,355,-1,0,0
838,-1,585,355,-1,0,0
839,-1,585,355,-1,0,0
840,-1,586,355,-1,0,0
841,-1,587,355,-1,0,0
842,-1,588,356,-1,0,0
843,-1,588,357,-1,0,0
844,-1,589,357,-1,0,0
845,-1,590,358,-1,0,0
846,-1,591,359,-1,0,0
847,-1,592,360,-1,0,0
848,-1,593,361,-1,0,0
849,-1,594,362,-1,0,0
850,-1,595,362,-1,0,0
851,-1,596,362,-1,0,0
852,-1,597,362,-1,0,0
853,-1,598,362,-1,0,0
854,-1,599,362,-1,0,0
855,-1,600,362,-1,0,0
856,-1,601,362,-1,0,0
857,-1,602,362,-1,0,0
858,-1,603,363,-1,0,0
859,-1,604,364,-1,0,0
860,-1,604,364,-1,0,0
861,-1,605,365,-1,0,0
862,-1,606,366,-1,0,0
863,-1,607,366,-1,0,0
864,-1,608,367,-1,0,0
865,-1,609,368,-1,0,0
866,-1,609,368,-1,0,0
867,-1,610,368,-1,0,0
868,-1,611,368,-1,0,0
869,-1,612,368,-1,0,0
870,-1,612,368,-1,0,0
871,-1,613,369,-1,0,0
872,-1,614,370,-1,0,0
873,-1,615,370,-1,0,0
874,-1,616,370,-1,0,0
875,-1,616,370,-1,0,0
876,-1,617,370,-1,0,0
877,-1,618,370,-1,0,0
878,-1,619,370,-1,0,0
879,-1,620,370,-1,0,0
880,-1,621,370,-1,0,0
881,-1,622,370,-1,0,0
882,-1,623,370,-1,0,0
883,-1,624,370,-1,0,0
884,-1,625,370,-1,0,0
885,-1,626,370,-1,0,0
886,-1,626,371,-1,0,0
887,-1,627,372,-1,0,0
888,-1,628,372,-1,0,0
889,-1,628,372,-1,0,0
890,-1,629,372,-1,0,0
891,-1,630,372,-1,0,0
892,-1,630,372,-1,0,0
893,-1,630,372,-1,0,0
894,-1,631,372,-1,0,0
895,-1,632,372,-1,0,0
896,-1,632,373,-1,0,0
897,-1,633,374,-1,0,0
898,-1,634,375,-1,0,0
899,-1,635,376,-1,0,0
900,-1,636,376,-1,0,0
901,-1,636,377,-1,0,0
902,-1,636,378,-1,0,0
903,-1,637,379,-1,0,0
904,-1,638,379,-1,0,0
905,-1,639,380,-1,0,0
906,-1,640,381,-1,0,0
907,-1,641,381,-1,0,0
908,-1,641,382,-1,0,0
909,-1,642,383,-1,0,0
910,-1,643,383,-1,0,0
911,-1,644,384,-1,0,0
912,-1,645,385,-1,0,0
913,-1,646,386,-1,0,0
914,-1,646,387,-1,0,0
915,-1,646,387,-1,0,0
916,-1,646,387,-1,0,0
917,-1,646,387,-1,0,0
918,-1,647,388,-1,0,0
919,-1,648,389,-1,0,0
920,-1,649,390,-1,0,0
921,-1,650,391,-1,0,0
922,-1,650,392,-1,0,0
923,-1,650,393,-1,0,0
924,-1,650,393,-1,0,0
925,-1,651,393,-1,0,0
926,-1,651,393,-1,0,0
927,-1,652,393,-1,0,0
928,-1,653,394,-1,0,0
929,-1,654,395,-1,0,0
930,-1,654,395,-1,0,0
931,-1,655,396,-1,0,0
932,-1,656,397,-1,0,0
933,-1,657,397,-1,0,0
934,-1,658,397,-1,0,0
935,-1,659,397,-1,0,0
936,-1,660,397,-1,0,0
937,-1,661,397,-1,0,0
938,-1,661,397,-1,0,0
939,-1,661,398,-1,0,0
940,-1,662,398,-1,0,0
941,-1,663,399,-1,0,0
942,-1,663,400,-1,0,0
943,-1,664,401,-1,0,0
944,-1,665,402,-1,0,0
945,-1,665,402,-1,0,0
946,-1,666,402,-1,0,0
947,-1,667,402,-1,0,0
948,-1,668,402,-1,0,0
949,-1,669,403,-1,0,0
950,-1,670,404,-1,0,0
951,-1,671,404,-1,0,0
952,-1,672,404,-1,0,0
953,-1,673,405,-1,0,0
954,-1,674,406,-1,0,0
955,-1,674,406,-1,0,0
956,-1,675,406,-1,0,0
957,-1,676,406,-1,0,0
958,-1,677,406,-1,0,0
959,-1,678,406,-1,0,0
960,-1,678,406,-1,0,0
961,-1,679,406,-1,0,0
962,-1,679,406,-1,0,0
963,-1,679,407,-1,0,0
964,-1,679,408,-1,0,0
965,-1,680,409,-1,0,0
966,-1,681,410,-1,0,0
967,-1,682,411,-1,0,0
968,-1,683,411,-1,0,0
969,-1,684,411,-1,0,0
970,-1,685,411,-1,0,0
971,-1,685,411,-1,0,0
972,-1,685,411,-1,0,0
973,-1,686,411,-1,0,0
974,-1,686,411,-1,0,0
975,-1,687,411,-1,0,0
976,-1,688,411,-1,0,0
977,-1,689,411,-1,0,0
978,-1,689,411,-1,0,0
979,-1,690,412,-1,0,0
980,-1,690,413,-1,0,0
981,-1,690,413,-1,0,0
982,-1,691,413,-1,0,0
983,-1,691,413,-1,0,0
984,-1,692,414,-1,0,0
985,-1,692,415,-1,0,0
986,-1,693,416,-1,0,0
987,-1,694,416,-1,0,0
988,-1,695,416,-1,0,0
989,-1,696,416,-1,0,0
990,-1,696,416,-1,0,0
991,-1,697,416,-1,0,0
992,-1,698,417,-1,0,0
993,-1,699,418,-1,0,0
994,-1,699,419,-1,0,0
995,-1,700,419,-1,0,0
996,-1,700,419,-1,0,0
997,-1,701,420,-1,0,0
998,-1,702,420,-1,0,0
999,-1,703,421,-1,0,0
1000,-1,703,421,-1,0,0
1001,-1,704,421,-1,0,0
1002,-1,705,422,-1,0,0
1003,-1,705,423,-1,0,0
1004,-1,706,423,-1,0,0
1005,-1,706,423,-1,0,0
1006,-1,707,423,-1,0,0
1007,-1,708,423,-1,0,0
1008,-1,709,423,-1,0,0
1009,-1,710,424,-1,0,0
1010,7,-1,-1,-1,0,0
1011,-1,710,425,-1,0,0
1012,-1,711,425,-1,0,0
1013,-1,711,426,-1,0,0
1014,-1,712,427,-1,0,0
1015,-1,713,427,-1,0,0
1016,-1,714,427,-1,0,0
1017,-1,714,427,-1,0,0
1018,-1,715,427,-1,0,0
1019,-1,716,428,-1,0,0
1020,-1,717,429,-1,0,0
1021,-1,718,429,-1,0,0
1022,-1,719,429,-1,0,0
1023,-1,720,429,-1,0,0
1024,-1,721,430,-1,0,0
1025,-1,722,430,-1,0,0
1026,-1,723,431,-1,0,0
1027,8,-1,-1,-1,0,0
1028,9,-1,-1,-1,0,0
1029,10,-1,-1,-1,0,0
1030,-1,724,432,-1,0,0
1031,-1,725,433,-1,0,0
1032,-1,726,433,-1,0,0
1033,-1,727,433,-1,0,0
1034,-1,728,433,-1,0,0
1035,-1,729,434,-1,0,0
1036,-1,730,435,-1,0,0
1037,-1,731,435,-1,0,0
1038,-1,732,435,-1,0,0
1039,-1,732,435,-1,0,0
1040,-1,732,436,-1,0,0
1041,-1,733,437,-1,0,0
1042,-1,734,437,-1,0,0
1043,-1,735,437,-1,0,0
1044,-1,736,438,-1,0,0
1045,-1,737,439,-1,0,0
1046,-1,737,439,-1,0,0
1047,-1,738,439,-1,0,0
1048,-1,739,440,-1,0,0
1049,-1,740,441,-1,0,0
1050,-1,741,441,-1,0,0
1051,-1,742,441,-1,0,0
1052,-1,743,442,-1,0,0
1053,-1,744,443,-1,0,0
1054,-1,744,443,-1,0,0
1055,-1,745,443,-1,0,0
1056,-1,746,443,-1,0,0
1057,-1,747,443,-1,0,0
1058,-1,748,443,-1,0,0
1059,-1,749,444,-1,0,0
1060,-1,750,445,-1,0,0
1061,-1,751,446,-1,0,0
1062,-1,752,447,-1,0,0
1063,-1,753,448,-1,0,0
1064,-1,754,449,-1,0,0
1065,-1,754,449,-1,0,0
1066,-1,755,449,-1,0,0
1067,-1,756,450,-1,0,0
1068,-1,757,451,-1,0,0
1069,-1,758,452,-1,0,0
1070,-1,759,453,-1,0,0
1071,-1,759,454,-1,0,0
1072,-1,759,455,-1,0,0
1073,-1,759,456,-1,0,0
1074,-1,759,457,-1,0,0
1075,-1,760,458,-1,0,0
1076,-1,761,459,-1,0,0
1077,-1,762,460,-1,0,0
1078,-1,763,461,-1,0,0
1079,-1,764,461,-1,0,0
1080,-1,764,461,-1,0,0
1081,-1,764,461,-1,0,0
1082,-1,764,461,-1,0,0
1083,-1,765,461,-1,0,0
1084,-1,766,462,-1,0,0
1085,-1,767,463,-1,0,0
1086,-1,767,463,-1,0,0
1087,-1,768,463,-1,0,0
1088,-1,769,463,-1,0,0
1089,-1,770,463,-1,0,0
1090,-1,770,463,-1,0,0
1091,-1,771,463,-1,0,0
1092,-1,772,463,-1,0,0
1093,-1,772,463,-1,0,0
1094,-1,773,463,-1,0,0
1095,-1,774,463,-1,0,0
1096,-1,775,464,-1,0,0
1097,-1,776,464,-1,0,0
1098,-1,776,465,-1,0,0
1099,-1,776,466,-1,0,0
1100,-1,777,466,-1,0,0
1101,-1,778,467,-1,0,0
1102,-1,779,468,-1,0,0
1103,-1,780,469,-1,0,0
1104,-1,781,470,-1,0,0
1105,-1,781,470,-1,0,0
1106,-1,782,470,-1,0,0
1107,-1,783,470,-1,0,0
1108,-1,783,470,-1,0,0
1109,-1,783,470,-1,0,0
1110,-1,783,470,-1,0,0
1111,-1,783,470,-1,0,0
1112,-1,783,470,-1,0,0
1113,-1,783,470,-1,0,0
1114,-1,783,470,-1,0,0
1115,-1,783,470,-1,0,0
1116,-1,784,470,-1,0,0
1117,-1,785,470,-1,0,0
1118,-1,786,470,-1,0,0
1119,-1,787,470,-1,0,0
1120,-1,787,470,-1,0,0
1121,-1,787,470,-1,0,0
1122,-1,787,470,-1,0,0
1123,-1,788,471,-1,0,0
1124,-1,789,472,-1,0,0
1125,-1,789,472,-1,0,0
1126,-1,790,472,-1,0,0
1127,-1,791,472,-1,0,0
1128,-1,791,472,-1,0,0
1129,-1,791,472,-1,0,0
1130,-1,792,472,-1,0,0
1131,-1,793,472,-1,0,0
1132,-1,794,472,-1,0,0
1133,-1,795,472,-1,0,0
1134,-1,795,473,-1,0,0
1135,-1,796,474,-1,0,0
1136,-1,797,474,-1,0,0
1137,-1,798,474,-1,0,0
1138,-1,798,474,-1,0,0
1139,-1,799,474,-1,0,0
1140,-1,800,474,-1,0,0
1141,-1,801,474,-1,0,0
1142,-1,802,474,-1,0,0
1143,-1,803,474,-1,0,0
1144,-1,804,475,-1,0,0
1145,-1,805,476,-1,0,0
1146,-1,806,477,-1,0,0
1147,-1,806,478,-1,0,0
1148,-1,807,479,-1,0,0
1149,-1,807,479,-1,0,0
1150,-1,808,479,-1,0,0
1151,-1,809,479,-1,0,0
1152,-1,809,479,-1,0,0
1153,-1,809,479,-1,0,0
1154,-1,809,479,-1,0,0
1155,-1,809,479,-1,0,0
1156,-1,810,479,-1,0,0
1157,-1,811,479,-1,0,0
1158,-1,812,480,-1,0,0
1159,-1,813,480,-1,0,0
1160,-1,814,481,-1,0,0
1161,-1,815,482,-1,0,0
1162,-1,815,483,-1,0,0
1163,-1,816,483,-1,0,0
1164,-1,817,483,-1,0,0
1165,-1,818,483,-1,0,0
1166,-1,818,483,-1,0,0
1167,-1,818,483,-1,0,0
1168,-1,819,483,-1,0,0
1169,-1,820,483,-1,0,0
1170,-1,821,484,-1,0,0
1171,-1,822,485,-1,0,0
1172,-1,822,485,-1,0,0
1173,-1,823,486,-1,0,0
1174,-1,824,487,-1,0,0
1175,-1,825,487,-1,0,0
1176,-1,826,487,-1,0,0
1177,-1,827,487,-1,0,0
1178,-1,827,487,-1,0,0
1179,-1,827,487,-1,0,0
1180,-1,827,488,-1,0,0
1181,-1,827,489,-1,0,0
1182,-1,827,489,-1,0,0
1183,-1,827,489,-1,0,0
1184,-1,828,489,-1,0,0
1185,-1,829,489,-1,0,0
1186,-1,830,489,-1,0,0
1187,-1,831,489,-1,0,0
1188,-1,832,489,-1,0,0
1189,-1,833,489,-1,0,0
1190,-1,834,489,-1,0,0
1191,-1,835,490,-1,0,0
1192,-1,835,491,-1,0,0
1193,-1,836,492,-1,0,0
1194,-1,836,493,-1,0,0
1195,-1,836,493,-1,0,0
1196,-1,836,494,-1,0,0
1197,-1,837,495,-1,0,0
1198,-1,838,495,-1,0,0
1199,-1,838,495,-1,0,0
1200,-1,839,496,-1,0,0
1201,-1,840,497,-1,0,0
1202,-1,841,497,-1,0,0
1203,-1,841,497,-1,0,0
1204,-1,841,497,-1,0,0
1205,-1,841,497,-1,0,0
1206,-1,841,497,-1,0,0
1207,-1,842,498,-1,0,0
1208,-1,843,499,-1,0,0
1209,-1,843,499,-1,0,0
1210,-1,843,499,-1,0,0
1211,-1,843,499,-1,0,0
1212,-1,843,499,-1,0,0
1213,-1,843,499,-1,0,0
1214,-1,844,499,-1,0,0
1215,-1,845,499,-1,0,0
1216,-1,845,499,-1,0,0
1217,-1,846,499,-1,0,0
1218,-1,847,499,-1,0,0
1219,-1,848,499,-1,0,0
1220,-1,849,499,-1,0,0
1221,-1,850,499,-1,0,0
1222,-1,851,499,-1,0,0
1223,-1,852,500,-1,0,0
1224,-1,852,501,-1,0,0
1225,-1,853,501,-1,0,0
1226,-1,853,501,-1,0,0
1227,-1,854,502,-1,0,0
1228,-1,855,503,-1,0,0
1229,-1,856,504,-1,0,0
1230,-1,856,505,-1,0,0
1231,-1,856,505,-1,0,0
1232,-1,856,505,-1,0,0
1233,-1,857,506,-1,0,0
1234,-1,857,507,-1,0,0
1235,-1,857,508,-1,0,0
1236,-1,858,509,-1,0,0
1237,-1,858,510,-1,0,0
1238,-1,859,510,-1,0,0
1239,-1,859,510,-1,0,0
1240,-1,860,510,-1,0,0
1241,-1,861,510,-1,0,0
1242,-1,862,510,-1,0,0
1243,-1,863,510,-1,0,0
1244,-1,864,511,-1,0,0
1245,-1,865,512,-1,0,0
1246,-1,866,512,-1,0,0
1247,-1,867,512,-1,0,0
1248,-1,868,512,-1,0,0
1249,-1,868,513,-1,0,0
1250,-1,869,514,-1,0,0
1251,-1,870,515,-1,0,0
1252,-1,871,515,-1,0,0
1253,-1,872,516,-1,0,0
1254,-1,872,516,-1,0,0
1255,-1,873,517,-1,0,0
1256,-1,874,518,-1,0,0
1257,-1,875,518,-1,0,0
1258,-1,875,519,-1,0,0
1259,-1,875,520,-1,0,0
1260,-1,876,521,-1,0,0
1261,-1,877,521,-1,0,0
1262,-1,878,521,-1,0,0
1263,-1,879,522,-1,0,0
1264,-1,879,523,-1,0,0
1265,-1,880,523,-1,0,0
1266,-1,880,523,-1,0,0
1267,-1,881,523,-1,0,0
1268,-1,882,523,-1,0,0
1269,-1,883,523,-1,0,0
1270,-1,884,523,-1,0,0
1271,-1,885,523,-1,0,0
1272,-1,886,523,-1,0,0
1273,-1,886,523,-1,0,0
1274,-1,886,523,-1,0,0
1275,-1,887,523,-1,0,0
1276,-1,888,523,-1,0,0
1277,-1,888,523,-1,0,0
1278,-1,889,523,-1,0,0
1279,-1,890,523,-1,0,0
1280,-1,891,524,-1,0,0
1281,-1,891,525,-1,0,0
1282,-1,892,525,-1,0,0
1283,-1,892,525,-1,0,0
1284,-1,893,526,-1,0,0
1285,-1,893,527,-1,0,0
1286,-1,894,527,-1,0,0
1287,-1,894,527,-1,0,0
1288,-1,895,527,-1,0,0
1289,-1,896,527,-1,0,0
1290,-1,897,527,-1,0,0
1291,-1,898,527,-1,0,0
1292,-1,899,527,-1,0,0
1293,-1,899,527,-1,0,0
1294,-1,900,528,-1,0,0
1295,-1,901,529,-1,0,0
1296,-1,902,530,-1,0,0
1297,-1,903,531,-1,0,0
1298,-1,904,532,-1,0,0
1299,-1,905,533,-1,0,0
1300,-1,906,534,-1,0,0
1301,-1,907,534,-1,0,0
1302,-1,907,535,-1,0,0
1303,-1,908,535,-1,0,0
1304,-1,908,535,-1,0,0
1305,-1,908,535,-1,0,0
1306,-1,908,535,-1,0,0
1307,-1,908,535,-1,0,0
1308,-1,909,536,-1,0,0
1309,-1,910,537,-1,0,0
1310,-1,911,537,-1,0,0
1311,-1,911,538,-1,0,0
1312,-1,912,539,-1,0,0
1313,-1,913,540,-1,0,0
1314,-1,913,541,-1,0,0
1315,-1,913,542,-1,0,0
1316,-1,913,542,-1,0,0
1317,-1,913,542,-1,0,0
1318,-1,914,542,-1,0,0
1319,-1,915,542,-1,0,0
1320,-1,916,543,-1,0,0
1321,-1,917,544,-1,0,0
1322,-1,918,544,-1,0,0
1323,-1,919,544,-1,0,0
1324,-1,920,544,-1,0,0
1325,-1,920,544,-1,0,0
1326,-1,921,544,-1,0,0
1327,-1,921,544,-1,0,0
1328,-1,922,545,-1,0,0
1329,-1,923,545,-1,0,0
1330,-1,923,546,-1,0,0
1331,-1,924,546,-1,0,0
1332,-1,925,546,-1,0,0
1333,-1,926,546,-1,0,0
1334,-1,927,546,-1,0,0
1335,-1,928,546,-1,0,0
1336,-1,928,546,-1,0,0
1337,-1,928,547,-1,0,0
1338,-1,928,548,-1,0,0
1339,-1,929,548,-1,0,0
1340,-1,930,548,-1,0,0
1341,-1,930,548,-1,0,0
1342,-1,931,548,-1,0,0
1343,-1,932,548,-1,0,0
1344,-1,932,548,-1,0,0
1345,-1,932,548,-1,0,0
1346,-1,932,548,-1,0,0
1347,-1,932,548,-1,0,0
1348,-1,933,548,-1,0,0
1349,-1,933,549,-1,0,0
1350,-1,934,550,-1,0,0
1351,-1,935,551,-1,0,0
1352,-1,935,552,-1,0,0
1353,-1,936,553,-1,0,0
1354,-1,937,554,-1,0,0
1355,-1,938,554,-1,0,0
1356,-1,939,554,-1,0,0
1357,-1,940,555,-1,0,0
1358,-1,941,556,-1,0,0
1359,-1,941,556,-1,0,0
1360,-1,942,556,-1,0,0
1361,-1,943,556,-1,0,0
1362,-1,943,556,-1,0,0
1363,-1,944,556,-1,0,0
1364,-1,945,556,-1,0,0
1365,-1,946,557,-1,0,0
1366,-1,947,558,-1,0,0
1367,-1,948,558,-1,0,0
1368,-1,948,559,-1,0,0
1369,-1,949,560,-1,0,0
1370,-1,949,560,-1,0,0
1371,-1,950,560,-1,0,0
1372,-1,951,560,-1,0,0
1373,-1,952,560,-1,0,0
1374,-1,952,560,-1,0,0
1375,-1,953,560,-1,0,0
1376,-1,954,560,-1,0,0
1377,-1,954,560,-1,0,0
1378,-1,954,560,-1,0,0
1379,-1,954,561,-1,0,0
1380,-1,955,562,-1,0,0
1381,-1,956,563,-1,0,0
1382,-1,956,564,-1,0,0
1383,-1,956,565,-1,0,0
1384,-1,957,566,-1,0,0
1385,-1,958,567,-1,0,0
1386,-1,959,567,-1,0,0
1387,-1,960,568,-1,0,0
1388,-1,961,569,-1,0,0
1389,-1,962,569,-1,0,0
1390,-1,962,569,-1,0,0
1391,-1,963,569,-1,0,0
1392,-1,964,570,-1,0,0
1393,-1,965,571,-1,0,0
1394,-1,965,572,-1,0,0
1395,-1,966,573,-1,0,0
1396,-1,967,573,-1,0,0
1397,-1,967,573,-1,0,0
1398,-1,968,573,-1,0,0
1399,-1,969,573,-1,0,0
1400,-1,969,573,-1,0,0
1401,-1,970,573,-1,0,0
1402,-1,971,574,-1,0,0
1403,-1,971,575,-1,0,0
1404,-1,971,575,-1,0,0
1405,-1,971,575,-1,0,0
1406,-1,971,575,-1,0,0
1407,-1,972,575,-1,0,0
1408,-1,973,575,-1,0,0
1409,-1,974,575,-1,0,0
1410,-1,974,575,-1,0,0
1411,-1,975,575,-1,0,0
1412,-1,976,576,-1,0,0
1413,-1,976,577,-1,0,0
1414,-1,977,577,-1,0,0
1415,-1,978,577,-1,0,0
1416,-1,979,577,-1,0,0
1417,-1,980,578,-1,0,0
1418,-1,981,579,-1,0,0
1419,-1,982,579,-1,0,0
1420,-1,982,579,-1,0,0
1421,-1,982,579,-1,0,0
1422,-1,983,580,-1,0,0
1423,-1,984,581,-1,0,0
1424,-1,984,581,-1,0,0
1425,-1,985,581,-1,0,0
1426,-1,986,582,-1,0,0
1427,-1,987,583,-1,0,0
1428,-1,988,583,-1,0,0
1429,-1,988,583,-1,0,0
1430,-1,989,583,-1,0,0
1431,-1,990,583,-1,0,0
1432,-1,991,583,-1,0,0
1433,-1,992,583,-1,0,0
1434,-1,992,584,-1,0,0
1435,-1,992,584,-1,0,0
1436,-1,993,585,-1,0,0
1437,-1,994,586,-1,0,0
1438,-1,995,587,-1,0,0
1439,-1,996,588,-1,0,0
1440,-1,997,588,-1,0,0
1441,-1,997,588,-1,0,0
1442,-1,998,589,-1,0,0
1443,-1,999,590,-1,0,0
1444,-1,1000,590,-1,0,0
1445,-1,1001,590,-1,0,0
1446,-1,1002,590,-1,0,0
1447,-1,1003,590,-1,0,0
1448,-1,1004,591,-1,0,0
1449,-1,1005,592,-1,0,0
1450,-1,1006,592,-1,0,0
1451,-1,1006,592,-1,0,0
1452,-1,1007,593,-1,0,0
1453,-1,1008,594,-1,0,0
1454,-1,1009,594,-1,0,0
1455,-1,1010,595,-1,0,0
1456,-1,1011,596,-1,0,0
1457,-1,1012,596,-1,0,0
1458,-1,1013,596,-1,0,0
1459,-1,1014,596,-1,0,0
1460,-1,1015,596,-1,0,0
1461,-1,1015,596,-1,0,0
1462,-1,1016,596,-1,0,0
1463,-1,1017,596,-1,0,0
1464,-1,1018,596,-1,0,0
1465,-1,1019,596,-1,0,0
1466,-1,1020,596,-1,0,0
1467,-1,1021,597,-1,0,0
1468,-1,1021,598,-1,0,0
1469,-1,1022,599,-1,0,0
1470,-1,1023,600,-1,0,0
1471,-1,1023,601,-1,0,0
1472,-1,1024,602,-1,0,0
1473,-1,1025,603,-1,0,0
1474,-1,1026,604,-1,0,0
1475,-1,1026,605,-1,0,0
1476,-1,1027,605,-1,0,0
1477,-1,1028,606,-1,0,0
1478,-1,1029,607,-1,0,0
1479,-1,1030,608,-1,0,0
1480,-1,1031,609,-1,0,0
1481,-1,1032,609,-1,0,0
1482,-1,1033,609,-1,0,0
1483,-1,1034,610,-1,0,0
1484,-1,1035,611,-1,0,0
1485,-1,1035,611,-1,0,0
1486,-1,1036,611,-1,0,0
1487,-1,1037,611,-1,0,0
1488,-1,1038,612,-1,0,0
1489,-1,1039,613,-1,0,0
1490,-1,1040,613,-1,0,0
1491,-1,1040,613,-1,0,0
1492,-1,1040,613,-1,0,0
1493,-1,1040,613,-1,0,0
1494,-1,1041,613,-1,0,0
1495,-1,1041,613,-1,0,0
1496,-1,1042,613,-1,0,0
1497,-1,1043,613,-1,0,0
1498,-1,1044,613,-1,0,0
1499,-1,1045,613,-1,0,0
1500,-1,1045,613,-1,0,0
1501,-1,1046,613,-1,0,0
1502,-1,1047,613,-1,0,0
1503,-1,1048,614,-1,0,0
1504,-1,1048,615,-1,0,0
1505,-1,1049,615,-1,0,0
1506,-1,1049,615,-1,0,0
1507,-1,1050,616,-1,0,0
1508,-1,1051,617,-1,0,0
1509,-1,1051,617,-1,0,0
1510,-1,1052,617,-1,0,0
1511,-1,1052,617,-1,0,0
1512,-1,1053,618,-1,0,0
1513,-1,1054,619,-1,0,0
1514,-1,1055,620,-1,0,0
1515,-1,1055,621,-1,0,0
1516,-1,1056,622,-1,0,0
1517,-1,1057,623,-1,0,0
1518,-1,1058,623,-1,0,0
1519,-1,1058,623,-1,0,0
1520,-1,1059,623,-1,0,0
1521,-1,1060,623,-1,0,0
1522,-1,1061,623,-1,0,0
1523,-1,1061,623,-1,0,0
1524,-1,1062,624,-1,0,0
1525,-1,1063,625,-1,0,0
1526,-1,1064,625,-1,0,0
1527,-1,1065,625,-1,0,0
1528,-1,1066,625,-1,0,0
1529,-1,1066,625,-1,0,0
1530,-1,1067,625,-1,0,0
1531,-1,1068,625,-1,0,0
1532,-1,1068,625,-1,0,0
1533,-1,1069,625,-1,0,0
1534,-1,1070,625,-1,0,0
1535,-1,1070,625,-1,0,0
1536,-1,1071,625,-1,0,0
1537,-1,1071,626,-1,0,0
1538,-1,1072,627,-1,0,0
1539,-1,1073,627,-1,0,0
1540,-1,1073,627,-1,0,0
1541,-1,1073,627,-1,0,0
1542,-1,1074,627,-1,0,0
1543,-1,1075,628,-1,0,0
1544,-1,1076,629,-1,0,0
1545,-1,1077,630,-1,0,0
1546,-1,1077,631,-1,0,0
1547,-1,1078,632,-1,0,0
1548,-1,1079,633,-1,0,0
1549,-1,1080,634,-1,0,0
1550,-1,1081,635,-1,0,0
1551,-1,1082,636,-1,0,0
1552,-1,1083,636,-1,0,0
1553,-1,1084,637,-1,0,0
1554,-1,1085,638,-1,0,0
1555,-1,1085,638,-1,0,0
1556,-1,1086,639,-1,0,0
1557,-1,1087,640,-1,0,0
1558,-1,1087,640,-1,0,0
1559,-1,1087,641,-1,0,0
1560,-1,1087,642,-1,0,0
1561,-1,1088,642,-1,0,0
1562,-1,1089,642,-1,0,0
1563,-1,1089,642,-1,0,0
1564,-1,1089,642,-1,0,0
1565,-1,1090,643,-1,0,0
1566,-1,1091,644,-1,0,0
1567,-1,1091,644,-1,0,0
1568,-1,1091,645,-1,0,0
1569,-1,1091,646,-1,0,0
1570,-1,1091,646,-1,0,0
1571,-1,1092,646,-1,0,0
1572,-1,1093,646,-1,0,0
1573,-1,1093,646,-1,0,0
1574,-1,1093,646,-1,0,0
1575,-1,1094,646,-1,0,0
1576,-1,1094,646,-1,0,0
1577,-1,1095,647,-1,0,0
1578,-1,1095,648,-1,0,0
1579,-1,1095,649,-1,0,0
1580,-1,1096,649,-1,0,0
1581,-1,1096,649,-1,0,0
1582,-1,1097,649,-1,0,0
1583,-1,1097,650,-1,0,0
1584,-1,1098,651,-1,0,0
1585,-1,1099,651,-1,0,0
1586,-1,1100,651,-1,0,0
1587,-1,1100,651,-1,0,0
1588,-1,1101,652,-1,0,0
1589,-1,1102,653,-1,0,0
1590,-1,1103,654,-1,0,0
1591,-1,1104,655,-1,0,0
1592,-1,1105,655,-1,0,0
1593,-1,1106,655,-1,0,0
1594,-1,1107,655,-1,0,0
1595,-1,1108,655,-1,0,0
1596,-1,1109,655,-1,0,0
1597,-1,1110,655,-1,0,0
1598,-1,1111,656,-1,0,0
1599,-1,1112,657,-1,0,0
1600,-1,1113,658,-1,0,0
1601,-1,1114,659,-1,0,0
1602,-1,1115,660,-1,0,0
1603,-1,1116,661,-1,0,0
1604,-1,1117,662,-1,0,0
1605,-1,1117,662,-1,0,0
1606,-1,1117,662,-1,0,0
1607,-1,1118,662,-1,0,0
1608,-1,1119,662,-1,0,0
1609,-1,1120,662,-1,0,0
1610,-1,1121,662,-1,0,0
1611,-1,1121,662,-1,0,0
1612,-1,1121,662,-1,0,0
1613,-1,1121,662,-1,0,0
1614,-1,1121,662,-1,0,0
1615,-1,1121,662,-1,0,0
1616,-1,1122,663,-1,0,0
1617,-1,1123,664,-1,0,0
1618,-1,1123,664,-1,0,0
1619,-1,1124,665,-1,0,0
1620,-1,1124,666,-1,0,0
1621,-1,1124,666,-1,0,0
1622,-1,1125,666,-1,0,0
1623,-1,1126,666,-1,0,0
1624,-1,1127,667,-1,0,0
1625,-1,1128,668,-1,0,0
1626,-1,1128,669,-1,0,0
1627,-1,1128,670,-1,0,0
1628,11,-1,-1,-1,0,0
1629,-1,1129,670,-1,0,0
1630,-1,1130,670,-1,0,0
1631,-1,1131,670,-1,0,0
1632,-1,1132,670,-1,0,0
1633,-1,1133,671,-1,0,0
1634,-1,1134,672,-1,0,0
1635,-1,1135,673,-1,0,0
1636,-1,1135,673,-1,0,0
1637,-1,1136,673,-1,0,0
1638,-1,1136,673,-1,0,0
1639,-1,1137,673,-1,0,0
1640,-1,1137,673,-1,0,0
1641,-1,1137,674,-1,0,0
1642,-1,1138,675,-1,0,0
1643,-1,1139,675,-1,0,0
1644,-1,1140,675,-1,0,0
1645,-1,1141,675,-1,0,0
1646,-1,1141,675,-1,0,0
1647,-1,1142,675,-1,0,0
1648,-1,1142,675,-1,0,0
1649,-1,1143,675,-1,0,0
1650,-1,1144,675,-1,0,0
1651,-1,1145,676,-1,0,0
1652,-1,1145,677,-1,0,0
1653,-1,1146,677,-1,0,0
1654,-1,1147,677,-1,0,0
1655,-1,1148,677,-1,0,0
1656,-1,1149,677,-1,0,0
1657,-1,1149,677,-1,0,0
1658,-1,1150,678,-1,0,0
1659,-1,1151,679,-1,0,0
1660,-1,1152,679,-1,0,0
1661,-1,1153,679,-1,0,0
1662,-1,1153,679,-1,0,0
1663,-1,1153,680,-1,0,0
1664,-1,1154,681,-1,0,0
1665,-1,1155,682,-1,0,0
1666,-1,1156,683,-1,0,0
1667,-1,1157,684,-1,0,0
1668,-1,1157,685,-1,0,0
1669,-1,1158,685,-1,0,0
1670,-1,1158,685,-1,0,0
1671,-1,1159,685,-1,0,0
1672,-1,1160,685,-1,0,0
1673,-1,1160,685,-1,0,0
1674,-1,1161,686,-1,0,0
1675,-1,1162,687,-1,0,0
1676,-1,1163,687,-1,0,0
1677,-1,1164,687,-1,0,0
1678,-1,1165,687,-1,0,0
1679,-1,1166,688,-1,0,0
1680,-1,1167,689,-1,0,0
1681,-1,1168,690,-1,0,0
1682,-1,1168,691,-1,0,0
1683,-1,1168,692,-1,0,0
1684,-1,1169,693,-1,0,0
1685,-1,1170,694,-1,0,0
1686,-1,1170,694,-1,0,0
1687,-1,1171,694,-1,0,0
1688,-1,1172,694,-1,0,0
1689,-1,1173,694,-1,0,0
1690,-1,1174,695,-1,0,0
1691,-1,1175,696,-1,0,0
1692,12,-1,-1,-1,0,0
1693,13,-1,-1,-1,0,0
1694,-1,1176,696,-1,0,0
1695,-1,1177,696,-1,0,0
1696,-1,1177,697,-1,0,0
1697,-1,1178,698,-1,0,0
1698,-1,1178,699,-1,0,0
1699,-1,1178,699,-1,0,0
1700,-1,1179,700,-1,0,0
1701,-1,1180,700,-1,0,0
1702,-1,1181,700,-1,0,0
1703,-1,1182,700,-1,0,0
1704,-1,1183,700,-1,0,0
1705,-1,1183,700,-1,0,0
1706,-1,1183,700,-1,0,0
1707,-1,1183,701,-1,0,0
1708,-1,1183,702,-1,0,0
1709,-1,1184,702,-1,0,0
1710,-1,1185,702,-1,0,0
1711,-1,1186,702,-1,0,0
1712,-1,1187,703,-1,0,0
1713,-1,1188,704,-1,0,0
1714,-1,1189,705,-1,0,0
1715,-1,1189,706,-1,0,0
1716,-1,1190,707,-1,0,0
1717,-1,1191,708,-1,0,0
1718,-1,1192,708,-1,0,0
1719,-1,1193,708,-1,0,0
1720,-1,1194,708,-1,0,0
1721,-1,1195,708,-1,0,0
1722,-1,1196,708,-1,0,0
1723,-1,1197,708,-1,0,0
1724,-1,1198,709,-1,0,0
1725,-1,1199,710,-1,0,0
1726,-1,1199,710,-1,0,0
1727,-1,1200,711,-1,0,0
1728,-1,1201,712,-1,0,0
1729,-1,1201,712,-1,0,0
1730,-1,1201,712,-1,0,0
1731,-1,1202,713,-1,0,0
1732,-1,1203,714,-1,0,0
1733,-1,1204,714,-1,0,0
1734,-1,1205,715,-1,0,0
1735,-1,1206,716,-1,0,0
1736,-1,1206,716,-1,0,0
1737,-1,1207,717,-1,0,0
1738,-1,1208,718,-1,0,0
1739,-1,1209,718,-1,0,0
1740,-1,1210,718,-1,0,0
1741,-1,1210,718,-1,0,0
1742,-1,1211,718,-1,0,0
1743,-1,1211,718,-1,0,0
1744,-1,1211,718,-1,0,0
1745,-1,1211,718,-1,0,0
1746,-1,1211,718,-1,0,0
1747,-1,1212,719,-1,0,0
1748,-1,1213,720,-1,0,0
1749,-1,1214,721,-1,0,0
1750,-1,1215,722,-1,0,0
1751,-1,1216,723,-1,0,0
1752,-1,1217,724,-1,0,0
1753,-1,1218,725,-1,0,0
1754,-1,1219,725,-1,0,0
1755,-1,1219,725,-1,0,0
1756,-1,1220,726,-1,0,0
1757,-1,1220,727,-1,0,0
1758,-1,1221,727,-1,0,0
1759,-1,1222,727,-1,0,0
1760,-1,1223,727,-1,0,0
1761,-1,1224,727,-1,0,0
1762,-1,1224,727,-1,0,0
1763,-1,1225,728,-1,0,0
1764,-1,1225,728,-1,0,0
1765,-1,1226,729,-1,0,0
1766,-1,1227,730,-1,0,0
1767,-1,1228,730,-1,0,0
1768,-1,1229,730,-1,0,0
1769,-1,1229,731,-1,0,0
1770,-1,1230,732,-1,0,0
1771,-1,1231,733,-1,0,0
1772,-1,1231,733,-1,0,0
1773,-1,1231,733,-1,0,0
1774,-1,1231,734,-1,0,0
1775,-1,1231,735,-1,0,0
1776,-1,1232,735,-1,0,0
1777,-1,1233,735,-1,0,0
1778,-1,1234,735,-1,0,0
1779,-1,1235,735,-1,0,0
1780,-1,1235,735,-1,0,0
1781,-1,1236,735,-1,0,0
1782,-1,1237,736,-1,0,0
1783,-1,1238,737,-1,0,0
1784,-1,1239,738,-1,0,0
1785,-1,1239,739,-1,0,0
1786,-1,1240,739,-1,0,0
1787,-1,1240,740,-1,0,0
1788,-1,1240,741,-1,0,0
1789,-1,1240,741,-1,0,0
1790,-1,1241,741,-1,0,0
1791,-1,1241,741,-1,0,0
1792,-1,1242,741,-1,0,0
1793,-1,1242,741,-1,0,0
1794,-1,1242,741,-1,0,0
1795,-1,1243,741,-1,0,0
1796,-1,1244,741,-1,0,0
1797,-1,1245,741,-1,0,0
1798,-1,1246,741,-1,0,0
1799,-1,1247,741,-1,0,0
1800,-1,1247,741,-1,0,0
1801,-1,1248,741,-1,0,0
1802,-1,1249,742,-1,0,0
1803,-1,1250,743,-1,0,0
1804,-1,1251,743,-1,0,0
1805,-1,1251,743,-1,0,0
1806,-1,1252,744,-1,0,0
1807,-1,1253,745,-1,0,0
1808,-1,1254,746,-1,0,0
1809,-1,1255,747,-1,0,0
1810,-1,1256,747,-1,0,0
1811,-1,1257,747,-1,0,0
1812,-1,1258,748,-1,0,0
1813,-1,1259,749,-1,0,0
1814,-1,1260,750,-1,0,0
1815,-1,1260,751,-1,0,0
1816,-1,1260,751,-1,0,0
1817,-1,1260,751,-1,0,0
1818,-1,1261,751,-1,0,0
1819,-1,1261,751,-1,0,0
1820,-1,1262,751,-1,0,0
1821,-1,1263,751,-1,0,0
1822,-1,1263,751,-1,0,0
1823,-1,1264,752,-1,0,0
1824,-1,1265,753,-1,0,0
1825,-1,1265,753,-1,0,0
1826,-1,1266,753,-1,0,0
1827,-1,1266,753,-1,0,0
1828,-1,1267,754,-1,0,0
1829,-1,1268,755,-1,0,0
1830,-1,1269,755,-1,0,0
1831,-1,1270,755,-1,0,0
1832,-1,1271,755,-1,0,0
1833,-1,1272,756,-1,0,0
1834,-1,1273,757,-1,0,0
1835,-1,1273,757,-1,0,0
1836,-1,1274,758,-1,0,0
1837,-1,1274,758,-1,0,0
1838,-1,1275,759,-1,0,0
1839,-1,1275,759,-1,0,0
1840,-1,1275,759,-1,0,0
1841,-1,1275,759,-1,0,0
1842,-1,1275,759,-1,0,0
1843,-1,1275,759,-1,0,0
1844,-1,1275,759,-1,0,0
1845,-1,1275,759,-1,0,0
1846,-1,1276,760,-1,0,0
1847,-1,1276,761,-1,0,0
1848,-1,1277,762,-1,0,0
1849,-1,1277,762,-1,0,0
1850,-1,1277,762,-1,0,0
1851,-1,1278,762,-1,0,0
1852,-1,1279,762,-1,0,0
1853,-1,1280,763,-1,0,0
1854,-1,1281,764,-1,0,0
1855,-1,1282,764,-1,0,0
1856,-1,1282,764,-1,0,0
1857,-1,1283,764,-1,0,0
1858,-1,1284,765,-1,0,0
1859,-1,1284,766,-1,0,0
1860,-1,1285,767,-1,0,0
1861,-1,1286,768,-1,0,0
1862,-1,1287,769,-1,0,0
1863,-1,1287,770,-1,0,0
1864,-1,1288,770,-1,0,0
1865,-1,1289,770,-1,0,0
1866,-1,1289,770,-1,0,0
1867,-1,1289,770,-1,0,0
1868,-1,1290,770,-1,0,0
1869,-1,1291,770,-1,0,0
1870,-1,1291,770,-1,0,0
1871,-1,1292,770,-1,0,0
1872,-1,1293,770,-1,0,0
1873,-1,1294,770,-1,0,0
1874,-1,1295,770,-1,0,0
1875,-1,1295,770,-1,0,0
1876,-1,1296,770,-1,0,0
1877,-1,1296,770,-1,0,0
1878,-1,1296,771,-1,0,0
1879,-1,1297,772,-1,0,0
1880,-1,1297,773,-1,0,0
1881,-1,1297,774,-1,0,0
1882,-1,1298,774,-1,0,0
1883,-1,1299,774,-1,0,0
1884,-1,1299,775,-1,0,0
1885,-1,1300,776,-1,0,0
1886,-1,1300,777,-1,0,0
1887,-1,1301,777,-1,0,0
1888,-1,1301,778,-1,0,0
1889,-1,1302,779,-1,0,0
1890,-1,1303,779,-1,0,0
1891,-1,1304,779,-1,0,0
1892,-1,1305,779,-1,0,0
1893,-1,1306,780,-1,0,0
1894,-1,1306,781,-1,0,0
1895,14,-1,-1,-1,0,0
1896,-1,1306,781,-1,0,0
1897,-1,1307,782,-1,0,0
1898,-1,1308,783,-1,0,0
1899,-1,1309,783,-1,0,0
1900,-1,1309,783,-1,0,0
1901,-1,1309,783,-1,0,0
1902,-1,1309,783,-1,0,0
1903,-1,1310,783,-1,0,0
1904,-1,1311,784,-1,0,0
1905,-1,1311,785,-1,0,0
1906,-1,1311,785,-1,0,0
1907,-1,1312,786,-1,0,0
1908,-1,1313,787,-1,0,0
1909,-1,1314,787,-1,0,0
1910,-1,1315,788,-1,0,0
1911,-1,1316,789,-1,0,0
1912,-1,1317,790,-1,0,0
1913,-1,1318,790,-1,0,0
1914,-1,1318,790,-1,0,0
1915,-1,1318,791,-1,0,0
1916,-1,1319,792,-1,0,0
1917,-1,1320,793,-1,0,0
1918,-1,1320,793,-1,0,0
1919,-1,1320,793,-1,0,0
1920,-1,1321,793,-1,0,0
1921,-1,1321,793,-1,0,0
1922,-1,1322,793,-1,0,0
1923,-1,1323,794,-1,0,0
1924,-1,1324,795,-1,0,0
1925,-1,1325,796,-1,0,0
1926,-1,1326,797,-1,0,0
1927,-1,1326,797,-1,0,0
1928,-1,1327,798,-1,0,0
1929,-1,1328,799,-1,0,0
1930,-1,1328,799,-1,0,0
1931,-1,1328,800,-1,0,0
1932,-1,1328,801,-1,0,0
1933,-1,1329,802,-1,0,0
1934,-1,1330,802,-1,0,0
1935,-1,1331,802,-1,0,0
1936,-1,1332,802,-1,0,0
1937,-1,1332,802,-1,0,0
1938,-1,1332,802,-1,0,0
1939,-1,1332,802,-1,0,0
1940,-1,1333,803,-1,0,0
1941,-1,1334,804,-1,0,0
1942,-1,1335,805,-1,0,0
1943,-1,1336,806,-1,0,0
1944,-1,1337,806,-1,0,0
1945,-1,1338,806,-1,0,0
1946,-1,1338,806,-1,0,0
1947,-1,1339,806,-1,0,0
1948,-1,1340,806,-1,0,0
1949,-1,1340,806,-1,0,0
1950,-1,1340,806,-1,0,0
1951,-1,1341,806,-1,0,0
1952,-1,1342,806,-1,0,0
1953,-1,1342,806,-1,0,0
1954,-1,1343,806,-1,0,0
1955,-1,1344,807,-1,0,0
1956,-1,1345,808,-1,0,0
1957,-1,1346,808,-1,0,0
1958,-1,1347,808,-1,0,0
1959,-1,1347,808,-1,0,0
1960,-1,1348,808,-1,0,0
1961,-1,1349,809,-1,0,0
1962,-1,1350,810,-1,0,0
1963,-1,1350,810,-1,0,0
1964,-1,1351,810,-1,0,0
1965,-1,1352,810,-1,0,0
1966,-1,1353,810,-1,0,0
1967,-1,1354,811,-1,0,0
1968,-1,1355,811,-1,0,0
1969,-1,1356,812,-1,0,0
1970,-1,1357,812,-1,0,0
1971,-1,1358,812,-1,0,0
1972,-1,1359,812,-1,0,0
1973,-1,1360,812,-1,0,0
1974,-1,1361,812,-1,0,0
1975,-1,1362,812,-1,0,0
1976,-1,1363,812,-1,0,0
1977,-1,1363,812,-1,0,0
1978,-1,1363,812,-1,0,0
1979,-1,1363,812,-1,0,0
1980,-1,1364,812,-1,0,0
1981,15,-1,-1,-1,0,0
1982,15,-1,-1,-1,0,0
1983,-1,1364,812,-1,0,0
1984,-1,1365,812,-1,0,0
1985,-1,1366,812,-1,0,0
1986,-1,1367,813,-1,0,0
1987,-1,1368,814,-1,0,0
1988,-1,1368,814,-1,0,0
1989,-1,1368,814,-1,0,0
1990,-1,1368,815,-1,0,0
1991,-1,1369,816,-1,0,0
1992,-1,1370,816,-1,0,0
1993,-1,1370,816,-1,0,0
1994,-1,1370,816,-1,0,0
1995,-1,1370,816,-1,0,0
1996,-1,1371,816,-1,0,0
1997,-1,1372,817,-1,0,0
1998,-1,1372,818,-1,0,0
1999,-1,1372,818,-1,0,0
2000,-1,1373,818,-1,0,0
2001,-1,1374,818,-1,0,0
2002,-1,1375,819,-1,0,0
2003,-1,1376,820,-1,0,0
2004,-1,1377,821,-1,0,0
2005,-1,1377,822,-1,0,0
2006,-1,1378,823,-1,0,0
2007,-1,1379,823,-1,0,0
2008,-1,1380,823,-1,0,0
2009,-1,1380,823,-1,0,0
2010,-1,1381,823,-1,0,0
2011,-1,1382,823,-1,0,0
2012,-1,1383,823,-1,0,0
2013,-1,1384,823,-1,0,0
2014,-1,1385,823,-1,0,0
2015,-1,1385,823,-1,0,0
2016,-1,1386,823,-1,0,0
2017,-1,1387,823,-1,0,0
2018,-1,1388,823,-1,0,0
2019,-1,1389,823,-1,0,0
2020,-1,1389,823,-1,0,0
2021,-1,1389,824,-1,0,0
2022,-1,1389,825,-1,0,0
2023,-1,1390,826,-1,0,0
2024,-1,1391,826,-1,0,0
2025,-1,1392,826,-1,0,0
2026,-1,1392,826,-1,0,0
2027,-1,1393,826,-1,0,0
2028,-1,1394,827,-1,0,0
2029,-1,1394,828,-1,0,0
2030,-1,1395,829,-1,0,0
2031,-1,1396,830,-1,0,0
2032,-1,1397,830,-1,0,0
2033,-1,1398,830,-1,0,0
2034,-1,1399,830,-1,0,0
2035,-1,1400,831,-1,0,0
2036,-1,1401,832,-1,0,0
2037,-1,1402,832,-1,0,0
2038,-1,1403,832,-1,0,0
2039,-1,1404,832,-1,0,0
2040,-1,1404,832,-1,0,0
2041,-1,1404,832,-1,0,0
2042,-1,1404,832,-1,0,0
2043,-1,1404,832,-1,0,0
2044,-1,1404,832,-1,0,0
2045,-1,1405,832,-1,0,0
2046,-1,1405,833,-1,0,0
2047,-1,1405,834,-1,0,0
2048,-1,1406,834,-1,0,0
2049,-1,1406,834,-1,0,0
2050,-1,1406,835,-1,0,0
2051,-1,1406,836,-1,0,0
2052,-1,1406,836,-1,0,0
2053,-1,1407,836,-1,0,0
2054,-1,1408,836,-1,0,0
2055,-1,1409,836,-1,0,0
2056,-1,1410,836,-1,0,0
2057,-1,1411,836,-1,0,0
2058,-1,1412,837,-1,0,0
2059,-1,1413,838,-1,0,0
2060,-1,1414,838,-1,0,0
2061,-1,1414,838,-1,0,0
2062,-1,1415,839,-1,0,0
2063,-1,1416,840,-1,0,0
2064,-1,1417,840,-1,0,0
2065,-1,1418,840,-1,0,0
2066,-1,1419,840,-1,0,0
2067,-1,1419,840,-1,0,0
2068,-1,1420,840,-1,0,0
2069,-1,1421,840,-1,0,0
2070,-1,1421,840,-1,0,0
2071,-1,1422,841,-1,0,0
2072,-1,1423,842,-1,0,0
2073,-1,1424,843,-1,0,0
2074,-1,1425,844,-1,0,0
2075,-1,1425,845,-1,0,0
2076,-1,1426,846,-1,0,0
2077,-1,1427,847,-1,0,0
2078,-1,1428,848,-1,0,0
2079,-1,1429,848,-1,0,0
2080,-1,1430,849,-1,0,0
2081,-1,1430,850,-1,0,0
2082,-1,1431,851,-1,0,0
2083,-1,1431,852,-1,0,0
2084,-1,1432,852,-1,0,0
2085,-1,1433,852,-1,0,0
2086,-1,1433,852,-1,0,0
2087,-1,1434,852,-1,0,0
2088,-1,1435,852,-1,0,0
2089,-1,1436,853,-1,0,0
2090,-1,1437,854,-1,0,0
2091,-1,1437,854,-1,0,0
2092,-1,1438,855,-1,0,0
2093,-1,1438,856,-1,0,0
2094,-1,1438,857,-1,0,0
2095,-1,1439,858,-1,0,0
2096,-1,1440,858,-1,0,0
2097,-1,1440,859,-1,0,0
2098,-1,1441,860,-1,0,0
2099,-1,1442,861,-1,0,0
2100,-1,1443,862,-1,0,0
2101,-1,1444,863,-1,0,0
2102,-1,1445,864,-1,0,0
2103,-1,1445,864,-1,0,0
2104,-1,1446,864,-1,0,0
2105,-1,1446,865,-1,0,0
2106,-1,1447,866,-1,0,0
2107,-1,1447,866,-1,0,0
2108,-1,1448,866,-1,0,0
2109,-1,1449,867,-1,0,0
2110,-1,1450,868,-1,0,0
2111,-1,1450,869,-1,0,0
2112,-1,1451,870,-1,0,0
2113,-1,1452,870,-1,0,0
2114,-1,1453,870,-1,0,0
2115,-1,1454,871,-1,0,0
2116,-1,1455,872,-1,0,0
2117,-1,1456,873,-1,0,0
2118,-1,1457,874,-1,0,0
2119,-1,1458,875,-1,0,0
2120,-1,1459,875,-1,0,0
2121,-1,1459,875,-1,0,0
2122,-1,1460,876,-1,0,0
2123,-1,1461,877,-1,0,0
2124,-1,1462,877,-1,0,0
2125,-1,1462,878,-1,0,0
2126,-1,1463,879,-1,0,0
2127,-1,1463,879,-1,0,0
2128,-1,1464,879,-1,0,0
2129,-1,1465,879,-1,0,0
2130,-1,1465,880,-1,0,0
2131,-1,1465,881,-1,0,0
2132,-1,1465,881,-1,0,0
2133,-1,1466,881,-1,0,0
2134,-1,1467,882,-1,0,0
2135,-1,1468,883,-1,0,0
2136,-1,1469,883,-1,0,0
2137,-1,1470,884,-1,0,0
2138,-1,1471,885,-1,0,0
2139,-1,1472,885,-1,0,0
2140,-1,1473,885,-1,0,0
2141,-1,1474,885,-1,0,0
2142,-1,1474,885,-1,0,0
2143,-1,1474,885,-1,0,0
2144,-1,1475,885,-1,0,0
2145,-1,1476,885,-1,0,0
2146,-1,1477,885,-1,0,0
2147,-1,1477,885,-1,0,0
2148,-1,1478,885,-1,0,0
2149,-1,1479,885,-1,0,0
2150,-1,1480,885,-1,0,0
2151,-1,1481,885,-1,0,0
2152,-1,1482,885,-1,0,0
2153,-1,1483,885,-1,0,0
2154,-1,1484,885,-1,0,0
2155,-1,1485,885,-1,0,0
2156,-1,1486,885,-1,0,0
2157,-1,1487,885,-1,0,0
2158,-1,1487,886,-1,0,0
2159,-1,1487,887,-1,0,0
2160,-1,1487,887,-1,0,0
2161,-1,1488,887,-1,0,0
2162,-1,1488,887,-1,0,0
2163,-1,1489,887,-1,0,0
2164,-1,1489,887,-1,0,0
2165,-1,1490,888,-1,0,0
2166,-1,1491,889,-1,0,0
2167,-1,1491,889,-1,0,0
2168,-1,1492,889,-1,0,0
2169,-1,1492,889,-1,0,0
2170,-1,1493,889,-1,0,0
2171,-1,1494,890,-1,0,0
2172,-1,1495,891,-1,0,0
2173,-1,1495,891,-1,0,0
2174,-1,1495,891,-1,0,0
2175,-1,1496,891,-1,0,0
2176,-1,1496,891,-1,0,0
2177,-1,1497,891,-1,0,0
2178,-1,1497,891,-1,0,0
2179,-1,1497,892,-1,0,0
2180,-1,1497,893,-1,0,0
2181,-1,1497,893,-1,0,0
2182,-1,1497,893,-1,0,0
2183,-1,1498,893,-1,0,0
2184,-1,1498,894,-1,0,0
2185,-1,1498,895,-1,0,0
2186,-1,1499,895,-1,0,0
2187,-1,1500,895,-1,0,0
2188,-1,1501,895,-1,0,0
2189,-1,1502,895,-1,0,0
2190,-1,1503,895,-1,0,0
2191,-1,1503,895,-1,0,0
2192,-1,1503,896,-1,0,0
2193,-1,1503,897,-1,0,0
2194,-1,1503,897,-1,0,0
2195,-1,1504,897,-1,0,0
2196,-1,1505,897,-1,0,0
2197,-1,1506,897,-1,0,0
2198,-1,1507,897,-1,0,0
2199,-1,1508,897,-1,0,0
2200,-1,1509,897,-1,0,0
2201,-1,1510,898,-1,0,0
2202,-1,1511,899,-1,0,0
2203,-1,1512,899,-1,0,0
2204,-1,1513,900,-1,0,0
2205,-1,1513,901,-1,0,0
2206,-1,1514,902,-1,0,0
2207,-1,1514,902,-1,0,0
2208,-1,1515,903,-1,0,0
2209,-1,1516,904,-1,0,0
2210,-1,1516,905,-1,0,0
2211,-1,1517,906,-1,0,0
2212,-1,1517,907,-1,0,0
2213,-1,1518,907,-1,0,0
2214,-1,1519,907,-1,0,0
2215,-1,1520,907,-1,0,0
2216,-1,1521,907,-1,0,0
2217,-1,1521,907,-1,0,0
2218,-1,1522,907,-1,0,0
2219,-1,1522,907,-1,0,0
2220,-1,1523,907,-1,0,0
2221,-1,1524,907,-1,0,0
2222,-1,1524,907,-1,0,0
2223,-1,1524,907,-1,0,0
2224,-1,1525,907,-1,0,0
2225,-1,1525,907,-1,0,0
2226,-1,1526,907,-1,0,0
2227,-1,1526,907,-1,0,0
2228,-1,1527,907,-1,0,0
2229,-1,1528,907,-1,0,0
2230,-1,1529,907,-1,0,0
2231,-1,1529,907,-1,0,0
2232,-1,1530,907,-1,0,0
2233,-1,1531,908,-1,0,0
2234,-1,1532,909,-1,0,0
2235,-1,1533,909,-1,0,0
2236,-1,1534,909,-1,0,0
2237,-1,1535,909,-1,0,0
2238,-1,1536,909,-1,0,0
2239,-1,1536,909,-1,0,0
2240,-1,1537,910,-1,0,0
2241,-1,1538,911,-1,0,0
2242,-1,1539,912,-1,0,0
2243,-1,1539,913,-1,0,0
2244,-1,1540,913,-1,0,0
2245,-1,1541,913,-1,0,0
2246,-1,1542,914,-1,0,0
2247,-1,1543,915,-1,0,0
2248,-1,1543,916,-1,0,0
2249,-1,1544,917,-1,0,0
2250,-1,1544,918,-1,0,0
2251,-1,1545,918,-1,0,0
2252,-1,1546,919,-1,0,0
2253,-1,1547,920,-1,0,0
2254,-1,1547,920,-1,0,0
2255,-1,1547,920,-1,0,0
2256,-1,1548,921,-1,0,0
2257,-1,1549,922,-1,0,0
2258,-1,1550,922,-1,0,0
2259,-1,1551,923,-1,0,0
2260,-1,1552,924,-1,0,0
2261,-1,1553,924,-1,0,0
2262,-1,1554,924,-1,0,0
2263,-1,1555,924,-1,0,0
2264,-1,1556,924,-1,0,0
2265,-1,1557,924,-1,0,0
2266,-1,1558,924,-1,0,0
2267,-1,1559,925,-1,0,0
2268,-1,1560,926,-1,0,0
2269,-1,1561,926,-1,0,0
2270,-1,1561,926,-1,0,0
2271,-1,1561,926,-1,0,0
2272,-1,1561,926,-1,0,0
2273,-1,1561,926,-1,0,0
2274,-1,1562,926,-1,0,0
2275,-1,1563,927,-1,0,0
2276,-1,1564,928,-1,0,0
2277,-1,1565,928,-1,0,0
2278,-1,1566,928,-1,0,0
2279,-1,1566,928,-1,0,0
2280,-1,1567,928,-1,0,0
2281,-1,1568,929,-1,0,0
2282,-1,1569,930,-1,0,0
2283,-1,1569,931,-1,0,0
2284,16,-1,-1,-1,0,0
2285,16,-1,-1,-1,0,0
2286,-1,1570,932,-1,0,0
2287,-1,1571,932,-1,0,0
2288,-1,1572,932,-1,0,0
2289,-1,1573,932,-1,0,0
2290,-1,1573,932,-1,0,0
2291,-1,1574,932,-1,0,0
2292,-1,1575,933,-1,0,0
2293,-1,1576,934,-1,0,0
2294,-1,1577,935,-1,0,0
2295,-1,1578,935,-1,0,0
2296,-1,1579,935,-1,0,0
2297,-1,1580,936,-1,0,0
2298,-1,1580,937,-1,0,0
2299,-1,1581,937,-1,0,0
2300,-1,1582,937,-1,0,0
2301,-1,1583,937,-1,0,0
2302,-1,1584,937,-1,0,0
2303,-1,1585,937,-1,0,0
2304,-1,1586,937,-1,0,0
2305,-1,1587,938,-1,0,0
2306,-1,1587,939,-1,0,0
2307,-1,1588,940,-1,0,0
2308,-1,1589,941,-1,0,0
2309,-1,1589,942,-1,0,0
2310,-1,1590,943,-1,0,0
2311,-1,1591,943,-1,0,0
2312,-1,1592,944,-1,0,0
2313,-1,1593,945,-1,0,0
2314,-1,1593,945,-1,0,0
2315,-1,1594,945,-1,0,0
2316,-1,1595,945,-1,0,0
2317,-1,1596,946,-1,0,0
2318,-1,1597,947,-1,0,0
2319,-1,1598,948,-1,0,0
2320,-1,1599,948,-1,0,0
2321,-1,1600,949,-1,0,0
2322,-1,1601,949,-1,0,0
2323,-1,1601,949,-1,0,0
2324,-1,1601,949,-1,0,0
2325,-1,1602,949,-1,0,0
2326,-1,1603,949,-1,0,0
2327,-1,1604,950,-1,0,0
2328,-1,1605,951,-1,0,0
2329,-1,1605,951,-1,0,0
2330,-1,1605,951,-1,0,0
2331,-1,1605,952,-1,0,0
2332,-1,1605,953,-1,0,0
2333,-1,1605,954,-1,0,0
2334,-1,1605,955,-1,0,0
2335,-1,1605,955,-1,0,0
2336,-1,1605,956,-1,0,0
2337,-1,1605,957,-1,0,0
2338,-1,1606,958,-1,0,0
2339,-1,1607,959,-1,0,0
2340,-1,1608,959,-1,0,0
2341,-1,1608,959,-1,0,0
2342,-1,1608,960,-1,0,0
2343,-1,1609,961,-1,0,0
2344,-1,1610,962,-1,0,0
2345,-1,1611,963,-1,0,0
2346,-1,1612,963,-1,0,0
2347,-1,1612,963,-1,0,0
2348,-1,1613,963,-1,0,0
2349,-1,1613,963,-1,0,0
2350,-1,1614,963,-1,0,0
2351,-1,1615,963,-1,0,0
2352,-1,1616,964,-1,0,0
2353,-1,1617,964,-1,0,0
2354,-1,1618,965,-1,0,0
2355,-1,1619,965,-1,0,0
2356,-1,1620,965,-1,0,0
2357,-1,1621,966,-1,0,0
2358,-1,1622,967,-1,0,0
2359,-1,1623,967,-1,0,0
2360,-1,1624,967,-1,0,0
2361,-1,1625,967,-1,0,0
2362,-1,1625,967,-1,0,0
2363,-1,1626,967,-1,0,0
2364,-1,1627,967,-1,0,0
2365,-1,1628,967,-1,0,0
2366,-1,1629,968,-1,0,0
2367,-1,1630,969,-1,0,0
2368,-1,1631,970,-1,0,0
2369,-1,1632,971,-1,0,0
2370,-1,1632,972,-1,0,0
2371,-1,1633,973,-1,0,0
2372,-1,1634,974,-1,0,0
2373,-1,1635,975,-1,0,0
2374,-1,1636,976,-1,0,0
2375,-1,1636,976,-1,0,0
2376,-1,1637,976,-1,0,0
2377,-1,1637,977,-1,0,0
2378,-1,1638,978,-1,0,0
2379,-1,1639,978,-1,0,0
2380,-1,1640,978,-1,0,0
2381,-1,1641,979,-1,0,0
2382,-1,1642,980,-1,0,0
2383,-1,1643,980,-1,0,0
2384,-1,1644,980,-1,0,0
2385,-1,1645,980,-1,0,0
2386,-1,1645,980,-1,0,0
2387,-1,1645,981,-1,0,0
2388,-1,1646,982,-1,0,0
2389,-1,1647,982,-1,0,0
2390,-1,1647,982,-1,0,0
2391,-1,1648,982,-1,0,0
2392,-1,1649,982,-1,0,0
2393,-1,1650,983,-1,0,0
2394,-1,1651,984,-1,0,0
2395,-1,1652,984,-1,0,0
2396,-1,1653,984,-1,0,0
2397,-1,1654,985,-1,0,0
2398,-1,1654,986,-1,0,0
2399,-1,1654,987,-1,0,0
2400,-1,1655,988,-1,0,0
2401,-1,1656,989,-1,0,0
2402,-1,1656,989,-1,0,0
2403,-1,1656,989,-1,0,0
2404,-1,1656,989,-1,0,0
2405,-1,1657,989,-1,0,0
2406,-1,1658,989,-1,0,0
2407,-1,1658,990,-1,0,0
2408,-1,1659,991,-1,0,0
2409,-1,1659,991,-1,0,0
2410,-1,1660,991,-1,0,0
2411,-1,1660,992,-1,0,0
2412,-1,1661,993,-1,0,0
2413,-1,1662,993,-1,0,0
2414,-1,1662,993,-1,0,0
2415,-1,1663,993,-1,0,0
2416,-1,1664,994,-1,0,0
2417,-1,1664,995,-1,0,0
2418,-1,1665,996,-1,0,0
2419,-1,1665,996,-1,0,0
2420,17,-1,-1,-1,0,0
2421,-1,1666,997,-1,0,0
2422,-1,1667,998,-1,0,0
2423,-1,1667,998,-1,0,0
2424,-1,1668,998,-1,0,0
2425,-1,1669,999,-1,0,0
2426,-1,1670,1000,-1,0,0
2427,-1,1670,1000,-1,0,0
2428,-1,1671,1000,-1,0,0
2429,-1,1672,1000,-1,0,0
2430,-1,1672,1000,-1,0,0
2431,-1,1672,1000,-1,0,0
2432,-1,1672,1000,-1,0,0
2433,-1,1673,1000,-1,0,0
2434,-1,1674,1000,-1,0,0
2435,-1,1675,1001,-1,0,0
2436,-1,1676,1002,-1,0,0
2437,-1,1677,1002,-1,0,0
2438,-1,1678,1003,-1,0,0
2439,-1,1679,1004,-1,0,0
2440,-1,1680,1004,-1,0,0
2441,-1,1681,1004,-1,0,0
2442,-1,1681,1004,-1,0,0
2443,-1,1681,1005,-1,0,0
2444,-1,1682,1006,-1,0,0
2445,-1,1683,1007,-1,0,0
2446,-1,1684,1007,-1,0,0
2447,18,-1,-1,-1,0,0
2448,19,-1,-1,-1,0,0
2449,-1,1685,1007,-1,0,0
2450,-1,1686,1007,-1,0,0
2451,-1,1687,1007,-1,0,0
2452,-1,1687,1007,-1,0,0
2453,-1,1687,1007,-1,0,0
2454,-1,1688,1008,-1,0,0
2455,-1,1689,1009,-1,0,0
2456,-1,1689,1009,-1,0,0
2457,-1,1689,1009,-1,0,0
2458,-1,1689,1009,-1,0,0
2459,-1,1690,1009,-1,0,0
2460,-1,1690,1009,-1,0,0
2461,-1,1691,1010,-1,0,0
2462,-1,1692,1011,-1,0,0
2463,-1,1693,1011,-1,0,0
2464,-1,1694,1011,-1,0,0
2465,-1,1695,1011,-1,0,0
2466,-1,1695,1011,-1,0,0
2467,-1,1695,1011,-1,0,0
2468,-1,1695,1011,-1,0,0
2469,-1,1695,1011,-1,0,0
2470,-1,1695,1011,-1,0,0
2471,-1,1696,1011,-1,0,0
2472,-1,1697,1011,-1,0,0
2473,-1,1698,1011,-1,0,0
2474,-1,1699,1011,-1,0,0
2475,-1,1699,1011,-1,0,0
2476,-1,1699,1011,-1,0,0
2477,-1,1700,1012,-1,0,0
2478,-1,1701,1012,-1,0,0
2479,-1,1702,1013,-1,0,0
2480,-1,1702,1014,-1,0,0
2481,-1,1702,1015,-1,0,0
2482,-1,1703,1015,-1,0,0
2483,-1,1704,1016,-1,0,0
2484,-1,1705,1016,-1,0,0
2485,-1,1706,1016,-1,0,0
2486,-1,1706,1016,-1,0,0
2487,-1,1707,1016,-1,0,0
2488,-1,1708,1016,-1,0,0
2489,-1,1709,1016,-1,0,0
2490,-1,1710,1016,-1,0,0
2491,-1,1710,1016,-1,0,0
2492,-1,1711,1016,-1,0,0
2493,-1,1712,1016,-1,0,0
2494,-1,1713,1017,-1,0,0
2495,-1,1714,1018,-1,0,0
2496,-1,1715,1018,-1,0,0
2497,-1,1716,1018,-1,0,0
2498,-1,1717,1018,-1,0,0
2499,-1,1718,1019,-1,0,0
2500,-1,1719,1020,-1,0,0
2501,-1,1720,1020,-1,0,0
2502,-1,1720,1020,-1,0,0
2503,-1,1720,1020,-1,0,0
2504,-1,1720,1020,-1,0,0
2505,-1,1720,1020,-1,0,0
2506,-1,1721,1021,-1,0,0
2507,-1,1722,1022,-1,0,0
2508,-1,1723,1022,-1,0,0
2509,-1,1724,1023,-1,0,0
2510,-1,1725,1024,-1,0,0
2511,-1,1726,1025,-1,0,0
2512,-1,1727,1026,-1,0,0
2513,-1,1728,1026,-1,0,0
2514,-1,1729,1026,-1,0,0
2515,-1,1729,1026,-1,0,0
2516,-1,1730,1027,-1,0,0
2517,-1,1730,1028,-1,0,0
2518,-1,1731,1028,-1,0,0
2519,-1,1732,1028,-1,0,0
2520,-1,1733,1029,-1,0,0
2521,-1,1733,1030,-1,0,0
2522,-1,1733,1031,-1,0,0
2523,-1,1733,1032,-1,0,0
2524,-1,1734,1032,-1,0,0
2525,-1,1735,1033,-1,0,0
2526,-1,1736,1034,-1,0,0
2527,-1,1736,1035,-1,0,0
2528,-1,1737,1036,-1,0,0
2529,-1,1738,1036,-1,0,0
2530,-1,1739,1036,-1,0,0
2531,-1,1739,1036,-1,0,0
2532,-1,1739,1036,-1,0,0
2533,-1,1740,1037,-1,0,0
2534,-1,1741,1038,-1,0,0
2535,-1,1742,1039,-1,0,0
2536,-1,1743,1040,-1,0,0
2537,-1,1744,1041,-1,0,0
2538,-1,1745,1042,-1,0,0
2539,-1,1746,1042,-1,0,0
2540,-1,1746,1042,-1,0,0
2541,-1,1747,1042,-1,0,0
2542,-1,1748,1042,-1,0,0
2543,-1,1749,1043,-1,0,0
2544,-1,1750,1044,-1,0,0
2545,-1,1751,1045,-1,0,0
2546,-1,1751,1046,-1,0,0
2547,-1,1751,1046,-1,0,0
2548,-1,1752,1046,-1,0,0
2549,-1,1753,1046,-1,0,0
2550,-1,1754,1046,-1,0,0
2551,-1,1755,1047,-1,0,0
2552,-1,1755,1048,-1,0,0
2553,-1,1756,1048,-1,0,0
2554,20,-1,-1,-1,0,0
2555,-1,1756,1049,-1,0,0
2556,-1,1757,1050,-1,0,0
2557,-1,1758,1050,-1,0,0
2558,-1,1758,1050,-1,0,0
2559,-1,1758,1050,-1,0,0
2560,-1,1759,1050,-1,0,0
2561,-1,1760,1050,-1,0,0
2562,-1,1761,1050,-1,0,0
2563,-1,1761,1050,-1,0,0
2564,-1,1762,1050,-1,0,0
2565,-1,1763,1050,-1,0,0
2566,-1,1764,1050,-1,0,0
2567,-1,1765,1050,-1,0,0
2568,-1,1766,1050,-1,0,0
2569,-1,1767,1051,-1,0,0
2570,-1,1768,1052,-1,0,0
2571,-1,1768,1052,-1,0,0
2572,-1,1769,1052,-1,0,0
2573,-1,1770,1052,-1,0,0
2574,-1,1771,1052,-1,0,0
2575,-1,1771,1052,-1,0,0
2576,-1,1772,1052,-1,0,0
2577,-1,1773,1052,-1,0,0
2578,-1,1774,1052,-1,0,0
2579,-1,1775,1052,-1,0,0
2580,-1,1776,1052,-1,0,0
2581,-1,1777,1052,-1,0,0
2582,-1,1778,1052,-1,0,0
2583,-1,1779,1052,-1,0,0
2584,-1,1779,1052,-1,0,0
2585,-1,1779,1052,-1,0,0
2586,-1,1779,1052,-1,0,0
2587,-1,1779,1052,-1,0,0
2588,-1,1780,1053,-1,0,0
2589,-1,1781,1054,-1,0,0
2590,-1,1781,1054,-1,0,0
2591,-1,1782,1055,-1,0,0
2592,-1,1782,1056,-1,0,0
2593,-1,1782,1057,-1,0,0
2594,-1,1782,1057,-1,0,0
2595,-1,1783,1058,-1,0,0
2596,-1,1783,1059,-1,0,0
2597,-1,1784,1060,-1,0,0
2598,-1,1785,1061,-1,0,0
2599,-1,1786,1062,-1,0,0
2600,-1,1787,1063,-1,0,0
2601,21,-1,-1,-1,0,0
2602,21,-1,-1,-1,0,0
2603,-1,1788,1064,-1,0,0
2604,-1,1789,1064,-1,0,0
2605,-1,1790,1065,-1,0,0
2606,-1,1791,1065,-1,0,0
2607,-1,1792,1065,-1,0,0
2608,-1,1793,1065,-1,0,0
2609,-1,1794,1065,-1,0,0
2610,-1,1795,1065,-1,0,0
2611,-1,1796,1065,-1,0,0
2612,-1,1796,1065,-1,0,0
2613,-1,1797,1065,-1,0,0
2614,-1,1798,1065,-1,0,0
2615,-1,1799,1066,-1,0,0
2616,-1,1799,1067,-1,0,0
2617,-1,1799,1068,-1,0,0
2618,-1,1800,1069,-1,0,0
2619,-1,1800,1070,-1,0,0
2620,-1,1801,1071,-1,0,0
2621,-1,1801,1072,-1,0,0
2622,-1,1802,1073,-1,0,0
2623,-1,1803,1074,-1,0,0
2624,-1,1804,1075,-1,0,0
2625,-1,1805,1076,-1,0,0
2626,-1,1806,1077,-1,0,0
2627,-1,1806,1077,-1,0,0
2628,-1,1807,1078,-1,0,0
2629,-1,1807,1079,-1,0,0
2630,-1,1808,1080,-1,0,0
2631,-1,1808,1081,-1,0,0
2632,-1,1808,1081,-1,0,0
2633,-1,1809,1081,-1,0,0
2634,-1,1810,1081,-1,0,0
2635,-1,1810,1082,-1,0,0
2636,-1,1811,1083,-1,0,0
2637,-1,1812,1084,-1,0,0
2638,-1,1812,1085,-1,0,0
2639,-1,1813,1086,-1,0,0
2640,-1,1813,1087,-1,0,0
2641,-1,1814,1087,-1,0,0
2642,-1,1815,1087,-1,0,0
2643,-1,1816,1087,-1,0,0
2644,-1,1817,1087,-1,0,0
2645,-1,1818,1087,-1,0,0
2646,-1,1819,1087,-1,0,0
2647,-1,1819,1088,-1,0,0
2648,-1,1820,1089,-1,0,0
2649,-1,1820,1090,-1,0,0
2650,-1,1821,1091,-1,0,0
2651,-1,1822,1092,-1,0,0
2652,-1,1823,1093,-1,0,0
2653,-1,1824,1094,-1,0,0
2654,-1,1825,1094,-1,0,0
2655,-1,1826,1094,-1,0,0
2656,-1,1826,1094,-1,0,0
2657,-1,1826,1094,-1,0,0
2658,-1,1827,1095,-1,0,0
2659,-1,1828,1096,-1,0,0
2660,-1,1829,1096,-1,0,0
2661,-1,1829,1096,-1,0,0
2662,-1,1829,1096,-1,0,0
2663,-1,1830,1096,-1,0,0
2664,-1,1831,1097,-1,0,0
2665,-1,1832,1097,-1,0,0
2666,-1,1833,1098,-1,0,0
2667,-1,1834,1099,-1,0,0
2668,-1,1835,1100,-1,0,0
2669,-1,1836,1101,-1,0,0
2670,-1,1837,1101,-1,0,0
2671,-1,1838,1101,-1,0,0
2672,-1,1838,1101,-1,0,0
2673,-1,1839,1101,-1,0,0
2674,-1,1840,1101,-1,0,0
2675,-1,1840,1101,-1,0,0
2676,-1,1840,1102,-1,0,0
2677,-1,1841,1103,-1,0,0
2678,-1,1842,1104,-1,0,0
2679,-1,1843,1104,-1,0,0
2680,-1,1844,1104,-1,0,0
2681,-1,1844,1104,-1,0,0
2682,-1,1845,1104,-1,0,0
2683,-1,1845,1105,-1,0,0
2684,-1,1846,1106,-1,0,0
2685,-1,1847,1106,-1,0,0
2686,-1,1848,1106,-1,0,0
2687,-1,1849,1106,-1,0,0
2688,-1,1850,1106,-1,0,0
2689,-1,1850,1107,-1,0,0
2690,-1,1851,1108,-1,0,0
2691,-1,1852,1109,-1,0,0
2692,-1,1853,1110,-1,0,0
2693,-1,1854,1110,-1,0,0
2694,-1,1855,1110,-1,0,0
2695,-1,1855,1110,-1,0,0
2696,-1,1855,1110,-1,0,0
2697,-1,1855,1110,-1,0,0
2698,-1,1856,1110,-1,0,0
2699,-1,1856,1110,-1,0,0
2700,-1,1857,1110,-1,0,0
2701,-1,1857,1110,-1,0,0
2702,-1,1858,1111,-1,0,0
2703,-1,1859,1112,-1,0,0
2704,-1,1860,1112,-1,0,0
2705,-1,1860,1112,-1,0,0
2706,-1,1860,1112,-1,0,0
2707,-1,1860,1112,-1,0,0
2708,-1,1861,1113,-1,0,0
2709,-1,1862,1114,-1,0,0
2710,-1,1863,1114,-1,0,0
2711,-1,1864,1115,-1,0,0
2712,-1,1865,1116,-1,0,0
2713,-1,1866,1116,-1,0,0
2714,-1,1866,1116,-1,0,0
2715,-1,1866,1116,-1,0,0
2716,-1,1866,1116,-1,0,0
2717,-1,1867,1117,-1,0,0
2718,-1,1867,1118,-1,0,0
2719,-1,1868,1118,-1,0,0
2720,-1,1869,1118,-1,0,0
2721,-1,1870,1118,-1,0,0
2722,-1,1871,1119,-1,0,0
2723,-1,1872,1120,-1,0,0
2724,-1,1873,1121,-1,0,0
2725,-1,1874,1122,-1,0,0
2726,-1,1875,1123,-1,0,0
2727,-1,1876,1124,-1,0,0
2728,-1,1877,1124,-1,0,0
2729,-1,1878,1124,-1,0,0
2730,-1,1879,1124,-1,0,0
2731,-1,1879,1124,-1,0,0
2732,-1,1880,1124,-1,0,0
2733,-1,1881,1124,-1,0,0
2734,-1,1882,1124,-1,0,0
2735,-1,1883,1124,-1,0,0
2736,-1,1883,1124,-1,0,0
2737,-1,1884,1125,-1,0,0
2738,-1,1885,1126,-1,0,0
2739,-1,1886,1127,-1,0,0
2740,-1,1886,1128,-1,0,0
2741,-1,1887,1129,-1,0,0
2742,-1,1887,1130,-1,0,0
2743,-1,1888,1130,-1,0,0
2744,-1,1889,1130,-1,0,0
2745,-1,1890,1130,-1,0,0
2746,-1,1891,1130,-1,0,0
2747,-1,1892,1130,-1,0,0
2748,-1,1893,1130,-1,0,0
2749,-1,1893,1130,-1,0,0
2750,-1,1893,1130,-1,0,0
2751,-1,1893,1130,-1,0,0
2752,-1,1894,1130,-1,0,0
2753,-1,1895,1130,-1,0,0
2754,-1,1896,1130,-1,0,0
2755,-1,1897,1130,-1,0,0
2756,-1,1897,1130,-1,0,0
2757,-1,1898,1130,-1,0,0
2758,-1,1899,1131,-1,0,0
2759,-1,1900,1132,-1,0,0
2760,-1,1901,1132,-1,0,0
2761,-1,1902,1133,-1,0,0
2762,-1,1903,1134,-1,0,0
2763,-1,1904,1134,-1,0,0
2764,-1,1904,1134,-1,0,0
2765,-1,1904,1134,-1,0,0
2766,-1,1905,1134,-1,0,0
2767,-1,1906,1134,-1,0,0
2768,-1,1907,1134,-1,0,0
2769,-1,1908,1135,-1,0,0
2770,-1,1909,1136,-1,0,0
2771,-1,1910,1136,-1,0,0
2772,-1,1911,1136,-1,0,0
2773,-1,1912,1136,-1,0,0
2774,-1,1913,1136,-1,0,0
2775,-1,1913,1136,-1,0,0
2776,-1,1914,1136,-1,0,0
2777,-1,1915,1136,-1,0,0
2778,-1,1916,1137,-1,0,0
2779,-1,1917,1138,-1,0,0
2780,-1,1918,1138,-1,0,0
2781,-1,1919,1138,-1,0,0
2782,-1,1919,1138,-1,0,0
2783,-1,1919,1138,-1,0,0
2784,-1,1919,1138,-1,0,0
2785,-1,1919,1139,-1,0,0
2786,-1,1920,1140,-1,0,0
2787,-1,1921,1141,-1,0,0
2788,-1,1922,1142,-1,0,0
2789,-1,1922,1142,-1,0,0
2790,-1,1923,1142,-1,0,0
2791,-1,1924,1142,-1,0,0
2792,-1,1925,1142,-1,0,0
2793,-1,1926,1143,-1,0,0
2794,-1,1927,1144,-1,0,0
2795,-1,1928,1145,-1,0,0
2796,-1,1929,1145,-1,0,0
2797,-1,1929,1145,-1,0,0
2798,-1,1930,1146,-1,0,0
2799,-1,1931,1147,-1,0,0
2800,-1,1932,1147,-1,0,0
2801,-1,1933,1148,-1,0,0
2802,-1,1934,1149,-1,0,0
2803,-1,1934,1149,-1,0,0
2804,-1,1934,1149,-1,0,0
2805,-1,1934,1149,-1,0,0
2806,-1,1934,1150,-1,0,0
2807,-1,1934,1151,-1,0,0
2808,-1,1935,1151,-1,0,0
2809,-1,1936,1152,-1,0,0
2810,-1,1936,1153,-1,0,0
2811,-1,1937,1154,-1,0,0
2812,-1,1938,1155,-1,0,0
2813,-1,1939,1155,-1,0,0
2814,-1,1940,1155,-1,0,0
2815,-1,1940,1155,-1,0,0
2816,-1,1941,1156,-1,0,0
2817,-1,1941,1157,-1,0,0
2818,-1,1942,1157,-1,0,0
2819,-1,1943,1158,-1,0,0
2820,-1,1943,1159,-1,0,0
2821,-1,1944,1160,-1,0,0
2822,-1,1945,1161,-1,0,0
2823,-1,1946,1162,-1,0,0
2824,-1,1947,1162,-1,0,0
2825,-1,1947,1162,-1,0,0
2826,-1,1948,1163,-1,0,0
2827,-1,1949,1164,-1,0,0
2828,-1,1950,1165,-1,0,0
2829,-1,1951,1166,-1,0,0
2830,-1,1951,1166,-1,0,0
2831,-1,1952,1166,-1,0,0
2832,-1,1953,1166,-1,0,0
2833,-1,1954,1166,-1,0,0
2834,-1,1955,1166,-1,0,0
2835,-1,1956,1166,-1,0,0
2836,-1,1957,1166,-1,0,0
2837,22,-1,-1,-1,0,0
2838,22,-1,-1,-1,0,0
2839,-1,1957,1166,-1,0,0
2840,-1,1957,1166,-1,0,0
2841,-1,1958,1167,-1,0,0
2842,-1,1959,1168,-1,0,0
2843,-1,1960,1168,-1,0,0
2844,-1,1960,1169,-1,0,0
2845,-1,1961,1170,-1,0,0
2846,-1,1961,1170,-1,0,0
2847,-1,1962,1171,-1,0,0
2848,-1,1963,1172,-1,0,0
2849,-1,1964,1172,-1,0,0
2850,-1,1964,1172,-1,0,0
2851,-1,1964,1173,-1,0,0
2852,-1,1965,1174,-1,0,0
2853,-1,1966,1175,-1,0,0
2854,-1,1967,1176,-1,0,0
2855,-1,1968,1176,-1,0,0
2856,-1,1969,1176,-1,0,0
2857,-1,1969,1176,-1,0,0
2858,-1,1969,1176,-1,0,0
2859,-1,1969,1176,-1,0,0
2860,-1,1970,1176,-1,0,0
2861,-1,1970,1176,-1,0,0
2862,-1,1971,1176,-1,0,0
2863,-1,1971,1176,-1,0,0
2864,-1,1972,1176,-1,0,0
2865,-1,1973,1176,-1,0,0
2866,-1,1974,1176,-1,0,0
2867,-1,1974,1176,-1,0,0
2868,-1,1975,1176,-1,0,0
2869,-1,1975,1176,-1,0,0
2870,-1,1976,1176,-1,0,0
2871,-1,1977,1176,-1,0,0
2872,-1,1978,1176,-1,0,0
2873,-1,1978,1176,-1,0,0
2874,-1,1978,1176,-1,0,0
2875,-1,1978,1176,-1,0,0
2876,-1,1979,1177,-1,0,0
2877,-1,1979,1178,-1,0,0
2878,-1,1980,1179,-1,0,0
2879,-1,1981,1180,-1,0,0
2880,-1,1981,1181,-1,0,0
2881,-1,1982,1182,-1,0,0
2882,-1,1983,1183,-1,0,0
2883,-1,1984,1183,-1,0,0
2884,-1,1985,1184,-1,0,0
2885,-1,1985,1184,-1,0,0
2886,-1,1985,1185,-1,0,0
2887,-1,1985,1186,-1,0,0
2888,-1,1986,1187,-1,0,0
2889,-1,1986,1188,-1,0,0
2890,-1,1986,1188,-1,0,0
2891,-1,1986,1188,-1,0,0
2892,-1,1986,1188,-1,0,0
2893,-1,1986,1188,-1,0,0
2894,-1,1987,1188,-1,0,0
2895,-1,1988,1188,-1,0,0
2896,-1,1989,1188,-1,0,0
2897,-1,1989,1189,-1,0,0
2898,-1,1990,1190,-1,0,0
2899,-1,1991,1190,-1,0,0
2900,-1,1991,1191,-1,0,0
2901,-1,1991,1192,-1,0,0
2902,-1,1992,1193,-1,0,0
2903,-1,1992,1194,-1,0,0
2904,-1,1993,1194,-1,0,0
2905,-1,1994,1195,-1,0,0
2906,-1,1995,1196,-1,0,0
2907,-1,1996,1196,-1,0,0
2908,-1,1997,1196,-1,0,0
2909,-1,1998,1196,-1,0,0
2910,-1,1999,1196,-1,0,0
2911,-1,2000,1196,-1,0,0
2912,-1,2001,1196,-1,0,0
2913,-1,2001,1197,-1,0,0
2914,-1,2002,1198,-1,0,0
2915,-1,2003,1198,-1,0,0
2916,-1,2004,1198,-1,0,0
2917,-1,2005,1199,-1,0,0
2918,-1,2005,1200,-1,0,0
2919,-1,2006,1201,-1,0,0
2920,-1,2007,1202,-1,0,0
2921,-1,2008,1203,-1,0,0
2922,-1,2009,1204,-1,0,0
2923,-1,2010,1205,-1,0,0
2924,-1,2011,1205,-1,0,0
2925,-1,2012,1205,-1,0,0
2926,-1,2013,1205,-1,0,0
2927,-1,2014,1205,-1,0,0
2928,-1,2015,1205,-1,0,0
2929,-1,2016,1205,-1,0,0
2930,-1,2017,1206,-1,0,0
2931,-1,2018,1207,-1,0,0
2932,-1,2019,1208,-1,0,0
2933,-1,2020,1209,-1,0,0
2934,-1,2021,1210,-1,0,0
2935,-1,2022,1210,-1,0,0
2936,-1,2023,1211,-1,0,0
2937,-1,2024,1212,-1,0,0
2938,-1,2025,1212,-1,0,0
2939,-1,2026,1212,-1,0,0
2940,-1,2026,1212,-1,0,0
2941,-1,2026,1212,-1,0,0
2942,-1,2026,1213,-1,0,0
2943,-1,2026,1214,-1,0,0
2944,-1,2027,1214,-1,0,0
2945,-1,2028,1214,-1,0,0
2946,-1,2029,1214,-1,0,0
2947,-1,2029,1214,-1,0,0
2948,-1,2029,1214,-1,0,0
2949,-1,2030,1214,-1,0,0
2950,-1,2031,1214,-1,0,0
2951,-1,2032,1214,-1,0,0
2952,-1,2033,1215,-1,0,0
2953,-1,2034,1216,-1,0,0
2954,-1,2035,1216,-1,0,0
2955,-1,2036,1216,-1,0,0
2956,-1,2037,1217,-1,0,0
2957,-1,2038,1218,-1,0,0
2958,-1,2039,1218,-1,0,0
2959,-1,2040,1218,-1,0,0
2960,-1,2041,1218,-1,0,0
2961,-1,2041,1218,-1,0,0
2962,-1,2041,1218,-1,0,0
2963,-1,2041,1218,-1,0,0
2964,-1,2041,1219,-1,0,0
2965,-1,2042,1220,-1,0,0
2966,-1,2043,1220,-1,0,0
2967,-1,2044,1220,-1,0,0
2968,-1,2045,1220,-1,0,0
2969,-1,2045,1220,-1,0,0
2970,-1,2046,1220,-1,0,0
2971,-1,2047,1220,-1,0,0
2972,-1,2047,1220,-1,0,0
2973,-1,2048,1220,-1,0,0
2974,-1,2048,1220,-1,0,0
2975,-1,2049,1220,-1,0,0
2976,-1,2050,1220,-1,0,0
2977,-1,2050,1220,-1,0,0
2978,-1,2051,1220,-1,0,0
2979,-1,2051,1220,-1,0,0
2980,-1,2051,1220,-1,0,0
2981,-1,2052,1221,-1,0,0
2982,-1,2053,1222,-1,0,0
2983,-1,2054,1222,-1,0,0
2984,-1,2055,1222,-1,0,0
2985,-1,2056,1222,-1,0,0
2986,-1,2056,1222,-1,0,0
2987,-1,2057,1223,-1,0,0
2988,-1,2057,1224,-1,0,0
2989,-1,2058,1225,-1,0,0
2990,-1,2058,1225,-1,0,0
2991,-1,2059,1225,-1,0,0
2992,-1,2059,1225,-1,0,0
2993,-1,2060,1225,-1,0,0
2994,-1,2061,1225,-1,0,0
2995,-1,2062,1225,-1,0,0
2996,-1,2062,1225,-1,0,0
2997,-1,2063,1225,-1,0,0
2998,-1,2064,1225,-1,0,0
2999,-1,2065,1225,-1,0,0
3000,-1,2066,1226,-1,0,0
3001,-1,2067,1227,-1,0,0
3002,-1,2068,1227,-1,0,0
3003,-1,2069,1228,-1,0,0
3004,-1,2070,1229,-1,0,0
3005,-1,2071,1229,-1,0,0
3006,-1,2071,1230,-1,0,0
3007,-1,2072,1231,-1,0,0
3008,-1,2073,1231,-1,0,0
3009,-1,2073,1231,-1,0,0
3010,-1,2074,1231,-1,0,0
3011,-1,2075,1231,-1,0,0
3012,-1,2075,1231,-1,0,0
3013,-1,2076,1231,-1,0,0
3014,-1,2077,1231,-1,0,0
3015,-1,2077,1231,-1,0,0
3016,-1,2077,1231,-1,0,0
3017,-1,2078,1231,-1,0,0
3018,-1,2079,1231,-1,0,0
3019,-1,2079,1231,-1,0,0
3020,-1,2080,1232,-1,0,0
3021,-1,2081,1233,-1,0,0
3022,-1,2081,1233,-1,0,0
3023,-1,2082,1233,-1,0,0
3024,-1,2083,1233,-1,0,0
3025,-1,2083,1233,-1,0,0
3026,-1,2084,1233,-1,0,0
3027,-1,2085,1233,-1,0,0
3028,-1,2085,1233,-1,0,0
3029,-1,2086,1233,-1,0,0
3030,-1,2087,1233,-1,0,0
3031,-1,2088,1233,-1,0,0
3032,-1,2089,1233,-1,0,0
3033,-1,2090,1233,-1,0,0
3034,-1,2091,1234,-1,0,0
3035,-1,2091,1235,-1,0,0
3036,-1,2092,1236,-1,0,0
3037,-1,2092,1237,-1,0,0
3038,-1,2093,1237,-1,0,0
3039,-1,2094,1237,-1,0,0
3040,-1,2094,1237,-1,0,0
3041,-1,2094,1237,-1,0,0
3042,-1,2095,1237,-1,0,0
3043,-1,2096,1237,-1,0,0
3044,-1,2096,1237,-1,0,0
3045,-1,2097,1238,-1,0,0
3046,-1,2098,1239,-1,0,0
3047,-1,2099,1239,-1,0,0
3048,-1,2100,1239,-1,0,0
3049,-1,2100,1239,-1,0,0
3050,-1,2101,1239,-1,0,0
3051,-1,2101,1240,-1,0,0
3052,-1,2102,1241,-1,0,0
3053,-1,2103,1241,-1,0,0
3054,-1,2103,1242,-1,0,0
3055,-1,2104,1243,-1,0,0
3056,-1,2104,1244,-1,0,0
3057,-1,2105,1245,-1,0,0
3058,-1,2106,1245,-1,0,0
3059,-1,2107,1245,-1,0,0
3060,-1,2108,1245,-1,0,0
3061,-1,2109,1245,-1,0,0
3062,-1,2109,1245,-1,0,0
3063,-1,2110,1245,-1,0,0
3064,-1,2110,1245,-1,0,0
3065,-1,2111,1245,-1,0,0
3066,-1,2111,1245,-1,0,0
3067,-1,2112,1245,-1,0,0
3068,-1,2113,1245,-1,0,0
3069,-1,2113,1245,-1,0,0
3070,-1,2114,1246,-1,0,0
3071,-1,2114,1247,-1,0,0
3072,-1,2115,1248,-1,0,0
3073,-1,2116,1249,-1,0,0
3074,-1,2117,1249,-1,0,0
3075,-1,2118,1249,-1,0,0
3076,-1,2119,1249,-1,0,0
3077,-1,2120,1249,-1,0,0
3078,-1,2121,1249,-1,0,0
3079,-1,2122,1249,-1,0,0
3080,-1,2122,1249,-1,0,0
3081,-1,2123,1249,-1,0,0
3082,-1,2124,1249,-1,0,0
3083,-1,2124,1249,-1,0,0
3084,-1,2125,1249,-1,0,0
3085,-1,2125,1249,-1,0,0
3086,-1,2125,1249,-1,0,0
3087,-1,2126,1250,-1,0,0
3088,-1,2126,1251,-1,0,0
3089,-1,2126,1251,-1,0,0
3090,-1,2127,1251,-1,0,0
3091,-1,2127,1251,-1,0,0
3092,-1,2128,1251,-1,0,0
3093,-1,2129,1251,-1,0,0
3094,-1,2130,1252,-1,0,0
3095,-1,2131,1253,-1,0,0
3096,-1,2132,1253,-1,0,0
3097,-1,2133,1253,-1,0,0
3098,-1,2134,1253,-1,0,0
3099,-1,2135,1254,-1,0,0
3100,-1,2136,1255,-1,0,0
3101,-1,2137,1255,-1,0,0
3102,-1,2138,1256,-1,0,0
3103,-1,2138,1257,-1,0,0
3104,-1,2138,1258,-1,0,0
3105,-1,2138,1259,-1,0,0
3106,-1,2139,1260,-1,0,0
3107,-1,2139,1260,-1,0,0
3108,-1,2140,1261,-1,0,0
3109,-1,2140,1262,-1,0,0
3110,-1,2141,1262,-1,0,0
3111,-1,2142,1263,-1,0,0
3112,-1,2143,1264,-1,0,0
3113,-1,2143,1264,-1,0,0
3114,-1,2144,1265,-1,0,0
3115,-1,2145,1266,-1,0,0
3116,-1,2145,1266,-1,0,0
3117,-1,2145,1266,-1,0,0
3118,-1,2145,1266,-1,0,0
3119,-1,2145,1266,-1,0,0
3120,-1,2145,1266,-1,0,0
3121,-1,2145,1266,-1,0,0
3122,-1,2146,1267,-1,0,0
3123,-1,2147,1268,-1,0,0
3124,-1,2148,1268,-1,0,0
3125,-1,2149,1269,-1,0,0
3126,-1,2149,1269,-1,0,0
3127,-1,2150,1270,-1,0,0
3128,-1,2151,1271,-1,0,0
3129,-1,2152,1272,-1,0,0
3130,-1,2153,1273,-1,0,0
3131,-1,2153,1274,-1,0,0
3132,-1,2154,1275,-1,0,0
3133,-1,2155,1276,-1,0,0
3134,-1,2155,1276,-1,0,0
3135,-1,2155,1276,-1,0,0
3136,-1,2156,1276,-1,0,0
3137,-1,2156,1276,-1,0,0
3138,-1,2157,1276,-1,0,0
3139,-1,2157,1276,-1,0,0
3140,-1,2158,1276,-1,0,0
3141,-1,2158,1276,-1,0,0
3142,-1,2159,1276,-1,0,0
3143,-1,2159,1276,-1,0,0
3144,-1,2159,1276,-1,0,0
3145,-1,2159,1276,-1,0,0
3146,-1,2160,1277,-1,0,0
3147,-1,2161,1278,-1,0,0
3148,-1,2161,1279,-1,0,0
3149,-1,2161,1279,-1,0,0
3150,-1,2161,1279,-1,0,0
3151,-1,2162,1279,-1,0,0
3152,-1,2162,1280,-1,0,0
3153,-1,2163,1281,-1,0,0
3154,-1,2164,1281,-1,0,0
3155,-1,2165,1281,-1,0,0
3156,-1,2165,1281,-1,0,0
3157,-1,2165,1282,-1,0,0
3158,-1,2166,1283,-1,0,0
3159,-1,2167,1283,-1,0,0
3160,-1,2168,1283,-1,0,0
3161,-1,2168,1283,-1,0,0
3162,-1,2169,1283,-1,0,0
3163,-1,2170,1284,-1,0,0
3164,-1,2171,1285,-1,0,0
3165,-1,2172,1285,-1,0,0
3166,-1,2173,1285,-1,0,0
3167,-1,2173,1285,-1,0,0
3168,-1,2174,1286,-1,0,0
3169,-1,2175,1287,-1,0,0
3170,-1,2176,1288,-1,0,0
3171,-1,2177,1289,-1,0,0
3172,-1,2178,1290,-1,0,0
3173,-1,2179,1290,-1,0,0
3174,-1,2179,1290,-1,0,0
3175,-1,2180,1291,-1,0,0
3176,-1,2181,1292,-1,0,0
3177,-1,2182,1292,-1,0,0
3178,-1,2183,1292,-1,0,0
3179,-1,2184,1293,-1,0,0
3180,-1,2184,1294,-1,0,0
3181,-1,2184,1295,-1,0,0
3182,-1,2185,1296,-1,0,0
3183,-1,2186,1297,-1,0,0
3184,-1,2187,1298,-1,0,0
3185,-1,2187,1299,-1,0,0
3186,-1,2188,1299,-1,0,0
3187,-1,2189,1299,-1,0,0
3188,-1,2190,1300,-1,0,0
3189,-1,2191,1301,-1,0,0
3190,-1,2191,1301,-1,0,0
3191,-1,2192,1301,-1,0,0
3192,-1,2192,1301,-1,0,0
3193,-1,2193,1301,-1,0,0
3194,-1,2193,1301,-1,0,0
3195,-1,2193,1301,-1,0,0
3196,-1,2194,1301,-1,0,0
3197,-1,2195,1302,-1,0,0
3198,-1,2196,1303,-1,0,0
3199,-1,2197,1303,-1,0,0
3200,-1,2198,1303,-1,0,0
3201,-1,2198,1303,-1,0,0
3202,-1,2198,1303,-1,0,0
3203,-1,2199,1303,-1,0,0
3204,-1,2200,1303,-1,0,0
3205,-1,2201,1304,-1,0,0
3206,-1,2202,1305,-1,0,0
3207,-1,2203,1305,-1,0,0
3208,-1,2204,1305,-1,0,0
3209,-1,2205,1306,-1,0,0
3210,-1,2205,1307,-1,0,0
3211,-1,2205,1307,-1,0,0
3212,-1,2206,1307,-1,0,0
3213,-1,2207,1307,-1,0,0
3214,-1,2207,1307,-1,0,0
3215,-1,2207,1307,-1,0,0
3216,-1,2207,1307,-1,0,0
3217,-1,2207,1307,-1,0,0
3218,-1,2208,1308,-1,0,0
3219,-1,2209,1309,-1,0,0
3220,-1,2209,1309,-1,0,0
3221,-1,2209,1309,-1,0,0
3222,-1,2209,1309,-1,0,0
3223,-1,2210,1310,-1,0,0
3224,-1,2210,1311,-1,0,0
3225,-1,2211,1311,-1,0,0
3226,-1,2212,1312,-1,0,0
3227,-1,2213,1313,-1,0,0
3228,-1,2213,1314,-1,0,0
3229,-1,2213,1315,-1,0,0
3230,-1,2214,1316,-1,0,0
3231,-1,2215,1316,-1,0,0
3232,-1,2216,1316,-1,0,0
3233,-1,2217,1317,-1,0,0
3234,-1,2218,1318,-1,0,0
3235,-1,2218,1318,-1,0,0
3236,-1,2218,1318,-1,0,0
3237,-1,2219,1318,-1,0,0
3238,-1,2220,1318,-1,0,0
3239,-1,2220,1318,-1,0,0
3240,-1,2221,1319,-1,0,0
3241,-1,2222,1320,-1,0,0
3242,-1,2222,1320,-1,0,0
3243,-1,2222,1320,-1,0,0
3244,-1,2222,1320,-1,0,0
3245,-1,2223,1320,-1,0,0
3246,-1,2224,1320,-1,0,0
3247,-1,2225,1320,-1,0,0
3248,-1,2225,1321,-1,0,0
3249,-1,2226,1322,-1,0,0
3250,-1,2226,1322,-1,0,0
3251,-1,2226,1322,-1,0,0
3252,-1,2227,1322,-1,0,0
3253,-1,2227,1322,-1,0,0
3254,-1,2227,1322,-1,0,0
3255,-1,2228,1322,-1,0,0
3256,-1,2228,1322,-1,0,0
3257,-1,2228,1322,-1,0,0
3258,23,-1,-1,-1,0,0
3259,-1,2229,1322,-1,0,0
3260,-1,2230,1323,-1,0,0
3261,-1,2231,1324,-1,0,0
3262,-1,2232,1324,-1,0,0
3263,-1,2233,1324,-1,0,0
3264,-1,2234,1325,-1,0,0
3265,-1,2235,1326,-1,0,0
3266,-1,2236,1326,-1,0,0
3267,-1,2237,1326,-1,0,0
3268,24,-1,-1,-1,0,0
3269,-1,2238,1326,-1,0,0
3270,-1,2239,1326,-1,0,0
3271,-1,2240,1326,-1,0,0
3272,-1,2240,1327,-1,0,0
3273,-1,2241,1328,-1,0,0
3274,-1,2242,1328,-1,0,0
3275,-1,2242,1328,-1,0,0
3276,-1,2243,1328,-1,0,0
3277,-1,2244,1328,-1,0,0
3278,-1,2244,1328,-1,0,0
3279,-1,2245,1328,-1,0,0
3280,-1,2246,1328,-1,0,0
3281,-1,2247,1328,-1,0,0
3282,-1,2248,1328,-1,0,0
3283,-1,2249,1328,-1,0,0
3284,-1,2250,1328,-1,0,0
3285,-1,2250,1328,-1,0,0
3286,-1,2250,1328,-1,0,0
3287,-1,2250,1328,-1,0,0
3288,-1,2251,1328,-1,0,0
3289,-1,2252,1328,-1,0,0
3290,-1,2253,1328,-1,0,0
3291,-1,2254,1328,-1,0,0
3292,-1,2255,1328,-1,0,0
3293,-1,2255,1328,-1,0,0
3294,-1,2255,1328,-1,0,0
3295,-1,2256,1328,-1,0,0
3296,-1,2256,1328,-1,0,0
3297,-1,2257,1329,-1,0,0
3298,-1,2257,1330,-1,0,0
3299,-1,2258,1330,-1,0,0
3300,-1,2258,1330,-1,0,0
3301,-1,2258,1330,-1,0,0
3302,-1,2258,1330,-1,0,0
3303,-1,2259,1330,-1,0,0
3304,-1,2260,1331,-1,0,0
3305,-1,2261,1332,-1,0,0
3306,-1,2262,1332,-1,0,0
3307,-1,2263,1332,-1,0,0
3308,-1,2264,1332,-1,0,0
3309,-1,2265,1333,-1,0,0
3310,-1,2266,1334,-1,0,0
3311,-1,2266,1334,-1,0,0
3312,-1,2266,1334,-1,0,0
3313,-1,2267,1334,-1,0,0
3314,-1,2268,1335,-1,0,0
3315,-1,2269,1336,-1,0,0
3316,-1,2269,1336,-1,0,0
3317,-1,2270,1336,-1,0,0
3318,-1,2270,1337,-1,0,0
3319,-1,2271,1338,-1,0,0
3320,-1,2271,1338,-1,0,0
3321,-1,2272,1338,-1,0,0
3322,-1,2273,1338,-1,0,0
3323,-1,2273,1338,-1,0,0
3324,-1,2274,1339,-1,0,0
3325,-1,2275,1340,-1,0,0
3326,-1,2276,1340,-1,0,0
3327,-1,2276,1340,-1,0,0
3328,-1,2277,1340,-1,0,0
3329,-1,2278,1341,-1,0,0
3330,-1,2279,1341,-1,0,0
3331,-1,2280,1342,-1,0,0
3332,-1,2280,1342,-1,0,0
3333,-1,2280,1342,-1,0,0
3334,-1,2281,1343,-1,0,0
3335,-1,2282,1344,-1,0,0
3336,-1,2282,1344,-1,0,0
3337,-1,2282,1344,-1,0,0
3338,-1,2283,1344,-1,0,0
3339,-1,2283,1344,-1,0,0
3340,-1,2284,1344,-1,0,0
3341,-1,2284,1344,-1,0,0
3342,-1,2285,1345,-1,0,0
3343,-1,2286,1346,-1,0,0
3344,-1,2286,1347,-1,0,0
3345,-1,2287,1348,-1,0,0
3346,-1,2287,1349,-1,0,0
3347,-1,2288,1349,-1,0,0
3348,-1,2289,1350,-1,0,0
3349,-1,2290,1351,-1,0,0
3350,-1,2290,1351,-1,0,0
3351,-1,2291,1351,-1,0,0
3352,-1,2291,1351,-1,0,0
3353,-1,2292,1351,-1,0,0
3354,-1,2292,1351,-1,0,0
3355,-1,2293,1351,-1,0,0
3356,-1,2293,1352,-1,0,0
3357,-1,2293,1352,-1,0,0
3358,-1,2294,1353,-1,0,0
3359,-1,2294,1353,-1,0,0
3360,-1,2295,1353,-1,0,0
3361,-1,2296,1353,-1,0,0
3362,-1,2297,1353,-1,0,0
3363,-1,2298,1353,-1,0,0
3364,-1,2299,1354,-1,0,0
3365,-1,2299,1355,-1,0,0
3366,-1,2299,1356,-1,0,0
3367,-1,2300,1357,-1,0,0
3368,-1,2300,1357,-1,0,0
3369,-1,2301,1357,-1,0,0
3370,-1,2302,1358,-1,0,0
3371,-1,2302,1359,-1,0,0
3372,-1,2302,1360,-1,0,0
3373,-1,2303,1360,-1,0,0
3374,-1,2304,1360,-1,0,0
3375,-1,2304,1360,-1,0,0
3376,-1,2304,1361,-1,0,0
3377,-1,2304,1362,-1,0,0
3378,-1,2305,1362,-1,0,0
3379,-1,2306,1362,-1,0,0
3380,-1,2307,1362,-1,0,0
3381,-1,2307,1362,-1,0,0
3382,-1,2308,1362,-1,0,0
3383,-1,2309,1362,-1,0,0
3384,-1,2310,1362,-1,0,0
3385,-1,2311,1362,-1,0,0
3386,-1,2311,1363,-1,0,0
3387,-1,2312,1364,-1,0,0
3388,-1,2313,1364,-1,0,0
3389,-1,2314,1365,-1,0,0