author,recipeingredient,cooktime,totaltime,aggregaterating,nutrition
-1,-1,-1,-1,0,-1
-1,-1,-1,-1,0,-1
-1,-1,-1,-1,0,-1
-1,-1,-1,-1,0,-1
-1,-1,-1,-1,0,-1
-1,-1,-1,-1,0,-1
-1,-1,-1,-1,0,-1
-1,-1,-1,-1,0,-1
-1,-1,-1,-1,0,-1
-1,-1,-1,-1,0,-1
-1,-1,-1,-1,0,-1
-1,-1,-1,-1,0,-1
-1,-1,-1,-1,0,-1
-1,-1,-1,-1,0,-1
-1,-1,-1,-1,0,-1
-1,-1,-1,-1,0,-1
-1,-1,-1,-1,0,-1
-1,-1,-1,-1,0,-1
-1,-1,-1,-1,0,-1
-1,-1,-1,-1,0,-1
-1,-1,-1,-1,0,-1
-1,-1,-1,-1,0,-1
-1,-1,-1,-1,0,-1
-1,-1,-1,-1,0,-1
-1,-1,-1,-1,0,-1
-1,-1,-1,-1,0,-1
-1,-1,-1,-1,0,-1
-1,-1,-1,-1,0,-1
-1,-1,-1,-1,0,-1
-1,-1,-1,-1,0,-1
-1,-1,-1,-1,0,-1
-1,-1,-1,-1,0,-1
-1,-1,-1,-1,0,-1
-1,-1,-1,-1,0,-1
-1,-1,-1,-1,0,-1
-1,-1,-1,-1,0,-1
-1,-1,-1,-1,0,-1
-1,-1,-1,-1,0,-1
-1,-1,-1,-1,0,-1
-1,-1,-1,-1,0,-1
-1,-1,-1,-1,0,-1
-1,-1,-1,-1,0,-1
-1,-1,-1,-1,0,-1
-1,-1,-1,-1,0,-1
-1,-1,-1,-1,0,-1
-1,-1,-1,-1,0,-1
-1,-1,-1,-1,0,-1
-1,-1,-1,-1,0,-1
-1,-1,-1,-1,0,-1
-1,-1,-1,-1,0,-1
-1,-1,-1,-1,0,-1
-1,-1,-1,-1,0,-1
-1,-1,-1,-1,0,-1
-1,-1,-1,-1,0,-1
-1,-1,-1,-1,0,-1
-1,-1,-1,-1,0,-1
-1,-1,-1,-1,0,-1
-1,-1,-1,-1,0,-1
-1,-1,-1,-1,0,-1
-1,-1,-1,-1,0,-1
-1,-1,-1,-1,0,-1
-1,-1,-1,-1,0,-1
-1,-1,-1,-1,0,-1
-1,-1,-1,-1,0,-1
-1,-1,-1,-1,0,-1
-1,-1,-1,-1,0,-1
-1,-1,-1,-1,0,-1
-1,-1,-1,-1,0,-1
-1,-1,-1,-1,0,-1
-1,-1,-1,-1,0,-1
-1,-1,-1,-1,0,-1
-1,-1,-1,-1,0,-1
-1,-1,-1,-1,0,-1
-1,-1,-1,-1,0,-1
-1,-1,-1,-1,0,-1
-1,-1,-1,-1,0,-1
-1,-1,-1,-1,0,-1
-1,-1,-1,-1,0,-1
-1,-1,-1,-1,0,-1
-1,-1,-1,-1,0,-1
-1,-1,-1,-1,0,-1
-1,-1,-1,-1,0,-1
-1,-1,-1,-1,0,-1
-1,-1,-1,-1,0,-1
-1,-1,-1,-1,0,-1
-1,-1,-1,-1,0,-1
-1,-1,-1,-1,0,-1
-1,-1,-1,-1,0,-1
-1,-1,-1,-1,0,-1
-1,-1,-1,-1,0,-1
-1,-1,-1,-1,0,-1
-1,-1,-1,-1,0,-1
-1,-1,-1,-1,0,-1
-1,-1,-1,-1,0,-1
-1,-1,-1,-1,0,-1
-1,-1,-1,-1,0,-1
-1,-1,-1,-1,0,-1
-1,-1,-1,-1,0,-1
-1,-1,-1,-1,0,-1
-1,-1,-1,-1,0,-1
-1,-1,-1,-1,0,-1
-1,-1,-1,-1,0,-1
-1,-1,-1,-1,0,-1
-1,-1,-1,-1,0,-1
-1,-1,-1,-1,0,-1
-1,-1,-1,-1,0,-1
-1,-1,-1,-1,0,-1
-1,-1,-1,-1,0,-1
-1,-1,-1,-1,0,-1
-1,-1,-1,-1,0,-1
-1,-1,-1,-1,0,-1
-1,-1,-1,-1,0,-1
-1,-1,-1,-1,0,-1
-1,-1,-1,-1,0,-1
-1,-1,-1,-1,0,-1
-1,-1,-1,-1,0,-1
-1,-1,-1,-1,0,-1
-1,-1,-1,-1,0,-1
-1,-1,-1,-1,0,-1
-1,-1,-1,-1,0,-1
-1,-1,-1,-1,0,-1
-1,-1,-1,-1,0,-1
-1,-1,-1,-1,0,-1
-1,-1,-1,-1,0,-1
-1,-1,-1,-1,0,-1
-1,-1,-1,-1,0,-1
-1,-1,-1,-1,0,-1
-1,-1,-1,-1,0,-1
-1,-1,-1,-1,0,-1
-1,-1,-1,-1,0,-1
-1,-1,-1,-1,0,-1
-1,-1,-1,-1,0,-1
-1,-1,-1,-1,0,-1
-1,-1,-1,-1,0,-1
-1,-1,-1,-1,0,-1
-1,-1,-1,-1,0,-1
-1,-1,-1,-1,0,-1
-1,-1,-1,-1,0,-1
-1,-1,-1,-1,0,-1
-1,-1,-1,-1,0,-1
-1,-1,-1,-1,0,-1
-1,-1,-1,-1,0,-1
-1,-1,-1,-1,0,-1
-1,-1,-1,-1,0,-1
-1,-1,-1,-1,0,-1
-1,-1,-1,-1,0,-1
-1,-1,-1,-1,0,-1
-1,-1,-1,-1,0,-1
-1,-1,-1,-1,0,-1
-1,-1,-1,-1,0,-1
-1,-1,-1,-1,0,-1
-1,-1,-1,-1,0,-1
-1,-1,-1,-1,0,-1
-1,-1,-1,-1,0,-1
-1,-1,-1,-1,0,-1
-1,-1,-1,-1,0,-1
-1,-1,-1,-1,0,-1
-1,-1,-1,-1,0,-1
-1,-1,-1,-1,0,-1
-1,-1,-1,-1,0,-1
-1,-1,-1,-1,0,-1
-1,-1,-1,-1,0,-1
-1,-1,-1,-1,0,-1
-1,-1,-1,-1,0,-1
-1,-1,-1,-1,0,-1
-1,-1,-1,-1,0,-1
-1,-1,-1,-1,0,-1
-1,-1,-1,-1,0,-1
-1,-1,-1,-1,0,-1
-1,-1,-1,-1,0,-1
-1,-1,-1,-1,0,-1
-1,-1,-1,-1,0,-1
-1,-1,-1,-1,0,-1
-1,-1,-1,-1,0,-1
-1,-1,-1,-1,0,-1
-1,-1,-1,-1,0,-1
-1,-1,-1,-1,0,-1
-1,-1,-1,-1,0,-1
-1,-1,-1,-1,0,-1
-1,-1,-1,-1,0,-1
-1,-1,-1,-1,0,-1
-1,-1,-1,-1,0,-1
-1,-1,-1,-1,0,-1
-1,-1,-1,-1,0,-1
-1,-1,-1,-1,0,-1
-1,-1,-1,-1,0,-1
-1,-1,-1,-1,0,-1
-1,-1,-1,-1,0,-1
-1,-1,-1,-1,0,-1
-1,-1,-1,-1,0,-1
-1,-1,-1,-1,0,-1
-1,-1,-1,-1,0,-1
-1,-1,-1,-1,0,-1
-1,-1,-1,-1,0,-1
-1,-1,-1,-1,0,-1
-1,-1,-1,-1,0,-1
-1,-1,-1,-1,0,-1
-1,-1,-1,-1,0,-1
-1,-1,-1,-1,0,-1
-1,-1,-1,-1,0,-1
-1,-1,-1,-1,0,-1
-1,-1,-1,-1,0,-1
-1,-1,-1,-1,0,-1
-1,-1,-1,-1,0,-1
-1,-1,-1,-1,0,-1
-1,-1,-1,-1,0,-1
-1,-1,-1,-1,0,-1
-1,-1,-1,-1,0,-1
-1,-1,-1,-1,0,-1
-1,-1,-1,-1,0,-1
-1,-1,-1,-1,0,-1
-1,-1,-1,-1,0,-1
-1,-1,-1,-1,0,-1
-1,-1,-1,-1,0,-1
-1,-1,-1,-1,0,-1
-1,-1,-1,-1,0,-1
-1,-1,-1,-1,0,-1
-1,-1,-1,-1,0,-1
-1,-1,-1,-1,0,-1
-1,-1,-1,-1,0,-1
-1,-1,-1,-1,0,-1
-1,-1,-1,-1,0,-1
-1,-1,-1,-1,0,-1
-1,-1,-1,-1,0,-1
-1,-1,-1,-1,0,-1
-1,-1,-1,-1,0,-1
-1,-1,-1,-1,0,-1
-1,-1,-1,-1,0,-1
-1,-1,-1,-1,0,-1
-1,-1,-1,-1,0,-1
-1,-1,-1,-1,0,-1
-1,-1,-1,-1,0,-1
-1,-1,-1,-1,0,-1
-1,-1,-1,-1,0,-1
-1,-1,-1,-1,0,-1
-1,-1,-1,-1,0,-1
-1,-1,-1,-1,0,-1
-1,-1,-1,-1,0,-1
-1,-1,-1,-1,0,-1
-1,-1,-1,-1,0,-1
-1,-1,-1,-1,0,-1
-1,-1,-1,-1,0,-1
-1,-1,-1,-1,0,-1
-1,-1,-1,-1,0,-1
-1,-1,-1,-1,0,-1
-1,-1,-1,-1,0,-1
-1,-1,-1,-1,0,-1
-1,-1,-1,-1,0,-1
-1,-1,-1,-1,0,-1
-1,-1,-1,-1,0,-1
-1,-1,-1,-1,0,-1
-1,-1,-1,-1,0,-1
-1,-1,-1,-1,0,-1
-1,-1,-1,-1,0,-1
-1,-1,-1,-1,0,-1
-1,-1,-1,-1,0,-1
-1,-1,-1,-1,0,-1
-1,-1,-1,-1,0,-1
-1,-1,-1,-1,0,-1
-1,-1,-1,-1,0,-1
-1,-1,-1,-1,0,-1
-1,-1,-1,-1,0,-1
-1,-1,-1,-1,0,-1
-1,-1,-1,-1,0,-1
-1,-1,-1,-1,0,-1
-1,-1,-1,-1,0,-1
-1,-1,-1,-1,0,-1
-1,-1,-1,-1,0,-1
-1,-1,-1,-1,0,-1
-1,-1,-1,-1,0,-1
-1,-1,-1,-1,0,-1
-1,-1,-1,-1,0,-1
-1,-1,-1,-1,0,-1
-1,-1,-1,-1,0,-1
1,-1,1,1,0,-1
2,-1,1,1,0,-1
3,-1,2,2,0,-1
4,-1,3,3,0,-1
5,-1,4,4,0,-1
6,-1,5,5,0,-1
7,-1,6,6,0,-1
8,-1,7,7,0,-1
9,-1,8,8,0,-1
10,-1,9,9,0,-1
11,-1,10,10,0,-1
12,-1,11,11,0,-1
13,-1,12,12,0,-1
14,-1,13,13,0,-1
15,-1,14,14,0,-1
16,-1,14,14,0,-1
17,-1,-1,-1,0,-1
18,-1,15,15,0,-1
19,-1,16,16,0,-1
20,-1,17,17,0,-1
21,-1,18,18,0,-1
22,-1,19,19,0,-1
23,-1,20,20,0,-1
24,-1,21,21,0,-1
25,-1,22,22,0,-1
26,-1,23,23,0,-1
27,-1,24,24,0,-1
28,-1,25,25,0,-1
29,-1,26,26,0,-1
30,-1,27,27,0,-1
31,-1,28,28,0,-1
32,-1,29,29,0,-1
33,-1,30,30,0,-1
34,-1,31,31,0,-1
34,-1,32,32,0,-1
35,-1,33,33,0,-1
36,-1,34,34,0,-1
37,-1,35,35,0,-1
38,-1,36,36,0,-1
39,-1,37,37,0,-1
40,-1,38,38,0,-1
41,-1,39,39,0,-1
42,-1,40,40,0,-1
43,-1,41,41,0,-1
44,-1,42,42,0,-1
45,-1,43,43,0,-1
46,-1,43,43,0,-1
47,-1,44,44,0,-1
48,-1,44,44,0,-1
49,-1,45,45,0,-1
50,-1,45,45,0,-1
51,-1,46,46,0,-1
52,-1,47,47,0,-1
52,-1,48,48,0,-1
53,-1,49,49,0,-1
54,-1,50,50,0,-1
55,-1,51,51,0,-1
56,-1,52,52,0,-1
56,-1,53,53,0,-1
57,-1,54,54,0,-1
58,-1,55,55,0,-1
59,-1,56,56,0,-1
60,-1,57,57,0,-1
61,-1,58,58,0,-1
62,-1,59,59,0,-1
63,-1,60,60,0,-1
64,-1,61,61,0,-1
65,-1,62,62,0,-1
66,-1,63,63,0,-1
67,-1,64,64,0,-1
68,-1,65,65,0,-1
69,-1,66,66,0,-1
70,-1,67,67,0,-1
71,-1,68,68,0,-1
72,-1,69,69,0,-1
73,-1,70,70,0,-1
74,-1,71,71,0,-1
75,-1,72,72,0,-1
75,-1,73,73,0,-1
76,-1,74,74,0,-1
77,-1,75,75,0,-1
78,-1,76,76,0,-1
79,-1,77,77,0,-1
80,-1,78,78,0,-1
80,-1,79,79,0,-1
81,-1,80,80,0,-1
82,-1,81,81,0,-1
83,-1,82,82,0,-1
84,-1,82,82,0,-1
85,-1,83,83,0,-1
86,-1,84,84,0,-1
87,-1,85,85,0,-1
88,-1,86,86,0,-1
89,-1,87,87,0,-1
90,-1,88,88,0,-1
91,-1,89,89,0,-1
92,-1,90,90,0,-1
93,-1,91,91,0,-1
94,-1,92,92,0,-1
95,-1,93,93,0,-1
96,-1,94,94,0,-1
97,-1,95,95,0,-1
98,-1,96,96,0,-1
99,-1,97,97,0,-1
100,-1,98,98,0,-1
101,-1,99,99,0,-1
102,-1,100,100,0,-1
103,-1,101,101,0,-1
104,-1,102,102,0,-1
105,-1,103,102,0,-1
106,-1,104,103,0,-1
107,-1,105,104,0,-1
108,-1,106,105,0,-1
109,-1,106,106,0,-1
110,-1,107,107,0,-1
111,-1,108,108,0,-1
112,-1,109,109,0,-1
113,-1,109,109,0,-1
114,-1,110,110,0,-1
115,-1,111,111,0,-1
116,-1,112,112,0,-1
117,-1,113,113,0,-1
118,-1,114,114,0,-1
119,-1,115,115,0,-1
120,-1,116,116,0,-1
121,-1,117,117,0,-1
122,-1,118,118,0,-1
123,-1,119,119,0,-1
124,-1,120,120,0,-1
125,-1,121,121,0,-1
126,-1,122,122,0,-1
127,-1,123,123,0,-1
128,-1,124,124,0,-1
129,-1,125,125,0,-1
130,-1,126,126,0,-1
131,-1,127,127,0,-1
132,-1,128,128,0,-1
133,-1,129,129,0,-1
133,-1,130,130,0,-1
134,-1,131,131,0,-1
135,-1,132,132,0,-1
136,-1,133,133,0,-1
137,-1,134,134,0,-1
138,-1,135,135,0,-1
139,-1,136,136,0,-1
140,-1,137,137,0,-1
141,-1,138,138,0,-1
142,-1,139,139,0,-1
143,-1,140,140,0,-1
144,-1,141,141,0,-1
145,-1,142,142,0,-1
146,-1,143,143,0,-1
147,-1,144,144,0,-1
148,-1,145,145,0,-1
149,-1,146,146,0,-1
149,-1,147,147,0,-1
150,-1,148,148,0,-1
151,-1,148,148,0,-1
152,-1,149,149,0,-1
153,-1,150,150,0,-1
154,-1,151,151,0,-1
155,-1,152,152,0,-1
156,-1,153,153,0,-1
157,-1,154,154,0,-1
158,-1,155,155,0,-1
159,-1,155,155,0,-1
160,-1,156,156,0,-1
161,-1,157,157,0,-1
162,-1,157,157,0,-1
163,-1,158,158,0,-1
164,-1,159,159,0,-1
165,-1,160,160,0,-1
166,-1,161,161,0,-1
167,-1,162,162,0,-1
168,-1,162,162,0,-1
169,-1,163,163,0,-1
169,-1,164,164,0,-1
170,-1,165,165,0,-1
171,-1,166,166,0,-1
172,-1,167,167,0,-1
173,-1,168,168,0,-1
174,-1,169,169,0,-1
175,-1,170,170,0,-1
176,-1,171,171,0,-1
177,-1,172,172,0,-1
177,-1,173,173,0,-1
178,-1,174,174,0,-1
179,-1,175,175,0,-1
180,-1,176,176,0,-1
181,-1,176,177,0,-1
182,-1,177,178,0,-1
183,-1,178,179,0,-1
184,-1,179,180,0,-1
185,-1,180,181,0,-1
186,-1,181,182,0,-1
187,-1,182,183,0,-1
188,-1,183,184,0,-1
189,-1,184,185,0,-1
190,-1,185,186,0,-1
191,-1,186,187,0,-1
191,-1,187,188,0,-1
192,-1,188,189,0,-1
193,-1,189,190,0,-1
194,-1,190,191,0,-1
195,-1,191,192,0,-1
196,-1,192,193,0,-1
197,-1,193,194,0,-1
198,-1,194,195,0,-1
199,-1,195,196,0,-1
200,-1,196,197,0,-1
201,-1,197,198,0,-1
202,-1,198,199,0,-1
203,-1,199,200,0,-1
204,-1,200,201,0,-1
205,-1,201,202,0,-1
206,-1,202,203,0,-1
207,-1,203,204,0,-1
208,-1,204,205,0,-1
209,-1,204,205,0,-1
210,-1,205,206,0,-1
211,-1,206,207,0,-1
212,-1,207,208,0,-1
213,-1,208,209,0,-1
214,-1,209,210,0,-1
214,-1,210,211,0,-1
215,-1,211,212,0,-1
216,-1,212,213,0,-1
217,-1,212,214,0,-1
218,-1,213,215,0,-1
219,-1,214,216,0,-1
220,-1,215,217,0,-1
221,-1,216,218,0,-1
222,-1,217,219,0,-1
223,-1,218,220,0,-1
224,-1,219,221,0,-1
225,-1,220,222,0,-1
226,-1,221,223,0,-1
227,-1,222,224,0,-1
228,-1,223,225,0,-1
229,-1,223,225,0,-1
230,-1,224,226,0,-1
231,-1,225,227,0,-1
232,-1,225,228,0,-1
233,-1,226,229,0,-1
234,-1,227,230,0,-1
235,-1,228,231,0,-1
236,-1,228,232,0,-1
237,-1,228,233,0,-1
238,-1,229,234,0,-1
239,-1,230,235,0,-1
240,-1,231,236,0,-1
241,-1,232,237,0,-1
242,-1,233,238,0,-1
243,-1,234,239,0,-1
244,-1,235,240,0,-1
245,-1,236,241,0,-1
246,-1,237,242,0,-1
247,-1,238,243,0,-1
248,-1,239,244,0,-1
249,-1,240,245,0,-1
250,-1,240,246,0,-1
251,-1,240,247,0,-1
252,-1,241,247,0,-1
253,-1,242,248,0,-1
254,-1,243,249,0,-1
255,-1,244,250,0,-1
256,-1,245,251,0,-1
257,-1,246,252,0,-1
258,-1,247,253,0,-1
259,-1,248,254,0,-1
260,-1,249,255,0,-1
261,-1,250,256,0,-1
262,-1,251,257,0,-1
263,-1,252,258,0,-1
264,-1,252,258,0,-1
265,-1,253,259,0,-1
266,-1,253,259,0,-1
267,-1,254,260,0,-1
268,-1,255,261,0,-1
269,-1,256,262,0,-1
270,-1,257,263,0,-1
271,-1,258,264,0,-1
271,-1,259,265,0,-1
271,-1,260,266,0,-1
272,-1,261,267,0,-1
272,-1,262,268,0,-1
273,-1,263,269,0,-1
274,-1,264,270,0,-1
275,-1,265,271,0,-1
276,-1,266,272,0,-1
277,-1,267,273,0,-1
278,-1,268,274,0,-1
279,-1,269,275,0,-1
280,-1,270,276,0,-1
281,-1,271,277,0,-1
282,-1,272,278,0,-1
283,-1,273,279,0,-1
284,-1,273,279,0,-1
285,-1,274,280,0,-1
286,-1,275,281,0,-1
287,-1,276,282,0,-1
288,-1,277,283,0,-1
288,-1,278,284,0,-1
289,-1,279,285,0,-1
290,-1,280,286,0,-1
291,-1,281,287,0,-1
292,-1,282,288,0,-1
293,-1,283,289,0,-1
294,-1,284,290,0,-1
295,-1,285,291,0,-1
296,-1,286,292,0,-1
297,-1,287,293,0,-1
298,-1,288,294,0,-1
299,-1,289,295,0,-1
300,-1,289,295,0,-1
300,-1,290,296,0,-1
301,-1,291,297,0,-1
302,-1,292,298,0,-1
303,-1,293,299,0,-1
304,-1,294,300,0,-1
305,-1,295,301,0,-1
306,-1,296,302,0,-1
307,-1,296,303,0,-1
308,-1,297,304,0,-1
308,-1,298,305,0,-1
309,-1,299,306,0,-1
310,-1,300,307,0,-1
311,-1,300,307,0,-1
312,-1,301,308,0,-1
313,-1,302,309,0,-1
314,-1,303,310,0,-1
315,-1,304,311,0,-1
316,-1,305,312,0,-1
317,-1,306,313,0,-1
318,-1,307,314,0,-1
319,-1,308,315,0,-1
319,-1,309,316,0,-1
320,-1,310,317,0,-1
321,-1,311,318,0,-1
322,-1,312,319,0,-1
323,-1,313,320,0,-1
324,-1,314,321,0,-1
325,-1,315,322,0,-1
326,-1,316,323,0,-1
327,-1,317,324,0,-1
328,-1,318,325,0,-1
329,-1,319,326,0,-1
330,-1,320,327,0,-1
331,-1,321,328,0,-1
332,-1,322,329,0,-1
332,-1,323,330,0,-1
333,-1,324,331,0,-1
334,-1,324,332,0,-1
335,-1,325,333,0,-1
335,-1,326,333,0,-1
336,-1,327,334,0,-1
337,-1,328,335,0,-1
338,-1,329,336,0,-1
339,-1,330,337,0,-1
340,-1,331,338,0,-1
341,-1,332,339,0,-1
342,-1,333,340,0,-1
343,-1,334,341,0,-1
344,-1,335,342,0,-1
345,-1,336,343,0,-1
346,-1,337,344,0,-1
347,-1,338,345,0,-1
348,-1,339,346,0,-1
349,-1,340,347,0,-1
350,-1,341,348,0,-1
351,-1,342,349,0,-1
352,-1,343,350,0,-1
353,-1,344,351,0,-1
354,-1,345,351,0,-1
355,-1,-1,-1,0,-1
356,-1,346,352,0,-1
357,-1,347,353,0,-1
358,-1,348,354,0,-1
359,-1,349,355,0,-1
359,-1,350,356,0,-1
360,-1,351,357,0,-1
360,-1,352,358,0,-1
361,-1,353,359,0,-1
362,-1,354,360,0,-1
363,-1,355,361,0,-1
364,-1,356,362,0,-1
365,-1,357,363,0,-1
366,-1,358,364,0,-1
367,-1,359,365,0,-1
367,-1,360,366,0,-1
368,-1,361,367,0,-1
369,-1,362,368,0,-1
369,-1,363,369,0,-1
370,-1,364,370,0,-1
371,-1,365,371,0,-1
372,-1,366,372,0,-1
373,-1,367,373,0,-1
374,-1,368,374,0,-1
375,-1,369,375,0,-1
376,-1,370,376,0,-1
377,-1,371,377,0,-1
378,-1,372,378,0,-1
379,-1,373,379,0,-1
380,-1,374,380,0,-1
381,-1,375,381,0,-1
382,-1,376,382,0,-1
383,-1,377,383,0,-1
384,-1,378,384,0,-1
385,-1,379,385,0,-1
386,-1,380,386,0,-1
387,-1,381,387,0,-1
388,-1,382,388,0,-1
389,-1,383,389,0,-1
390,-1,384,390,0,-1
391,-1,385,391,0,-1
392,-1,386,392,0,-1
393,-1,387,393,0,-1
394,-1,388,394,0,-1
395,-1,388,394,0,-1
396,-1,389,395,0,-1
397,-1,390,396,0,-1
398,-1,390,397,0,-1
398,-1,391,398,0,-1
399,-1,392,399,0,-1
400,-1,393,400,0,-1
401,-1,394,401,0,-1
402,-1,395,402,0,-1
403,-1,396,403,0,-1
403,-1,396,403,0,-1
404,-1,396,403,0,-1
405,-1,397,404,0,-1
406,-1,398,405,0,-1
407,-1,399,406,0,-1
408,-1,399,406,0,-1
409,-1,400,407,0,-1
410,-1,401,408,0,-1
411,-1,-1,-1,0,-1
412,-1,402,409,0,-1
413,-1,403,410,0,-1
414,-1,404,411,0,-1
415,-1,405,412,0,-1
416,-1,406,413,0,-1
417,-1,407,414,0,-1
418,1,408,415,0,-1
419,-1,409,416,0,-1
420,-1,410,417,0,-1
421,-1,411,418,0,-1
422,-1,412,419,0,-1
423,-1,413,420,0,-1
424,-1,414,421,0,-1
425,-1,415,422,0,-1
426,-1,416,423,0,-1
427,-1,417,424,0,-1
428,-1,418,425,0,-1
429,-1,419,426,0,-1
430,-1,420,427,0,-1
431,-1,421,428,0,-1
432,-1,422,429,0,-1
433,-1,423,430,0,-1
434,-1,424,431,0,-1
435,-1,425,432,0,-1
436,-1,426,433,0,-1
437,-1,427,434,0,-1
438,-1,428,435,0,-1
439,-1,428,436,0,-1
440,-1,429,437,0,-1
441,-1,430,438,0,-1
442,-1,431,439,0,-1
443,-1,431,440,0,-1
444,-1,432,441,0,-1
445,-1,433,442,0,-1
446,-1,434,443,0,-1
447,-1,435,444,0,-1
448,-1,436,445,0,-1
449,-1,437,446,0,-1
450,-1,438,447,0,-1
451,-1,439,448,0,-1
452,-1,440,449,0,-1
453,-1,441,450,0,-1
454,-1,442,451,0,-1
455,-1,443,452,0,-1
456,-1,444,453,0,-1
457,-1,444,453,0,-1
458,-1,445,454,0,-1
459,-1,446,455,0,-1
460,-1,447,456,0,-1
460,-1,448,457,0,-1
461,-1,449,458,0,-1
461,-1,450,459,0,-1
462,-1,451,460,0,-1
463,-1,452,461,0,-1
464,-1,453,462,0,-1
465,-1,454,463,0,-1
466,-1,455,464,0,-1
467,-1,456,464,0,-1
468,-1,457,465,0,-1
469,-1,458,466,0,-1
470,-1,459,467,0,-1
471,-1,460,468,0,-1
471,-1,461,468,0,-1
472,-1,462,469,0,-1
473,-1,463,470,0,-1
474,-1,464,471,0,-1
475,-1,465,472,0,-1
476,-1,466,473,0,-1
477,-1,467,474,0,-1
478,-1,468,475,0,-1
479,-1,469,476,0,-1
480,-1,470,477,0,-1
481,-1,471,478,0,-1
482,-1,472,479,0,-1
483,-1,473,480,0,-1
484,-1,474,481,0,-1
485,-1,475,482,0,-1
486,-1,476,483,0,-1
487,-1,477,484,0,-1
488,-1,478,485,0,-1
489,-1,479,486,0,-1
490,-1,480,487,0,-1
491,-1,481,488,0,-1
492,-1,482,489,0,-1
492,-1,483,490,0,-1
493,-1,484,491,0,-1
494,-1,485,492,0,-1
495,-1,485,493,0,-1
496,-1,-1,-1,0,-1
497,-1,485,494,0,-1
498,-1,485,494,0,-1
499,-1,486,495,0,-1
500,-1,487,496,0,-1
501,-1,488,497,0,-1
502,-1,489,498,0,-1
503,-1,490,499,0,-1
504,-1,491,500,0,-1
505,-1,492,501,0,-1
506,-1,493,502,0,-1
507,-1,494,503,0,-1
507,-1,495,504,0,-1
508,-1,496,505,0,-1
509,-1,496,505,0,-1
510,-1,497,506,0,-1
511,-1,498,507,0,-1
512,-1,499,508,0,-1
513,-1,500,509,0,-1
514,-1,501,510,0,-1
515,-1,502,511,0,-1
516,-1,503,512,0,-1
517,-1,503,512,0,-1
518,-1,504,513,0,-1
519,-1,504,514,0,-1
520,-1,505,515,0,-1
521,-1,506,516,0,-1
522,-1,507,517,0,-1
523,-1,508,518,0,-1
524,-1,509,519,0,-1
525,-1,510,520,0,-1
526,-1,511,521,0,-1
527,-1,512,522,0,-1
528,-1,513,523,0,-1
529,-1,513,524,0,-1
530,-1,514,525,0,-1
531,-1,515,526,0,-1
532,-1,516,527,0,-1
533,-1,517,528,0,-1
534,-1,518,529,0,-1
535,-1,519,530,0,-1
536,-1,520,531,0,-1
537,-1,521,532,0,-1
538,-1,-1,-1,0,-1
539,-1,522,533,0,-1
540,-1,523,534,0,-1
541,-1,524,535,0,-1
542,-1,525,536,0,-1
543,-1,526,537,0,-1
544,-1,527,538,0,-1
545,-1,528,539,0,-1
546,-1,529,540,0,-1
547,-1,530,541,0,-1
548,-1,531,542,0,-1
549,-1,532,543,0,-1
550,-1,533,544,0,-1
551,-1,534,545,0,-1
552,-1,535,546,0,-1
553,-1,536,547,0,-1
554,-1,537,548,0,-1
555,-1,538,549,0,-1
556,-1,539,550,0,-1
557,-1,540,551,0,-1
558,-1,541,552,0,-1
559,-1,542,553,0,-1
560,-1,543,554,0,-1
561,-1,544,555,0,-1
562,-1,545,556,0,-1
563,-1,546,557,0,-1
564,-1,547,558,0,-1
565,-1,548,559,0,-1
566,-1,549,560,0,-1
567,-1,550,561,0,-1
568,-1,551,562,0,-1
569,-1,552,563,0,-1
570,-1,553,564,0,-1
571,-1,554,565,0,-1
572,-1,555,566,0,-1
573,-1,556,567,0,-1
574,-1,557,568,0,-1
575,-1,557,569,0,-1
576,-1,558,569,0,-1
577,-1,559,570,0,-1
578,-1,560,571,0,-1
579,-1,561,572,0,-1
580,-1,-1,-1,0,-1
581,-1,562,573,0,-1
582,-1,563,574,0,-1
583,-1,564,575,0,-1
584,-1,564,576,0,-1
585,-1,564,576,0,-1
586,-1,565,577,0,-1
587,-1,565,577,0,-1
588,-1,566,578,0,-1
589,-1,567,579,0,-1
590,-1,568,580,0,-1
591,-1,569,581,0,-1
592,-1,569,581,0,-1
593,-1,570,582,0,-1
594,-1,570,582,0,-1
595,-1,571,583,0,-1
596,-1,572,584,0,-1
597,-1,573,585,0,-1
598,-1,574,585,0,-1
599,-1,575,585,0,-1
600,-1,576,586,0,-1
601,-1,577,587,0,-1
602,-1,578,588,0,-1
603,-1,579,589,0,-1
604,-1,579,590,0,-1
605,-1,580,591,0,-1
606,-1,581,592,0,-1
607,-1,582,593,0,-1
608,-1,583,594,0,-1
609,-1,584,595,0,-1
610,-1,585,596,0,-1
611,-1,586,597,0,-1
612,-1,587,598,0,-1
613,-1,588,599,0,-1
614,-1,589,599,0,-1
615,-1,590,599,0,-1
616,-1,591,600,0,-1
616,-1,592,601,0,-1
617,-1,593,602,0,-1
618,-1,594,603,0,-1
619,-1,595,604,0,-1
620,-1,596,605,0,-1
621,-1,597,606,0,-1
622,-1,598,606,0,-1
623,-1,599,607,0,-1
624,-1,600,608,0,-1
625,-1,601,609,0,-1
626,-1,602,610,0,-1
627,-1,603,611,0,-1
628,-1,604,612,0,-1
629,-1,605,613,0,-1
630,-1,605,613,0,-1
631,-1,606,614,0,-1
632,-1,607,615,0,-1
633,-1,608,616,0,-1
634,-1,609,617,0,-1
635,-1,610,618,0,-1
636,-1,611,619,0,-1
637,-1,612,620,0,-1
638,-1,613,621,0,-1
639,-1,614,622,0,-1
640,-1,615,623,0,-1
641,-1,616,624,0,-1
642,-1,617,625,0,-1
643,-1,618,626,0,-1
644,-1,619,627,0,-1
645,-1,620,628,0,-1
646,-1,621,629,0,-1
647,-1,622,630,0,-1
648,-1,623,631,0,-1
649,-1,624,632,0,-1
650,-1,625,633,0,-1
651,-1,626,634,0,-1
652,-1,626,634,0,-1
653,-1,627,635,0,-1
654,-1,628,636,0,-1
655,-1,629,637,0,-1
655,-1,630,638,0,-1
656,-1,631,639,0,-1
657,-1,632,640,0,-1
658,-1,633,641,0,-1
659,-1,634,642,0,-1
660,-1,635,643,0,-1
660,-1,636,644,0,-1
661,-1,637,645,0,-1
662,-1,638,646,0,-1
663,-1,639,647,0,-1
664,-1,640,648,0,-1
665,-1,641,649,0,-1
666,-1,642,650,0,-1
667,-1,643,651,0,-1
668,-1,644,652,0,-1
669,-1,645,653,0,-1
670,-1,646,654,0,-1
671,-1,647,655,0,-1
672,-1,648,656,0,-1
673,-1,649,657,0,-1
674,-1,650,658,0,-1
675,-1,651,659,0,-1
676,-1,652,660,0,-1
677,-1,653,661,0,-1
678,-1,654,662,0,-1
679,-1,655,663,0,-1
680,-1,656,664,0,-1
681,-1,657,665,0,-1
682,-1,658,666,0,-1
683,-1,659,667,0,-1
684,-1,660,668,0,-1
685,-1,661,669,0,-1
686,-1,662,670,0,-1
687,-1,663,671,0,-1
687,-1,664,672,0,-1
688,-1,665,673,0,-1
689,-1,666,674,0,-1
690,-1,667,675,0,-1
691,-1,667,675,0,-1
692,-1,668,676,0,-1
693,-1,668,676,0,-1
694,-1,669,677,0,-1
695,-1,670,678,0,-1
696,-1,671,679,0,-1
697,-1,672,680,0,-1
698,-1,673,681,0,-1
699,-1,674,682,0,-1
700,-1,675,683,0,-1
701,-1,676,684,0,-1
702,-1,676,684,0,-1
703,-1,677,685,0,-1
704,-1,678,686,0,-1
705,-1,679,687,0,-1
706,-1,680,688,0,-1
707,-1,681,689,0,-1
708,-1,682,690,0,-1
709,-1,683,691,0,-1
710,-1,684,692,0,-1
711,-1,685,693,0,-1
712,-1,686,694,0,-1
713,-1,687,695,0,-1
714,-1,688,696,0,-1
715,-1,689,697,0,-1
716,-1,690,698,0,-1
717,-1,691,699,0,-1
718,-1,692,700,0,-1
719,-1,692,700,0,-1
720,-1,693,701,0,-1
721,-1,694,702,0,-1
722,-1,695,703,0,-1
723,-1,696,704,0,-1
723,-1,697,705,0,-1
723,-1,698,706,0,-1
724,-1,699,707,0,-1
725,-1,700,708,0,-1
726,-1,701,709,0,-1
727,-1,702,710,0,-1
728,-1,703,711,0,-1
729,-1,704,712,0,-1
730,-1,705,713,0,-1
731,-1,706,714,0,-1
732,-1,707,715,0,-1
733,-1,708,716,0,-1
734,-1,709,717,0,-1
735,-1,709,717,0,-1
736,-1,710,718,0,-1
737,-1,711,719,0,-1
738,-1,712,720,0,-1
739,-1,713,721,0,-1
740,-1,714,722,0,-1
741,-1,715,723,0,-1
742,-1,716,724,0,-1
743,-1,717,725,0,-1
744,-1,718,726,0,-1
745,-1,718,726,0,-1
746,-1,719,727,0,-1
747,-1,720,728,0,-1
747,-1,720,729,0,-1
748,-1,721,730,0,-1
749,-1,722,731,0,-1
750,-1,722,731,0,-1
751,-1,723,732,0,-1
752,-1,724,733,0,-1
753,-1,725,734,0,-1
754,-1,726,735,0,-1
755,-1,727,736,0,-1
756,-1,728,736,0,-1
757,-1,729,737,0,-1
758,-1,730,738,0,-1
759,-1,731,739,0,-1
760,2,732,740,0,-1
761,-1,733,741,0,-1
762,-1,734,742,0,-1
763,-1,735,743,0,-1
764,-1,736,744,0,-1
765,-1,737,745,0,-1
766,-1,738,746,0,-1
767,-1,739,747,0,-1
768,-1,740,748,0,-1
769,-1,741,749,0,-1
770,-1,742,750,0,-1
771,-1,743,751,0,-1
772,-1,744,752,0,-1
773,-1,745,753,0,-1
774,-1,746,754,0,-1
775,-1,747,755,0,-1
776,-1,748,756,0,-1
777,-1,749,757,0,-1
778,-1,750,758,0,-1
779,-1,750,759,0,-1
780,-1,751,760,0,-1
781,-1,752,761,0,-1
782,-1,753,762,0,-1
783,-1,753,762,0,-1
784,-1,754,763,0,-1
785,-1,755,764,0,-1
786,-1,756,765,0,-1
787,-1,757,766,0,-1
788,-1,758,767,0,-1
789,-1,759,768,0,-1
790,-1,760,769,0,-1
791,-1,761,770,0,-1
792,-1,762,771,0,-1
793,-1,763,772,0,-1
794,-1,764,773,0,-1
795,-1,764,773,0,-1
796,-1,765,774,0,-1
797,-1,766,775,0,-1
798,-1,767,776,0,-1
799,-1,768,777,0,-1
800,-1,769,778,0,-1
801,-1,770,779,0,-1
802,-1,771,780,0,-1
803,-1,772,781,0,-1
804,-1,773,781,0,-1
805,-1,774,782,0,-1
806,-1,774,783,0,-1
807,-1,775,784,0,-1
808,-1,776,785,0,-1
809,-1,777,786,0,-1
810,-1,777,786,0,-1
811,-1,778,787,0,-1
812,-1,779,788,0,-1
813,-1,780,789,0,-1
814,-1,781,790,0,-1
815,-1,782,791,0,-1
816,-1,783,792,0,-1
817,-1,784,793,0,-1
818,-1,784,793,0,-1
819,-1,785,794,0,-1
820,-1,786,795,0,-1
821,-1,787,796,0,-1
822,-1,787,797,0,-1
822,-1,788,798,0,-1
822,-1,789,799,0,-1
823,-1,790,800,0,-1
824,-1,791,801,0,-1
825,-1,792,802,0,-1
826,-1,793,803,0,-1
827,-1,794,804,0,-1
828,-1,795,805,0,-1
829,-1,796,806,0,-1
830,-1,797,807,0,-1
831,-1,798,808,0,-1
832,-1,799,809,0,-1
833,-1,800,810,0,-1
834,-1,801,811,0,-1
835,-1,802,812,0,-1
836,-1,803,813,0,-1
837,-1,804,814,0,-1
838,-1,805,815,0,-1
839,-1,806,816,0,-1
840,-1,807,817,0,-1
841,-1,807,818,0,-1
841,-1,808,819,0,-1
842,-1,809,820,0,-1
843,-1,809,820,0,-1
844,-1,810,821,0,-1
845,-1,811,822,0,-1
846,-1,812,823,0,-1
847,-1,813,824,0,-1
848,-1,814,825,0,-1
849,-1,814,825,0,-1
850,-1,815,826,0,-1
851,-1,816,826,0,-1
852,-1,817,827,0,-1
853,-1,818,828,0,-1
854,-1,819,829,0,-1
855,-1,820,830,0,-1
856,-1,821,831,0,-1
857,-1,822,832,0,-1
858,-1,823,833,0,-1
859,-1,824,834,0,-1
860,-1,825,835,0,-1
861,-1,826,836,0,-1
862,-1,827,837,0,-1
863,-1,827,837,0,-1
864,-1,828,838,0,-1
865,-1,829,839,0,-1
866,-1,830,840,0,-1
867,-1,831,841,0,-1
868,-1,832,842,0,-1
869,-1,833,843,0,-1
870,-1,834,844,0,-1
871,-1,835,845,0,-1
872,-1,835,846,0,-1
873,-1,836,847,0,-1
873,-1,837,848,0,-1
874,-1,838,849,0,-1
875,-1,839,850,0,-1
876,-1,840,851,0,-1
877,-1,841,852,0,-1
878,-1,842,853,0,-1
878,-1,843,854,0,-1
879,-1,844,855,0,-1
880,-1,845,856,0,-1
881,-1,846,857,0,-1
881,-1,846,858,0,-1
881,-1,847,859,0,-1
882,-1,848,860,0,-1
883,-1,848,860,0,-1
884,-1,848,860,0,-1
885,-1,849,861,0,-1
886,-1,850,862,0,-1
887,-1,851,863,0,-1
888,-1,852,864,0,-1
889,-1,853,865,0,-1
890,-1,854,866,0,-1
891,-1,855,867,0,-1
892,-1,856,868,0,-1
893,-1,857,869,0,-1
893,-1,858,870,0,-1
893,-1,859,871,0,-1
894,-1,860,872,0,-1
895,-1,861,873,0,-1
895,-1,861,873,0,-1
896,-1,862,874,0,-1
897,-1,863,875,0,-1
898,-1,864,876,0,-1
898,-1,865,877,0,-1
899,-1,865,878,0,-1
900,-1,866,879,0,-1
901,-1,867,880,0,-1
902,-1,868,881,0,-1
903,-1,869,882,0,-1
904,-1,870,883,0,-1
905,-1,871,884,0,-1
906,-1,872,885,0,-1
907,-1,873,886,0,-1
908,-1,-1,-1,0,-1
909,-1,874,887,0,-1
910,-1,874,888,0,-1
911,-1,875,889,0,-1
912,-1,876,890,0,-1
913,-1,877,891,0,-1
913,-1,878,892,0,-1
914,-1,879,893,0,-1
915,-1,880,894,0,-1
916,-1,881,895,0,-1
917,-1,882,896,0,-1
918,-1,883,897,0,-1
919,-1,884,898,0,-1
920,-1,885,899,0,-1
921,-1,886,900,0,-1
922,-1,887,901,0,-1
923,-1,888,902,0,-1
924,-1,889,903,0,-1
925,-1,890,904,0,-1
926,-1,891,905,0,-1
927,-1,892,906,0,-1
928,-1,893,907,0,-1
929,-1,894,908,0,-1
930,-1,895,909,0,-1
931,-1,896,910,0,-1
932,-1,897,911,0,-1
933,-1,898,912,0,-1
934,-1,899,913,0,-1
934,-1,900,913,0,-1
935,-1,901,914,0,-1
936,-1,902,915,0,-1
936,-1,903,916,0,-1
937,-1,904,917,0,-1
938,-1,905,918,0,-1
939,-1,906,919,0,-1
940,-1,907,920,0,-1
940,-1,908,921,0,-1
941,-1,909,922,0,-1
942,-1,910,923,0,-1
943,-1,911,924,0,-1
944,-1,912,925,0,-1
945,-1,913,926,0,-1
946,-1,914,927,0,-1
947,-1,915,928,0,-1
948,-1,916,929,0,-1
949,-1,917,930,0,-1
950,-1,918,931,0,-1
951,-1,919,932,0,-1
951,-1,920,933,0,-1
952,-1,921,934,0,-1
953,-1,922,935,0,-1
954,-1,923,936,0,-1
955,-1,924,937,0,-1
956,-1,925,938,0,-1
957,-1,926,939,0,-1
958,-1,927,940,0,-1
959,-1,928,941,0,-1
960,-1,929,942,0,-1
961,-1,930,943,0,-1
962,-1,931,944,0,-1
963,-1,932,945,0,-1
964,-1,933,946,0,-1
965,-1,934,947,0,-1
966,-1,935,948,0,-1
967,-1,936,949,0,-1
968,-1,937,950,0,-1
969,-1,938,951,0,-1
970,-1,939,952,0,-1
971,-1,940,953,0,-1
972,-1,941,954,0,-1
973,-1,942,955,0,-1
974,-1,943,956,0,-1
975,-1,943,957,0,-1
976,-1,944,958,0,-1
977,-1,945,959,0,-1
978,-1,946,960,0,-1
979,-1,947,961,0,-1
980,-1,948,962,0,-1
981,-1,949,963,0,-1
982,-1,950,964,0,-1
983,-1,951,965,0,-1
984,-1,952,966,0,-1
985,-1,953,967,0,-1
986,-1,954,968,0,-1
987,-1,955,969,0,-1
988,-1,956,970,0,-1
989,-1,957,971,0,-1
990,-1,958,972,0,-1
991,-1,959,973,0,-1
992,-1,960,974,0,-1
992,-1,961,975,0,-1
993,-1,962,976,0,-1
994,-1,963,977,0,-1
995,-1,964,978,0,-1
996,-1,965,979,0,-1
997,-1,966,980,0,-1
998,-1,967,981,0,-1
999,-1,968,982,0,-1
1000,-1,969,983,0,-1
1001,-1,970,984,0,-1
1002,-1,970,985,0,-1
1003,-1,971,986,0,-1
1004,-1,972,987,0,-1
1005,-1,973,988,0,-1
1006,-1,974,989,0,-1
1007,-1,975,990,0,-1
1008,-1,976,991,0,-1
1009,-1,977,992,0,-1
1010,-1,978,993,0,-1
1011,-1,979,994,0,-1
1012,-1,980,995,0,-1
1013,-1,981,996,0,-1
1014,-1,982,997,0,-1
1015,-1,983,998,0,-1
1016,-1,984,999,0,-1
1017,-1,985,1000,0,-1
1018,-1,986,1001,0,-1
1018,-1,987,1002,0,-1
1019,-1,988,1003,0,-1
1020,-1,989,1004,0,-1
1021,-1,990,1005,0,-1
1022,-1,991,1006,0,-1
1023,-1,992,1007,0,-1
1024,-1,993,1008,0,-1
1025,3,994,1009,0,-1
1026,-1,995,1010,0,-1
1027,-1,996,1011,0,-1
1028,-1,997,1012,0,-1
1029,-1,998,1013,0,-1
1030,-1,999,1014,0,-1
1031,-1,1000,1015,0,-1
-1,-1,-1,-1,0,-1
-1,-1,-1,-1,0,-1
-1,-1,-1,-1,0,-1
-1,-1,-1,-1,0,-1
-1,-1,-1,-1,0,-1
-1,-1,-1,-1,0,-1
-1,-1,-1,-1,0,-1
-1,-1,-1,-1,0,-1
-1,-1,-1,-1,0,-1
-1,-1,-1,-1,0,-1
-1,-1,-1,-1,0,-1
-1,-1,-1,-1,0,-1
-1,-1,-1,-1,0,-1
-1,-1,-1,-1,0,-1
-1,-1,-1,-1,0,-1
-1,-1,-1,-1,0,-1
-1,-1,-1,-1,0,-1
-1,-1,-1,-1,0,-1
-1,-1,-1,-1,0,-1
-1,-1,-1,-1,0,-1
-1,-1,-1,-1,0,-1
-1,-1,-1,-1,0,-1
-1,-1,-1,-1,0,-1
-1,-1,-1,-1,0,-1
-1,-1,-1,-1,0,-1
1032,-1,1001,1016,0,-1
1033,-1,1002,1017,0,-1
1034,-1,1003,1018,0,-1
1035,-1,1004,1019,0,-1
1036,-1,1005,1020,0,-1
1037,-1,1006,1021,0,-1
1038,-1,1007,1022,0,-1
1039,-1,1008,1023,0,-1
1040,-1,1009,1024,0,-1
1041,-1,1010,1025,0,-1
1042,-1,1011,1026,0,-1
1043,-1,1012,1027,0,-1
1044,-1,1013,1028,0,-1
1045,-1,1014,1029,0,-1
1046,-1,1015,1030,0,-1
1047,-1,1016,1031,0,-1
1048,-1,1017,1031,0,-1
1049,-1,1018,1032,0,-1
1050,-1,1019,1033,0,-1
1051,-1,1020,1034,0,-1
1052,-1,1021,1035,0,-1
1053,-1,1022,1036,0,-1
1054,-1,1023,1037,0,-1
1055,-1,1024,1038,0,-1
1056,-1,1024,1039,0,-1
1057,-1,1025,1040,0,-1
1058,-1,1026,1041,0,-1
1059,-1,1027,1042,0,-1
1060,-1,1028,1043,0,-1
1061,-1,1029,1044,0,-1
1062,-1,1030,1045,0,-1
1063,-1,1031,1046,0,-1
1064,-1,1032,1047,0,-1
1065,-1,1033,1048,0,-1
1066,-1,1034,1049,0,-1
1067,-1,1035,1050,0,-1
1068,-1,1036,1051,0,-1
1069,-1,1037,1052,0,-1
1070,-1,1038,1053,0,-1
1071,-1,1039,1054,0,-1
1072,-1,1040,1055,0,-1
1073,-1,1041,1056,0,-1
1074,4,1041,1056,0,-1
1075,-1,1042,1057,0,-1
1076,-1,1043,1058,0,-1
1077,-1,1044,1059,0,-1
1078,-1,1045,1060,0,-1
1079,-1,1046,1061,0,-1
1080,-1,1047,1062,0,-1
1081,-1,1048,1063,0,-1
1082,-1,1049,1064,0,-1
1083,-1,1050,1065,0,-1
1084,-1,1051,1066,0,-1
1085,-1,1051,1066,0,-1
1086,-1,1052,1067,0,-1
1087,-1,1053,1068,0,-1
1088,-1,1054,1069,0,-1
1088,-1,1055,1070,0,-1
1089,-1,1056,1071,0,-1
1090,-1,1057,1072,0,-1
1091,-1,1058,1073,0,-1
1092,-1,1059,1074,0,-1
1093,-1,1060,1075,0,-1
1094,-1,1061,1076,0,-1
1095,-1,1061,1077,0,-1
1096,-1,1062,1078,0,-1
1097,-1,1063,1079,0,-1
1098,-1,1064,1080,0,-1
1099,-1,1065,1081,0,-1
1100,-1,1066,1082,0,-1
1101,-1,1067,1083,0,-1
1102,-1,1068,1084,0,-1
1103,-1,1069,1085,0,-1
1104,-1,1070,1086,0,-1
1105,-1,1071,1087,0,-1
1106,-1,1072,1088,0,-1
1107,-1,1073,1089,0,-1
1108,-1,1074,1090,0,-1
1109,-1,1075,1091,0,-1
1110,-1,1075,1091,0,-1
1111,-1,1076,1092,0,-1
1112,-1,1077,1093,0,-1
1113,-1,1078,1094,0,-1
1114,-1,1079,1095,0,-1
1115,-1,1080,1096,0,-1
1116,-1,1081,1097,0,-1
1117,-1,1082,1098,0,-1
1118,-1,1083,1099,0,-1
1119,-1,1084,1100,0,-1
1120,-1,1085,1101,0,-1
1121,-1,1086,1102,0,-1
1122,-1,1087,1102,0,-1
1123,-1,1088,1103,0,-1
1124,-1,1089,1104,0,-1
1125,-1,1090,1105,0,-1
1126,-1,1091,1106,0,-1
1127,-1,1092,1107,0,-1
1128,-1,1093,1108,0,-1
1129,-1,1094,1109,0,-1
1130,-1,1095,1110,0,-1
1130,-1,1096,1111,0,-1
1131,-1,1097,1112,0,-1
1132,-1,1098,1113,0,-1
1133,-1,1099,1114,0,-1
1134,-1,1100,1115,0,-1
1135,-1,1101,1116,0,-1
1136,-1,1102,1117,0,-1
1137,-1,1103,1118,0,-1
1138,-1,1104,1119,0,-1
1139,-1,1105,1120,0,-1
1140,-1,1106,1121,0,-1
1141,-1,1107,1122,0,-1
1142,-1,1108,1123,0,-1
1143,-1,1109,1124,0,-1
1144,-1,1110,1125,0,-1
1145,-1,1111,1126,0,-1
1146,-1,1112,1127,0,-1
1147,-1,1113,1128,0,-1
1148,-1,1113,1128,0,-1
1149,-1,1114,1129,0,-1
1150,-1,1115,1130,0,-1
1151,-1,1116,1131,0,-1
1152,-1,1117,1132,0,-1
1153,-1,1117,1133,0,-1
1154,-1,1118,1134,0,-1
1155,-1,1119,1135,0,-1
1156,-1,1120,1136,0,-1
1157,-1,1121,1137,0,-1
1158,-1,1122,1138,0,-1
1159,-1,1123,1139,0,-1
1160,-1,1124,1140,0,-1
1161,-1,1125,1141,0,-1
1162,-1,1126,1142,0,-1
1163,-1,1127,1143,0,-1
1164,-1,1128,1144,0,-1
1165,-1,1129,1145,0,-1
1166,-1,1130,1146,0,-1
1167,-1,1131,1147,0,-1
1168,-1,1132,1148,0,-1
1169,-1,1133,1149,0,-1
1170,-1,1134,1150,0,-1
1171,-1,1135,1151,0,-1
1172,-1,1136,1152,0,-1
1173,-1,1137,1153,0,-1
1174,-1,1138,1154,0,-1
1175,-1,1139,1155,0,-1
1176,-1,1140,1156,0,-1
1177,-1,1141,1157,0,-1
1177,-1,1142,1158,0,-1
1178,-1,1143,1159,0,-1
1178,-1,1144,1160,0,-1
1179,-1,1145,1161,0,-1
1180,-1,1146,1162,0,-1
1181,-1,1147,1163,0,-1
1182,-1,1147,1163,0,-1
1183,-1,1148,1164,0,-1
1184,-1,1149,1164,0,-1
1185,-1,1149,1165,0,-1
1186,-1,1150,1166,0,-1
1187,-1,1151,1167,0,-1
1188,-1,1152,1168,0,-1
1189,-1,1153,1169,0,-1
1189,-1,1154,1170,0,-1
1190,-1,-1,-1,0,-1
1191,-1,1155,1171,0,-1
1192,-1,1156,1172,0,-1
1192,-1,1157,1173,0,-1
1193,-1,1158,1174,0,-1
1193,-1,1159,1175,0,-1
1193,-1,1160,1176,0,-1
1194,-1,1161,1177,0,-1
1195,-1,1162,1178,0,-1
1196,-1,1163,1179,0,-1
1197,-1,1164,1180,0,-1
1198,-1,1165,1181,0,-1
1198,-1,1166,1182,0,-1
1199,-1,1167,1183,0,-1
1200,-1,1168,1184,0,-1
1201,-1,1169,1185,0,-1
1202,-1,1170,1186,0,-1
1203,5,1171,1187,0,-1
1204,-1,1172,1188,0,-1
1205,-1,1173,1189,0,-1
1206,-1,1174,1190,0,-1
1207,-1,1175,1191,0,-1
1208,-1,1176,1192,0,-1
1209,-1,1177,1193,0,-1
1210,-1,1178,1194,0,-1
1211,-1,1179,1195,0,-1
1212,-1,1180,1196,0,-1
1213,-1,1180,1196,0,-1
1213,-1,1181,1197,0,-1
1214,-1,1182,1198,0,-1
1215,-1,1183,1199,0,-1
1216,-1,1184,1200,0,-1
1217,-1,1185,1201,0,-1
1218,-1,1186,1202,0,-1
1219,-1,1187,1203,0,-1
1220,-1,1187,1203,0,-1
1221,-1,1188,1204,0,-1
1222,-1,1188,1205,0,-1
1223,-1,1189,1206,0,-1
1224,-1,1190,1207,0,-1
1225,-1,1191,1208,0,-1
1226,-1,1192,1209,0,-1
1227,-1,1193,1210,0,-1
1228,-1,1194,1211,0,-1
1229,-1,1195,1212,0,-1
1230,-1,1196,1213,0,-1
1231,-1,1197,1214,0,-1
1232,-1,1198,1215,0,-1
1233,-1,1199,1216,0,-1
1234,-1,1200,1217,0,-1
1235,-1,1201,1218,0,-1
1236,-1,1201,1219,0,-1
1237,-1,1202,1220,0,-1
1238,-1,1203,1221,0,-1
1239,-1,1204,1222,0,-1
1240,-1,1205,1223,0,-1
1241,-1,1206,1224,0,-1
1242,-1,1206,1225,0,-1
1243,-1,1207,1226,0,-1
1244,-1,1208,1227,0,-1
1245,-1,1209,1228,0,-1
1246,-1,1210,1229,0,-1
1247,-1,1211,1230,0,-1
1248,-1,1212,1231,0,-1
1249,-1,1213,1232,0,-1
1250,-1,1214,1233,0,-1
1251,-1,1214,1233,0,-1
1252,-1,1215,1234,0,-1
1253,-1,1216,1235,0,-1
1254,-1,1217,1236,0,-1
1255,-1,1218,1237,0,-1
1256,-1,1219,1238,0,-1
1257,-1,1220,1239,0,-1
1258,-1,1221,1240,0,-1
1259,-1,1222,1241,0,-1
1260,-1,1223,1242,0,-1
1261,-1,1224,1243,0,-1
1262,-1,1225,1244,0,-1
1263,-1,1226,1244,0,-1
1264,-1,1227,1245,0,-1
1265,-1,1228,1246,0,-1
1266,-1,1229,1247,0,-1
1267,-1,1229,1247,0,-1
1268,-1,1230,1248,0,-1
1269,-1,1231,1249,0,-1
1270,-1,1232,1250,0,-1
1271,-1,1233,1251,0,-1
1272,-1,1234,1252,0,-1
1273,-1,1235,1253,0,-1
1274,-1,1236,1254,0,-1
1275,-1,1237,1255,0,-1
1276,-1,1237,1256,0,-1
1277,-1,1238,1257,0,-1
1278,-1,1239,1258,0,-1
1279,-1,1240,1259,0,-1
1280,-1,1241,1260,0,-1
1281,-1,1242,1260,0,-1
1282,-1,1243,1261,0,-1
1283,-1,1244,1262,0,-1
1284,-1,1245,1263,0,-1
1285,-1,1246,1264,0,-1
1286,-1,1247,1265,0,-1
1287,-1,1248,1266,0,-1
1288,-1,1249,1267,0,-1
1289,-1,1250,1268,0,-1
1290,-1,1251,1269,0,-1
1291,-1,1252,1270,0,-1
1291,-1,1253,1271,0,-1
1292,-1,1254,1272,0,-1
1293,-1,1255,1273,0,-1
1294,-1,1256,1274,0,-1
1295,-1,1256,1275,0,-1
1296,-1,1257,1276,0,-1
1297,-1,1258,1277,0,-1
1298,-1,1259,1278,0,-1
1299,-1,1260,1279,0,-1
1300,-1,1261,1280,0,-1
1301,-1,1262,1281,0,-1
1302,-1,1263,1282,0,-1
1303,-1,1264,1283,0,-1
1304,-1,1265,1284,0,-1
1305,-1,1266,1285,0,-1
1306,-1,1267,1286,0,-1
1306,-1,1268,1287,0,-1
1307,-1,1269,1288,0,-1
1308,-1,1270,1289,0,-1
1309,-1,1271,1290,0,-1
1310,-1,1272,1291,0,-1
1311,-1,1273,1292,0,-1
1312,-1,1274,1293,0,-1
1313,-1,1275,1294,0,-1
1314,-1,1276,1295,0,-1
1315,-1,1277,1296,0,-1
1316,-1,1278,1297,0,-1
1317,-1,1279,1298,0,-1
1317,-1,1279,1299,0,-1
1318,-1,1280,1300,0,-1
1319,-1,1281,1301,0,-1
1320,-1,1282,1302,0,-1
1321,-1,1283,1303,0,-1
1322,-1,1284,1304,0,-1
1323,-1,1285,1305,0,-1
1323,-1,1286,1306,0,-1
1324,-1,1287,1307,0,-1
1325,-1,1288,1308,0,-1
1326,-1,1289,1309,0,-1
1327,-1,1289,1309,0,-1
1328,-1,1289,1309,0,-1
1329,-1,1290,1310,0,-1
1330,-1,1291,1311,0,-1
1331,-1,1292,1312,0,-1
1332,-1,1293,1313,0,-1
1333,-1,1294,1314,0,-1
1333,-1,1295,1315,0,-1
1334,-1,1296,1316,0,-1
1335,-1,1297,1317,0,-1
1336,-1,1298,1318,0,-1
1337,-1,1299,1319,0,-1
1338,-1,1300,1320,0,-1
1339,-1,1301,1321,0,-1
1339,-1,1302,1322,0,-1
1340,-1,1303,1323,0,-1
1341,-1,1304,1324,0,-1
1342,-1,1305,1325,0,-1
1343,-1,1306,1326,0,-1
1344,-1,1307,1327,0,-1
1345,-1,1308,1328,0,-1
1346,-1,1309,1329,0,-1
1347,-1,1310,1330,0,-1
1348,-1,1311,1331,0,-1
1349,-1,1312,1332,0,-1
1350,-1,1313,1333,0,-1
1351,-1,1314,1334,0,-1
1352,-1,1315,1335,0,-1
1353,-1,1316,1336,0,-1
1354,-1,1317,1337,0,-1
1355,-1,1318,1338,0,-1
1356,-1,1319,1339,0,-1
1357,-1,1320,1340,0,-1
-1,-1,-1,-1,0,-1
-1,-1,-1,-1,0,-1
-1,-1,-1,-1,0,-1
-1,-1,-1,-1,0,-1
-1,-1,-1,-1,0,-1
-1,-1,-1,-1,0,-1
-1,-1,-1,-1,0,-1
-1,-1,-1,-1,0,-1
-1,-1,-1,-1,0,-1
-1,-1,-1,-1,0,-1
-1,-1,-1,-1,0,-1
-1,-1,-1,-1,0,-1
-1,-1,-1,-1,0,-1
-1,-1,-1,-1,0,-1
-1,-1,-1,-1,0,-1
-1,-1,-1,-1,0,-1
-1,-1,-1,-1,0,-1
-1,-1,-1,-1,0,-1
-1,-1,-1,-1,0,-1
-1,-1,-1,-1,0,-1
-1,-1,-1,-1,0,-1
-1,-1,-1,-1,0,-1
-1,-1,-1,-1,0,-1
1357,-1,1321,1341,0,-1
1358,-1,1322,1342,0,-1
1359,-1,1323,1343,0,-1
1360,-1,1324,1344,0,-1
1361,-1,1325,1345,0,-1
1362,-1,1326,1346,0,-1
1363,-1,1327,1347,0,-1
1364,-1,1328,1348,0,-1
1365,-1,1329,1349,0,-1
1366,-1,1329,1349,0,-1
1367,-1,1330,1350,0,-1
1368,-1,1331,1351,0,-1
1369,-1,1332,1352,0,-1
1370,-1,1333,1353,0,-1
1371,-1,1334,1354,0,-1
1372,-1,1335,1355,0,-1
1373,-1,1336,1356,0,-1
1374,-1,1336,1356,0,-1
1375,-1,1337,1357,0,-1
1376,-1,1338,1358,0,-1
1377,-1,1339,1359,0,-1
1378,-1,1340,1360,0,-1
1379,-1,1341,1361,0,-1
1380,-1,1342,1362,0,-1
1381,-1,1343,1363,0,-1
1382,-1,1344,1364,0,-1
1383,-1,1344,1365,0,-1
1384,-1,1345,1366,0,-1
1385,-1,1345,1366,0,-1
1386,-1,1345,1367,0,-1
1387,-1,1346,1368,0,-1
1388,-1,1347,1369,0,-1
1389,-1,-1,-1,0,-1
1390,-1,1348,1370,0,-1
1391,-1,1349,1371,0,-1
1392,-1,1350,1372,0,-1
1393,-1,1351,1373,0,-1
1394,-1,1352,1374,0,-1
1395,-1,1353,1375,0,-1
1396,-1,1354,1376,0,-1
1397,-1,1355,1377,0,-1
1398,-1,1356,1378,0,-1
1399,-1,1357,1379,0,-1
1400,-1,1358,1380,0,-1
1401,-1,1359,1381,0,-1
1402,-1,1360,1382,0,-1
1403,-1,1361,1383,0,-1
1404,-1,1362,1384,0,-1
1405,-1,1363,1385,0,-1
1406,-1,1364,1386,0,-1
1407,-1,1365,1387,0,-1
1408,-1,1365,1387,0,-1
1409,-1,1366,1388,0,-1
1410,-1,1367,1389,0,-1
1411,-1,1368,1390,0,-1
1412,-1,1369,1391,0,-1
1413,-1,1370,1392,0,-1
1414,-1,1371,1393,0,-1
1415,-1,1372,1394,0,-1
1416,-1,1373,1395,0,-1
1417,-1,1373,1396,0,-1
1418,-1,1374,1397,0,-1
1419,-1,1375,1398,0,-1
1420,-1,1376,1399,0,-1
1420,-1,1377,1400,0,-1
1421,-1,1378,1401,0,-1
1422,-1,1378,1401,0,-1
1423,-1,1379,1402,0,-1
1424,-1,1380,1403,0,-1
1425,-1,1381,1404,0,-1
1426,-1,1382,1405,0,-1
1427,-1,1383,1406,0,-1
1428,-1,1384,1407,0,-1
1429,-1,1384,1407,0,-1
1430,-1,1385,1408,0,-1
1431,-1,1386,1409,0,-1
1432,-1,1387,1410,0,-1
1433,-1,1388,1411,0,-1
1434,-1,1389,1412,0,-1
1435,-1,1389,1412,0,-1
1436,-1,1390,1413,0,-1
1436,-1,1390,1414,0,-1
1437,-1,1391,1415,0,-1
1438,-1,1392,1416,0,-1
1439,-1,1393,1417,0,-1
1439,-1,1394,1418,0,-1
1440,-1,1395,1419,0,-1
1441,-1,1396,1420,0,-1
1442,-1,1397,1421,0,-1
1443,-1,1398,1422,0,-1
1444,-1,1399,1423,0,-1
1445,-1,1400,1424,0,-1
1446,-1,1401,1425,0,-1
1447,-1,1401,1426,0,-1
1448,-1,1402,1427,0,-1
1449,-1,1403,1428,0,-1
1450,-1,1404,1429,0,-1
1451,-1,1405,1430,0,-1
1452,-1,1406,1431,0,-1
1452,-1,1406,1431,0,-1
1453,-1,1406,1431,0,-1
1454,-1,1407,1432,0,-1
1455,-1,1408,1433,0,-1
1456,-1,1409,1434,0,-1
1457,-1,1410,1435,0,-1
1458,-1,1410,1435,0,-1
1459,-1,1411,1436,0,-1
1460,-1,1412,1437,0,-1
1461,-1,1413,1438,0,-1
1462,-1,1414,1439,0,-1
1463,-1,1415,1440,0,-1
1464,-1,1416,1441,0,-1
1465,-1,1417,1442,0,-1
1466,-1,1418,1443,0,-1
1467,-1,1418,1443,0,-1
1468,-1,1419,1444,0,-1
1469,-1,1420,1445,0,-1
1470,-1,1421,1446,0,-1
1471,-1,1422,1447,0,-1
1472,-1,1423,1448,0,-1
1473,-1,1424,1449,0,-1
1474,-1,1425,1450,0,-1
1475,-1,1426,1451,0,-1
1476,-1,1427,1452,0,-1
1477,6,1428,1453,0,-1
1478,-1,1429,1454,0,-1
1479,-1,1430,1455,0,-1
1479,-1,1431,1455,0,-1
1480,-1,1432,1456,0,-1
1481,-1,1433,1457,0,-1
1482,-1,1434,1458,0,-1
1483,-1,1435,1459,0,-1
1484,-1,1436,1460,0,-1
1485,-1,1436,1460,0,-1
1486,-1,1436,1461,0,-1
1487,-1,1437,1462,0,-1
1488,-1,1438,1463,0,-1
1489,-1,1439,1464,0,-1
1490,-1,1440,1465,0,-1
1491,-1,1441,1466,0,-1
1492,-1,1442,1467,0,-1
1493,-1,1443,1468,0,-1
1494,-1,1444,1469,0,-1
1495,-1,1445,1470,0,-1
1496,-1,1446,1471,0,-1
1497,-1,1447,1472,0,-1
1498,-1,1448,1473,0,-1
1499,-1,1449,1474,0,-1
1500,-1,1450,1475,0,-1
1501,-1,1451,1476,0,-1
1502,-1,1452,1477,0,-1
1503,-1,1453,1478,0,-1
1504,-1,1454,1479,0,-1
1505,-1,1455,1480,0,-1
1506,-1,1456,1481,0,-1
1507,-1,1457,1482,0,-1
1508,-1,1458,1483,0,-1
1509,-1,1459,1484,0,-1
1510,-1,1460,1485,0,-1
1511,-1,1461,1486,0,-1
1512,-1,1462,1487,0,-1
1513,-1,1463,1488,0,-1
1514,-1,1464,1489,0,-1
1515,-1,1465,1490,0,-1
1515,-1,1466,1491,0,-1
1516,-1,1467,1492,0,-1
1517,-1,1468,1493,0,-1
1518,-1,1469,1494,0,-1
1519,-1,1470,1495,0,-1
1520,-1,1471,1496,0,-1
1521,-1,1472,1497,0,-1
1522,-1,1473,1498,0,-1
1523,-1,1474,1499,0,-1
1523,-1,1475,1500,0,-1
1524,-1,1476,1501,0,-1
1525,-1,1477,1502,0,-1
1526,-1,1478,1503,0,-1
1527,-1,1479,1504,0,-1
1528,-1,1480,1505,0,-1
1529,-1,1481,1506,0,-1
1530,-1,1482,1507,0,-1
1531,-1,1483,1508,0,-1
1532,-1,1484,1509,0,-1
1533,-1,1485,1510,0,-1
1534,-1,1486,1511,0,-1
1535,-1,1487,1512,0,-1
1536,-1,1488,1513,0,-1
1537,-1,1488,1514,0,-1
1538,-1,1489,1515,0,-1
1539,-1,1490,1516,0,-1
1540,-1,1491,1517,0,-1
1541,-1,1492,1518,0,-1
1542,-1,1493,1519,0,-1
1543,-1,1494,1520,0,-1
1544,-1,1495,1521,0,-1
1545,-1,1496,1522,0,-1
1546,-1,1497,1523,0,-1
1547,-1,1498,1524,0,-1
1548,-1,1499,1525,0,-1
1549,-1,1500,1526,0,-1
1550,-1,1501,1527,0,-1
1551,-1,1502,1528,0,-1
1552,-1,1503,1529,0,-1
1553,-1,1504,1530,0,-1
1554,-1,1505,1531,0,-1
1555,-1,1506,1532,0,-1
1556,-1,1507,1533,0,-1
1557,-1,1508,1534,0,-1
1558,-1,1509,1535,0,-1
1559,-1,1509,1535,0,-1
1560,-1,1510,1536,0,-1
1561,-1,1511,1537,0,-1
1562,-1,1512,1538,0,-1
1563,-1,1513,1539,0,-1
1564,-1,1514,1540,0,-1
1565,-1,1515,1541,0,-1
1565,-1,1516,1542,0,-1
1566,-1,1517,1543,0,-1
1567,-1,1518,1544,0,-1
1568,-1,1519,1545,0,-1
1569,-1,1519,1545,0,-1
1570,-1,1520,1546,0,-1
1571,-1,1521,1547,0,-1
1572,-1,1522,1548,0,-1
1573,-1,1523,1549,0,-1
1574,-1,1524,1550,0,-1
1574,-1,1525,1551,0,-1
1574,-1,1526,1552,0,-1
1575,-1,1527,1553,0,-1
1576,-1,1528,1554,0,-1
1577,-1,1529,1555,0,-1
1578,-1,1530,1556,0,-1
1579,-1,1531,1557,0,-1
1580,-1,1532,1558,0,-1
1581,-1,1533,1559,0,-1
1582,-1,1534,1560,0,-1
1583,-1,1535,1561,0,-1
1584,-1,1536,1562,0,-1
1585,-1,1537,1563,0,-1
1586,-1,1538,1564,0,-1
1587,-1,1539,1565,0,-1
1588,-1,1539,1566,0,-1
1589,-1,1540,1567,0,-1
1590,-1,1541,1568,0,-1
1591,-1,1542,1569,0,-1
1592,-1,1543,1570,0,-1
1593,-1,1544,1571,0,-1
1593,-1,1545,1572,0,-1
1594,-1,1546,1573,0,-1
1595,-1,1546,1573,0,-1
1596,-1,1547,1574,0,-1
1597,-1,-1,-1,0,-1
1598,-1,1548,1575,0,-1
1599,-1,1549,1576,0,-1
1600,-1,1550,1577,0,-1
1601,-1,1551,1578,0,-1
1602,-1,1552,1579,0,-1
1603,-1,1553,1580,0,-1
1604,-1,1553,1580,0,-1
1605,-1,1554,1581,0,-1
1606,-1,1555,1582,0,-1
1607,-1,1556,1583,0,-1
1608,-1,1557,1584,0,-1
1609,-1,1558,1585,0,-1
1610,-1,1559,1586,0,-1
1611,-1,1560,1587,0,-1
1611,-1,1561,1588,0,-1
1612,-1,1562,1589,0,-1
1613,-1,1563,1590,0,-1
1614,-1,1564,1590,0,-1
1615,-1,1565,1591,0,-1
1616,-1,1566,1592,0,-1
1617,-1,1567,1593,0,-1
1618,-1,1568,1594,0,-1
1619,-1,1569,1595,0,-1
1620,-1,1570,1596,0,-1
1621,-1,1571,1597,0,-1
1622,-1,1572,1598,0,-1
1623,-1,1572,1599,0,-1
1624,-1,1573,1600,0,-1
1625,-1,1574,1601,0,-1
1626,-1,1575,1602,0,-1
1627,-1,1575,1603,0,-1
1628,-1,1576,1604,0,-1
1629,-1,1577,1605,0,-1
1630,-1,1578,1606,0,-1
1631,-1,1579,1607,0,-1
1632,-1,1580,1608,0,-1
1633,-1,1581,1608,0,-1
1634,-1,1582,1609,0,-1
1635,-1,1583,1610,0,-1
1636,-1,1584,1611,0,-1
1637,-1,1585,1612,0,-1
1637,-1,1586,1613,0,-1
1638,-1,1586,1614,0,-1
1639,-1,1587,1615,0,-1
1640,-1,1588,1616,0,-1
1641,-1,1589,1617,0,-1
1642,-1,1590,1618,0,-1
1643,-1,1591,1619,0,-1
1644,-1,1592,1620,0,-1
1645,-1,1593,1621,0,-1
1646,-1,1594,1622,0,-1
1647,-1,1595,1623,0,-1
1648,-1,1596,1624,0,-1
1649,-1,1597,1625,0,-1
1650,-1,1598,1626,0,-1
1651,-1,1599,1627,0,-1
1652,-1,1600,1628,0,-1
1653,-1,1601,1629,0,-1
1654,-1,1601,1629,0,-1
1654,-1,1602,1630,0,-1
1655,-1,1603,1631,0,-1
1656,-1,1604,1632,0,-1
1657,-1,1605,1633,0,-1
1658,-1,1606,1634,0,-1
1659,-1,1607,1635,0,-1
1660,-1,1608,1636,0,-1
1661,-1,1609,1637,0,-1
1662,-1,1610,1638,0,-1
1663,-1,1611,1639,0,-1
1664,-1,1612,1640,0,-1
1665,-1,1613,1641,0,-1
1666,-1,1614,1642,0,-1
1667,-1,1615,1643,0,-1
1668,-1,1616,1644,0,-1
1669,-1,1617,1645,0,-1
1670,-1,1618,1646,0,-1
1671,-1,1619,1647,0,-1
1672,-1,1620,1648,0,-1
1673,-1,1621,1649,0,-1
1674,-1,1622,1650,0,-1
1675,-1,1623,1651,0,-1
1676,-1,1624,1652,0,-1
1677,-1,1625,1653,0,-1
1678,-1,1625,1653,0,-1
1679,-1,1626,1654,0,-1
1680,-1,1627,1655,0,-1
1680,-1,1628,1656,0,-1
1681,-1,1629,1657,0,-1
1682,-1,1630,1658,0,-1
1683,-1,1631,1659,0,-1
1684,-1,1632,1660,0,-1
1685,-1,1633,1661,0,-1
1686,-1,1634,1662,0,-1
1687,-1,1635,1663,0,-1
1688,-1,1635,1663,0,-1
1689,-1,1636,1664,0,-1
1690,-1,1637,1664,0,-1
1691,-1,1638,1665,0,-1
1692,-1,1639,1666,0,-1
1692,-1,1640,1667,0,-1
1693,-1,1641,1668,0,-1
1694,-1,1642,1669,0,-1
1695,-1,1642,1669,0,-1
1696,-1,1643,1670,0,-1
1697,-1,1643,1670,0,-1
1698,-1,1644,1671,0,-1
1699,-1,1645,1672,0,-1
1700,-1,1646,1673,0,-1
1701,-1,1647,1674,0,-1
1702,-1,1648,1675,0,-1
1703,-1,1649,1676,0,-1
1704,-1,1650,1677,0,-1
1705,-1,1650,1677,0,-1
1706,-1,1651,1678,0,-1
1707,-1,1652,1679,0,-1
1708,-1,1653,1680,0,-1
1709,-1,1654,1681,0,-1
1710,-1,1655,1682,0,-1
1710,-1,1656,1683,0,-1
1711,-1,1657,1684,0,-1
1712,-1,1658,1685,0,-1
1713,-1,1659,1686,0,-1
1714,-1,1660,1687,0,-1
1715,-1,1661,1688,0,-1
1716,-1,1662,1689,0,-1
1716,-1,1663,1690,0,-1
1717,-1,1664,1691,0,-1
1718,-1,1665,1692,0,-1
1719,-1,1666,1693,0,-1
1720,-1,1667,1694,0,-1
1721,-1,1668,1695,0,-1
1722,-1,1669,1696,0,-1
1723,-1,1670,1697,0,-1
1724,-1,1671,1698,0,-1
1725,-1,1672,1699,0,-1
1726,-1,1673,1700,0,-1
1727,-1,1674,1701,0,-1
1728,-1,1675,1702,0,-1
1729,-1,1676,1703,0,-1
1730,-1,1677,1703,0,-1
1731,-1,1678,1704,0,-1
1731,-1,1679,1705,0,-1
1732,-1,1679,1706,0,-1
1733,-1,1679,1706,0,-1
1734,-1,1680,1707,0,-1
1735,-1,1681,1708,0,-1
1736,-1,1682,1709,0,-1
1737,-1,1683,1710,0,-1
1738,-1,1684,1711,0,-1
1739,-1,1685,1712,0,-1
1740,-1,1686,1713,0,-1
1741,-1,1687,1714,0,-1
1742,-1,1688,1715,0,-1
1743,-1,1689,1716,0,-1
1744,-1,1690,1717,0,-1
1745,-1,1691,1718,0,-1
1746,-1,1692,1719,0,-1
1747,-1,1693,1720,0,-1
1748,-1,1694,1720,0,-1
1749,-1,1695,1721,0,-1
1749,-1,1696,1722,0,-1
1750,-1,1697,1723,0,-1
1751,-1,1698,1724,0,-1
1752,-1,1699,1725,0,-1
1753,-1,1700,1726,0,-1
1754,-1,1701,1727,0,-1
1755,-1,1702,1728,0,-1
1756,-1,1703,1729,0,-1
1757,-1,1704,1730,0,-1
1758,-1,1705,1731,0,-1
1759,-1,1705,1731,0,-1
1759,-1,1706,1732,0,-1
1760,-1,1706,1733,0,-1
1761,-1,1707,1734,0,-1
1762,-1,1708,1735,0,-1
1763,-1,1708,1736,0,-1
1764,-1,1709,1737,0,-1
1765,-1,1710,1738,0,-1
1766,-1,1711,1739,0,-1
1767,-1,1712,1740,0,-1
1768,-1,1713,1741,0,-1
1769,-1,1714,1742,0,-1
1770,-1,1715,1743,0,-1
1771,-1,1716,1744,0,-1
1772,-1,1717,1745,0,-1
1773,-1,1718,1746,0,-1
1773,-1,1719,1747,0,-1
1774,-1,1720,1748,0,-1
1774,-1,1721,1749,0,-1
1775,-1,1722,1750,0,-1
1776,-1,1723,1751,0,-1
1777,-1,1723,1751,0,-1
1778,-1,1723,1751,0,-1
1779,-1,1724,1752,0,-1
1780,-1,1725,1753,0,-1
1781,-1,1726,1754,0,-1
1782,-1,1727,1755,0,-1
1783,-1,1728,1756,0,-1
1784,-1,1729,1757,0,-1
1785,-1,1729,1758,0,-1
1786,-1,1730,1759,0,-1
1787,-1,1731,1760,0,-1
1788,-1,1732,1761,0,-1
1789,-1,1732,1761,0,-1
1790,-1,1733,1762,0,-1
1791,-1,1734,1763,0,-1
1792,-1,1735,1764,0,-1
1793,-1,1736,1765,0,-1
1794,-1,1737,1766,0,-1
1795,-1,1738,1767,0,-1
1796,-1,1739,1768,0,-1
1797,-1,1740,1769,0,-1
1798,-1,1741,1770,0,-1
1799,-1,1742,1771,0,-1
1800,-1,1743,1772,0,-1
1800,-1,1744,1773,0,-1
1801,-1,1745,1774,0,-1
1802,-1,1746,1775,0,-1
1803,-1,1747,1775,0,-1
1804,-1,1748,1776,0,-1
1805,-1,1749,1777,0,-1
1806,-1,1750,1778,0,-1
1807,-1,1751,1779,0,-1
1808,-1,1752,1780,0,-1
1809,-1,1753,1781,0,-1
1810,-1,1754,1782,0,-1
1811,-1,1755,1783,0,-1
1812,-1,1755,1783,0,-1
1813,-1,1756,1784,0,-1
1813,-1,1757,1785,0,-1
1814,-1,1758,1786,0,-1
1815,-1,1759,1787,0,-1
1816,-1,1760,1788,0,-1
1817,-1,1761,1789,0,-1
1818,-1,1761,1790,0,-1
1819,-1,1762,1791,0,-1
1820,-1,1763,1792,0,-1
1821,7,1764,1793,0,-1
1822,-1,1765,1794,0,-1
1823,-1,1766,1795,0,-1
1824,-1,1767,1796,0,-1
1825,-1,1768,1797,0,-1
1826,-1,1769,1798,0,-1
1826,-1,1770,1799,0,-1
1827,-1,1771,1800,0,-1
1828,-1,1772,1801,0,-1
1829,-1,1773,1802,0,-1
1830,-1,1774,1803,0,-1
1831,-1,1775,1804,0,-1
1832,-1,1776,1805,0,-1
1833,-1,1777,1806,0,-1
1834,-1,1778,1807,0,-1
1834,-1,1779,1808,0,-1
1834,-1,1780,1809,0,-1
1835,-1,1781,1810,0,-1
1836,-1,1782,1811,0,-1
1837,-1,1783,1812,0,-1
1838,-1,1784,1813,0,-1
1839,-1,1785,1814,0,-1
1840,-1,1786,1815,0,-1
1841,-1,1787,1816,0,-1
1842,-1,1788,1817,0,-1
1843,-1,1789,1818,0,-1
1844,-1,1790,1819,0,-1
1845,-1,1791,1820,0,-1
1846,-1,1792,1821,0,-1
1847,-1,1793,1822,0,-1
1848,-1,1794,1823,0,-1
1849,-1,1795,1824,0,-1
1850,-1,1795,1824,0,-1
1851,-1,1796,1825,0,-1
1852,-1,1797,1826,0,-1
1853,-1,1798,1827,0,-1
1854,-1,1799,1828,0,-1
1855,-1,1800,1829,0,-1
1856,-1,1800,1829,0,-1
1857,-1,1801,1830,0,-1
1858,-1,1802,1831,0,-1
1859,-1,1803,1832,0,-1
1860,-1,1804,1833,0,-1
1861,-1,-1,-1,0,-1
1862,-1,1804,1833,0,-1
1863,-1,1804,1834,0,-1
1863,-1,1804,1835,0,-1
1864,-1,1804,1836,0,-1
1865,-1,1805,1837,0,-1
1866,-1,1806,1838,0,-1
1867,-1,1807,1839,0,-1
1868,-1,1808,1840,0,-1
1869,-1,1809,1841,0,-1
1870,-1,1810,1842,0,-1
1871,-1,1811,1843,0,-1
1872,-1,1812,1844,0,-1
1873,-1,1812,1844,0,-1
1874,-1,1813,1845,0,-1
1875,-1,1814,1845,0,-1
1876,-1,1815,1846,0,-1
1877,-1,1816,1847,0,-1
1877,-1,1817,1848,0,-1
1878,-1,1818,1849,0,-1
1879,-1,1819,1850,0,-1
1880,-1,1820,1851,0,-1
1881,-1,1821,1852,0,-1
1882,-1,1822,1853,0,-1
1883,-1,1823,1854,0,-1
1884,-1,1824,1855,0,-1
1885,-1,1825,1856,0,-1
1885,-1,1826,1857,0,-1
1886,-1,1827,1858,0,-1
1887,-1,1828,1859,0,-1
1888,-1,1829,1860,0,-1
1889,-1,1830,1861,0,-1
1890,-1,1831,1862,0,-1
1891,-1,1832,1863,0,-1
1892,-1,1833,1864,0,-1
1893,-1,1834,1865,0,-1
1894,-1,1835,1866,0,-1
1895,-1,1836,1867,0,-1
1896,-1,1837,1868,0,-1
1897,-1,1838,1869,0,-1
1898,-1,1839,1870,0,-1
1898,-1,1840,1870,0,-1
1899,-1,1841,1871,0,-1
1900,-1,1842,1872,0,-1
1901,-1,1843,1873,0,-1
1902,-1,1844,1874,0,-1
1903,-1,1845,1875,0,-1
1904,-1,1846,1876,0,-1
1905,-1,1847,1877,0,-1
1905,-1,1847,1878,0,-1
1906,-1,1848,1879,0,-1
1907,-1,1849,1880,0,-1
1908,-1,-1,-1,0,-1
1909,-1,1850,1881,0,-1
1910,-1,1851,1882,0,-1
1911,-1,1852,1883,0,-1
1912,-1,1853,1884,0,-1
1913,-1,1854,1885,0,-1
1914,-1,1855,1886,0,-1
1915,-1,1856,1887,0,-1
1916,-1,1857,1888,0,-1
1916,-1,1858,1889,0,-1
1917,-1,1859,1890,0,-1
1918,-1,1860,1891,0,-1
1919,-1,1861,1892,0,-1
1920,-1,1862,1893,0,-1
1921,-1,1863,1894,0,-1
1922,-1,1864,1895,0,-1
1923,-1,1865,1896,0,-1
1924,-1,1866,1897,0,-1
1925,-1,1867,1898,0,-1
1926,-1,1867,1898,0,-1
1927,-1,1868,1899,0,-1
1928,-1,1869,1900,0,-1
1929,-1,1870,1901,0,-1
1930,-1,1871,1902,0,-1
1930,-1,1872,1903,0,-1
1931,-1,1873,1904,0,-1
1932,-1,1874,1905,0,-1
1933,-1,1875,1906,0,-1
1934,-1,1876,1907,0,-1
1935,-1,1877,1908,0,-1
1936,-1,1878,1909,0,-1
1937,-1,1879,1910,0,-1
1938,-1,1880,1911,0,-1
1939,-1,1881,1912,0,-1
1940,-1,1882,1913,0,-1
1941,-1,1883,1914,0,-1
1942,-1,1884,1915,0,-1
1943,-1,1885,1916,0,-1
1944,-1,1886,1917,0,-1
1945,-1,1886,1918,0,-1
1946,-1,1887,1919,0,-1
1947,-1,1888,1920,0,-1
1948,-1,1889,1921,0,-1
1949,-1,1890,1922,0,-1
1950,-1,1891,1923,0,-1
1951,-1,1892,1924,0,-1
1952,-1,1893,1925,0,-1
1953,-1,1894,1926,0,-1
1954,-1,1895,1927,0,-1
1954,-1,1896,1928,0,-1
1955,-1,1897,1929,0,-1
1956,-1,1898,1930,0,-1
1956,-1,1899,1931,0,-1
1957,-1,1900,1932,0,-1
1958,-1,1901,1933,0,-1
1959,-1,1902,1934,0,-1
1960,-1,1903,1935,0,-1
1961,-1,1904,1936,0,-1
1962,-1,1905,1937,0,-1
1963,-1,1906,1938,0,-1
1964,-1,1907,1939,0,-1
1965,-1,1908,1940,0,-1
1966,-1,1909,1941,0,-1
1967,-1,1910,1942,0,-1
1968,-1,1911,1943,0,-1
1969,-1,1912,1944,0,-1
1970,-1,1913,1945,0,-1
1971,-1,1914,1946,0,-1
1972,-1,1915,1947,0,-1
1973,-1,1916,1948,0,-1
1974,-1,1917,1949,0,-1
1975,-1,1917,1950,0,-1
1976,-1,1918,1951,0,-1
1977,-1,1919,1952,0,-1
1978,-1,1920,1953,0,-1
1979,-1,1921,1954,0,-1
1980,-1,1922,1955,0,-1
1981,-1,1923,1956,0,-1
1982,-1,1924,1957,0,-1
1983,-1,1925,1958,0,-1
1983,-1,1926,1959,0,-1
1984,-1,-1,-1,0,-1
1985,-1,1927,1960,0,-1
1986,-1,1928,1961,0,-1
1987,-1,1929,1962,0,-1
1988,-1,1930,1963,0,-1
1989,-1,1931,1964,0,-1
1990,-1,1932,1965,0,-1
1991,-1,1933,1966,0,-1
1992,-1,1934,1967,0,-1
1993,-1,1935,1968,0,-1
1994,-1,1936,1969,0,-1
1995,-1,1936,1969,0,-1
1996,-1,1937,1970,0,-1
1997,-1,1938,1971,0,-1
1998,-1,1938,1971,0,-1
1999,-1,1939,1972,0,-1
2000,-1,1940,1973,0,-1
2001,-1,1941,1974,0,-1
2002,-1,1942,1975,0,-1
2003,-1,1943,1976,0,-1
2004,-1,1944,1977,0,-1
2005,-1,1945,1978,0,-1
2006,-1,1945,1978,0,-1
2007,-1,1946,1979,0,-1
2008,-1,1947,1980,0,-1
2009,-1,1948,1981,0,-1
2010,-1,1949,1982,0,-1
2011,-1,1950,1983,0,-1
2012,-1,1951,1984,0,-1
2013,-1,1952,1985,0,-1
2014,-1,1953,1986,0,-1
2015,8,1953,1986,0,-1
2016,-1,1954,1987,0,-1
2017,-1,1954,1987,0,-1
2018,-1,1954,1987,0,-1
2019,9,1955,1988,0,-1
2020,-1,1956,1989,0,-1
2021,-1,1956,1990,0,-1
2022,-1,1957,1991,0,-1
2023,-1,1958,1992,0,-1
2024,-1,1959,1993,0,-1
2025,-1,1960,1994,0,-1
2026,-1,1961,1995,0,-1
2027,-1,1962,1996,0,-1
2028,-1,1963,1997,0,-1
2029,-1,1964,1998,0,-1
2030,-1,1965,1999,0,-1
2031,-1,1966,2000,0,-1
2032,-1,1967,2001,0,-1
2032,-1,1968,2002,0,-1
2033,-1,1969,2003,0,-1
2034,-1,1970,2004,0,-1
2035,-1,1971,2005,0,-1
2036,-1,1972,2006,0,-1
2037,-1,1973,2007,0,-1
2038,-1,1974,2008,0,-1
2039,-1,1975,2009,0,-1
2040,-1,1976,2010,0,-1
2041,-1,-1,-1,0,-1
2042,-1,1977,2011,0,-1
2043,-1,1978,2012,0,-1
2044,-1,1979,2013,0,-1
2045,-1,1980,2014,0,-1
2046,-1,1981,2015,0,-1
2046,-1,1981,2015,0,-1
2047,-1,1982,2016,0,-1
2048,-1,1983,2017,0,-1
2049,-1,1984,2018,0,-1
2050,-1,1984,2018,0,-1
2051,-1,1985,2019,0,-1
2052,-1,1986,2020,0,-1
2053,-1,1987,2021,0,-1
2054,-1,1988,2022,0,-1
2055,-1,1989,2023,0,-1
2056,-1,1990,2024,0,-1
2057,-1,1991,2025,0,-1
2058,-1,1992,2026,0,-1
2059,-1,1993,2027,0,-1
2060,-1,1993,2028,0,-1
2061,-1,1994,2029,0,-1
2062,-1,1995,2030,0,-1
2063,-1,1996,2031,0,-1
2064,-1,1997,2032,0,-1
2065,-1,1998,2033,0,-1
2066,-1,1999,2034,0,-1
2067,-1,2000,2035,0,-1
2068,-1,2001,2036,0,-1
2069,-1,2002,2037,0,-1
2069,-1,2003,2038,0,-1
2070,-1,2004,2039,0,-1
2070,-1,2005,2040,0,-1
2071,-1,2006,2041,0,-1
2072,-1,2007,2042,0,-1
2073,-1,2008,2043,0,-1
2074,-1,2009,2044,0,-1
2075,-1,2010,2045,0,-1
2076,-1,2011,2046,0,-1
2077,-1,2011,2046,0,-1
2078,-1,2012,2047,0,-1
2079,-1,2013,2048,0,-1
2080,-1,2014,2049,0,-1
2081,-1,2015,2050,0,-1
2082,-1,2016,2051,0,-1
2083,-1,2017,2052,0,-1
2084,-1,2018,2053,0,-1
2084,-1,2019,2054,0,-1
2085,-1,2020,2055,0,-1
2086,-1,2021,2056,0,-1
2087,-1,2022,2057,0,-1
2088,-1,2023,2058,0,-1
2089,-1,2024,2059,0,-1
2090,-1,2025,2060,0,-1
2091,-1,2026,2061,0,-1
2092,-1,2027,2062,0,-1
2093,-1,2028,2063,0,-1
2094,-1,2029,2064,0,-1
2095,-1,2030,2065,0,-1
2096,-1,2031,2066,0,-1
2097,-1,2032,2067,0,-1
2098,-1,2033,2068,0,-1
2099,-1,2034,2069,0,-1
2100,-1,2035,2070,0,-1
2100,-1,2036,2071,0,-1
2101,-1,2037,2072,0,-1
2102,-1,2038,2073,0,-1
2103,-1,2039,2074,0,-1
2104,-1,2040,2075,0,-1
2105,-1,2041,2076,0,-1
2106,-1,2042,2076,0,-1
2107,-1,2043,2077,0,-1
2108,-1,2044,2078,0,-1
2109,-1,2045,2079,0,-1
2110,-1,2046,2080,0,-1
2111,-1,2047,2081,0,-1
2112,-1,2048,2082,0,-1
2112,-1,2049,2083,0,-1
2113,-1,2050,2084,0,-1
2114,-1,2051,2085,0,-1
2115,-1,2052,2086,0,-1
2116,-1,2053,2087,0,-1
2117,-1,2054,2088,0,-1
2118,-1,2055,2089,0,-1
2119,-1,2056,2090,0,-1
2119,-1,2057,2091,0,-1
2120,-1,2058,2092,0,-1
2121,-1,2059,2093,0,-1
2122,-1,2060,2094,0,-1
2123,-1,2060,2094,0,-1
2124,-1,2061,2095,0,-1
2125,-1,2062,2096,0,-1
2126,-1,2062,2096,0,-1
2127,-1,2062,2096,0,-1
2128,-1,2063,2097,0,-1
2129,-1,2064,2098,0,-1
2130,-1,2065,2099,0,-1
2131,-1,2066,2099,0,-1
2131,-1,2067,2100,0,-1
2132,-1,2068,2101,0,-1
2133,-1,2069,2102,0,-1
2134,-1,2070,2103,0,-1
2135,-1,2070,2103,0,-1
2136,-1,2070,2103,0,-1
2137,-1,2071,2104,0,-1
2138,-1,2072,2105,0,-1
2139,-1,2073,2106,0,-1
2140,-1,2074,2107,0,-1
2141,-1,2075,2108,0,-1
2141,-1,2076,2109,0,-1
2142,-1,2077,2110,0,-1
2143,-1,2078,2111,0,-1
2144,-1,2079,2112,0,-1
2145,-1,2080,2113,0,-1
2146,-1,2081,2114,0,-1
2147,-1,2082,2115,0,-1
2148,-1,2083,2116,0,-1
2149,-1,2084,2117,0,-1
2150,-1,2085,2118,0,-1
2151,-1,2086,2119,0,-1
2152,-1,2087,2120,0,-1
2153,-1,2088,2121,0,-1
2154,-1,2089,2122,0,-1
2155,-1,2090,2123,0,-1
2156,-1,2091,2124,0,-1
2157,-1,2092,2125,0,-1
2158,-1,2093,2126,0,-1
2159,-1,2094,2127,0,-1
2160,-1,2095,2128,0,-1
2161,-1,2096,2129,0,-1
2162,-1,2097,2130,0,-1
2163,-1,2098,2131,0,-1
2164,-1,2099,2132,0,-1
2165,-1,2100,2133,0,-1
2166,-1,2101,2134,0,-1
2166,-1,2102,2135,0,-1
2167,-1,2103,2136,0,-1
2168,-1,2104,2137,0,-1
2169,-1,2105,2138,0,-1
2170,-1,2106,2139,0,-1
2171,-1,2107,2140,0,-1
2172,-1,2108,2141,0,-1
2173,-1,2109,2142,0,-1
2174,-1,2110,2143,0,-1
2175,-1,2110,2144,0,-1
2175,-1,2111,2145,0,-1
2176,-1,2112,2146,0,-1
2177,-1,2113,2147,0,-1
2178,-1,2113,2147,0,-1
2179,-1,2114,2148,0,-1
2180,-1,2115,2149,0,-1
2181,-1,2116,2150,0,-1
2182,-1,2117,2151,0,-1
2183,-1,2118,2152,0,-1
2184,-1,2119,2153,0,-1
2185,-1,2120,2154,0,-1
2186,-1,2121,2155,0,-1
2187,-1,2122,2156,0,-1
2188,-1,2123,2157,0,-1
2189,-1,2124,2158,0,-1
2190,-1,2125,2159,0,-1
2191,-1,2126,2160,0,-1
2192,-1,2127,2161,0,-1
2193,-1,2128,2162,0,-1
2194,-1,2129,2163,0,-1
2195,-1,2130,2164,0,-1
2196,-1,2130,2164,0,-1
2197,-1,2130,2164,0,-1
2198,-1,2131,2165,0,-1
2199,-1,2132,2166,0,-1
2200,-1,2133,2167,0,-1
2201,-1,2134,2168,0,-1
2202,-1,2135,2169,0,-1
2203,-1,2136,2170,0,-1
2204,-1,2137,2171,0,-1
2205,-1,2138,2172,0,-1
2206,-1,2139,2173,0,-1
2207,-1,2140,2174,0,-1
2208,-1,2141,2175,0,-1
2209,-1,2142,2176,0,-1
2210,-1,2143,2177,0,-1
2211,-1,2144,2178,0,-1
2212,-1,2145,2179,0,-1
2213,-1,2146,2180,0,-1
2214,-1,2146,2180,0,-1
2215,-1,2147,2181,0,-1
2216,-1,2148,2182,0,-1
2217,-1,2149,2183,0,-1
2218,-1,2149,2183,0,-1
2219,-1,2150,2184,0,-1
2220,-1,2151,2185,0,-1
2221,-1,2152,2186,0,-1
2222,-1,2153,2187,0,-1
2223,-1,2154,2188,0,-1
2224,-1,2155,2189,0,-1
2225,-1,2156,2190,0,-1
2226,-1,2157,2191,0,-1
2227,-1,2158,2192,0,-1
2227,-1,2159,2193,0,-1
2228,-1,2160,2194,0,-1
2229,-1,2161,2195,0,-1
2230,-1,2162,2196,0,-1
2231,-1,2163,2197,0,-1
2232,-1,2164,2198,0,-1
2233,-1,2164,2199,0,-1
2234,-1,2165,2200,0,-1
2235,-1,2166,2201,0,-1
2236,-1,2167,2202,0,-1
2237,-1,2168,2203,0,-1
2238,-1,2169,2204,0,-1
2239,-1,2170,2205,0,-1
2240,-1,2171,2206,0,-1
2241,-1,2172,2207,0,-1
2242,-1,2173,2208,0,-1
2243,-1,2174,2209,0,-1
2244,-1,2175,2210,0,-1
2245,-1,2176,2211,0,-1
2245,-1,2177,2212,0,-1
2246,-1,2178,2213,0,-1
2247,-1,2178,2213,0,-1
2248,-1,2179,2214,0,-1
2248,-1,2180,2215,0,-1
2249,-1,2181,2216,0,-1
2250,-1,2182,2217,0,-1
2251,-1,2183,2218,0,-1
2252,-1,2184,2219,0,-1
2253,-1,2185,2220,0,-1
2254,-1,2186,2221,0,-1
2255,-1,2187,2222,0,-1
2256,-1,2188,2223,0,-1
2257,-1,2189,2224,0,-1
2258,-1,2190,2225,0,-1
2259,-1,2191,2226,0,-1
2260,-1,2192,2227,0,-1
2261,-1,2193,2228,0,-1
2262,-1,2194,2229,0,-1
2263,-1,2195,2230,0,-1
2264,-1,2196,2231,0,-1
2265,-1,2197,2232,0,-1
2266,-1,2198,2233,0,-1
2267,-1,2199,2234,0,-1
2268,-1,2200,2235,0,-1
2269,-1,2201,2236,0,-1
2270,-1,2202,2237,0,-1
2271,-1,2203,2238,0,-1
2272,-1,2204,2239,0,-1
2273,-1,2204,2240,0,-1
2274,-1,2205,2241,0,-1
2275,-1,2206,2242,0,-1
2276,-1,2207,2243,0,-1
2277,-1,2208,2244,0,-1
2277,-1,2209,2245,0,-1
2278,-1,2210,2246,0,-1
2278,-1,2211,2247,0,-1
2279,-1,2212,2248,0,-1
2280,-1,2213,2249,0,-1
2281,-1,-1,-1,0,-1
2282,-1,2214,2250,0,-1
2283,-1,2215,2251,0,-1
2284,-1,2216,2252,0,-1
2285,-1,2217,2253,0,-1
2286,-1,2218,2254,0,-1
2287,-1,2219,2255,0,-1
2288,-1,2220,2256,0,-1
2289,-1,2221,2257,0,-1
2290,-1,2222,2258,0,-1
2291,-1,2223,2258,0,-1
2291,-1,2224,2259,0,-1
2292,-1,2225,2260,0,-1
2293,-1,2225,2260,0,-1
2294,-1,2226,2261,0,-1
2295,-1,2227,2262,0,-1
2296,-1,2228,2263,0,-1
2297,-1,2229,2264,0,-1
2298,-1,2230,2265,0,-1
2299,-1,2231,2266,0,-1
2300,-1,2232,2267,0,-1
2301,-1,2233,2268,0,-1
2302,-1,2234,2269,0,-1
2303,-1,2235,2270,0,-1
2304,-1,2236,2271,0,-1
2305,-1,2237,2272,0,-1
2306,-1,2238,2273,0,-1
2307,-1,2239,2274,0,-1
2308,-1,2239,2274,0,-1
2309,-1,2240,2275,0,-1
2310,-1,2241,2276,0,-1
2311,-1,2242,2277,0,-1
2312,-1,2243,2278,0,-1
2313,-1,2244,2279,0,-1
2314,-1,2245,2280,0,-1
2314,-1,2246,2281,0,-1
2315,-1,2247,2282,0,-1
2316,-1,2248,2283,0,-1
2317,-1,2249,2284,0,-1
2318,-1,2250,2285,0,-1
2319,-1,2251,2286,0,-1
2320,-1,2252,2287,0,-1
2321,-1,2253,2287,0,-1
2322,-1,2254,2288,0,-1
2323,-1,2255,2289,0,-1
2324,-1,2256,2290,0,-1
2325,-1,2257,2291,0,-1
2326,-1,2258,2292,0,-1
2327,-1,2259,2293,0,-1
2328,-1,2260,2294,0,-1
2329,-1,2261,2295,0,-1
2330,-1,2262,2296,0,-1
2331,-1,2263,2297,0,-1
2332,-1,2264,2298,0,-1
2333,-1,2265,2299,0,-1
2334,-1,2266,2300,0,-1
2335,-1,2267,2301,0,-1
2336,-1,2268,2302,0,-1
2337,-1,2269,2303,0,-1
2338,-1,2270,2304,0,-1
2339,-1,2271,2305,0,-1
2340,-1,2272,2306,0,-1
2341,-1,2273,2307,0,-1
2342,-1,2274,2308,0,-1
2343,-1,2274,2309,0,-1
2344,-1,2275,2310,0,-1
2345,-1,2276,2311,0,-1
2346,-1,2277,2312,0,-1
2347,-1,2278,2313,0,-1
2348,-1,2279,2313,0,-1
2349,-1,2280,2314,0,-1
2350,-1,2280,2314,0,-1
2351,-1,2281,2315,0,-1
2352,-1,2282,2316,0,-1
2353,-1,2283,2317,0,-1
2354,-1,2284,2318,0,-1
2355,-1,2285,2319,0,-1
2356,10,2286,2320,0,-1
2357,-1,2287,2321,0,-1
2358,-1,2288,2322,0,-1
2359,-1,2289,2323,0,-1
2360,-1,2290,2324,0,-1
2361,-1,2290,2324,0,-1
2362,-1,2291,2325,0,-1
2363,-1,2292,2326,0,-1
2364,-1,2293,2327,0,-1
2365,-1,2294,2328,0,-1
2366,-1,2295,2329,0,-1
2367,-1,2296,2330,0,-1
2368,-1,2297,2331,0,-1
2369,-1,2298,2332,0,-1
2370,-1,2299,2333,0,-1
2371,-1,2300,2334,0,-1
2372,-1,2301,2335,0,-1
2373,-1,2302,2336,0,-1
2374,-1,2303,2337,0,-1
2375,-1,2303,2337,0,-1
2376,-1,2304,2338,0,-1
2377,-1,2305,2339,0,-1
2378,-1,2306,2340,0,-1
2379,-1,2307,2341,0,-1
2380,-1,2308,2342,0,-1
2381,-1,2309,2343,0,-1
2382,-1,2310,2344,0,-1
2383,-1,2311,2345,0,-1
2384,-1,2311,2346,0,-1
2385,-1,2312,2347,0,-1
2385,-1,2313,2348,0,-1
2386,-1,2314,2349,0,-1
2387,-1,2315,2350,0,-1
2388,-1,2315,2350,0,-1
2389,-1,2316,2351,0,-1
2390,-1,2317,2352,0,-1
2391,-1,2318,2353,0,-1
2392,-1,2319,2354,0,-1
2393,-1,2320,2355,0,-1
2394,-1,2321,2356,0,-1
2395,-1,2322,2357,0,-1
2396,-1,2323,2358,0,-1
2397,-1,2324,2359,0,-1
2397,-1,2325,2360,0,-1
2398,-1,2326,2361,0,-1
2399,-1,2327,2362,0,-1
2400,-1,2328,2363,0,-1
2401,-1,2329,2364,0,-1
2402,-1,2330,2365,0,-1
2403,-1,2331,2366,0,-1
2404,-1,2331,2366,0,-1
2405,-1,2332,2367,0,-1
2406,-1,2332,2368,0,-1
2407,-1,2333,2369,0,-1
2408,-1,2333,2369,0,-1
2409,-1,2334,2370,0,-1
2410,-1,2334,2371,0,-1
2411,-1,2335,2372,0,-1
2412,-1,2336,2373,0,-1
2413,-1,2337,2374,0,-1
2414,-1,2338,2375,0,-1
2415,-1,2339,2376,0,-1
2416,-1,2340,2377,0,-1
2417,-1,2341,2378,0,-1
2418,-1,2342,2379,0,-1
2419,-1,2343,2380,0,-1
2420,-1,2344,2381,0,-1
2421,-1,2345,2382,0,-1
2422,-1,2346,2383,0,-1
2423,-1,2347,2384,0,-1
2424,-1,2348,2385,0,-1
2425,-1,2349,2386,0,-1
2426,-1,2350,2387,0,-1
2427,-1,2351,2388,0,-1
2428,-1,2352,2389,0,-1
2429,-1,2353,2390,0,-1
2430,-1,2354,2391,0,-1
2431,-1,2355,2391,0,-1
2432,-1,2356,2392,0,-1
2433,-1,2357,2393,0,-1
2434,-1,2358,2394,0,-1
2435,-1,2359,2395,0,-1
2436,-1,2360,2396,0,-1
2437,-1,2361,2397,0,-1
2437,-1,2362,2398,0,-1
2437,-1,2363,2399,0,-1
2438,-1,2364,2400,0,-1
2439,-1,2365,2401,0,-1
2440,-1,2366,2402,0,-1
2441,-1,2367,2403,0,-1
2442,-1,2368,2404,0,-1
2443,-1,2369,2405,0,-1
2444,-1,2369,2405,0,-1
2445,-1,2370,2406,0,-1
2446,-1,2371,2407,0,-1
2447,-1,2372,2408,0,-1
2448,-1,2373,2409,0,-1
2449,-1,2374,2410,0,-1
2450,-1,2375,2411,0,-1
2451,-1,2375,2411,0,-1
2452,-1,2376,2412,0,-1
2453,-1,2376,2413,0,-1
2454,-1,2377,2414,0,-1
2455,-1,2378,2415,0,-1
2456,-1,2379,2416,0,-1
2457,-1,2380,2417,0,-1
2458,-1,2381,2418,0,-1
2459,-1,2382,2419,0,-1
2460,-1,2383,2420,0,-1
2461,-1,2384,2421,0,-1
2462,-1,2385,2422,0,-1
2463,-1,2386,2423,0,-1
2464,-1,2386,2423,0,-1
2465,-1,2387,2424,0,-1
-1,-1,-1,-1,0,-1
-1,-1,-1,-1,0,-1
-1,-1,-1,-1,0,-1
-1,-1,-1,-1,0,-1
-1,-1,-1,-1,0,-1
-1,-1,-1,-1,0,-1
-1,-1,-1,-1,0,-1
-1,-1,-1,-1,0,-1
-1,-1,-1,-1,0,-1
-1,-1,-1,-1,0,-1
-1,-1,-1,-1,0,-1
-1,-1,-1,-1,0,-1
-1,-1,-1,-1,0,-1