author,recipeingredient,datepublished,recipeyield,recipecategory,nutrition
0,-1,0,1,1,-1
0,-1,1,1,2,-1
0,-1,2,2,-1,-1
0,-1,3,3,3,-1
0,-1,4,4,3,-1
0,-1,5,5,4,-1
0,-1,6,6,5,-1
0,-1,7,7,6,-1
0,-1,8,7,7,-1
0,-1,9,8,8,-1
0,-1,10,9,9,-1
0,-1,11,10,10,-1
0,-1,12,11,11,-1
0,-1,13,11,11,-1
0,-1,14,12,12,-1
0,-1,15,13,13,-1
0,-1,16,13,14,-1
0,-1,17,13,15,-1
0,-1,18,13,16,-1
0,-1,19,14,17,-1
0,-1,20,15,18,-1
0,-1,21,16,19,-1
0,-1,22,17,20,-1
0,-1,23,18,21,-1
0,-1,24,19,22,-1
0,-1,25,19,23,-1
0,-1,26,20,24,-1
0,-1,27,21,25,-1
0,-1,28,22,26,-1
0,-1,29,23,27,-1
0,-1,30,24,28,-1
0,-1,31,25,29,-1
0,-1,32,-1,-1,-1
0,-1,33,26,30,-1
0,-1,34,27,31,-1
0,-1,35,28,32,-1
0,-1,36,28,32,-1
0,-1,37,29,33,-1
0,-1,38,30,34,-1
0,-1,39,31,34,-1
0,-1,40,32,34,-1
0,-1,41,33,35,-1
0,-1,42,34,36,-1
0,-1,43,35,-1,-1
0,-1,44,-1,37,-1
0,-1,45,36,38,-1
0,-1,46,37,39,-1
0,-1,47,38,-1,-1
0,-1,48,39,40,-1
0,-1,49,40,41,-1
0,-1,50,-1,-1,-1
0,-1,51,41,41,-1
0,-1,52,42,42,-1
0,-1,53,43,-1,-1
0,-1,54,44,43,-1
0,-1,55,45,44,-1
0,-1,56,46,45,-1
0,-1,57,47,46,-1
0,-1,58,48,47,-1
0,-1,59,49,48,-1
0,-1,60,50,49,-1
0,-1,61,50,50,-1
0,-1,62,51,51,-1
0,-1,63,-1,-1,-1
0,-1,64,52,52,-1
0,-1,65,53,53,-1
0,-1,66,54,54,-1
0,-1,67,55,55,-1
0,-1,68,55,55,-1
0,-1,69,55,56,-1
0,-1,70,56,57,-1
0,-1,71,57,57,-1
0,-1,72,58,58,-1
0,-1,73,59,58,-1
0,-1,74,60,59,-1
0,-1,75,60,-1,-1
0,-1,76,61,60,-1
0,-1,77,-1,-1,-1
0,-1,78,62,60,-1
0,-1,79,63,60,-1
0,-1,80,64,-1,-1
0,-1,81,65,61,-1
0,-1,82,66,-1,-1
0,-1,83,67,62,-1
0,-1,84,68,63,-1
0,-1,85,69,64,-1
0,-1,86,70,65,-1
0,-1,87,71,65,-1
0,-1,88,71,65,-1
0,-1,89,72,66,-1
0,-1,90,73,66,-1
0,-1,91,73,67,-1
0,-1,92,74,68,-1
0,-1,93,75,68,-1
0,-1,94,76,69,-1
0,-1,95,77,69,-1
0,-1,96,78,70,-1
0,-1,97,78,71,-1
0,-1,98,79,72,-1
0,-1,99,80,73,-1
0,-1,100,81,74,-1
0,-1,101,82,75,-1
0,-1,102,83,75,-1
0,-1,103,84,76,-1
0,-1,104,85,77,-1
0,-1,105,86,78,-1
0,-1,106,87,79,-1
0,-1,107,88,80,-1
0,-1,108,89,81,-1
0,-1,109,90,82,-1
0,-1,110,91,83,-1
0,-1,111,92,84,-1
0,-1,112,93,85,-1
0,-1,113,94,86,-1
0,-1,114,94,-1,-1
0,-1,115,95,87,-1
0,-1,116,96,88,-1
0,-1,117,97,-1,-1
0,-1,118,98,89,-1
0,-1,119,99,90,-1
0,-1,120,100,91,-1
0,-1,121,101,92,-1
0,-1,122,101,-1,-1
0,-1,123,102,93,-1
0,-1,124,103,94,-1
0,-1,125,104,95,-1
0,-1,126,105,96,-1
0,-1,127,105,-1,-1
0,-1,128,106,97,-1
0,-1,129,107,98,-1
0,-1,130,108,99,-1
0,-1,131,109,99,-1
0,-1,132,110,100,-1
0,-1,133,111,101,-1
0,-1,134,112,102,-1
0,-1,135,113,103,-1
0,-1,136,114,104,-1
0,-1,137,115,-1,-1
0,-1,138,115,104,-1
0,-1,139,116,104,-1
0,-1,140,117,105,-1
0,-1,141,118,105,-1
0,-1,142,119,106,-1
0,-1,143,120,107,-1
0,-1,144,121,108,-1
0,-1,145,122,-1,-1
0,-1,146,123,109,-1
0,-1,147,124,110,-1
0,-1,148,125,-1,-1
0,-1,149,126,111,-1
0,-1,150,126,112,-1
0,-1,151,127,113,-1
0,-1,152,128,114,-1
0,-1,153,129,115,-1
0,-1,154,130,116,-1
0,-1,155,131,117,-1
0,-1,156,132,118,-1
0,-1,157,133,119,-1
0,-1,158,134,119,-1
0,-1,159,134,120,-1
0,-1,160,135,121,-1
0,-1,161,136,122,-1
0,-1,162,137,122,-1
0,-1,163,138,-1,-1
0,-1,164,139,122,-1
0,-1,165,139,123,-1
0,-1,166,140,124,-1
0,-1,167,140,125,-1
0,-1,168,141,126,-1
0,-1,169,142,-1,-1
0,-1,170,143,127,-1
0,-1,171,144,128,-1
0,-1,172,144,128,-1
0,-1,173,145,129,-1
0,-1,174,146,130,-1
0,-1,175,146,131,-1
0,-1,176,146,-1,-1
0,-1,177,146,131,-1
0,-1,178,147,132,-1
0,-1,179,-1,-1,-1
0,-1,180,148,133,-1
0,-1,181,149,133,-1
0,-1,182,149,133,-1
0,-1,183,150,134,-1
0,-1,184,151,135,-1
0,-1,185,152,136,-1
0,-1,186,153,137,-1
0,-1,187,154,138,-1
0,-1,188,155,138,-1
0,-1,189,156,139,-1
0,-1,190,157,139,-1
0,-1,191,-1,140,-1
0,-1,192,157,141,-1
0,-1,193,157,142,-1
0,-1,194,158,142,-1
0,-1,195,159,143,-1
0,-1,196,160,144,-1
0,-1,197,161,-1,-1
0,-1,198,162,145,-1
0,-1,199,163,146,-1
0,-1,200,164,147,-1
0,-1,201,165,148,-1
0,-1,202,166,149,-1
0,-1,203,166,150,-1
0,-1,204,166,151,-1
0,-1,205,167,152,-1
0,-1,206,-1,-1,-1
0,-1,207,168,-1,-1
0,-1,208,169,153,-1
0,-1,209,170,154,-1
0,-1,210,171,154,-1
0,-1,211,172,155,-1
0,-1,212,173,156,-1
0,-1,213,174,157,-1
0,-1,214,175,158,-1
0,-1,215,176,159,-1
0,-1,216,177,160,-1
0,-1,217,178,161,-1
0,-1,218,178,162,-1
0,-1,219,178,163,-1
0,-1,220,178,163,-1
0,-1,221,179,164,-1
0,-1,222,180,165,-1
0,-1,223,181,166,-1
0,-1,224,182,-1,-1
0,-1,225,183,166,-1
0,-1,226,183,167,-1
0,-1,227,184,167,-1
0,-1,228,185,168,-1
0,-1,229,186,169,-1
0,-1,230,187,169,-1
0,-1,231,188,170,-1
0,-1,232,189,171,-1
0,-1,233,190,-1,-1
0,-1,234,191,172,-1
0,-1,235,192,173,-1
0,-1,236,193,174,-1
0,-1,237,193,175,-1
0,-1,238,194,176,-1
0,-1,239,195,177,-1
0,-1,240,196,178,-1
0,-1,241,197,179,-1
0,-1,242,198,180,-1
0,-1,243,199,180,-1
0,-1,244,200,181,-1
0,-1,245,201,182,-1
0,-1,246,201,183,-1
0,-1,247,202,-1,-1
0,-1,248,203,184,-1
0,-1,249,204,185,-1
0,-1,250,205,185,-1
0,-1,251,205,186,-1
0,-1,252,206,187,-1
0,-1,253,207,188,-1
0,-1,254,208,189,-1
0,-1,255,208,190,-1
0,-1,256,208,191,-1
0,-1,257,209,192,-1
0,-1,258,210,193,-1
0,-1,259,210,194,-1
0,-1,260,211,195,-1
0,-1,261,212,-1,-1
0,-1,262,212,195,-1
0,-1,263,213,196,-1
0,-1,264,214,197,-1
0,-1,265,215,198,-1
0,-1,266,216,199,-1
0,-1,267,217,200,-1
0,-1,268,218,201,-1
0,-1,269,219,202,-1
0,-1,270,220,203,-1
0,-1,271,221,204,-1
0,-1,272,222,205,-1
0,-1,273,223,205,-1
0,-1,274,224,206,-1
0,-1,275,225,-1,-1
0,-1,276,226,206,-1
0,-1,277,227,207,-1
0,-1,278,228,208,-1
0,-1,279,229,209,-1
0,-1,280,230,210,-1
0,-1,281,231,211,-1
0,-1,282,232,-1,-1
0,-1,283,232,212,-1
0,-1,284,233,213,-1
0,-1,285,234,214,-1
0,-1,286,-1,-1,-1
0,-1,287,235,215,-1
0,-1,288,236,216,-1
0,-1,289,237,217,-1
0,-1,290,238,218,-1
0,-1,291,239,219,-1
0,-1,292,240,220,-1
0,-1,293,241,221,-1
0,-1,294,242,222,-1
0,-1,295,243,223,-1
0,-1,296,244,224,-1
0,-1,297,244,225,-1
0,-1,298,245,226,-1
0,-1,299,246,227,-1
0,-1,300,247,228,-1
0,-1,301,248,229,-1
0,-1,302,249,230,-1
0,-1,303,250,231,-1
0,-1,304,250,232,-1
0,-1,305,251,232,-1
0,-1,306,252,233,-1
0,-1,307,253,234,-1
0,-1,308,253,235,-1
0,-1,309,253,235,-1
0,-1,310,254,236,-1
0,-1,311,255,237,-1
0,-1,312,256,238,-1
0,-1,313,256,239,-1
0,-1,314,257,240,-1
0,-1,315,258,241,-1
0,-1,316,259,242,-1
0,-1,317,260,242,-1
0,-1,318,261,243,-1
0,-1,319,261,244,-1
0,-1,320,262,-1,-1
0,-1,321,262,245,-1
0,-1,322,262,246,-1
0,-1,323,263,246,-1
0,-1,324,264,247,-1
0,-1,325,265,248,-1
0,-1,326,266,249,-1
0,-1,327,266,250,-1
0,-1,328,-1,-1,-1
0,-1,329,267,251,-1
0,-1,330,268,252,-1
0,-1,331,269,253,-1
0,-1,332,269,253,-1
0,-1,333,270,254,-1
0,-1,334,271,254,-1
0,-1,335,272,255,-1
0,-1,336,273,256,-1
0,-1,337,274,257,-1
0,-1,338,275,258,-1
0,-1,339,276,259,-1
0,-1,340,276,260,-1
0,-1,341,277,-1,-1
0,-1,342,278,261,-1
0,-1,343,279,262,-1
0,-1,344,280,263,-1
0,-1,345,280,264,-1
0,-1,346,281,265,-1
0,-1,347,282,266,-1
0,-1,348,282,-1,-1
0,-1,349,283,267,-1
0,-1,350,283,268,-1
0,-1,351,283,269,-1
0,-1,352,283,270,-1
0,-1,353,284,271,-1
0,-1,354,285,272,-1
0,-1,355,286,273,-1
0,-1,356,286,274,-1
0,-1,357,287,275,-1
0,-1,358,288,276,-1
0,-1,359,289,277,-1
0,-1,360,290,277,-1
0,-1,361,291,278,-1
0,-1,362,292,-1,-1
0,-1,363,293,279,-1
0,-1,364,294,280,-1
0,-1,365,295,-1,-1
0,-1,366,296,281,-1
0,-1,367,297,282,-1
0,-1,368,297,283,-1
0,-1,369,298,284,-1
0,-1,370,299,285,-1
0,-1,371,300,286,-1
0,-1,372,301,287,-1
0,-1,373,301,288,-1
0,-1,374,301,288,-1
0,-1,375,302,289,-1
0,-1,376,303,-1,-1
0,-1,377,304,290,-1
0,-1,378,305,291,-1
0,-1,379,306,292,-1
0,-1,380,307,293,-1
0,-1,381,308,294,-1
0,-1,382,309,295,-1
0,-1,383,310,296,-1
0,-1,384,311,297,-1
0,-1,385,312,298,-1
0,-1,386,312,299,-1
0,-1,387,312,299,-1
0,-1,388,312,300,-1
0,-1,389,313,301,-1
0,-1,390,314,302,-1
0,-1,391,315,303,-1
0,-1,392,315,-1,-1
0,-1,393,316,304,-1
0,-1,394,317,305,-1
0,-1,395,318,306,-1
0,-1,396,318,307,-1
0,-1,397,318,308,-1
0,-1,398,319,309,-1
0,-1,399,319,310,-1
0,-1,400,320,311,-1
0,-1,401,321,-1,-1
0,-1,402,322,312,-1
0,-1,403,323,313,-1
0,-1,404,324,313,-1
0,-1,405,324,314,-1
0,-1,406,325,315,-1
0,-1,407,326,316,-1
0,-1,408,327,317,-1
0,-1,409,328,318,-1
0,-1,410,329,319,-1
0,-1,411,330,320,-1
0,-1,412,331,320,-1
0,-1,413,331,321,-1
0,-1,414,332,-1,-1
0,-1,415,333,322,-1
0,-1,416,334,323,-1
0,-1,417,334,324,-1
0,-1,418,334,325,-1
0,-1,419,335,326,-1
0,-1,420,335,327,-1
0,-1,421,335,327,-1
0,-1,422,-1,-1,-1
0,-1,423,336,328,-1
0,-1,424,337,329,-1
0,-1,425,337,330,-1
0,-1,426,338,331,-1
0,-1,427,339,332,-1
0,-1,428,340,333,-1
0,-1,429,340,334,-1
0,-1,430,341,334,-1
0,-1,431,341,335,-1
0,-1,432,342,335,-1
0,-1,433,342,336,-1
0,-1,434,343,337,-1
0,-1,435,-1,337,-1
0,-1,436,344,338,-1
0,-1,437,344,-1,-1
0,-1,438,345,338,-1
0,-1,439,346,339,-1
0,-1,440,347,-1,-1
0,-1,441,348,339,-1
0,-1,442,349,340,-1
0,-1,443,349,341,-1
0,-1,444,350,342,-1
0,-1,445,351,343,-1
0,-1,446,352,344,-1
0,-1,447,353,345,-1
0,-1,448,354,346,-1
0,-1,449,355,347,-1
0,-1,450,356,348,-1
0,-1,451,356,349,-1
0,-1,452,357,350,-1
0,-1,453,357,351,-1
0,-1,454,-1,351,-1
0,-1,455,358,352,-1
0,-1,456,359,353,-1
0,-1,457,360,354,-1
0,-1,458,361,355,-1
0,-1,459,362,356,-1
0,-1,460,363,356,-1
0,-1,461,364,-1,-1
0,-1,462,364,357,-1
0,-1,463,365,358,-1
0,-1,464,366,358,-1
0,-1,465,367,359,-1
0,-1,466,368,360,-1
0,-1,467,369,361,-1
0,-1,468,369,362,-1
0,-1,469,370,362,-1
0,-1,470,371,362,-1
0,-1,471,372,362,-1
0,-1,472,372,362,-1
0,-1,473,372,363,-1
0,-1,474,373,364,-1
0,-1,475,374,365,-1
0,-1,476,375,365,-1
0,-1,477,376,366,-1
0,-1,478,-1,-1,-1
0,-1,479,376,367,-1
0,-1,480,377,368,-1
0,-1,481,378,369,-1
0,-1,482,378,370,-1
0,-1,483,379,371,-1
0,-1,484,380,372,-1
0,-1,485,381,373,-1
0,-1,486,382,374,-1
0,-1,487,383,375,-1
0,-1,488,384,376,-1
0,-1,489,385,-1,-1
0,-1,490,385,377,-1
0,-1,491,386,378,-1
0,-1,492,386,-1,-1
0,-1,493,386,379,-1
0,-1,494,386,380,-1
0,-1,495,387,381,-1
0,-1,496,388,382,-1
0,-1,497,389,383,-1
0,-1,498,390,384,-1
0,-1,499,391,385,-1
0,-1,500,392,386,-1
0,-1,501,393,387,-1
0,-1,502,393,388,-1
0,-1,503,394,388,-1
0,-1,504,395,389,-1
0,-1,505,396,390,-1
0,-1,506,397,391,-1
0,-1,507,398,391,-1
0,-1,508,399,392,-1
0,-1,509,400,393,-1
0,-1,510,401,-1,-1
0,-1,511,401,394,-1
0,-1,512,401,395,-1
0,-1,513,402,395,-1
0,-1,514,403,396,-1
0,-1,515,404,397,-1
0,-1,516,405,398,-1
0,-1,517,406,398,-1
0,-1,518,407,399,-1
0,-1,519,408,400,-1
0,-1,520,409,401,-1
0,-1,521,410,402,-1
0,-1,522,411,403,-1
0,-1,523,412,404,-1
0,-1,524,413,405,-1
0,-1,525,414,406,-1
0,-1,526,415,407,-1
0,-1,527,416,408,-1
0,-1,528,417,409,-1
0,-1,529,417,409,-1
0,-1,530,418,409,-1
0,-1,531,419,410,-1
0,-1,532,420,411,-1
0,-1,533,421,412,-1
0,-1,534,421,413,-1
0,-1,535,422,414,-1
0,-1,536,-1,-1,-1
0,-1,537,423,415,-1
0,-1,538,424,415,-1
0,-1,539,424,416,-1
0,-1,540,424,417,-1
0,-1,541,425,418,-1
0,-1,542,426,419,-1
0,-1,543,427,420,-1
0,-1,544,428,421,-1
0,-1,545,428,422,-1
0,-1,546,428,423,-1
0,-1,547,429,424,-1
0,-1,548,430,425,-1
0,-1,549,431,-1,-1
0,-1,550,431,426,-1
0,-1,551,432,426,-1
0,-1,552,433,-1,-1
0,-1,553,434,427,-1
0,-1,554,434,428,-1
0,-1,555,434,429,-1
0,-1,556,434,430,-1
0,-1,557,435,430,-1
0,-1,558,436,431,-1
0,-1,559,437,432,-1
0,-1,560,438,433,-1
0,-1,561,439,-1,-1
0,-1,562,439,434,-1
0,-1,563,439,435,-1
0,-1,564,440,436,-1
0,-1,565,441,437,-1
0,-1,566,442,438,-1
0,-1,567,443,-1,-1
0,-1,568,-1,438,-1
0,-1,569,444,439,-1
0,-1,570,445,440,-1
0,-1,571,446,-1,-1
0,-1,572,447,441,-1
0,-1,573,448,442,-1
0,-1,574,449,443,-1
0,-1,575,450,444,-1
0,-1,576,451,445,-1
0,-1,577,452,445,-1
0,-1,578,453,446,-1
0,-1,579,453,447,-1
0,-1,580,454,448,-1
0,-1,581,454,449,-1
0,-1,582,455,450,-1
0,-1,583,456,450,-1
0,-1,584,457,451,-1
0,-1,585,458,452,-1
0,-1,586,458,453,-1
0,-1,587,458,454,-1
0,-1,588,459,455,-1
0,-1,589,460,456,-1
0,-1,590,461,457,-1
0,-1,591,461,458,-1
0,-1,592,462,459,-1
0,-1,593,463,460,-1
0,-1,594,464,461,-1
0,-1,595,465,462,-1
0,-1,596,466,463,-1
0,-1,597,466,464,-1
0,-1,598,466,464,-1
0,-1,599,467,465,-1
0,-1,600,468,466,-1
0,-1,601,468,467,-1
0,-1,602,469,468,-1
0,-1,603,470,469,-1
0,-1,604,471,470,-1
0,-1,605,472,471,-1
0,-1,606,472,471,-1
0,-1,607,472,471,-1
0,-1,608,473,472,-1
0,-1,609,474,473,-1
0,-1,610,475,473,-1
0,-1,611,476,473,-1
0,-1,612,477,474,-1
0,-1,613,478,475,-1
0,-1,614,479,476,-1
0,-1,615,480,477,-1
0,-1,616,481,478,-1
0,-1,617,482,478,-1
0,-1,618,483,479,-1
0,-1,619,484,480,-1
0,-1,620,485,481,-1
0,-1,621,485,482,-1
0,-1,622,486,483,-1
0,-1,623,487,484,-1
0,-1,624,488,485,-1
0,-1,625,488,486,-1
0,-1,626,489,-1,-1
0,-1,627,490,487,-1
0,-1,628,491,488,-1
0,-1,629,492,488,-1
0,-1,630,493,489,-1
0,-1,631,494,489,-1
0,-1,632,495,490,-1
0,-1,633,496,491,-1
0,-1,634,496,492,-1
0,-1,635,497,493,-1
0,-1,636,498,-1,-1
0,-1,637,499,494,-1
0,-1,638,500,495,-1
0,-1,639,501,495,-1
0,-1,640,-1,-1,-1
0,-1,641,502,495,-1
0,-1,642,503,496,-1
0,-1,643,504,496,-1
0,-1,644,505,-1,-1
0,-1,645,506,497,-1
0,-1,646,506,498,-1
0,-1,647,507,499,-1
0,-1,648,508,500,-1
0,-1,649,509,501,-1
0,-1,650,510,502,-1
0,-1,651,510,502,-1
0,-1,652,510,503,-1
0,-1,653,511,504,-1
0,-1,654,511,505,-1
0,-1,655,-1,-1,-1
0,-1,656,512,506,-1
0,-1,657,513,507,-1
0,-1,658,514,508,-1
0,-1,659,515,509,-1
0,-1,660,515,510,-1
0,-1,661,516,511,-1
0,-1,662,517,512,-1
0,-1,663,518,513,-1
0,-1,664,519,514,-1
0,-1,665,520,515,-1
0,-1,666,521,516,-1
0,-1,667,522,517,-1
0,-1,668,523,517,-1
0,-1,669,524,-1,-1
0,-1,670,525,518,-1
0,-1,671,525,519,-1
0,-1,672,525,520,-1
0,-1,673,525,521,-1
0,-1,674,526,522,-1
0,-1,675,527,523,-1
0,-1,676,528,524,-1
0,-1,677,529,525,-1
0,-1,678,-1,526,-1
0,-1,679,530,526,-1
0,-1,680,531,527,-1
0,-1,681,532,528,-1
0,-1,682,532,529,-1
0,-1,683,532,530,-1
0,-1,684,532,531,-1
0,-1,685,532,532,-1
0,-1,686,533,533,-1
0,-1,687,534,534,-1
0,-1,688,535,535,-1
0,-1,689,536,536,-1
0,-1,690,537,537,-1
0,-1,691,538,537,-1
0,-1,692,539,538,-1
0,-1,693,540,539,-1
0,-1,694,541,540,-1
0,-1,695,542,541,-1
0,-1,696,542,542,-1
0,-1,697,543,543,-1
0,-1,698,544,544,-1
0,-1,699,544,545,-1
0,-1,700,545,546,-1
0,-1,701,546,547,-1
0,-1,702,547,-1,-1
0,-1,703,548,547,-1
0,-1,704,549,548,-1
0,-1,705,550,549,-1
0,-1,706,551,550,-1
0,-1,707,552,-1,-1
0,-1,708,553,551,-1
0,-1,709,554,552,-1
0,-1,710,555,553,-1
0,-1,711,556,554,-1
0,-1,712,-1,555,-1
0,-1,713,557,556,-1
0,-1,714,558,557,-1
0,-1,715,559,558,-1
0,-1,716,559,558,-1
0,-1,717,560,559,-1
0,-1,718,561,560,-1
0,-1,719,562,561,-1
0,-1,720,563,562,-1
0,-1,721,564,563,-1
0,-1,722,565,564,-1
0,-1,723,566,565,-1
0,-1,724,567,566,-1
0,-1,725,567,567,-1
0,-1,726,568,568,-1
0,-1,727,568,569,-1
0,-1,728,569,570,-1
0,-1,729,570,571,-1
0,-1,730,571,572,-1
0,-1,731,572,572,-1
0,-1,732,572,573,-1
0,-1,733,572,573,-1
0,-1,734,573,573,-1
0,-1,735,574,574,-1
0,-1,736,575,575,-1
0,-1,737,576,576,-1
0,-1,738,577,577,-1
0,-1,739,578,578,-1
0,-1,740,579,579,-1
0,-1,741,580,580,-1
0,-1,742,580,580,-1
0,-1,743,580,581,-1
0,-1,744,581,582,-1
0,-1,745,-1,-1,-1
0,-1,746,582,583,-1
0,-1,747,583,584,-1
0,-1,748,584,584,-1
0,-1,749,585,585,-1
0,-1,750,586,-1,-1
0,-1,751,587,586,-1
0,-1,752,588,586,-1
0,-1,753,589,586,-1
0,-1,754,590,587,-1
0,-1,755,591,588,-1
0,-1,756,592,589,-1
0,-1,757,593,-1,-1
0,-1,758,594,589,-1
0,-1,759,595,589,-1
0,-1,760,596,590,-1
0,-1,761,597,590,-1
0,-1,762,598,591,-1
0,-1,763,599,592,-1
0,-1,764,600,593,-1
0,-1,765,601,-1,-1
0,-1,766,601,594,-1
0,-1,767,602,595,-1
0,-1,768,603,596,-1
0,-1,769,604,597,-1
0,-1,770,605,598,-1
0,-1,771,606,599,-1
0,-1,772,607,600,-1
0,-1,773,607,601,-1
0,-1,774,607,602,-1
0,-1,775,608,602,-1
0,-1,776,609,602,-1
0,-1,777,610,603,-1
0,-1,778,611,604,-1
0,-1,779,611,605,-1
0,-1,780,611,606,-1
0,-1,781,612,607,-1
0,-1,782,613,608,-1
0,-1,783,613,609,-1
0,-1,784,614,610,-1
0,-1,785,615,610,-1
0,-1,786,615,610,-1
0,-1,787,616,610,-1
0,-1,788,616,610,-1
0,-1,789,617,611,-1
0,-1,790,618,612,-1
0,-1,791,619,613,-1
0,-1,792,619,614,-1
0,-1,793,620,615,-1
0,-1,794,621,616,-1
0,-1,795,622,616,-1
0,-1,796,623,616,-1
0,-1,797,624,617,-1
0,-1,798,625,618,-1
0,-1,799,626,618,-1
0,-1,800,627,619,-1
0,-1,801,628,619,-1
0,-1,802,629,620,-1
0,-1,803,630,621,-1
0,-1,804,631,622,-1
0,-1,805,631,623,-1
0,-1,806,632,623,-1
0,-1,807,633,624,-1
0,-1,808,-1,-1,-1
0,-1,809,634,624,-1
0,-1,810,635,-1,-1
0,-1,811,636,625,-1
0,-1,812,636,626,-1
0,-1,813,637,627,-1
0,-1,814,638,628,-1
0,-1,815,639,629,-1
0,-1,816,640,630,-1
0,-1,817,641,631,-1
0,-1,818,642,632,-1
0,-1,819,643,633,-1
0,-1,820,644,634,-1
0,-1,821,645,635,-1
0,-1,822,646,635,-1
0,-1,823,647,635,-1
0,-1,824,648,636,-1
0,-1,825,649,637,-1
0,-1,826,-1,638,-1
0,-1,827,650,639,-1
0,-1,828,651,640,-1
0,-1,829,652,640,-1
0,-1,830,653,640,-1
0,-1,831,654,641,-1
0,-1,832,655,642,-1
0,-1,833,656,643,-1
0,-1,834,-1,644,-1
0,-1,835,657,644,-1
0,-1,836,658,645,-1
0,-1,837,659,646,-1
0,-1,838,660,647,-1
0,-1,839,661,648,-1
0,-1,840,661,649,-1
0,-1,841,662,649,-1
0,-1,842,-1,-1,-1
0,-1,843,663,649,-1
0,-1,844,664,650,-1
0,-1,845,665,651,-1
0,-1,846,665,652,-1
0,-1,847,666,653,-1
0,-1,848,667,654,-1
0,-1,849,-1,655,-1
0,-1,850,668,656,-1
0,-1,851,669,657,-1
0,-1,852,670,658,-1
0,-1,853,671,658,-1
0,-1,854,671,659,-1
0,-1,855,672,660,-1
0,-1,856,673,661,-1
0,-1,857,674,-1,-1
0,-1,858,675,662,-1
0,-1,859,676,663,-1
0,-1,860,677,664,-1
0,-1,861,678,665,-1
0,-1,862,678,666,-1
0,-1,863,679,667,-1
0,-1,864,680,668,-1
0,-1,865,681,669,-1
0,-1,866,682,670,-1
0,-1,867,683,671,-1
0,-1,868,684,-1,-1
0,-1,869,685,672,-1
0,-1,870,685,672,-1
0,-1,871,686,673,-1
0,-1,872,687,674,-1
0,-1,873,688,675,-1
0,-1,874,689,676,-1
0,-1,875,690,677,-1
0,-1,876,691,678,-1
0,-1,877,692,679,-1
0,-1,878,693,680,-1
0,-1,879,694,680,-1
0,-1,880,695,681,-1
0,-1,881,696,682,-1
0,-1,882,697,683,-1
0,-1,883,698,684,-1
0,-1,884,699,685,-1
0,-1,885,699,685,-1
0,-1,886,700,686,-1
0,-1,887,700,687,-1
0,-1,888,701,-1,-1
0,-1,889,701,688,-1
0,-1,890,702,689,-1
0,-1,891,703,690,-1
0,-1,892,703,691,-1
0,-1,893,703,692,-1
0,-1,894,703,693,-1
0,-1,895,704,694,-1
0,-1,896,705,-1,-1
0,-1,897,706,694,-1
0,-1,898,707,695,-1
0,-1,899,707,696,-1
0,-1,900,707,697,-1
0,-1,901,708,698,-1
0,-1,902,709,698,-1
0,-1,903,710,699,-1
0,-1,904,711,700,-1
0,-1,905,712,700,-1
0,-1,906,712,701,-1
0,-1,907,713,702,-1
0,-1,908,714,703,-1
0,-1,909,715,704,-1
0,-1,910,716,-1,-1
0,-1,911,717,705,-1
0,-1,912,718,706,-1
0,-1,913,719,707,-1
0,-1,914,720,708,-1
0,-1,915,721,709,-1
0,-1,916,722,710,-1
0,-1,917,723,711,-1
0,-1,918,724,712,-1
0,-1,919,724,713,-1
0,-1,920,724,714,-1
0,-1,921,725,715,-1
0,-1,922,726,716,-1
0,-1,923,727,717,-1
0,-1,924,728,718,-1
0,-1,925,729,719,-1
0,-1,926,730,-1,-1
0,-1,927,730,720,-1
0,-1,928,730,-1,-1
0,-1,929,731,721,-1
0,-1,930,732,722,-1
0,-1,931,733,723,-1
0,-1,932,734,723,-1
0,-1,933,735,724,-1
0,-1,934,736,724,-1
0,-1,935,737,725,-1
0,-1,936,737,726,-1
0,-1,937,737,727,-1
0,-1,938,738,727,-1
0,-1,939,738,727,-1
0,-1,940,738,727,-1
0,-1,941,739,728,-1
0,-1,942,740,728,-1
0,-1,943,741,728,-1
0,-1,944,742,729,-1
0,-1,945,743,-1,-1
0,-1,946,744,730,-1
0,-1,947,-1,-1,-1
0,-1,948,745,731,-1
0,-1,949,745,732,-1
0,-1,950,746,-1,-1
0,-1,951,747,732,-1
0,-1,952,747,732,-1
0,-1,953,747,732,-1
0,-1,954,748,733,-1
0,-1,955,749,734,-1
0,-1,956,750,735,-1
0,-1,957,751,736,-1
0,-1,958,751,737,-1
0,-1,959,752,738,-1
0,-1,960,753,739,-1
0,-1,961,754,740,-1
0,-1,962,754,741,-1
0,-1,963,755,742,-1
0,-1,964,755,743,-1
0,-1,965,756,744,-1
0,-1,966,757,745,-1
0,-1,967,757,746,-1
0,-1,968,758,747,-1
0,-1,969,759,748,-1
0,-1,970,760,748,-1
0,-1,971,761,749,-1
0,-1,972,762,750,-1
0,-1,973,763,751,-1
0,-1,974,764,752,-1
0,-1,975,765,753,-1
0,-1,976,766,754,-1
0,-1,977,767,755,-1
0,-1,978,768,756,-1
0,-1,979,769,-1,-1
0,-1,980,-1,-1,-1
0,-1,981,770,-1,-1
0,-1,982,-1,-1,-1
0,-1,983,770,757,-1
0,-1,984,771,758,-1
0,-1,985,771,759,-1
0,-1,986,772,760,-1
0,-1,987,773,761,-1
0,-1,988,774,762,-1
0,-1,989,775,763,-1
0,-1,990,776,764,-1
0,-1,991,776,765,-1
0,-1,992,777,766,-1
0,-1,993,778,767,-1
0,-1,994,779,768,-1
0,-1,995,780,769,-1
0,-1,996,781,770,-1
0,-1,997,782,771,-1
0,-1,998,783,771,-1
0,-1,999,784,771,-1
0,-1,1000,784,772,-1
0,-1,1001,-1,-1,-1
0,-1,1002,785,773,-1
0,-1,1003,785,774,-1
0,-1,1004,786,-1,-1
0,-1,1005,787,775,-1
0,-1,1006,788,776,-1
0,-1,1007,788,776,-1
0,-1,1008,788,776,-1
0,-1,1009,789,777,-1
0,-1,1010,790,778,-1
0,-1,1011,791,779,-1
0,-1,1012,792,780,-1
0,-1,1013,793,-1,-1
0,-1,1014,794,781,-1
0,-1,1015,795,782,-1
0,-1,1016,796,783,-1
0,-1,1017,797,784,-1
0,-1,1018,797,785,-1
0,-1,1019,798,786,-1
0,-1,1020,799,787,-1
0,-1,1021,800,788,-1
0,-1,1022,801,789,-1
0,-1,1023,802,790,-1
0,-1,1024,803,791,-1
0,-1,1025,803,792,-1
0,-1,1026,804,793,-1
0,-1,1027,805,794,-1
0,-1,1028,806,795,-1
0,-1,1029,-1,-1,-1
0,-1,1030,807,796,-1
0,-1,1031,808,796,-1
0,-1,1032,809,796,-1
0,-1,1033,810,797,-1
0,-1,1034,811,798,-1
0,-1,1035,812,799,-1
0,-1,1036,813,800,-1
0,-1,1037,-1,-1,-1
0,-1,1038,814,801,-1
0,-1,1039,815,-1,-1
0,-1,1040,816,802,-1
0,-1,1041,817,802,-1
0,-1,1042,818,803,-1
0,-1,1043,819,-1,-1
0,-1,1044,820,804,-1
0,-1,1045,821,805,-1
0,-1,1046,822,806,-1
0,-1,1047,823,807,-1
0,-1,1048,823,807,-1
0,-1,1049,823,808,-1
0,-1,1050,823,809,-1
0,-1,1051,824,810,-1
0,-1,1052,825,810,-1
0,-1,1053,826,811,-1
0,-1,1054,827,-1,-1
0,-1,1055,828,811,-1
0,-1,1056,829,812,-1
0,-1,1057,830,813,-1
0,-1,1058,831,814,-1
0,-1,1059,832,815,-1
0,-1,1060,833,816,-1
0,-1,1061,834,817,-1
0,-1,1062,834,818,-1
0,-1,1063,835,819,-1
0,-1,1064,836,820,-1
0,-1,1065,837,820,-1
0,-1,1066,837,-1,-1
0,-1,1067,838,821,-1
0,-1,1068,838,822,-1
0,-1,1069,838,823,-1
0,-1,1070,839,823,-1
0,-1,1071,840,824,-1
0,-1,1072,841,824,-1
0,-1,1073,842,825,-1
0,-1,1074,843,826,-1
0,-1,1075,843,827,-1
0,-1,1076,844,828,-1
0,-1,1077,845,829,-1
0,-1,1078,846,830,-1
0,-1,1079,847,831,-1
0,-1,1080,847,832,-1
0,-1,1081,848,833,-1
0,-1,1082,849,834,-1
0,-1,1083,850,835,-1
0,-1,1084,851,836,-1
0,-1,1085,852,836,-1
0,-1,1086,853,837,-1
0,-1,1087,854,838,-1
0,-1,1088,854,839,-1
0,-1,1089,855,840,-1
0,-1,1090,856,841,-1
0,-1,1091,857,842,-1
0,-1,1092,858,843,-1
0,-1,1093,858,844,-1
0,-1,1094,859,844,-1
0,-1,1095,860,845,-1
0,-1,1096,861,846,-1
0,-1,1097,862,847,-1
0,-1,1098,863,848,-1
0,-1,1099,864,849,-1
0,-1,1100,865,-1,-1
0,-1,1101,866,850,-1
0,-1,1102,867,851,-1
0,-1,1103,867,852,-1
0,-1,1104,867,853,-1
0,-1,1105,868,854,-1
0,-1,1106,869,855,-1
0,-1,1107,870,856,-1
0,-1,1108,870,857,-1
0,-1,1109,871,858,-1
0,-1,1110,872,859,-1
0,-1,1111,873,860,-1
0,-1,1112,874,-1,-1
0,-1,1113,875,861,-1
0,-1,1114,876,862,-1
0,-1,1115,876,863,-1
0,-1,1116,876,863,-1
0,-1,1117,877,864,-1
0,-1,1118,878,864,-1
0,-1,1119,879,865,-1
0,-1,1120,880,866,-1
0,-1,1121,881,867,-1
0,-1,1122,882,868,-1
0,-1,1123,883,869,-1
0,-1,1124,883,870,-1
0,-1,1125,884,871,-1
0,-1,1126,885,872,-1
0,-1,1127,886,873,-1
0,-1,1128,887,873,-1
0,-1,1129,888,874,-1
0,-1,1130,889,875,-1
0,-1,1131,890,876,-1
0,-1,1132,891,877,-1
0,-1,1133,892,-1,-1
0,-1,1134,893,878,-1
0,-1,1135,894,879,-1
0,-1,1136,895,880,-1
0,-1,1137,895,881,-1
0,-1,1138,896,881,-1
0,-1,1139,897,882,-1
0,-1,1140,898,883,-1
0,-1,1141,898,884,-1
0,-1,1142,899,885,-1
0,-1,1143,900,886,-1
0,-1,1144,901,887,-1
0,-1,1145,902,888,-1
0,-1,1146,903,889,-1
0,-1,1147,904,890,-1
0,1,1148,905,-1,-1
0,-1,1149,906,891,-1
0,-1,1150,907,891,-1
0,-1,1151,907,891,-1
0,-1,1152,908,891,-1
0,-1,1153,909,892,-1
0,-1,1154,910,893,-1
0,-1,1155,910,894,-1
0,-1,1156,911,895,-1
0,-1,1157,912,-1,-1
0,-1,1158,912,896,-1
0,-1,1159,913,897,-1
0,-1,1160,914,898,-1
0,-1,1161,915,899,-1
0,-1,1162,916,900,-1
0,-1,1163,917,901,-1
0,-1,1164,917,902,-1
0,-1,1165,917,-1,-1
0,-1,1166,918,903,-1
0,-1,1167,919,904,-1
0,-1,1168,920,905,-1
0,-1,1169,920,905,-1
0,-1,1170,920,906,-1
0,-1,1171,921,907,-1
0,-1,1172,922,908,-1
0,-1,1173,923,909,-1
0,-1,1174,924,910,-1
0,-1,1175,925,911,-1
0,-1,1176,926,912,-1
0,-1,1177,927,913,-1
0,-1,1178,928,914,-1
0,-1,1179,929,915,-1
0,-1,1180,929,916,-1
0,-1,1181,930,916,-1
0,-1,1182,931,916,-1
0,-1,1183,932,-1,-1
0,-1,1184,933,916,-1
0,-1,1185,934,917,-1
0,-1,1186,-1,-1,-1
0,-1,1187,935,918,-1
0,-1,1188,936,919,-1
0,-1,1189,-1,-1,-1
0,-1,1190,937,920,-1
0,-1,1191,-1,921,-1
0,-1,1192,938,922,-1
0,-1,1193,-1,-1,-1
0,-1,1194,939,923,-1
0,-1,1195,940,924,-1
0,-1,1196,941,925,-1
0,-1,1197,941,926,-1
0,-1,1198,941,927,-1
0,-1,1199,942,928,-1
0,-1,1200,943,-1,-1
0,-1,1201,944,929,-1
0,-1,1202,945,930,-1
0,-1,1203,946,931,-1
0,-1,1204,947,932,-1
0,-1,1205,948,933,-1
0,-1,1206,949,934,-1
0,-1,1207,950,935,-1
0,-1,1208,951,936,-1
0,-1,1209,952,937,-1
0,-1,1210,953,-1,-1
0,-1,1211,954,938,-1
0,-1,1212,954,939,-1
0,-1,1213,955,940,-1
0,-1,1214,956,940,-1
0,-1,1215,957,941,-1
0,-1,1216,958,941,-1
0,-1,1217,959,941,-1
0,-1,1218,959,-1,-1
0,-1,1219,960,-1,-1
0,-1,1220,961,941,-1
0,-1,1221,962,942,-1
0,-1,1222,962,943,-1
0,-1,1223,963,943,-1
0,-1,1224,964,944,-1
0,-1,1225,965,-1,-1
0,-1,1226,966,945,-1
0,-1,1227,967,946,-1
0,-1,1228,968,947,-1
0,-1,1229,969,948,-1
0,-1,1230,970,949,-1
0,-1,1231,971,950,-1
0,-1,1232,972,950,-1
0,-1,1233,973,951,-1
0,-1,1234,974,952,-1
0,-1,1235,975,953,-1
0,-1,1236,976,954,-1
0,-1,1237,977,955,-1
0,-1,1238,978,956,-1
0,-1,1239,979,957,-1
0,-1,1240,-1,958,-1
0,-1,1241,980,959,-1
0,-1,1242,981,960,-1
0,-1,1243,982,960,-1
0,-1,1244,982,961,-1
0,-1,1245,983,962,-1
0,-1,1246,984,963,-1
0,-1,1247,985,964,-1
0,-1,1248,986,965,-1
0,-1,1249,987,-1,-1
0,-1,1250,988,966,-1
0,-1,1251,989,967,-1
0,-1,1252,990,968,-1
0,-1,1253,991,969,-1
0,-1,1254,992,-1,-1
0,-1,1255,993,970,-1
0,-1,1256,994,971,-1
0,-1,1257,995,972,-1
0,2,1258,995,973,-1
0,-1,1259,996,973,-1
0,-1,1260,997,974,-1
0,-1,1261,998,975,-1
0,-1,1262,999,976,-1
0,-1,1263,1000,977,-1
0,-1,1264,1001,978,-1
0,-1,1265,1002,979,-1
0,-1,1266,1003,-1,-1
0,-1,1267,1003,979,-1
0,-1,1268,1003,980,-1
0,-1,1269,1003,981,-1
0,-1,1270,1003,982,-1
0,-1,1271,1004,983,-1
0,-1,1272,1005,984,-1
0,-1,1273,1006,985,-1
0,-1,1274,1006,986,-1
0,-1,1275,1007,987,-1
0,-1,1276,1008,988,-1
0,-1,1277,1009,989,-1
0,-1,1278,1010,989,-1
0,-1,1279,1011,990,-1
0,-1,1280,1012,991,-1
0,-1,1281,1013,992,-1
0,-1,1282,-1,-1,-1
0,-1,1283,1013,993,-1
0,-1,1284,1014,-1,-1
0,-1,1285,1015,994,-1
0,-1,1286,1016,995,-1
0,-1,1287,1017,996,-1
0,-1,1288,1018,997,-1
0,-1,1289,1018,998,-1
0,-1,1290,1018,999,-1
0,-1,1291,1019,1000,-1
0,-1,1292,1019,1001,-1
0,-1,1293,1019,1001,-1
0,-1,1294,1020,1002,-1
0,-1,1295,1021,1003,-1
0,-1,1296,1022,1004,-1
0,-1,1297,1023,1005,-1
0,-1,1298,1024,1006,-1
0,-1,1299,1025,1007,-1
0,-1,1300,1026,1008,-1
0,-1,1301,1027,1009,-1
0,-1,1302,1027,1009,-1
0,-1,1303,1028,1010,-1
0,-1,1304,1029,1011,-1
0,-1,1305,1030,1012,-1
0,-1,1306,1030,1013,-1
0,-1,1307,1030,1014,-1
0,-1,1308,1031,1015,-1
0,-1,1309,1032,1016,-1
0,-1,1310,1033,1017,-1
0,-1,1311,1034,1018,-1
0,-1,1312,1035,1019,-1
0,-1,1313,1036,1020,-1
0,-1,1314,1037,1021,-1
0,-1,1314,1038,1021,-1
0,-1,1315,1039,1021,-1
0,-1,1316,1039,1021,-1
0,-1,1317,1039,1022,-1
0,-1,1318,1040,1023,-1
0,-1,1319,1041,1024,-1
0,-1,1320,1042,1025,-1
0,-1,1321,1042,1025,-1
0,-1,1322,1042,1026,-1
0,-1,1323,1043,1026,-1
0,-1,1324,1044,1027,-1
0,-1,1325,1045,1028,-1
0,-1,1326,1046,1028,-1
0,-1,1327,1047,1029,-1
0,-1,1328,1048,1030,-1
0,-1,1329,1049,1031,-1
0,-1,1330,1050,1032,-1
0,-1,1331,1050,-1,-1
0,-1,1332,1050,-1,-1
0,-1,1333,1051,1032,-1
0,-1,1334,1051,-1,-1
0,-1,1335,1052,1033,-1
0,-1,1336,1053,1034,-1
0,-1,1337,1054,1035,-1
0,-1,1338,-1,-1,-1
0,-1,1339,1055,1036,-1
0,-1,1340,1056,1037,-1
0,-1,1341,1057,-1,-1
0,-1,1342,1058,1038,-1
0,-1,1343,1059,1038,-1
0,-1,1344,1060,1039,-1
0,-1,1345,1061,1040,-1
0,-1,1346,1062,1041,-1
0,-1,1347,1063,1042,-1
0,-1,1348,1064,1043,-1
0,-1,1349,1065,1044,-1
0,-1,1350,1066,1045,-1
0,-1,1351,1066,1046,-1
0,-1,1352,1066,1047,-1
0,-1,1353,1067,1048,-1
0,-1,1354,1067,1049,-1
0,-1,1355,1068,1050,-1
0,-1,1356,1069,1051,-1
0,-1,1357,1069,1052,-1
0,-1,1358,1070,1053,-1
0,-1,1359,1070,1054,-1
0,-1,1360,1071,1055,-1
0,-1,1361,1072,1056,-1
0,-1,1362,1072,1057,-1
0,-1,1363,1073,1058,-1
0,-1,1364,1074,1059,-1
0,-1,1365,1075,1060,-1
0,-1,1366,1076,1061,-1
0,-1,1367,1077,1062,-1
0,-1,1368,1077,1063,-1
0,-1,1369,1078,1063,-1
0,-1,1370,1079,1064,-1
0,-1,1371,1079,1065,-1
0,-1,1372,1080,1066,-1
0,-1,1373,1081,1067,-1
0,-1,1374,1082,1068,-1
0,-1,1375,1083,1069,-1
0,-1,1376,1084,1070,-1
0,-1,1377,-1,1071,-1
0,-1,1378,1084,1072,-1
0,-1,1379,1085,1073,-1
0,-1,1380,1085,1073,-1
0,-1,1381,1086,1074,-1
0,-1,1382,1086,1075,-1
0,-1,1383,1087,1076,-1
0,-1,1384,1088,1077,-1
0,-1,1385,1089,1078,-1
0,-1,1386,1090,1079,-1
0,-1,1387,1090,1080,-1
0,-1,1388,1091,1081,-1
0,-1,1389,1092,1082,-1
0,-1,1390,1093,1083,-1
0,-1,1391,1094,1084,-1
0,-1,1392,1095,1085,-1
0,-1,1393,1096,1086,-1
0,-1,1394,1097,1087,-1
0,-1,1395,1098,1088,-1
0,-1,1396,1099,1089,-1
0,-1,1396,1100,1090,-1
0,-1,1397,1101,1090,-1
0,-1,1398,1102,1091,-1
0,-1,1399,1103,1092,-1
0,-1,1400,1104,1093,-1
0,-1,1401,1105,1094,-1
0,-1,1402,1105,1095,-1
0,-1,1403,1105,1095,-1
0,-1,1404,1106,1096,-1
0,-1,1405,1107,1097,-1
0,-1,1406,1108,1098,-1
0,-1,1407,1109,1099,-1
0,-1,1408,1110,1100,-1
0,-1,1409,1111,1101,-1
0,-1,1410,1111,1102,-1
0,-1,1411,1112,1103,-1
0,-1,1412,1113,1104,-1
0,-1,1413,1114,1105,-1
0,-1,1414,1115,1106,-1
0,-1,1415,1116,1107,-1
0,-1,1416,-1,-1,-1
0,-1,1417,1117,-1,-1
0,-1,1418,1117,1108,-1
0,-1,1419,1117,1109,-1
0,-1,1420,1118,1109,-1
0,-1,1421,1118,1110,-1
0,-1,1422,1118,1111,-1
0,-1,1423,1118,1111,-1
0,-1,1424,1118,1112,-1
0,-1,1425,1118,1113,-1
0,-1,1426,1118,1114,-1
0,-1,1427,1119,1115,-1
0,-1,1428,1119,1116,-1
0,-1,1429,1120,1117,-1
0,-1,1430,1121,1118,-1
0,-1,1431,1122,1119,-1
0,-1,1432,1123,-1,-1
0,-1,1433,1124,1120,-1
0,-1,1434,1124,1121,-1
0,-1,1435,1125,1122,-1
0,-1,1436,1126,1122,-1
0,-1,1437,1127,1123,-1
0,-1,1438,1128,1124,-1
0,-1,1439,1128,1125,-1
0,-1,1440,1128,1126,-1
0,-1,1441,1129,1127,-1
0,-1,1442,1130,-1,-1
0,-1,1443,1131,1128,-1
0,-1,1444,1132,1129,-1
0,-1,1445,1133,1129,-1
0,-1,1446,1134,1130,-1
0,-1,1447,1135,1130,-1
0,-1,1448,1136,1130,-1
0,-1,1449,1136,1130,-1
0,-1,1450,1136,-1,-1
0,-1,1451,1137,1130,-1
0,-1,1452,1138,1131,-1
0,-1,1453,1139,1131,-1
0,-1,1454,1140,1131,-1
0,-1,1455,1141,-1,-1
0,-1,1456,-1,1132,-1
0,-1,1457,1142,1133,-1
0,-1,1458,1143,1134,-1
0,-1,1459,1143,1135,-1
0,-1,1460,1144,1135,-1
0,-1,1461,1144,1136,-1
0,-1,1462,1145,1137,-1
0,-1,1463,1146,1137,-1
0,-1,1464,1147,-1,-1
0,-1,1465,1148,1138,-1
0,-1,1466,1149,1139,-1
0,-1,1467,1150,1140,-1
0,-1,1468,1151,1141,-1
0,-1,1469,1151,1142,-1
0,-1,1470,1152,-1,-1
0,-1,1471,1153,1143,-1
0,-1,1472,1154,1144,-1
0,-1,1473,1155,1144,-1
0,-1,1474,1156,1145,-1
0,-1,1475,1157,1146,-1
0,-1,1476,1158,1147,-1
0,-1,1477,1159,1148,-1
0,-1,1478,1160,1148,-1
0,-1,1479,1161,1149,-1
0,-1,1480,1162,1150,-1
0,-1,1481,1162,1151,-1
0,-1,1482,1163,1152,-1
0,-1,1483,1164,1152,-1
0,-1,1484,1164,1153,-1
0,-1,1485,1165,1154,-1
0,-1,1486,1166,1155,-1
0,-1,1487,1167,1156,-1
0,-1,1488,1168,1157,-1
0,-1,1489,1169,1158,-1
0,-1,1490,1170,1158,-1
0,-1,1491,1171,1159,-1
0,-1,1492,1172,1160,-1
0,-1,1493,1173,1160,-1
0,-1,1494,1174,1161,-1
0,-1,1495,1175,1162,-1
0,-1,1496,1176,1163,-1
0,-1,1497,1177,1164,-1
0,-1,1498,1178,1164,-1
0,-1,1499,1179,1165,-1
0,-1,1500,1180,1165,-1
0,-1,1501,1181,1166,-1
0,-1,1502,1182,1167,-1
0,-1,1503,1182,1168,-1
0,-1,1504,1183,1169,-1
0,-1,1505,1184,1169,-1
0,-1,1506,1185,1169,-1
0,-1,1507,1186,1170,-1
0,-1,1508,1187,1171,-1
0,-1,1509,1188,1172,-1
0,-1,1510,1189,1173,-1
0,-1,1511,1190,1174,-1
0,-1,1512,1191,1175,-1
0,-1,1513,1191,1175,-1
0,-1,1514,-1,-1,-1
0,-1,1515,1192,1176,-1
0,-1,1516,1193,1177,-1
0,-1,1517,1194,1177,-1
0,-1,1518,1195,1178,-1
0,-1,1519,1196,1179,-1
0,-1,1520,1197,1180,-1
0,-1,1521,1198,1181,-1
0,-1,1522,1199,1182,-1
0,-1,1523,1199,1183,-1
0,-1,1524,1200,1184,-1
0,-1,1525,1201,1185,-1
0,-1,1526,1202,1186,-1
0,-1,1527,1203,1187,-1
0,-1,1528,1203,1187,-1
0,-1,1529,1203,1188,-1
0,-1,1530,1204,1189,-1
0,-1,1531,1205,1190,-1
0,-1,1532,1205,1191,-1
0,-1,1533,1205,1192,-1
0,-1,1534,1206,1193,-1
0,-1,1535,1206,1193,-1
0,-1,1536,1207,1194,-1
0,-1,1537,1208,1195,-1
0,-1,1538,1208,1196,-1
0,-1,1539,1208,1196,-1
0,-1,1540,1208,1196,-1
0,-1,1541,1209,1197,-1
0,-1,1542,1210,1198,-1
0,-1,1543,1211,1199,-1
0,-1,1544,1212,1200,-1
0,-1,1545,1212,1200,-1
0,-1,1546,1213,1201,-1
0,-1,1547,1214,1202,-1
0,-1,1548,1215,-1,-1
0,-1,1549,1216,1202,-1
0,-1,1550,1216,1202,-1
0,-1,1551,1217,1203,-1
0,-1,1552,1218,1204,-1
0,-1,1553,1218,1205,-1
0,-1,1554,1219,1205,-1
0,-1,1555,1220,1205,-1
0,-1,1556,1221,1206,-1
0,-1,1557,1222,1207,-1
0,-1,1558,1222,1207,-1
0,-1,1559,1223,1208,-1
0,-1,1560,1224,1209,-1
0,-1,1561,1225,1209,-1
0,-1,1562,1226,1210,-1
0,-1,1563,1227,1211,-1
0,-1,1564,1228,1212,-1
0,-1,1565,1229,1213,-1
0,-1,1566,1229,1214,-1
0,-1,1567,1230,1215,-1
0,-1,1568,1231,1216,-1
0,-1,1569,1232,1217,-1
0,-1,1570,1233,1218,-1
0,-1,1571,1234,1219,-1
0,-1,1572,1235,1220,-1
0,-1,1573,1236,1221,-1
0,-1,1574,1237,-1,-1
0,-1,1575,1237,1222,-1
0,-1,1576,1238,1223,-1
0,-1,1577,1238,1224,-1
0,-1,1578,1238,1225,-1
0,-1,1579,1239,1226,-1
0,-1,1580,1240,1227,-1
0,-1,1581,1241,1228,-1
0,-1,1582,1242,1229,-1
0,-1,1583,-1,1230,-1
0,-1,1584,1243,1231,-1
0,-1,1585,1244,1232,-1
0,-1,1586,1245,1233,-1
0,-1,1587,1246,1233,-1
0,-1,1588,1247,1234,-1
0,-1,1589,1248,1235,-1
0,-1,1590,1249,1236,-1
0,-1,1591,1250,1236,-1
0,-1,1592,1251,-1,-1
0,-1,1593,-1,1236,-1
0,-1,1594,1252,1236,-1
0,-1,1595,1253,1237,-1
0,-1,1596,1253,1237,-1
0,-1,1597,1254,1238,-1
0,-1,1598,1255,1239,-1
0,-1,1599,1256,1240,-1
0,-1,1600,1257,1241,-1
0,-1,1601,1258,1242,-1
0,-1,1602,1258,1243,-1
0,-1,1603,1258,1243,-1
0,-1,1604,1258,-1,-1
0,-1,1605,1258,1243,-1
0,-1,1606,1258,1244,-1
0,-1,1607,1259,1245,-1
0,-1,1608,1260,1246,-1
0,-1,1609,1261,1247,-1
0,-1,1610,1262,-1,-1
0,-1,1611,1262,1248,-1
0,-1,1612,1263,1249,-1
0,-1,1613,1263,1250,-1
0,-1,1614,1264,1251,-1
0,-1,1615,1265,1252,-1
0,-1,1616,1266,1253,-1
0,-1,1617,1267,1254,-1
0,-1,1618,1267,1255,-1
0,-1,1619,1267,1256,-1
0,-1,1620,1268,1257,-1
0,-1,1621,1269,1258,-1
0,-1,1622,1270,1259,-1
0,-1,1623,1271,1260,-1
0,-1,1624,1272,1261,-1
0,-1,1625,1273,-1,-1
0,-1,1626,1273,1262,-1
0,-1,1627,1273,1263,-1
0,-1,1628,1274,1264,-1
0,-1,1629,1274,1265,-1
0,-1,1630,1275,-1,-1
0,-1,1631,1275,1266,-1
0,-1,1632,1276,1267,-1
0,-1,1633,1277,1268,-1
0,-1,1634,1278,1269,-1
0,-1,1635,1279,1270,-1
0,-1,1636,1280,1271,-1
0,-1,1637,1280,1272,-1
0,-1,1638,1281,1273,-1
0,-1,1639,1282,1274,-1
0,-1,1640,1283,1275,-1
0,-1,1641,1284,1276,-1
0,-1,1642,1284,1277,-1
0,-1,1643,1285,1278,-1
0,-1,1644,1285,1279,-1
0,-1,1645,1286,1280,-1
0,-1,1646,1287,1281,-1
0,-1,1647,1288,1282,-1
0,-1,1648,1289,1283,-1
0,-1,1649,1290,1284,-1
0,-1,1650,1291,1285,-1
0,-1,1651,1292,1286,-1
0,-1,1652,1292,1287,-1
0,-1,1653,1293,1288,-1
0,-1,1654,1294,1289,-1
0,-1,1655,1295,1290,-1
0,-1,1656,1295,1290,-1
0,-1,1657,1296,1290,-1
0,-1,1658,1297,1291,-1
0,-1,1659,-1,-1,-1
0,-1,1660,1298,1291,-1
0,-1,1661,1299,1292,-1
0,-1,1662,1300,1293,-1
0,-1,1663,1300,1294,-1
0,-1,1664,1301,1294,-1
0,-1,1665,1302,1294,-1
0,-1,1666,1303,1295,-1
0,-1,1667,1304,1296,-1
0,-1,1668,1305,1297,-1
0,-1,1669,1306,1298,-1
0,-1,1670,1307,1299,-1
0,-1,1671,-1,1300,-1
0,-1,1672,1308,-1,-1
0,-1,1673,1309,1301,-1
0,-1,1674,1310,1302,-1
0,-1,1675,1310,1303,-1
0,-1,1676,1310,1304,-1
0,-1,1677,1310,1305,-1
0,-1,1678,1311,1306,-1
0,-1,1679,1312,1307,-1
0,-1,1680,1312,1307,-1
0,-1,1681,1312,1308,-1
0,-1,1682,1312,1309,-1
0,-1,1683,1313,1310,-1
0,-1,1684,1314,1311,-1
0,-1,1685,1315,1312,-1
0,-1,1686,1315,1313,-1
0,-1,1687,1315,1313,-1
0,-1,1688,1315,1314,-1
0,-1,1689,1316,1315,-1
0,-1,1690,1317,1316,-1
0,-1,1691,1318,1317,-1
0,-1,1692,1318,1318,-1
0,-1,1693,1319,1319,-1
0,-1,1694,1320,1320,-1
0,-1,1695,1321,1321,-1
0,-1,1696,1322,1322,-1
0,-1,1697,1323,1323,-1
0,-1,1698,1323,1324,-1
0,-1,1699,1323,1325,-1
0,-1,1700,1324,1326,-1
0,-1,1701,1325,1327,-1
0,-1,1702,1326,1328,-1
0,-1,1703,1326,1329,-1
0,-1,1704,1327,1330,-1
0,-1,1705,1328,1330,-1
0,-1,1706,1329,-1,-1
0,-1,1707,1330,1331,-1
0,-1,1708,1331,1332,-1
0,-1,1709,1331,1333,-1
0,-1,1710,1332,1334,-1
0,-1,1711,1333,1335,-1
0,-1,1712,1334,1336,-1
0,-1,1713,1334,1337,-1
0,-1,1714,1335,1338,-1
0,-1,1715,1335,1339,-1
0,-1,1716,1336,1340,-1
0,-1,1717,1337,1341,-1
0,-1,1718,1338,1342,-1
0,-1,1719,1339,1343,-1
0,-1,1720,1339,1344,-1
0,-1,1721,1340,1345,-1
0,-1,1722,1341,1346,-1
0,-1,1723,1342,1347,-1
0,-1,1724,1343,1348,-1
0,-1,1725,1344,1349,-1
0,-1,1726,1345,1350,-1
0,-1,1727,1346,1351,-1
0,-1,1728,1347,1352,-1
0,-1,1729,1348,-1,-1
0,-1,1730,1349,1353,-1
0,-1,1731,1350,1354,-1
0,-1,1732,1351,1355,-1
0,-1,1733,1352,1356,-1
0,-1,1734,1353,1356,-1
0,-1,1735,1353,1357,-1
0,-1,1736,1354,1358,-1
0,-1,1737,1354,-1,-1
0,-1,1738,1354,1359,-1
0,-1,1739,1355,-1,-1
0,-1,1740,1356,1360,-1
0,-1,1741,1357,1361,-1
0,-1,1742,1358,1362,-1
0,-1,1743,1359,-1,-1
0,-1,1744,1359,1363,-1
0,-1,1745,1360,1364,-1
0,-1,1746,1361,1365,-1
0,-1,1747,1362,1366,-1
0,-1,1748,1362,1367,-1
0,-1,1749,1363,1368,-1
0,-1,1750,1364,1368,-1
0,-1,1751,1365,1369,-1
0,-1,1752,1366,1370,-1
0,-1,1753,1367,1371,-1
0,-1,1754,1368,1371,-1
0,-1,1755,1369,1372,-1
0,-1,1756,1370,1373,-1
0,-1,1757,1370,1374,-1
0,-1,1758,1371,1375,-1
0,-1,1759,1372,-1,-1
0,-1,1760,1373,1376,-1
0,-1,1761,1373,1377,-1
0,-1,1762,1374,1377,-1
0,-1,1763,1375,1378,-1
0,-1,1763,1375,1379,-1
0,-1,1764,1376,1379,-1
0,-1,1765,1377,1379,-1
0,-1,1766,1378,1380,-1
0,-1,1767,1379,1381,-1
0,-1,1768,1379,1382,-1
0,-1,1769,1379,1383,-1
0,-1,1770,1379,1383,-1
0,-1,1771,1380,1384,-1
0,-1,1772,1381,1385,-1
0,-1,1773,1381,1386,-1
0,-1,1774,1382,1387,-1
0,-1,1775,1383,1388,-1
0,-1,1776,1384,1388,-1
0,-1,1777,1385,1389,-1
0,-1,1778,1386,1389,-1
0,-1,1779,1387,1390,-1
0,-1,1780,1388,1391,-1
0,-1,1781,-1,1391,-1
0,-1,1782,1388,1392,-1
0,-1,1783,1389,1393,-1
0,-1,1784,1390,-1,-1
0,-1,1785,1390,1394,-1
0,-1,1786,1391,1395,-1
0,-1,1787,1392,-1,-1
0,-1,1788,1393,1396,-1
0,-1,1789,1394,1397,-1
0,-1,1790,1395,1398,-1
0,-1,1791,1396,1399,-1
0,-1,1792,1397,-1,-1
0,-1,1793,1398,1400,-1
0,-1,1794,1399,1401,-1
0,-1,1795,1400,1402,-1
0,-1,1796,1400,1403,-1
0,-1,1797,1400,1404,-1
0,-1,1798,1401,1405,-1
0,-1,1799,1402,1406,-1
0,-1,1800,1403,1407,-1
0,-1,1801,1404,1408,-1
0,-1,1802,1405,1409,-1
0,-1,1803,1406,1410,-1
0,-1,1804,-1,1411,-1
0,-1,1805,1407,1412,-1
0,-1,1806,1407,1413,-1
0,-1,1807,1408,1414,-1
0,-1,1808,1409,1415,-1
0,-1,1809,1410,1416,-1
0,-1,1810,1411,1417,-1
0,-1,1811,1412,1417,-1
0,-1,1812,1413,1418,-1
0,-1,1813,1414,1419,-1
0,-1,1814,1414,1420,-1
0,-1,1815,1415,1421,-1
0,-1,1816,1416,1422,-1
0,-1,1817,1417,1423,-1
0,-1,1818,1418,1424,-1
0,-1,1819,1419,1425,-1
0,-1,1820,1420,1426,-1
0,-1,1821,1421,-1,-1
0,-1,1822,1422,1427,-1
0,-1,1823,1423,1428,-1
0,-1,1824,1423,1428,-1
0,-1,1825,1424,1429,-1
0,-1,1826,1425,1430,-1
0,-1,1827,1425,1431,-1
0,-1,1828,1425,1432,-1
0,-1,1829,1426,1433,-1
0,-1,1830,-1,1434,-1
0,-1,1831,1427,1435,-1
0,-1,1832,1428,1436,-1
0,-1,1833,-1,-1,-1
0,-1,1834,1429,1437,-1
0,-1,1835,1430,1437,-1
0,-1,1836,1430,1438,-1
0,-1,1837,1431,1439,-1
0,-1,1838,1432,1440,-1
0,-1,1839,1433,-1,-1
0,-1,1840,1434,1441,-1
0,-1,1841,1434,1442,-1
0,-1,1842,1435,1442,-1
0,-1,1843,1436,1443,-1
0,-1,1844,1437,1444,-1
0,-1,1845,1438,1445,-1
0,-1,1846,1439,1445,-1
0,-1,1847,1440,1446,-1
0,-1,1848,1440,1447,-1
0,-1,1849,1440,1448,-1
0,-1,1850,1441,-1,-1
0,-1,1851,1442,1449,-1
0,-1,1852,1443,-1,-1
0,-1,1853,1444,1450,-1
0,-1,1854,1445,1451,-1
0,-1,1855,1446,1452,-1
0,-1,1856,1447,1453,-1
0,-1,1857,1448,1454,-1
0,-1,1858,1449,-1,-1
0,-1,1859,-1,-1,-1
0,-1,1860,-1,1455,-1
0,-1,1861,1449,1456,-1
0,-1,1862,1449,1457,-1
0,-1,1863,1450,1458,-1
0,-1,1864,1451,1459,-1
0,-1,1865,1452,1460,-1
0,-1,1866,1453,1461,-1
0,-1,1867,1454,1462,-1
0,-1,1868,1455,1463,-1
0,-1,1869,1456,-1,-1
0,-1,1870,1457,1464,-1
0,-1,1871,1458,1465,-1
0,-1,1872,1459,1466,-1
0,-1,1873,1459,1466,-1
0,-1,1874,1459,1467,-1
0,-1,1875,1460,1468,-1
0,-1,1876,1461,1468,-1
0,-1,1877,1462,1469,-1
0,-1,1878,1462,1470,-1
0,-1,1879,1463,1471,-1
0,-1,1880,1464,1472,-1
0,-1,1881,1465,1472,-1
0,-1,1882,1466,1473,-1
0,-1,1883,1467,1474,-1
0,-1,1884,1468,1475,-1
0,-1,1885,1469,1476,-1
0,-1,1886,1470,1477,-1
0,-1,1887,1470,1478,-1
0,-1,1888,1471,1479,-1
0,-1,1889,1472,1480,-1
0,-1,1890,1473,1481,-1
0,-1,1891,1473,1482,-1
0,-1,1892,1474,1482,-1
0,-1,1893,1475,1483,-1
0,-1,1894,1476,1484,-1
0,-1,1895,1477,1485,-1
0,-1,1896,1477,-1,-1
0,-1,1897,1478,1486,-1
0,-1,1898,1478,1487,-1
0,-1,1899,1479,1487,-1
0,-1,1900,1480,1488,-1
0,-1,1901,1481,1489,-1
0,-1,1902,1482,1489,-1
0,-1,1903,1483,1490,-1
0,-1,1904,1484,1491,-1
0,-1,1905,1485,-1,-1
0,-1,1906,1486,-1,-1
0,-1,1907,1487,1492,-1
0,-1,1908,1488,1493,-1
0,-1,1909,1488,1494,-1
0,-1,1910,1489,1495,-1
0,-1,1911,1489,1496,-1
0,-1,1912,1490,1497,-1
0,-1,1913,1491,1497,-1
0,-1,1914,1492,-1,-1
0,-1,1915,1493,1498,-1
0,-1,1916,1494,1499,-1
0,-1,1917,1495,1500,-1
0,-1,1918,1496,1501,-1
0,-1,1919,1497,1502,-1
0,-1,1920,1498,1503,-1
0,-1,1921,1499,1504,-1
0,-1,1922,1500,1504,-1
0,-1,1923,1501,1505,-1
0,-1,1924,1501,1505,-1
0,-1,1925,1502,1505,-1
0,-1,1926,1503,1505,-1
0,-1,1927,1503,1505,-1
0,-1,1928,1504,1506,-1
0,-1,1929,1505,1507,-1
0,-1,1930,1506,1508,-1
0,-1,1931,1506,1509,-1
0,-1,1932,1507,1509,-1
0,-1,1933,1508,1509,-1
0,-1,1934,1509,1510,-1
0,-1,1935,1510,1511,-1
0,-1,1936,1511,1512,-1
0,-1,1937,1512,1513,-1
0,-1,1938,1513,1513,-1
0,-1,1939,1514,1514,-1
0,-1,1940,1515,1515,-1
0,-1,1941,1516,1516,-1
0,-1,1942,1517,1517,-1
0,-1,1943,1518,1518,-1
0,-1,1944,1519,1519,-1
0,-1,1945,1520,1520,-1
0,-1,1946,1521,1521,-1
0,-1,1947,1522,1522,-1
0,-1,1948,1523,1523,-1
0,-1,1949,1524,1524,-1
0,-1,1950,1524,1525,-1
0,-1,1951,1525,1525,-1
0,-1,1952,1526,1526,-1
0,-1,1953,1527,1527,-1
0,-1,1954,1527,1528,-1
0,-1,1955,1528,1529,-1
0,-1,1956,1528,1530,-1
0,-1,1957,1529,-1,-1
0,-1,1958,1529,1530,-1
0,-1,1959,1529,1530,-1
0,-1,1960,1530,-1,-1
0,-1,1961,1531,1531,-1
0,-1,1962,1532,1532,-1
0,-1,1963,1533,1533,-1
0,-1,1964,1533,1534,-1
0,-1,1965,1534,1535,-1
0,-1,1966,1534,1536,-1
0,-1,1967,1535,1537,-1
0,-1,1968,1535,1538,-1
0,-1,1969,-1,-1,-1
0,-1,1970,1536,1539,-1
0,-1,1971,1537,1540,-1
0,-1,1972,1538,1541,-1
0,-1,1973,1539,-1,-1
0,-1,1974,1540,1542,-1
0,-1,1975,1541,1543,-1
0,-1,1976,1542,1544,-1
0,-1,1977,1543,1545,-1
0,-1,1978,1544,1546,-1
0,-1,1979,1545,1547,-1
0,-1,1980,1546,1548,-1
0,-1,1981,1547,1549,-1
0,-1,1982,1547,1550,-1
0,-1,1983,1547,1550,-1
0,-1,1984,1548,1550,-1
0,-1,1985,1549,1551,-1
0,-1,1986,1550,-1,-1
0,-1,1987,1551,1552,-1
0,-1,1988,1552,1553,-1
0,-1,1989,1553,1554,-1
0,-1,1990,1554,1555,-1
0,-1,1991,1555,1555,-1
0,-1,1992,1556,1555,-1
0,-1,1993,1556,1555,-1
0,-1,1994,1556,1556,-1
0,-1,1995,1557,1557,-1
0,-1,1996,1558,1558,-1
0,-1,1997,1558,1559,-1
0,-1,1998,1559,1560,-1
0,-1,1999,1560,1561,-1
0,-1,2000,1561,1562,-1
0,-1,2001,1562,1563,-1
0,-1,2002,1563,1564,-1
0,-1,2003,1564,1565,-1
0,-1,2004,1565,1566,-1
0,-1,2005,1566,1567,-1
0,-1,2006,1566,1568,-1
0,-1,2007,1567,1569,-1
0,-1,2008,1567,1570,-1
0,-1,2009,1568,1571,-1
0,-1,2010,1569,1572,-1
0,-1,2011,1570,1573,-1
0,-1,2012,1571,1574,-1
0,-1,2013,1571,1575,-1
0,-1,2014,1572,1576,-1
0,-1,2015,1573,1577,-1
0,-1,2016,1574,1578,-1
0,-1,2017,1575,1579,-1
0,-1,2018,1575,-1,-1
0,-1,2019,1576,1580,-1
0,-1,2020,1577,1581,-1
0,-1,2021,1578,1582,-1
0,-1,2022,1579,1583,-1
0,-1,2023,1579,1583,-1
0,-1,2024,1580,1584,-1
0,-1,2025,1581,1585,-1
0,-1,2026,1582,-1,-1
0,-1,2027,1583,1585,-1
0,-1,2028,1584,-1,-1
0,-1,2029,1585,1586,-1
0,-1,2030,1586,1586,-1
0,-1,2031,1586,1587,-1
0,-1,2032,1587,1587,-1
0,-1,2033,1588,1588,-1
0,-1,2034,1589,1589,-1
0,-1,2035,1589,1590,-1
0,-1,2036,1590,1590,-1
0,-1,2037,1591,1591,-1
0,-1,2038,1592,1592,-1
0,-1,2039,1593,1593,-1
0,-1,2040,1594,1594,-1
0,-1,2041,1595,1595,-1
0,-1,2042,1596,1596,-1
0,-1,2043,1597,1597,-1
0,-1,2044,1598,1598,-1
0,-1,2045,1599,1599,-1
0,-1,2046,1600,1600,-1
0,-1,2047,1601,1601,-1
0,-1,2048,1602,1602,-1
0,-1,2049,1602,1603,-1
0,-1,2050,1603,1604,-1
0,-1,2051,1604,1605,-1
0,-1,2052,1605,1606,-1
0,-1,2053,1606,1607,-1
0,-1,2054,1606,1608,-1
0,-1,2055,1606,1609,-1
0,-1,2056,1607,1610,-1
0,-1,2057,1608,-1,-1
0,-1,2058,1609,1611,-1
0,-1,2059,1609,1612,-1
0,-1,2060,1610,1613,-1
0,-1,2061,1611,1614,-1
0,-1,2062,1612,1615,-1
0,-1,2063,1613,1616,-1
0,-1,2064,1613,1617,-1
0,-1,2065,1614,1617,-1
0,-1,2066,1615,1618,-1
0,-1,2067,1616,1619,-1
0,-1,2068,1617,1620,-1
0,-1,2069,1618,1621,-1
0,-1,2070,1618,1622,-1
0,-1,2071,1619,1623,-1
0,-1,2072,1620,1624,-1
0,-1,2073,1621,1625,-1
0,-1,2074,1621,1626,-1
0,-1,2075,1621,1626,-1
0,-1,2076,1622,1627,-1
0,-1,2077,1623,1628,-1
0,-1,2078,1624,1629,-1
0,-1,2079,1625,1630,-1
0,-1,2080,1626,-1,-1
0,-1,2081,1626,1631,-1
0,-1,2082,1626,1632,-1
0,-1,2083,1627,1633,-1
0,-1,2084,1628,1634,-1
0,-1,2085,1629,1635,-1
0,-1,2086,1630,1636,-1
0,-1,2087,1630,1637,-1
0,-1,2088,1631,1638,-1
0,-1,2089,1632,1639,-1
0,-1,2090,1633,1639,-1
0,-1,2091,1634,1640,-1
0,-1,2092,1635,1641,-1
0,-1,2093,1635,1642,-1
0,-1,2094,1636,1643,-1
0,-1,2095,1637,1644,-1
0,-1,2096,1638,1645,-1
0,-1,2097,1639,1646,-1
0,-1,2098,1640,1647,-1
0,-1,2099,1640,1647,-1
0,-1,2100,1640,1648,-1
0,-1,2101,1641,1649,-1
0,-1,2102,1642,1650,-1
0,-1,2103,1643,1651,-1
0,-1,2104,1644,1652,-1
0,-1,2105,1644,1653,-1
0,-1,2106,1645,1654,-1
0,-1,2107,1646,1655,-1
0,-1,2108,1647,1656,-1
0,-1,2109,1648,1657,-1
0,-1,2110,1649,1658,-1
0,-1,2111,1650,1659,-1
0,-1,2112,1651,-1,-1
0,-1,2113,1652,1660,-1
0,-1,2114,1652,1661,-1
0,-1,2115,1653,1661,-1
0,-1,2116,1654,1662,-1
0,-1,2117,1655,1663,-1
0,-1,2118,1656,1664,-1
0,-1,2119,1657,1665,-1
0,-1,2120,-1,-1,-1
0,-1,2121,1658,1666,-1
0,-1,2122,1659,1667,-1
0,-1,2123,1660,1668,-1
0,-1,2124,1661,1669,-1
0,-1,2125,1662,-1,-1
0,-1,2126,1663,1670,-1
0,-1,2127,1663,1671,-1
0,-1,2128,1664,1672,-1
0,-1,2129,1665,1673,-1
0,-1,2130,1666,1674,-1
0,-1,2131,1666,1675,-1
0,-1,2132,1667,1676,-1
0,-1,2133,1668,1677,-1
0,-1,2134,1669,1678,-1
0,-1,2135,1670,1678,-1
0,-1,2136,1671,1679,-1
0,-1,2137,1672,1680,-1
0,-1,2138,1673,1681,-1
0,-1,2139,1674,-1,-1
0,-1,2140,1675,1682,-1
0,-1,2141,1676,1682,-1
0,-1,2142,1677,1683,-1
0,-1,2143,1678,1684,-1
0,-1,2144,1679,1685,-1
0,-1,2145,1680,1685,-1
0,-1,2146,1681,1686,-1
0,-1,2147,1682,1687,-1
0,-1,2148,1683,1688,-1
0,-1,2149,1683,1689,-1
0,-1,2150,1684,1690,-1
0,-1,2151,1685,1690,-1
0,-1,2152,1686,1691,-1
0,-1,2153,1687,1692,-1
0,-1,2154,1688,1693,-1
0,-1,2155,1689,1694,-1
0,-1,2156,1690,1695,-1
0,-1,2157,1691,1696,-1
0,-1,2158,1692,1697,-1
0,-1,2159,1693,1698,-1
0,-1,2160,-1,-1,-1
0,-1,2161,1694,1699,-1
0,-1,2162,-1,-1,-1
0,-1,2163,1694,1700,-1
0,-1,2164,1695,1701,-1
0,-1,2165,1696,1701,-1
0,-1,2166,1697,1702,-1
0,-1,2167,1698,1703,-1
0,-1,2168,1699,1704,-1
0,-1,2169,1700,1705,-1
0,-1,2170,1701,1706,-1
0,-1,2171,1702,1707,-1
0,-1,2172,1703,1707,-1
0,-1,2173,1704,1708,-1
0,-1,2174,1705,1709,-1
0,-1,2175,1706,1710,-1
0,-1,2176,1707,1711,-1
0,-1,2177,1708,1712,-1
0,-1,2178,1709,1713,-1
0,-1,2179,1709,1713,-1
0,-1,2180,1710,1714,-1
0,-1,2181,1711,1715,-1
0,-1,2182,1711,1716,-1
0,-1,2183,1712,1717,-1
0,-1,2184,1713,-1,-1
0,-1,2185,1714,1718,-1
0,-1,2186,1715,1719,-1
0,-1,2187,1715,1720,-1
0,-1,2188,1716,1721,-1
0,-1,2189,1717,1722,-1
0,-1,2190,1718,1723,-1
0,-1,2191,1719,1724,-1
0,-1,2192,1720,1725,-1
0,-1,2193,1721,1726,-1
0,-1,2194,1722,1727,-1
0,-1,2195,1723,1728,-1
0,-1,2196,1723,1729,-1
0,-1,2197,1724,1730,-1
0,-1,2198,1725,1731,-1
0,-1,2199,1726,1732,-1
0,-1,2200,1726,-1,-1
0,-1,2201,1726,-1,-1
0,-1,2202,1727,1733,-1
0,-1,2203,1728,1734,-1
0,-1,2204,1729,1734,-1
0,-1,2205,1730,1735,-1
0,-1,2206,1731,-1,-1
0,-1,2207,1732,1736,-1
0,-1,2208,1732,1737,-1
0,-1,2209,1733,1738,-1
0,-1,2210,1733,1739,-1
0,-1,2211,1734,1740,-1
0,-1,2212,1735,1741,-1
0,-1,2213,1736,1742,-1
0,-1,2214,1736,1743,-1
0,-1,2215,1737,1744,-1
0,-1,2216,1738,1745,-1
0,-1,2217,1739,1746,-1
0,-1,2218,1739,1747,-1
0,-1,2219,1740,1748,-1
0,-1,2220,1741,1749,-1
0,-1,2221,1741,1750,-1
0,-1,2222,1742,1750,-1
0,-1,2223,1743,1751,-1
0,-1,2224,1744,-1,-1
0,-1,2225,1745,1752,-1
0,-1,2226,1746,1753,-1
0,-1,2227,1747,1754,-1
0,-1,2228,1748,1755,-1
0,-1,2229,1749,1756,-1
0,-1,2230,1750,1757,-1
0,-1,2231,1751,1757,-1
0,-1,2232,1751,1758,-1
0,-1,2233,1752,1758,-1
0,-1,2234,1753,1759,-1
0,-1,2235,1754,1760,-1
0,-1,2236,1755,1761,-1
0,-1,2237,1756,1762,-1
0,-1,2238,1757,1762,-1
0,-1,2239,1758,1763,-1
0,-1,2240,1759,1764,-1
0,-1,2241,1760,1765,-1
0,-1,2242,1760,1766,-1
0,-1,2243,1760,-1,-1
0,-1,2244,1761,1767,-1
0,-1,2245,1762,1768,-1
0,-1,2246,1763,1769,-1
0,-1,2247,1764,1770,-1
0,-1,2248,1765,1771,-1
0,-1,2249,1766,1771,-1
0,-1,2250,1766,1772,-1
0,-1,2251,1767,1773,-1
0,-1,2252,1768,1774,-1
0,-1,2253,1769,1774,-1
0,-1,2254,1770,1775,-1
0,-1,2255,1771,1776,-1
0,-1,2256,1772,1777,-1
0,-1,2257,-1,-1,-1
0,-1,2258,1772,1778,-1
0,-1,2259,1773,1779,-1
0,-1,2260,1774,-1,-1
0,-1,2261,1775,1780,-1
0,-1,2262,1776,1781,-1
0,-1,2263,1776,1782,-1
0,-1,2264,1777,1783,-1
0,-1,2265,1777,1784,-1
0,-1,2266,1778,1785,-1
0,-1,2267,1779,1786,-1
0,-1,2268,1780,1787,-1
0,-1,2269,1781,1788,-1
0,-1,2270,1781,1789,-1
0,-1,2271,1782,1790,-1
0,-1,2272,1783,1791,-1
0,-1,2273,1784,1792,-1
0,-1,2274,1785,1793,-1
0,-1,2275,1785,1793,-1
0,-1,2276,1786,1793,-1
0,-1,2277,1787,1794,-1
0,-1,2278,1788,1795,-1
0,-1,2279,1788,1796,-1
0,-1,2280,1789,1797,-1
0,-1,2281,1790,1798,-1
0,-1,2282,1790,1799,-1
0,-1,2283,1791,1799,-1
0,-1,2284,1792,1800,-1
0,-1,2285,1793,1801,-1
0,-1,2286,1793,1802,-1
0,-1,2287,1794,1803,-1
0,-1,2288,1795,1804,-1
0,-1,2289,1796,1805,-1
0,-1,2290,1797,1805,-1
0,-1,2291,1798,1806,-1
0,-1,2292,1798,1807,-1
0,-1,2293,1799,1808,-1
0,-1,2294,1800,1809,-1
0,-1,2295,1800,1810,-1
0,-1,2296,1800,1811,-1
0,-1,2297,1801,1811,-1
0,-1,2298,1802,1812,-1
0,-1,2299,1803,1813,-1
0,-1,2300,1804,-1,-1
0,-1,2301,1805,1813,-1
0,-1,2302,1806,1814,-1
0,-1,2303,1807,1815,-1
0,-1,2304,1808,1816,-1
0,-1,2305,1809,1816,-1
0,-1,2306,1810,1817,-1
0,-1,2307,1811,1818,-1
0,-1,2308,1811,1818,-1
0,-1,2309,1812,1818,-1
0,-1,2310,1812,1819,-1
0,-1,2311,1812,1820,-1
0,-1,2312,1813,1821,-1
0,-1,2313,1814,1822,-1
0,-1,2314,1815,1823,-1
0,-1,2315,1816,1824,-1
0,-1,2316,-1,1825,-1
0,-1,2317,1817,1826,-1
0,-1,2318,1818,1827,-1
0,-1,2319,1819,1828,-1
0,-1,2320,1819,-1,-1
0,-1,2321,1820,1828,-1
0,-1,2322,1821,-1,-1
0,-1,2323,1822,1828,-1
0,-1,2324,1823,1828,-1
0,-1,2325,1824,1829,-1
0,-1,2326,1825,1830,-1
0,-1,2327,1826,1831,-1
0,-1,2328,1827,1832,-1
0,-1,2329,-1,1833,-1
0,-1,2330,1828,1834,-1
0,-1,2331,1829,1834,-1
0,-1,2332,1829,1834,-1
0,-1,2333,1830,1834,-1
0,-1,2334,1830,1835,-1
0,-1,2335,1831,1836,-1
0,-1,2336,1831,1837,-1
0,-1,2337,1832,1838,-1
0,-1,2338,1832,1839,-1
0,-1,2339,1833,1840,-1
0,-1,2340,1834,1841,-1
0,-1,2341,1834,1842,-1
0,-1,2342,-1,-1,-1
0,-1,2343,1835,1843,-1
0,-1,2344,1835,-1,-1
0,-1,2345,1836,1844,-1
0,-1,2346,1836,-1,-1
0,-1,2347,-1,1845,-1
0,-1,2348,1837,1846,-1
0,-1,2349,1838,-1,-1
0,-1,2350,1839,-1,-1
0,-1,2351,1840,1847,-1
0,-1,2352,1841,1848,-1
0,-1,2353,1842,1849,-1
0,-1,2354,1843,1850,-1
0,-1,2355,1843,1851,-1
0,-1,2356,1844,1852,-1
0,-1,2357,1845,1853,-1
0,-1,2358,1846,1854,-1
0,-1,2359,1847,1855,-1
0,-1,2360,-1,-1,-1
0,-1,2361,1848,1856,-1
0,-1,2362,1849,1857,-1
0,-1,2363,1850,1858,-1
0,-1,2364,1851,1859,-1
0,-1,2365,1852,1860,-1
0,-1,2366,1853,-1,-1
0,-1,2367,1854,1861,-1
0,-1,2368,1855,1862,-1
0,-1,2369,1856,1863,-1
0,-1,2370,1856,-1,-1
0,-1,2371,1856,1864,-1
0,-1,2372,1856,1864,-1
0,-1,2373,1857,1865,-1
0,-1,2374,1858,1866,-1
0,-1,2375,1859,1867,-1
0,-1,2376,1860,1868,-1
0,-1,2377,1861,1869,-1
0,-1,2378,1862,1870,-1
0,-1,2379,1863,1871,-1
0,-1,2380,1864,1872,-1
0,-1,2381,1865,1873,-1
0,-1,2382,1865,1874,-1
0,-1,2383,1866,1875,-1
0,-1,2384,1867,1876,-1
0,-1,2385,1868,1876,-1
0,-1,2386,1869,1877,-1
0,-1,2387,1870,1877,-1
0,-1,2388,1871,1877,-1
0,-1,2389,1872,1878,-1
0,-1,2390,1873,1879,-1
0,-1,2391,1874,1880,-1
0,-1,2392,1875,1881,-1
0,-1,2393,1876,-1,-1
0,-1,2394,1876,1882,-1
0,-1,2395,1877,1883,-1
0,-1,2396,1878,1884,-1
0,-1,2397,1879,1885,-1
0,-1,2398,1880,1886,-1
0,-1,2399,1881,1887,-1
0,-1,2400,1882,1888,-1
0,-1,2401,1883,1889,-1
0,-1,2402,1883,1890,-1
0,-1,2403,1884,1891,-1
0,-1,2404,1885,1892,-1
0,-1,2405,1885,1892,-1
0,-1,2406,1885,1892,-1
0,-1,2407,1886,1893,-1
0,-1,2408,1887,1894,-1
0,-1,2409,1888,1895,-1
0,-1,2410,1889,1896,-1
0,-1,2411,-1,-1,-1
0,-1,2412,1890,1897,-1
0,-1,2413,1891,1898,-1
0,-1,2414,1892,1899,-1
0,-1,2415,1893,-1,-1
0,-1,2416,1893,1900,-1
0,-1,2417,1894,1901,-1
0,-1,2418,1895,1902,-1
0,-1,2419,1896,1903,-1
0,-1,2420,1897,1904,-1
0,-1,2421,1898,1905,-1
0,-1,2422,1899,1906,-1
0,-1,2423,1899,1907,-1
0,-1,2424,1900,1908,-1
0,-1,2425,1901,1909,-1
0,-1,2426,1902,1910,-1
0,-1,2427,1903,1910,-1
0,-1,2428,1903,1910,-1
0,-1,2429,1904,1911,-1
0,-1,2430,1905,1912,-1
0,-1,2431,1905,1913,-1
0,-1,2432,1906,1914,-1
0,-1,2433,1907,1915,-1
0,-1,2434,1908,1916,-1
0,-1,2435,1908,1917,-1
0,-1,2436,1909,1918,-1
0,-1,2437,1910,1919,-1
0,-1,2438,1911,1919,-1
0,-1,2439,1912,1920,-1
0,-1,2440,1913,-1,-1
0,-1,2441,1913,1920,-1
0,-1,2442,1914,1921,-1
0,-1,2443,1914,1921,-1
0,-1,2444,1914,1922,-1
0,-1,2445,1915,1923,-1
0,-1,2446,1916,1924,-1
0,-1,2447,1917,1924,-1
0,-1,2448,1918,1925,-1
0,-1,2449,1919,1926,-1
0,-1,2450,1920,1927,-1
0,-1,2451,1921,1928,-1
0,3,2452,1922,1929,-1
0,-1,2453,1923,1930,-1
0,-1,2454,1924,1931,-1
0,-1,2455,1925,1932,-1
0,-1,2456,1926,1933,-1
0,-1,2457,1927,1934,-1
0,-1,2458,1928,1935,-1
0,-1,2459,1928,1935,-1
0,-1,2460,1929,1936,-1
0,-1,2461,1930,1937,-1
0,-1,2462,1930,1938,-1
0,-1,2463,1930,1939,-1
0,-1,2464,1931,-1,-1
0,-1,2465,1932,1939,-1
0,-1,2466,1933,1940,-1
0,-1,2467,1934,1941,-1
0,-1,2468,1935,1942,-1
0,-1,2469,1936,1943,-1
0,-1,2470,1937,1944,-1
0,-1,2471,1938,1944,-1
0,-1,2472,1939,1945,-1
0,-1,2473,1940,1946,-1
0,-1,2474,-1,1947,-1
0,-1,2475,1940,1947,-1
0,-1,2476,1941,1948,-1
0,-1,2477,1942,1949,-1
0,-1,2478,1943,1950,-1
0,-1,2479,1944,1951,-1
0,-1,2480,1945,1952,-1
0,-1,2481,1946,1953,-1
0,-1,2482,1947,1954,-1
0,-1,2483,1948,1954,-1
0,-1,2484,1949,1955,-1
0,-1,2485,1950,1956,-1
0,-1,2486,1951,1957,-1
0,-1,2487,1952,1958,-1
0,-1,2488,1953,1959,-1
0,-1,2489,1954,1960,-1
0,-1,2490,1954,1961,-1
0,-1,2491,1955,1962,-1
0,-1,2492,1956,1963,-1
0,-1,2493,1957,1964,-1
0,-1,2494,1958,1964,-1
0,-1,2495,1959,1965,-1
0,-1,2496,1960,1966,-1
0,-1,2497,1961,1967,-1
0,-1,2498,1961,1968,-1
0,-1,2499,1962,1969,-1
0,-1,2500,1962,1970,-1
0,-1,2501,1962,1971,-1
0,-1,2502,1963,1972,-1
0,-1,2503,1964,1973,-1
0,-1,2504,1965,1974,-1
0,-1,2505,1965,1975,-1
0,-1,2506,1966,1976,-1
0,-1,2507,1967,1977,-1
0,-1,2508,1968,1978,-1
0,-1,2509,1969,1979,-1
0,-1,2510,-1,1980,-1
0,-1,2511,1970,-1,-1
0,-1,2512,1971,1981,-1
0,-1,2513,1972,1982,-1
0,-1,2514,1973,1983,-1
0,-1,2515,1974,1984,-1
0,-1,2516,1975,1985,-1
0,-1,2517,1976,1986,-1
0,-1,2518,1977,1987,-1
0,-1,2519,1978,1987,-1
0,-1,2520,1979,1988,-1
0,-1,2521,1980,1989,-1
0,-1,2522,1981,1990,-1
0,-1,2523,1982,1991,-1
0,-1,2524,1982,1992,-1
0,-1,2525,1983,1992,-1
0,-1,2526,1984,1993,-1
0,-1,2527,1985,1994,-1
0,-1,2528,1986,1995,-1
0,-1,2529,1986,1996,-1
0,-1,2530,1987,1997,-1
0,-1,2531,1988,1998,-1
0,-1,2532,1989,1999,-1
0,-1,2533,1990,1999,-1
0,-1,2534,1991,1999,-1
0,-1,2535,1992,1999,-1
0,-1,2536,1993,2000,-1
0,-1,2537,1994,-1,-1
0,-1,2538,1995,2001,-1
0,-1,2539,1995,2002,-1
0,-1,2540,1996,2003,-1
0,-1,2541,1996,2003,-1
0,-1,2542,1996,2004,-1
0,-1,2543,1997,2005,-1
0,-1,2544,1997,2006,-1
0,-1,2545,1998,-1,-1
0,-1,2546,1999,2007,-1
0,-1,2547,1999,2008,-1
0,-1,2548,2000,2009,-1
0,-1,2549,2001,2010,-1
0,-1,2550,2002,2011,-1
0,-1,2551,2003,2012,-1
0,-1,2552,2004,2013,-1
0,-1,2553,2005,2014,-1
0,-1,2554,2006,2015,-1
0,-1,2555,2007,2016,-1
0,-1,2556,2008,2017,-1
0,-1,2557,2009,2018,-1
0,-1,2558,2009,2018,-1
0,-1,2559,2009,2019,-1
0,-1,2560,2009,2020,-1
0,-1,2561,2010,2021,-1
0,-1,2562,2011,2022,-1
0,-1,2563,2011,2023,-1
0,-1,2564,2012,2024,-1
0,-1,2565,2013,2025,-1
0,-1,2566,2014,2026,-1
0,-1,2567,2015,2027,-1
0,-1,2568,2016,2028,-1
0,-1,2569,2017,2029,-1
0,-1,2570,2018,2030,-1
0,-1,2571,2018,2031,-1
0,-1,2572,2018,2032,-1
0,-1,2573,2019,2033,-1
0,-1,2574,2020,2034,-1
0,-1,2575,2021,2035,-1
0,-1,2576,2022,2035,-1
0,-1,2577,2022,2036,-1
0,-1,2578,2023,2037,-1
0,-1,2579,2024,2038,-1
0,-1,2580,2025,2039,-1
0,-1,2581,2026,2040,-1
0,-1,2582,2027,2041,-1
0,-1,2583,2028,2042,-1
0,-1,2584,2029,2043,-1
0,-1,2585,2030,2044,-1
0,-1,2586,2031,2045,-1
0,-1,2587,2032,2046,-1
0,-1,2588,2033,2046,-1
0,-1,2589,2033,2047,-1
0,-1,2590,2034,2048,-1
0,-1,2591,2035,2049,-1
0,-1,2592,2036,2050,-1
0,-1,2593,2037,2051,-1
0,-1,2594,2038,2052,-1
0,-1,2595,2039,2053,-1
0,-1,2596,2040,2054,-1
0,-1,2597,2041,2055,-1
0,-1,2598,2042,2056,-1
0,-1,2599,2043,2056,-1
0,-1,2600,2044,2057,-1
0,-1,2601,2045,-1,-1
0,-1,2602,2046,2058,-1
0,-1,2603,2047,-1,-1
0,-1,2604,2048,2059,-1
0,-1,2605,2049,2060,-1
0,-1,2606,2049,2061,-1
0,-1,2607,2050,2062,-1
0,-1,2608,2050,2063,-1
0,-1,2609,2051,2064,-1
0,-1,2610,2052,2065,-1
0,-1,2611,2053,2066,-1
0,-1,2612,2054,2067,-1
0,-1,2613,2055,2068,-1
0,-1,2614,2056,2069,-1
0,-1,2615,2056,2069,-1
0,-1,2616,2057,2070,-1
0,-1,2617,2058,2071,-1
0,-1,2618,2059,2072,-1
0,-1,2619,2060,2073,-1
0,-1,2620,2061,2074,-1
0,-1,2621,2061,2075,-1
0,-1,2622,2062,2076,-1
0,-1,2623,2063,2077,-1
0,-1,2624,2064,2078,-1
0,-1,2625,2064,2079,-1
0,-1,2626,2065,2080,-1
0,-1,2627,2066,2081,-1
0,-1,2628,2067,2082,-1
0,-1,2629,2068,2082,-1
0,-1,2630,2069,2082,-1
0,-1,2631,2070,2083,-1
0,-1,2632,2071,2084,-1
0,-1,2633,2072,2084,-1
0,-1,2634,2073,2085,-1
0,-1,2635,2074,2086,-1
0,-1,2636,2074,2086,-1
0,-1,2637,2075,2087,-1
0,-1,2638,2076,2088,-1
0,-1,2639,2077,2089,-1
0,-1,2640,2078,2090,-1
0,-1,2641,2079,2091,-1
0,-1,2642,2080,2092,-1
0,-1,2643,2081,2093,-1
0,-1,2644,2082,2094,-1
0,-1,2645,2083,2095,-1
0,-1,2646,2084,2095,-1
0,-1,2647,2085,2096,-1
0,-1,2648,2086,2097,-1
0,-1,2649,2087,2098,-1
0,-1,2650,2088,2099,-1
0,-1,2651,2089,2100,-1
0,-1,2652,2090,2101,-1
0,-1,2653,2091,2102,-1
0,-1,2654,2091,-1,-1
0,-1,2655,2092,2102,-1
0,-1,2656,2093,2103,-1
0,-1,2657,2094,2104,-1
0,-1,2658,2095,-1,-1
0,-1,2659,2096,2105,-1
0,-1,2660,2097,2106,-1
0,-1,2661,2097,2107,-1
0,-1,2662,2097,2108,-1
0,-1,2663,2098,2108,-1
0,-1,2664,2099,2108,-1
0,-1,2665,2100,2109,-1
0,-1,2666,2101,2110,-1
0,-1,2667,2102,2111,-1
0,-1,2668,2102,2112,-1
0,-1,2669,2103,2113,-1
0,-1,2670,2104,2114,-1
0,-1,2671,2105,2115,-1
0,-1,2672,2106,2116,-1
0,-1,2673,2106,2117,-1
0,-1,2674,2107,2118,-1
0,-1,2675,2108,2119,-1
0,-1,2676,-1,-1,-1
0,-1,2677,2109,2120,-1
0,-1,2678,2109,2120,-1
0,-1,2679,2109,2121,-1
0,-1,2680,2110,2122,-1
0,-1,2681,2111,2123,-1
0,-1,2682,2111,2124,-1
0,-1,2683,2111,2125,-1
0,-1,2684,2111,-1,-1
0,-1,2685,2111,2126,-1
0,-1,2686,-1,-1,-1
0,-1,2687,2112,2127,-1
0,-1,2688,2113,2128,-1
0,-1,2689,2114,2129,-1
0,-1,2690,2114,-1,-1
0,-1,2691,2115,2130,-1
0,-1,2692,2116,-1,-1
0,-1,2693,2117,2131,-1
0,-1,2694,2118,2132,-1
0,-1,2695,2119,2133,-1
0,-1,2696,2120,2134,-1
0,-1,2697,2121,2134,-1
0,-1,2698,2122,2135,-1
0,-1,2699,2123,2136,-1
0,-1,2700,2124,2137,-1
0,-1,2701,2125,2138,-1
0,-1,2702,2125,2138,-1
0,-1,2703,2126,2138,-1
0,-1,2704,2127,2139,-1
0,-1,2705,2128,2140,-1
0,-1,2706,2129,2141,-1
0,-1,2707,2130,2142,-1
0,-1,2708,2130,2143,-1
0,-1,2709,2131,-1,-1
0,-1,2710,2131,2144,-1
0,-1,2711,2132,2145,-1
0,-1,2712,2132,2146,-1
0,-1,2713,2132,2146,-1
0,-1,2714,2132,2146,-1
0,-1,2715,2133,2146,-1
0,-1,2716,2134,2147,-1
0,-1,2717,2135,2148,-1
0,-1,2718,2135,2149,-1
0,-1,2719,2136,2150,-1
0,-1,2720,2136,2151,-1
0,-1,2721,2137,2152,-1
0,-1,2722,2138,2153,-1
0,-1,2723,2139,-1,-1
0,-1,2724,2140,2154,-1
0,-1,2725,2141,2155,-1
0,-1,2726,2141,2156,-1
0,-1,2727,2142,2156,-1
0,-1,2728,2143,2157,-1
0,-1,2729,2143,2158,-1
0,-1,2730,2144,2159,-1
0,-1,2731,2145,2160,-1
0,-1,2732,2146,2161,-1
0,-1,2733,2147,2162,-1
0,-1,2734,2148,2163,-1
0,-1,2735,2149,2164,-1
0,-1,2736,2150,2165,-1
0,-1,2737,2151,2165,-1
0,-1,2738,2152,2166,-1
0,-1,2739,2153,-1,-1
0,-1,2740,2154,2166,-1
0,-1,2741,2155,2167,-1
0,-1,2742,2156,2168,-1
0,-1,2743,2157,2169,-1
0,-1,2744,2158,-1,-1
0,-1,2745,2159,2170,-1
0,-1,2746,2160,2171,-1
0,-1,2747,2161,2172,-1
0,-1,2748,2162,2173,-1
0,-1,2749,2163,2174,-1
0,-1,2750,2163,2175,-1
0,-1,2751,2164,2176,-1
0,-1,2752,2165,2177,-1
0,-1,2753,2166,2178,-1
0,-1,2754,2167,2179,-1
0,-1,2755,2168,2180,-1
0,-1,2756,2169,2181,-1
0,-1,2757,2170,2182,-1
0,-1,2758,2171,2183,-1
0,-1,2759,2172,2184,-1
0,-1,2760,2173,2185,-1
0,-1,2761,2174,2186,-1
0,-1,2762,2175,2187,-1
0,-1,2763,2175,2188,-1
0,-1,2764,2176,2189,-1
0,-1,2765,2177,2190,-1
0,-1,2766,2178,-1,-1
0,-1,2767,2179,2191,-1
0,-1,2768,2180,2191,-1
0,-1,2769,2181,2191,-1
0,-1,2770,2182,2192,-1
0,-1,2771,2183,-1,-1
0,-1,2772,2184,2193,-1
0,-1,2773,2185,2194,-1
0,-1,2774,-1,-1,-1
0,-1,2775,2186,2195,-1
0,-1,2776,2187,2196,-1
0,-1,2777,2188,-1,-1
0,-1,2778,2188,2197,-1
0,-1,2779,2189,2198,-1
0,-1,2780,2190,2199,-1
0,-1,2781,2191,2200,-1
0,-1,2782,2192,2201,-1
0,-1,2783,2193,2202,-1
0,-1,2784,2194,2203,-1
0,-1,2785,2195,2204,-1
0,-1,2786,2196,2205,-1
0,-1,2787,2196,2206,-1
0,-1,2788,2196,2207,-1
0,-1,2789,2197,2208,-1
0,-1,2790,2198,2209,-1
0,-1,2791,2199,2210,-1
0,-1,2792,2200,-1,-1
0,-1,2793,2201,2211,-1
0,-1,2794,2202,2212,-1
0,-1,2795,-1,-1,-1
0,-1,2796,2203,2213,-1
0,-1,2797,2204,2214,-1
0,-1,2798,2205,2215,-1
0,-1,2799,2206,2216,-1
0,-1,2800,2207,2217,-1
0,-1,2801,2207,2217,-1
0,-1,2802,2208,2218,-1
0,-1,2803,2209,2219,-1
0,-1,2804,2210,2220,-1
0,-1,2805,2211,2221,-1
0,-1,2806,2212,2222,-1
0,-1,2807,2213,2223,-1
0,-1,2808,2213,2224,-1
0,-1,2809,2213,2225,-1
0,-1,2810,2214,2226,-1
0,-1,2811,2215,2227,-1
0,-1,2812,2216,2228,-1
0,-1,2813,2217,2229,-1
0,-1,2814,-1,-1,-1
0,-1,2815,2218,-1,-1
0,-1,2816,2219,-1,-1
0,-1,2817,2220,2230,-1
0,-1,2818,2221,2231,-1
0,-1,2819,2222,2232,-1
0,-1,2820,2223,2233,-1
0,-1,2821,2224,2234,-1
0,-1,2822,2225,2235,-1
0,-1,2823,2226,2236,-1
0,-1,2824,2227,2237,-1
0,-1,2825,2228,2238,-1
0,-1,2826,2229,2239,-1
0,-1,2827,2230,2240,-1
0,-1,2828,2231,2241,-1
0,-1,2829,2232,2242,-1
0,-1,2830,2233,2243,-1
0,-1,2831,2234,2244,-1
0,-1,2832,2235,2245,-1
0,-1,2833,2236,2246,-1
0,-1,2834,2237,2247,-1
0,-1,2835,2238,2247,-1
0,-1,2836,2238,2247,-1
0,-1,2837,2239,2248,-1
0,-1,2838,2240,2249,-1
0,-1,2839,2241,2250,-1
0,-1,2840,2241,2251,-1
0,-1,2841,2241,2252,-1
0,-1,2842,2242,2253,-1
0,-1,2843,2243,2254,-1
0,-1,2844,2244,2255,-1
0,-1,2845,2245,2256,-1
0,-1,2846,2246,2257,-1
0,-1,2847,2247,2258,-1
0,-1,2848,2248,2259,-1
0,-1,2849,2249,2260,-1
0,-1,2850,2250,2261,-1
0,-1,2851,2251,2262,-1
0,-1,2852,2252,2263,-1
0,-1,2853,2253,2264,-1
0,-1,2854,2254,2265,-1
0,-1,2855,2255,2266,-1
0,-1,2856,2256,2267,-1
0,-1,2857,2257,2268,-1
0,-1,2858,2258,2269,-1
0,-1,2859,2259,2270,-1
0,-1,2860,2260,2271,-1
0,-1,2861,2261,2272,-1
0,-1,2862,2262,2273,-1
0,-1,2863,2263,2274,-1
0,-1,2864,2264,2275,-1
0,-1,2865,2265,-1,-1
0,-1,2866,2265,2276,-1
0,-1,2867,2265,2276,-1
0,-1,2868,2266,2277,-1
0,-1,2869,2267,-1,-1
0,-1,2870,2268,2278,-1
0,-1,2871,2269,2279,-1
0,-1,2872,2269,2279,-1
0,-1,2873,2270,2280,-1
0,-1,2874,2271,2281,-1
0,-1,2875,2272,2282,-1
0,-1,2876,2272,2283,-1
0,-1,2877,2273,2284,-1
0,-1,2878,2274,2285,-1
0,-1,2879,2275,2285,-1
0,-1,2880,2276,2285,-1
0,-1,2881,2276,2285,-1
0,-1,2882,2277,2285,-1
0,-1,2883,2278,2285,-1
0,-1,2884,2278,2286,-1
0,-1,2885,2279,2287,-1
0,-1,2886,2280,2288,-1
0,-1,2887,2280,2289,-1
0,-1,2888,2281,2290,-1
0,-1,2889,2282,-1,-1
0,-1,2890,2283,2291,-1
0,-1,2891,2284,-1,-1
0,-1,2892,2285,2292,-1
0,-1,2893,2286,2293,-1
0,-1,2894,2287,2294,-1
0,-1,2895,2288,2295,-1
0,-1,2896,2289,2296,-1
0,-1,2897,2290,2297,-1
0,-1,2898,2291,2298,-1
0,-1,2899,2292,-1,-1
0,-1,2900,2292,2299,-1
0,-1,2901,2293,2300,-1
0,-1,2902,2294,2301,-1
0,-1,2903,2295,2302,-1
0,-1,2904,2296,2303,-1
0,-1,2905,2297,2304,-1
0,-1,2906,2298,2305,-1
0,-1,2907,2299,2306,-1
0,-1,2908,2300,2307,-1
0,-1,2909,2301,2308,-1
0,-1,2910,2302,2309,-1
0,-1,2911,2303,2310,-1
0,-1,2912,2303,2311,-1
0,-1,2913,-1,-1,-1
0,-1,2914,2304,-1,-1
0,-1,2915,2305,2312,-1
0,-1,2916,2306,-1,-1
0,-1,2917,2307,2312,-1
0,-1,2918,2307,2313,-1
0,-1,2919,2308,2314,-1
0,-1,2920,2309,2315,-1
0,-1,2921,2310,2316,-1
0,-1,2922,2311,2317,-1
0,-1,2923,2312,2318,-1
0,-1,2924,-1,2319,-1
0,-1,2925,2313,2319,-1
0,-1,2926,2314,2320,-1
0,-1,2927,2315,2321,-1
0,-1,2928,2316,2322,-1
0,-1,2929,2317,2323,-1
0,-1,2930,2318,2324,-1
0,-1,2931,2318,2324,-1
0,-1,2932,2319,2325,-1
0,-1,2933,2320,2326,-1
0,-1,2934,2321,2326,-1
0,-1,2935,2321,2327,-1
0,-1,2936,2321,2328,-1
0,-1,2937,2322,2329,-1
0,-1,2938,2323,-1,-1
0,-1,2939,2324,2330,-1
0,-1,2940,2324,2330,-1
0,-1,2941,2325,2330,-1
0,-1,2942,2326,-1,-1
0,-1,2943,2327,2330,-1
0,-1,2944,2328,2330,-1
0,-1,2945,2329,2330,-1
0,-1,2946,2330,2330,-1
0,-1,2947,2330,2331,-1
0,-1,2948,2331,2332,-1
0,-1,2949,2332,2333,-1
0,-1,2950,2333,2334,-1
0,-1,2951,2334,2335,-1
0,-1,2952,2334,2335,-1
0,-1,2953,2335,2336,-1
0,-1,2954,2336,2337,-1
0,-1,2955,2337,2338,-1
0,-1,2956,2338,2339,-1
0,-1,2957,2339,2340,-1
0,-1,2958,2340,2341,-1
0,-1,2959,2341,2341,-1
0,-1,2960,2342,2342,-1
0,-1,2961,2343,2343,-1
0,-1,2962,2344,-1,-1
0,-1,2963,2344,2344,-1
0,-1,2964,2345,2345,-1
0,-1,2965,2346,2346,-1
0,-1,2966,2347,2347,-1
0,-1,2967,2348,2348,-1
0,-1,2968,2349,2348,-1
0,-1,2969,2350,2349,-1
0,-1,2970,2351,2350,-1
0,-1,2971,2352,2351,-1
0,-1,2972,2352,2352,-1
0,-1,2973,2353,2353,-1
0,-1,2974,2354,2354,-1
0,-1,2975,2354,2354,-1
0,-1,2976,-1,2354,-1
0,-1,2977,2355,2355,-1
0,-1,2978,2356,2356,-1
0,-1,2979,2356,2357,-1
0,-1,2980,2357,2358,-1
0,-1,2981,2358,2359,-1
0,-1,2982,2359,2360,-1
0,-1,2983,2360,2361,-1
0,-1,2984,2361,2362,-1
0,-1,2985,2362,2363,-1
0,-1,2986,2363,2364,-1
0,-1,2987,2364,2365,-1
0,-1,2988,2365,2366,-1
0,-1,2989,2366,2367,-1
0,-1,2990,2367,2368,-1
0,-1,2991,2368,2369,-1
0,-1,2992,2369,2369,-1
0,-1,2993,2370,2370,-1
0,-1,2994,2371,2371,-1
0,-1,2995,2372,2372,-1
0,-1,2996,2373,-1,-1
0,-1,2997,2374,2373,-1
0,-1,2998,2374,2374,-1
0,-1,2999,2375,2375,-1
0,-1,3000,2376,2375,-1
0,-1,3001,2376,2376,-1
0,-1,3002,2377,2376,-1
0,-1,3003,2378,2377,-1
0,-1,3004,2379,2378,-1
0,-1,3005,2380,2379,-1
0,-1,3006,2381,2380,-1
0,-1,3007,2382,2381,-1
0,-1,3008,2382,2382,-1
0,-1,3009,2383,2383,-1
0,-1,3010,2384,2384,-1
0,-1,3011,2385,2385,-1
0,-1,3012,2386,2386,-1
0,-1,3013,2387,2387,-1
0,-1,3014,2388,2388,-1
0,-1,3015,2389,2389,-1
0,-1,3016,2390,2390,-1
0,-1,3017,2390,2391,-1
0,-1,3018,2391,2392,-1
0,-1,3019,2392,2393,-1
0,-1,3020,2393,2394,-1
0,-1,3021,2394,2395,-1
0,-1,3022,2395,2396,-1
0,-1,3023,2396,-1,-1
0,-1,3024,2397,2397,-1
0,-1,3025,2398,-1,-1
0,-1,3026,2399,2398,-1
0,-1,3027,2400,2399,-1
0,-1,3028,2400,2400,-1
0,-1,3029,2400,2401,-1
0,-1,3030,2401,2401,-1
0,-1,3031,2402,2402,-1
0,-1,3032,2403,2403,-1
0,-1,3033,2404,2404,-1
0,-1,3034,2405,2404,-1
0,-1,3035,2406,2405,-1
0,-1,3036,2407,2406,-1
0,-1,3037,2408,2407,-1
0,-1,3038,2409,2408,-1
0,-1,3039,2410,2409,-1
0,-1,3040,-1,-1,-1
0,-1,3041,2411,2410,-1
0,-1,3042,2412,2411,-1
0,-1,3043,2413,2412,-1
0,-1,3044,2414,2413,-1
0,-1,3045,2415,2413,-1
0,-1,3046,2416,2414,-1
0,-1,3047,2417,2415,-1
0,-1,3048,2418,2416,-1
0,-1,3049,-1,-1,-1
0,-1,3050,2419,2417,-1
0,-1,3051,2419,-1,-1
0,-1,3052,2420,2418,-1
0,-1,3053,2421,-1,-1
0,-1,3054,2422,2419,-1
0,-1,3055,2423,-1,-1
0,-1,3056,-1,-1,-1
0,-1,3057,2424,2419,-1
0,-1,3058,2425,2420,-1
0,-1,3059,2425,2421,-1
0,-1,3060,2426,2422,-1
0,-1,3061,2427,2423,-1
0,-1,3062,2428,2424,-1
0,-1,3063,2428,2425,-1
0,-1,3064,2429,2426,-1
0,-1,3065,2429,2427,-1
0,-1,3066,2429,2428,-1
0,-1,3067,2430,-1,-1
0,-1,3068,2431,2429,-1
0,-1,3069,2432,2429,-1
0,-1,3070,2433,2430,-1
0,-1,3071,2434,2431,-1
0,-1,3072,2435,2432,-1
0,-1,3073,2436,2433,-1
0,-1,3074,2437,2434,-1
0,-1,3075,2438,2435,-1
0,-1,3076,2438,2436,-1
0,-1,3077,2439,2437,-1
0,-1,3078,-1,2438,-1
0,-1,3079,2439,2439,-1
0,-1,3080,2439,2440,-1
0,-1,3081,2440,2441,-1
0,-1,3082,2441,-1,-1
0,-1,3083,2442,2442,-1
0,-1,3084,2443,2442,-1
0,-1,3085,2444,2443,-1
0,-1,3086,2444,2444,-1
0,-1,3087,2445,2445,-1
0,-1,3088,2445,2445,-1
0,-1,3089,2446,2446,-1
0,-1,3090,2447,2447,-1
0,-1,3091,2447,2448,-1
0,-1,3092,2448,2449,-1
0,-1,3093,2449,2450,-1
0,-1,3094,2450,2450,-1
0,-1,3095,2450,2450,-1
0,-1,3096,2451,2451,-1
0,-1,3097,2452,2452,-1
0,-1,3098,2452,2453,-1
0,-1,3099,2452,2454,-1
0,-1,3100,2453,2455,-1
0,-1,3101,2454,2455,-1
0,-1,3102,2455,2456,-1
0,-1,3103,2455,2457,-1
0,-1,3104,2456,2458,-1
0,-1,3105,2456,2459,-1
0,-1,3106,2457,2460,-1
0,-1,3107,2458,2461,-1
0,-1,3108,2459,-1,-1
0,-1,3109,2459,2462,-1
0,-1,3110,2460,2463,-1
0,-1,3111,2461,2463,-1
0,-1,3112,2462,2463,-1
0,-1,3113,2463,2463,-1
0,-1,3114,2464,2464,-1
0,-1,3115,2465,2465,-1
0,-1,3116,2466,2466,-1
0,-1,3117,2467,2466,-1
0,-1,3118,2468,2467,-1
0,-1,3119,2469,2467,-1
0,-1,3120,2470,2467,-1
0,-1,3121,2471,2468,-1
0,-1,3122,2472,2469,-1
0,-1,3123,2473,2470,-1
0,-1,3124,2474,2471,-1
0,-1,3125,2475,2471,-1
0,-1,3126,2476,2472,-1
0,-1,3127,2477,2473,-1
0,-1,3128,2478,2474,-1
0,-1,3129,2479,2474,-1
0,-1,3130,2479,2475,-1
0,-1,3131,2480,2476,-1
0,-1,3132,2481,2476,-1
0,-1,3133,2482,2476,-1
0,-1,3134,2482,2477,-1
0,-1,3135,2482,2478,-1
0,-1,3136,2483,2478,-1
0,-1,3137,2483,2479,-1
0,-1,3138,2484,2480,-1
0,-1,3139,2485,2481,-1
0,-1,3140,-1,-1,-1
0,-1,3141,2486,2482,-1
0,-1,3142,2487,2483,-1
0,-1,3143,2488,2483,-1
0,-1,3144,2489,2484,-1
0,-1,3145,2489,2485,-1
0,-1,3146,2490,2485,-1
0,-1,3147,2490,2486,-1
0,-1,3148,2491,2487,-1
0,-1,3149,2492,2488,-1
0,-1,3150,2493,2489,-1
0,-1,3151,2494,2490,-1
0,-1,3152,2495,2491,-1
0,-1,3153,2496,2491,-1
0,-1,3154,2497,2492,-1
0,-1,3155,2498,2492,-1
0,-1,3156,2499,2492,-1
0,-1,3157,2499,2493,-1
0,-1,3158,2500,2494,-1
0,-1,3159,2501,2495,-1
0,-1,3160,2502,2496,-1
0,-1,3161,2503,2497,-1
0,-1,3162,2504,2498,-1
0,-1,3163,2505,2499,-1
0,-1,3164,2506,2500,-1
0,-1,3165,2506,2501,-1
0,-1,3166,2506,2502,-1
0,-1,3167,2507,2503,-1
0,-1,3168,2507,2504,-1
0,-1,3169,2508,2505,-1
0,-1,3170,2509,2505,-1
0,-1,3171,2510,2506,-1
0,-1,3172,2511,2506,-1
0,-1,3173,2512,-1,-1
0,-1,3174,2513,2507,-1
0,-1,3175,2513,2508,-1
0,-1,3176,2514,2508,-1
0,-1,3177,2515,2509,-1
0,-1,3178,-1,2510,-1
0,-1,3179,2516,2511,-1
0,-1,3180,2517,2512,-1
0,-1,3181,2518,2513,-1
0,-1,3182,2518,2514,-1
0,-1,3183,2519,2515,-1
0,-1,3184,2520,2516,-1
0,-1,3185,2520,2517,-1
0,-1,3186,2521,2518,-1
0,-1,3187,2522,2519,-1
0,-1,3188,2523,2520,-1
0,-1,3189,2523,2521,-1
0,-1,3190,2524,2522,-1
0,-1,3191,2525,2523,-1
0,-1,3192,2526,2524,-1
0,-1,3193,2526,-1,-1
0,-1,3194,2527,-1,-1
0,-1,3195,2528,-1,-1
0,-1,3196,2529,2525,-1
0,-1,3197,2530,2526,-1
0,-1,3198,2531,2527,-1
0,-1,3199,2532,2528,-1
0,-1,3200,2533,2528,-1
0,-1,3201,2534,-1,-1
0,-1,3202,2535,-1,-1
0,-1,3203,2536,2529,-1
0,-1,3204,2536,2530,-1
0,-1,3205,2536,2531,-1
0,-1,3206,2537,2532,-1
0,-1,3207,2538,2533,-1
0,-1,3208,2538,2534,-1
0,-1,3209,2539,2535,-1
0,-1,3210,2539,2536,-1
0,-1,3211,2540,2537,-1
0,-1,3212,2541,2538,-1
0,-1,3213,2542,2539,-1
0,-1,3214,2543,2540,-1
0,-1,3215,2544,2540,-1
0,-1,3216,2545,2541,-1
0,-1,3217,2546,2542,-1
0,-1,3218,2547,2543,-1
0,-1,3219,2548,2544,-1
0,-1,3220,2549,2545,-1
0,-1,3221,2550,2546,-1
0,-1,3222,2551,2547,-1
0,-1,3223,-1,2548,-1
0,-1,3224,2552,2549,-1
0,-1,3225,2553,2549,-1
0,-1,3226,2554,2550,-1
0,-1,3227,2555,2551,-1
0,-1,3228,2556,2551,-1
0,-1,3229,2557,2552,-1
0,-1,3230,2558,2553,-1
0,-1,3231,2559,2554,-1
0,-1,3232,2560,2555,-1
0,-1,3233,2561,2556,-1
0,-1,3234,2562,2557,-1
0,-1,3235,2563,2558,-1
0,-1,3236,2563,2558,-1
0,-1,3237,2564,-1,-1
0,-1,3238,2565,2559,-1
0,-1,3239,2566,2560,-1
0,-1,3240,2567,2560,-1
0,-1,3241,2568,2561,-1
0,-1,3242,2569,2562,-1
0,-1,3243,2570,2563,-1
0,-1,3244,2571,2564,-1
0,-1,3245,2572,2565,-1
0,-1,3246,2572,2565,-1
0,-1,3247,-1,2565,-1
0,-1,3248,2573,2565,-1
0,-1,3249,2573,2565,-1
0,-1,3250,2574,2566,-1
0,-1,3251,2575,2567,-1
0,-1,3252,2576,2568,-1
0,-1,3253,2577,2569,-1
0,-1,3254,2578,2570,-1
0,-1,3255,2579,2571,-1
0,-1,3256,2580,2572,-1
0,-1,3257,2581,2573,-1
0,-1,3258,2582,2574,-1
0,-1,3259,2583,2575,-1
0,-1,3260,2584,2576,-1
0,-1,3261,2585,2577,-1
0,-1,3262,2585,2578,-1
0,-1,3263,2586,-1,-1
0,-1,3264,2587,2578,-1
0,-1,3265,2588,2579,-1
0,-1,3266,2589,2580,-1
0,-1,3267,2590,2581,-1
0,-1,3268,2591,2582,-1
0,-1,3269,2591,2583,-1
0,-1,3270,2592,2584,-1
0,-1,3271,2593,2585,-1
0,-1,3272,2594,2585,-1
0,-1,3273,2595,2585,-1
0,-1,3274,2596,-1,-1
0,-1,3275,2597,2586,-1
0,-1,3276,2598,2587,-1
0,-1,3277,2598,2588,-1
0,-1,3278,2599,2589,-1
0,-1,3279,2600,2590,-1
0,-1,3280,-1,-1,-1
0,-1,3281,2600,2590,-1
0,-1,3282,2600,2591,-1
0,-1,3283,2601,2592,-1
0,-1,3284,2602,2593,-1
0,-1,3285,2603,2594,-1
0,-1,3286,2604,2595,-1
0,-1,3287,2604,2596,-1
0,-1,3288,2604,2597,-1
0,-1,3289,2605,2597,-1
0,-1,3290,2606,-1,-1
0,-1,3291,2607,2598,-1
0,-1,3292,2608,2599,-1
0,-1,3293,2609,2600,-1
0,-1,3294,2610,2601,-1
0,-1,3295,2611,-1,-1
0,-1,3296,2612,2602,-1
0,-1,3297,2613,-1,-1
0,-1,3298,2614,2603,-1
0,-1,3299,2615,2604,-1
0,-1,3300,2615,2605,-1
0,-1,3301,2615,2606,-1
0,-1,3302,2616,2606,-1
0,-1,3303,2617,-1,-1
0,-1,3304,2617,2607,-1
0,-1,3305,2618,2608,-1
0,-1,3306,2619,2609,-1
0,-1,3307,2620,2610,-1
0,-1,3308,2621,2611,-1
0,-1,3309,2622,2611,-1
0,-1,3310,2622,2611,-1
0,-1,3311,2623,2612,-1
0,-1,3312,2624,2612,-1
0,-1,3313,2625,2613,-1
0,-1,3314,2625,2614,-1
0,-1,3315,2626,2615,-1
0,-1,3316,2627,2616,-1
0,-1,3317,2628,2617,-1
0,-1,3318,2629,2618,-1
0,-1,3319,2630,2619,-1
0,-1,3319,2631,2620,-1
0,-1,3320,2632,2621,-1
0,-1,3321,2633,2621,-1
0,-1,3322,2634,2622,-1
0,-1,3323,2634,2623,-1
0,-1,3324,2634,2624,-1
0,-1,3325,2635,2625,-1
0,-1,3326,2636,2626,-1
0,-1,3327,2637,2627,-1
0,-1,3328,2638,2628,-1
0,-1,3329,2639,2629,-1
0,-1,3330,2640,2630,-1
0,-1,3331,2641,2631,-1
0,-1,3332,2641,2632,-1
0,-1,3333,2642,2633,-1
0,-1,3334,2643,2634,-1
0,-1,3335,2644,2635,-1
0,-1,3336,2644,-1,-1
0,-1,3337,2645,2636,-1
0,-1,3338,2646,2637,-1
0,-1,3339,2647,2638,-1
0,-1,3340,2648,2639,-1
0,-1,3341,2649,2640,-1
0,-1,3342,2649,2641,-1
0,-1,3343,2650,2642,-1
0,-1,3344,2650,2643,-1
0,-1,3345,2651,2644,-1
0,-1,3346,2652,2645,-1
0,-1,3347,2653,2646,-1
0,-1,3348,2654,2647,-1
0,-1,3349,2655,2648,-1
0,-1,3350,2655,2649,-1
0,-1,3351,2656,2650,-1
0,-1,3352,2656,2651,-1
0,-1,3353,2657,2652,-1
0,-1,3354,2658,2652,-1
0,-1,3355,2659,2653,-1
0,-1,3356,2660,2654,-1
0,-1,3357,2661,2655,-1
0,-1,3358,2661,2656,-1
0,-1,3359,2662,2657,-1
0,-1,3360,2663,2658,-1
0,-1,3361,2663,-1,-1
0,-1,3362,2664,2659,-1
0,-1,3363,2665,-1,-1
0,-1,3364,2666,2660,-1
0,-1,3365,-1,2661,-1
0,-1,3366,2666,2662,-1
0,-1,3367,2667,2662,-1
0,-1,3368,2668,2663,-1
0,-1,3369,2669,2664,-1
0,-1,3370,2670,2665,-1
0,-1,3371,2671,2666,-1
0,-1,3372,2672,2667,-1
0,-1,3373,2673,2668,-1
0,-1,3374,2674,2669,-1
0,-1,3375,2675,-1,-1
0,-1,3376,2676,2670,-1
0,-1,3377,2677,-1,-1
0,-1,3378,2678,2671,-1
0,-1,3379,2678,2672,-1
0,-1,3380,2679,2672,-1
0,-1,3381,2680,2672,-1
0,-1,3382,2681,2672,-1
0,-1,3383,2682,2672,-1
0,-1,3384,2683,2672,-1
0,-1,3385,2683,2673,-1
0,-1,3386,2684,2673,-1
0,-1,3387,2685,2674,-1
0,-1,3388,2686,2675,-1
0,-1,3389,2687,2676,-1
0,-1,3390,2688,2676,-1
0,-1,3391,2689,2676,-1
0,-1,3392,2690,2677,-1
0,-1,3393,2691,2678,-1
0,-1,3394,2692,-1,-1
0,-1,3395,2693,2679,-1
0,-1,3396,2694,2680,-1
0,-1,3397,2695,2681,-1
0,-1,3398,2696,2682,-1
0,-1,3399,2696,2683,-1
0,-1,3400,2697,2684,-1
0,-1,3401,2698,2685,-1
0,-1,3402,2699,2686,-1
0,-1,3403,2700,2687,-1
0,-1,3404,2701,2687,-1
0,-1,3405,2702,-1,-1
0,-1,3406,2703,2688,-1
0,-1,3407,2704,2689,-1
0,-1,3408,2705,2690,-1
0,-1,3409,2706,2691,-1
0,-1,3410,2707,2691,-1
0,-1,3411,2708,2692,-1
0,-1,3412,-1,2693,-1
0,-1,3413,2709,2694,-1
0,-1,3414,2709,2695,-1
0,-1,3415,2709,2695,-1
0,-1,3416,2710,2696,-1
0,-1,3417,2711,2697,-1
0,-1,3418,2712,2698,-1
0,-1,3419,2713,2699,-1
0,-1,3420,2714,2700,-1
0,-1,3421,2715,2700,-1
0,-1,3422,2716,2701,-1
0,-1,3423,2716,2702,-1
0,-1,3424,2717,2703,-1
0,-1,3425,2718,-1,-1
0,-1,3426,2719,2704,-1
0,-1,3427,2720,2705,-1
0,-1,3428,2721,2706,-1
0,-1,3429,2721,2707,-1
0,-1,3430,2721,2708,-1
0,-1,3431,2722,2709,-1
0,-1,3432,2723,2710,-1
0,-1,3433,2724,2711,-1
0,-1,3434,2725,2711,-1
0,-1,3435,2726,2712,-1
0,-1,3436,2727,2713,-1
0,-1,3437,2728,2714,-1
0,-1,3438,2729,2715,-1
0,-1,3439,2729,2716,-1
0,-1,3440,2729,-1,-1
0,-1,3441,2730,2717,-1
0,-1,3442,2730,2718,-1
0,-1,3443,2731,2719,-1
0,-1,3444,2732,2720,-1
0,-1,3445,2732,2721,-1
0,-1,3446,2733,2722,-1
0,-1,3447,2734,2723,-1
0,-1,3448,2734,2724,-1
0,-1,3449,2735,2725,-1
0,-1,3450,2736,2726,-1
0,-1,3451,2737,2727,-1
0,-1,3452,2738,2728,-1
0,-1,3453,2739,2729,-1
0,-1,3454,2740,2730,-1
0,-1,3455,2741,2731,-1
0,-1,3456,2742,2732,-1
0,-1,3457,2743,2733,-1
0,-1,3458,2744,2734,-1
0,-1,3459,2745,2735,-1
0,-1,3460,2746,2735,-1
0,-1,3461,2747,2735,-1
0,-1,3462,2748,2736,-1
0,-1,3463,2749,2737,-1
0,-1,3464,2750,2738,-1
0,-1,3465,2750,2739,-1
0,-1,3466,2751,2740,-1
0,-1,3467,2752,2741,-1
0,-1,3468,2753,2741,-1
0,-1,3469,2754,2742,-1
0,-1,3470,2755,2743,-1
0,-1,3471,2756,2744,-1
0,-1,3472,2757,2745,-1
0,-1,3473,2757,2746,-1
0,-1,3474,2758,2746,-1
0,-1,3475,2759,2747,-1
0,-1,3476,2760,2748,-1
0,-1,3477,2761,2749,-1
0,-1,3478,2762,2750,-1
0,-1,3479,2763,2751,-1
0,-1,3480,2764,2751,-1
0,-1,3481,2765,2752,-1
0,-1,3482,2765,2753,-1
0,-1,3483,2766,2754,-1
0,-1,3484,2767,2755,-1
0,-1,3485,2768,2756,-1
0,-1,3486,2769,2757,-1
0,-1,3487,2770,2758,-1
0,-1,3488,2771,2759,-1
0,-1,3489,2772,2760,-1
0,-1,3490,2773,2761,-1
0,-1,3491,2774,2761,-1
0,-1,3492,2775,2761,-1
0,-1,3493,2776,2761,-1
0,-1,3494,2777,2761,-1
0,-1,3495,2778,2762,-1
0,-1,3496,2779,2763,-1
0,-1,3497,2780,2764,-1
0,-1,3498,2781,2765,-1
0,-1,3499,2782,2766,-1
0,-1,3500,-1,-1,-1
0,-1,3501,2783,2767,-1
0,-1,3502,2784,2768,-1
0,-1,3503,2785,2769,-1
0,-1,3504,2785,2770,-1
0,-1,3505,2785,2770,-1
0,-1,3506,-1,2771,-1
0,-1,3507,2786,2772,-1
0,-1,3508,2787,2773,-1
0,-1,3509,2788,2774,-1
0,-1,3510,2789,2775,-1
0,-1,3511,2790,2776,-1
0,-1,3512,2791,2777,-1
0,-1,3513,2792,2778,-1
0,-1,3514,2793,2779,-1
0,-1,3515,2794,2780,-1
0,-1,3516,2795,2781,-1
0,-1,3517,2796,2782,-1
0,-1,3518,-1,2783,-1
0,-1,3519,2797,2784,-1
0,-1,3520,2798,-1,-1
0,-1,3521,2799,2785,-1
0,-1,3522,2800,2786,-1
0,-1,3523,2801,2787,-1
0,-1,3524,-1,-1,-1
0,-1,3525,2802,2788,-1
0,-1,3526,2803,2789,-1
0,-1,3527,2804,2790,-1
0,-1,3528,2805,2790,-1
0,-1,3529,2806,2791,-1
0,-1,3530,2806,2792,-1
0,-1,3531,2807,2793,-1
0,-1,3532,2808,-1,-1
0,-1,3533,2809,2794,-1
0,-1,3534,2810,2795,-1
0,-1,3535,2811,2796,-1
0,-1,3536,2812,2797,-1
0,-1,3537,2813,2797,-1
0,-1,3538,2814,2798,-1
0,-1,3539,2815,2799,-1
0,-1,3540,2816,2800,-1
0,-1,3541,2817,2801,-1
0,-1,3542,2818,2801,-1
0,-1,3543,2819,2802,-1
0,-1,3544,2820,2803,-1
0,-1,3545,2821,2804,-1
0,-1,3546,2822,2805,-1
0,-1,3547,2822,2806,-1
0,-1,3548,2822,2807,-1
0,-1,3549,2823,2807,-1
0,-1,3550,2823,2808,-1
0,-1,3551,2824,2809,-1
0,-1,3552,2825,2810,-1
0,-1,3553,2826,2811,-1
0,-1,3554,2827,2812,-1
0,-1,3555,2828,2813,-1
0,-1,3556,2829,-1,-1
0,-1,3557,2830,2814,-1
0,-1,3558,2831,2815,-1
0,-1,3559,2832,2816,-1
0,-1,3560,2833,2817,-1
0,-1,3561,-1,2817,-1
0,-1,3562,2833,2818,-1
0,-1,3563,2833,2819,-1
0,-1,3564,2833,2820,-1
0,-1,3565,2834,2820,-1
0,-1,3566,2834,2820,-1
0,-1,3567,2835,2820,-1
0,-1,3568,2836,2821,-1
0,-1,3569,2836,2821,-1
0,-1,3570,2837,2822,-1
0,-1,3571,2838,2823,-1
0,-1,3572,-1,2824,-1
0,-1,3573,2839,2825,-1
0,-1,3574,2839,2825,-1
0,-1,3575,2840,2826,-1
0,-1,3576,2841,2827,-1
0,-1,3577,2842,2828,-1
0,-1,3578,2843,2829,-1
0,-1,3579,-1,-1,-1
0,-1,3580,2843,2829,-1
0,-1,3581,2844,2829,-1
0,-1,3582,2844,2830,-1
0,-1,3583,2845,2831,-1
0,-1,3584,2846,2832,-1
0,-1,3585,2847,2833,-1
0,-1,3586,2848,2834,-1
0,-1,3587,2849,2835,-1
0,-1,3588,2850,2836,-1
0,-1,3589,2851,2837,-1
0,-1,3590,2852,2837,-1
0,-1,3591,2853,2838,-1
0,-1,3592,2854,2839,-1
0,-1,3593,2855,2840,-1
0,-1,3594,2856,2841,-1
0,-1,3595,2857,2842,-1
0,-1,3596,2858,2842,-1
0,-1,3597,2859,2842,-1
0,-1,3598,2860,2843,-1
0,-1,3599,2861,2844,-1
0,-1,3600,2861,2845,-1
0,-1,3601,2861,2846,-1
0,-1,3602,2861,2847,-1
0,-1,3603,2861,2848,-1
0,-1,3604,2862,2848,-1
0,-1,3605,2863,2849,-1
0,-1,3606,2864,2850,-1
0,-1,3607,2865,2850,-1
0,-1,3608,2866,2850,-1
0,-1,3609,2867,2851,-1
0,-1,3610,2868,2851,-1
0,-1,3611,2868,2851,-1
0,-1,3612,2869,2852,-1
0,-1,3613,2869,2853,-1
0,-1,3614,2869,2854,-1
0,-1,3615,2870,2855,-1
0,-1,3616,2870,2856,-1
0,-1,3617,2871,2857,-1
0,-1,3618,2872,2858,-1
0,-1,3619,2873,-1,-1
0,-1,3620,2874,2858,-1
0,-1,3621,2874,2858,-1
0,-1,3622,2874,2858,-1
0,-1,3623,2874,2858,-1
0,-1,3624,2875,2859,-1
0,-1,3625,2876,2860,-1
0,-1,3626,2877,2861,-1
0,-1,3627,2878,2862,-1
0,-1,3628,2879,2863,-1
0,-1,3629,2880,2864,-1
0,-1,3630,2880,2865,-1
0,-1,3631,2881,-1,-1
0,-1,3632,2881,2866,-1
0,-1,3633,2882,2867,-1
0,-1,3634,2883,-1,-1
0,-1,3635,2884,2868,-1
0,-1,3636,2885,2869,-1
0,-1,3637,2885,2870,-1
0,-1,3638,2886,-1,-1
0,-1,3639,2887,2871,-1
0,-1,3640,2888,2872,-1
0,-1,3641,2889,2873,-1
0,-1,3642,2890,2874,-1
0,-1,3643,2891,2875,-1
0,-1,3644,2892,2875,-1
0,-1,3645,2893,2875,-1
0,-1,3646,2894,2875,-1
0,-1,3647,2895,2875,-1
0,-1,3648,2896,2876,-1
0,-1,3649,2897,2877,-1
0,-1,3650,2898,2878,-1
0,-1,3651,2899,2879,-1
0,-1,3652,2900,2880,-1
0,-1,3653,2901,2881,-1
0,-1,3654,2902,2882,-1
0,-1,3655,2903,2883,-1
0,-1,3656,2903,2884,-1
0,-1,3657,2903,2885,-1
0,-1,3658,2904,2886,-1
0,-1,3659,2905,2887,-1
0,-1,3660,2906,2888,-1
0,-1,3661,2906,2889,-1
0,-1,3662,2906,2890,-1
0,-1,3663,2907,2891,-1
0,-1,3664,2908,2892,-1
0,-1,3665,2909,2893,-1
0,-1,3666,2910,2894,-1
0,-1,3667,2911,2894,-1
0,-1,3668,2912,2895,-1
0,-1,3669,2913,2895,-1
0,-1,3670,2913,2896,-1
0,-1,3671,2914,2897,-1
0,-1,3672,2915,2898,-1
0,-1,3673,2916,2899,-1
0,-1,3674,2917,2900,-1
0,-1,3675,2917,2901,-1
0,-1,3676,2918,2902,-1
0,-1,3677,2919,2903,-1
0,-1,3678,2920,2904,-1
0,-1,3679,2921,2905,-1
0,-1,3680,2922,2906,-1
0,-1,3681,2923,2906,-1
0,-1,3682,2923,2907,-1
0,-1,3683,2923,2908,-1
0,-1,3684,2924,-1,-1
0,-1,3685,2925,2909,-1
0,-1,3686,2925,2910,-1
0,-1,3687,2926,2911,-1
0,-1,3688,2927,2912,-1
0,-1,3689,2927,2913,-1
0,-1,3690,2928,2914,-1
0,-1,3691,2929,2915,-1
0,-1,3692,2930,2916,-1
0,-1,3693,2931,2917,-1
0,-1,3694,2932,2917,-1
0,-1,3695,2933,2918,-1
0,-1,3696,2934,2918,-1
0,-1,3697,2934,2919,-1
0,-1,3698,2934,2920,-1
0,-1,3699,2934,2921,-1
0,-1,3700,2935,2922,-1
0,-1,3701,2936,2923,-1
0,-1,3702,2937,2924,-1
0,-1,3703,2937,2925,-1
0,-1,3704,2938,2926,-1
0,-1,3705,2938,2927,-1
0,-1,3706,2939,2927,-1
0,-1,3707,2940,2928,-1
0,-1,3708,2940,2929,-1
0,-1,3709,2941,2930,-1
0,-1,3710,2942,2931,-1
0,-1,3711,2943,2932,-1
0,-1,3712,2943,2933,-1
0,-1,3713,2944,2934,-1
0,-1,3714,2945,2934,-1
0,-1,3715,2945,2934,-1
0,-1,3716,2946,2935,-1
0,-1,3717,2947,2936,-1
0,-1,3718,2948,2937,-1
0,-1,3719,2949,2938,-1
0,-1,3720,2950,2939,-1
0,-1,3721,2950,2940,-1
0,-1,3722,2951,2941,-1
0,-1,3723,2952,2942,-1
0,-1,3724,2953,2943,-1
0,-1,3725,2954,-1,-1
0,-1,3726,2955,-1,-1
0,-1,3727,2955,-1,-1
0,-1,3728,2956,2944,-1
0,-1,3729,2957,2945,-1
0,-1,3730,2958,2945,-1
0,-1,3731,2959,2946,-1
0,-1,3732,2960,2947,-1
0,-1,3733,2961,2948,-1
0,-1,3734,2962,2949,-1
0,-1,3735,2963,2950,-1
0,-1,3736,2964,2950,-1
0,-1,3737,2965,2951,-1
0,-1,3738,2966,2952,-1
0,-1,3739,2967,2953,-1
0,-1,3740,2968,2954,-1
0,-1,3741,2969,2955,-1
0,-1,3742,2970,2956,-1
0,-1,3743,2970,2957,-1
0,-1,3744,2970,2958,-1
0,-1,3745,2971,2959,-1
0,-1,3746,2972,2959,-1
0,-1,3747,2973,2960,-1
0,-1,3748,2973,2961,-1
0,-1,3749,2974,2961,-1
0,-1,3750,2975,2962,-1
0,-1,3751,2976,2963,-1
0,-1,3752,2977,2964,-1
0,-1,3753,2978,2964,-1
0,-1,3754,2978,2965,-1
0,-1,3755,2979,2966,-1
0,-1,3756,2980,2966,-1
0,-1,3757,2980,2967,-1
0,-1,3758,2980,2968,-1
0,-1,3759,2980,2969,-1
0,-1,3760,2981,2970,-1
0,-1,3761,2982,2971,-1
0,-1,3762,2983,2972,-1
0,-1,3763,2983,2972,-1
0,-1,3764,2984,2973,-1
0,-1,3765,2985,2974,-1
0,-1,3766,2986,2975,-1
0,-1,3767,2987,2976,-1
0,-1,3768,2988,2977,-1
0,-1,3769,2989,2978,-1
0,-1,3770,2989,2979,-1
0,-1,3771,2990,2979,-1
0,-1,3772,2991,2980,-1
0,-1,3773,2992,2980,-1
0,-1,3774,2993,2981,-1
0,-1,3775,2994,-1,-1
0,-1,3776,2995,2981,-1
0,-1,3777,2996,2982,-1
0,-1,3778,2997,2983,-1
0,-1,3779,2998,2984,-1
0,-1,3780,2998,2985,-1
0,-1,3781,2999,2986,-1
0,-1,3782,3000,2987,-1
0,-1,3783,3001,2987,-1
0,-1,3784,3002,-1,-1
0,-1,3785,3002,2988,-1
0,-1,3786,3002,2989,-1
0,-1,3787,3003,2990,-1
0,-1,3788,3004,2991,-1
0,-1,3789,3005,2992,-1
0,-1,3790,3006,2993,-1
0,-1,3791,3007,2994,-1
0,-1,3792,3008,2995,-1
0,-1,3793,3009,2995,-1
0,-1,3794,3010,2996,-1
0,-1,3795,3011,2997,-1
0,-1,3796,3012,2998,-1
0,-1,3797,3013,2999,-1
0,-1,3798,3014,3000,-1
0,-1,3799,3015,3001,-1
0,-1,3800,3015,3002,-1
0,-1,3801,3016,3003,-1
0,-1,3802,3017,3004,-1
0,-1,3803,3018,-1,-1
0,-1,3804,3019,3005,-1
0,-1,3805,3020,3006,-1
0,-1,3806,3021,3007,-1
0,-1,3807,3022,3008,-1
0,-1,3808,3023,3009,-1
0,-1,3809,3023,3010,-1
0,-1,3810,3024,3011,-1
0,-1,3811,3024,3012,-1
0,-1,3812,3025,3013,-1
0,-1,3813,3026,3014,-1
0,-1,3814,3027,3015,-1
0,-1,3815,3027,3016,-1
0,-1,3816,3027,3017,-1
0,-1,3817,3028,3018,-1
0,-1,3818,3028,3019,-1
0,-1,3819,3029,-1,-1
0,-1,3820,3030,3020,-1
0,-1,3821,3031,3021,-1
0,-1,3822,3031,-1,-1
0,-1,3823,3032,3022,-1
0,-1,3824,3033,3023,-1
0,-1,3825,3033,3024,-1
0,-1,3826,3034,3025,-1
0,-1,3827,3035,3026,-1
0,-1,3828,3036,3027,-1
0,-1,3829,3036,3028,-1
0,-1,3830,3036,3029,-1
0,-1,3831,3037,3030,-1
0,-1,3832,3037,-1,-1
0,-1,3833,3037,3031,-1
0,-1,3834,3038,-1,-1
0,-1,3835,3039,3031,-1
0,-1,3836,3039,3032,-1
0,-1,3837,3039,3033,-1
0,-1,3838,3039,3034,-1
0,-1,3839,3040,3035,-1
0,-1,3840,3041,-1,-1
0,-1,3841,3042,3036,-1
0,-1,3842,3043,3037,-1
0,-1,3843,3044,3038,-1
0,-1,3844,3045,3039,-1
0,-1,3845,3046,3040,-1
0,-1,3846,3047,3040,-1
0,-1,3847,3048,3041,-1
0,-1,3848,3049,3042,-1
0,-1,3849,3050,3043,-1
0,-1,3850,3050,3044,-1
0,-1,3851,3051,3045,-1
0,-1,3852,3052,3046,-1
0,-1,3853,3053,3047,-1
0,-1,3854,3054,3048,-1
0,-1,3855,3055,3049,-1
0,-1,3856,3056,3050,-1
0,-1,3857,3057,3051,-1
0,-1,3858,3058,3052,-1
0,-1,3859,3059,3053,-1
0,-1,3860,3059,3054,-1
0,-1,3861,3060,3055,-1
0,-1,3862,3061,3055,-1
0,-1,3863,3062,3055,-1
0,-1,3864,3063,3055,-1
0,-1,3865,3064,3056,-1
0,-1,3866,-1,3056,-1
0,-1,3867,3065,3056,-1
0,-1,3868,3066,3057,-1
0,-1,3869,3067,3058,-1
0,-1,3870,3068,3059,-1
0,-1,3871,3069,3060,-1
0,-1,3872,3070,3061,-1
0,-1,3873,3071,3062,-1
0,-1,3874,3071,3063,-1
0,-1,3875,3072,3064,-1
0,-1,3876,3073,3065,-1
0,-1,3877,3073,3066,-1
0,-1,3878,3074,3067,-1
0,-1,3879,3074,3067,-1
0,-1,3880,3075,3068,-1
0,-1,3881,3076,3069,-1
0,-1,3882,3077,3070,-1
0,-1,3883,3078,3071,-1
0,-1,3884,3079,3072,-1
0,-1,3885,3079,3072,-1
0,-1,3886,3079,3073,-1
0,-1,3887,3079,3074,-1
0,-1,3888,3080,3075,-1
0,-1,3889,3080,3076,-1
0,-1,3890,3080,3077,-1
0,-1,3891,3081,3078,-1
0,-1,3892,-1,3079,-1
0,-1,3893,3082,3080,-1
0,-1,3894,3083,-1,-1
0,-1,3895,3084,3081,-1
0,-1,3896,3084,3082,-1
0,-1,3897,3085,3083,-1
0,-1,3898,3086,3084,-1
0,-1,3899,3087,3085,-1
0,-1,3900,3088,3086,-1
0,-1,3901,3088,3087,-1
0,-1,3902,3089,3087,-1
0,-1,3903,3090,3088,-1
0,-1,3904,3091,3088,-1
0,-1,3905,3092,-1,-1
0,-1,3906,3093,3089,-1
0,-1,3907,3094,3090,-1
0,-1,3908,3095,3091,-1
0,-1,3909,3095,3091,-1
0,-1,3910,3096,3092,-1
0,-1,3911,3097,3093,-1
0,-1,3912,3098,3094,-1
0,-1,3913,3099,3095,-1
0,-1,3914,3100,3096,-1
0,-1,3915,3101,3097,-1
0,-1,3916,3102,3098,-1
0,-1,3917,3103,3098,-1
0,-1,3918,3104,3099,-1
0,-1,3919,3105,3100,-1
0,-1,3920,3106,3101,-1
0,-1,3921,3107,-1,-1
0,-1,3922,3107,3102,-1
0,-1,3923,3108,3102,-1
0,-1,3924,3109,3102,-1
0,-1,3925,3110,3103,-1
0,-1,3926,3110,3104,-1
0,-1,3927,3111,3105,-1
0,-1,3928,3112,3106,-1
0,-1,3929,3113,-1,-1
0,-1,3930,3114,3106,-1
0,-1,3931,3115,3107,-1
0,-1,3932,3116,3108,-1
0,-1,3933,3117,3109,-1
0,-1,3934,3118,3110,-1
0,-1,3935,3119,3111,-1
0,-1,3936,3120,3112,-1
0,-1,3937,3121,3113,-1
0,-1,3938,3122,3114,-1
0,-1,3939,3122,3115,-1
0,-1,3940,3123,3116,-1
0,-1,3941,3123,3117,-1
0,-1,3942,3124,3118,-1
0,-1,3943,3124,3119,-1
0,-1,3944,3125,3120,-1
0,-1,3945,-1,-1,-1
0,-1,3946,3126,3121,-1
0,-1,3947,3127,3122,-1
0,-1,3948,3128,3123,-1
0,-1,3949,3129,3124,-1
0,-1,3950,3130,3125,-1
0,-1,3951,3131,3126,-1
0,-1,3952,3132,3127,-1
0,-1,3953,3133,3128,-1
0,-1,3954,3134,3129,-1
0,-1,3955,3135,3130,-1
0,-1,3956,3136,3131,-1
0,-1,3957,-1,3132,-1
0,-1,3958,3137,3133,-1
0,-1,3959,3138,3133,-1
0,-1,3960,3139,3134,-1
0,-1,3961,3139,3135,-1
0,-1,3962,3140,3136,-1
0,-1,3963,3141,3137,-1
0,-1,3964,3142,3138,-1
0,-1,3965,3143,3139,-1
0,-1,3966,3144,3140,-1
0,-1,3967,3145,3141,-1
0,-1,3968,3146,3141,-1
0,-1,3969,3146,3142,-1
0,-1,3970,3147,-1,-1
0,-1,3971,3148,3142,-1
0,-1,3972,3148,3142,-1
0,-1,3973,3148,3142,-1
0,-1,3974,3149,3142,-1
0,-1,3975,3149,3142,-1
0,-1,3976,3150,3142,-1
0,-1,3977,3150,3142,-1
0,-1,3978,3151,3142,-1
0,-1,3979,3152,3143,-1
0,-1,3980,3153,3144,-1
0,-1,3981,3154,3145,-1
0,-1,3982,3155,3146,-1
0,-1,3983,3156,3147,-1
0,-1,3984,3156,3147,-1
0,-1,3985,3157,3148,-1
0,-1,3986,3158,3149,-1
0,-1,3987,3159,3150,-1
0,-1,3988,3160,3151,-1
0,-1,3989,3161,3152,-1
0,-1,3990,3162,3153,-1
0,-1,3991,3162,3154,-1
0,-1,3992,3163,3155,-1
0,-1,3993,3164,3156,-1
0,-1,3994,3164,3157,-1
0,-1,3995,3165,3157,-1
0,-1,3996,3165,3158,-1
0,-1,3997,3166,3159,-1
0,-1,3998,3167,-1,-1
0,-1,3999,3168,3160,-1
0,-1,4000,3169,3160,-1
0,-1,4001,3170,3161,-1
0,-1,4002,-1,3162,-1
0,-1,4003,3171,3162,-1
0,-1,4004,3171,3162,-1
0,-1,4005,3172,3162,-1
0,-1,4006,3173,3163,-1
0,-1,4007,-1,-1,-1
0,-1,4008,3174,3164,-1
0,-1,4009,3175,3165,-1
0,-1,4010,3176,3166,-1
0,-1,4011,3177,3167,-1
0,-1,4012,3178,3168,-1
0,-1,4013,3179,3169,-1
0,-1,4014,3180,3170,-1
0,-1,4015,3181,3170,-1
0,-1,4016,3182,3171,-1
0,-1,4017,3183,3172,-1
0,-1,4018,3184,3173,-1
0,-1,4019,3185,3174,-1
0,-1,4020,3186,3175,-1
0,-1,4021,3187,-1,-1
0,-1,4022,3187,3176,-1
0,-1,4023,3188,3177,-1
0,-1,4024,3189,3178,-1
0,-1,4025,3190,3179,-1
0,-1,4026,3191,3180,-1
0,-1,4027,3192,3181,-1
0,-1,4028,3193,3182,-1
0,-1,4029,3193,3183,-1
0,-1,4030,3194,3184,-1
0,-1,4031,3195,3184,-1
0,-1,4032,3196,3184,-1
0,-1,4033,3196,3184,-1
0,-1,4034,3197,3185,-1
0,-1,4035,3198,3186,-1
0,-1,4036,3199,3187,-1
0,-1,4037,3200,-1,-1
0,-1,4038,3200,3188,-1
0,-1,4039,3201,3189,-1
0,-1,4040,3202,-1,-1
0,-1,4041,3203,3190,-1
0,-1,4042,3204,3191,-1
0,-1,4043,3205,3192,-1
0,-1,4044,3206,3193,-1
0,-1,4045,3207,3193,-1
0,-1,4046,3208,3193,-1
0,-1,4047,3209,3194,-1
0,-1,4048,3210,3195,-1
0,-1,4049,3211,3195,-1
0,-1,4050,3212,3196,-1
0,-1,4051,3213,3197,-1
0,-1,4052,3213,3198,-1
0,-1,4053,3214,3199,-1
0,-1,4054,3215,3199,-1
0,-1,4055,3216,3200,-1
0,-1,4056,3217,3201,-1
0,-1,4057,3218,3202,-1
0,-1,4058,3219,-1,-1
0,-1,4059,3220,-1,-1
0,-1,4060,3221,3203,-1
0,-1,4061,3222,3204,-1
0,-1,4062,3223,3205,-1
0,-1,4063,3224,-1,-1
0,-1,4064,3225,3205,-1
0,-1,4065,3226,3206,-1
0,-1,4066,-1,-1,-1
0,-1,4067,3226,3206,-1
0,-1,4068,3227,3206,-1
0,-1,4069,3228,3206,-1
0,-1,4070,3228,3207,-1
0,-1,4071,3228,-1,-1
0,-1,4072,3228,3208,-1
0,-1,4073,3229,3208,-1
0,-1,4074,3230,3209,-1
0,-1,4075,3230,3210,-1
0,-1,4076,3231,3211,-1
0,-1,4077,3232,3212,-1
0,-1,4078,3233,3213,-1
0,-1,4079,3234,3214,-1
0,-1,4080,3235,3215,-1
0,-1,4081,3236,3216,-1
0,-1,4082,3237,3217,-1
0,-1,4083,3238,3218,-1
0,-1,4084,3239,3218,-1
0,-1,4085,3240,3219,-1
0,-1,4086,3241,3220,-1
0,-1,4087,3242,3221,-1
0,-1,4088,3243,3222,-1
0,-1,4089,3244,3223,-1
0,-1,4090,3245,-1,-1
0,-1,4091,3246,3224,-1
0,-1,4092,3247,3225,-1
0,-1,4093,3248,3226,-1
0,-1,4094,3249,3227,-1
0,-1,4095,3250,-1,-1
0,-1,4096,3250,3227,-1
0,-1,4097,3250,-1,-1
0,-1,4098,3251,3227,-1
0,-1,4099,3252,3227,-1
0,-1,4100,3253,3227,-1
0,-1,4101,3253,3227,-1
0,-1,4102,3254,3228,-1
0,-1,4103,3255,3229,-1
0,-1,4104,3256,3230,-1
0,-1,4105,3256,3231,-1
0,-1,4106,3256,3232,-1
0,-1,4107,3256,3233,-1
0,-1,4108,3256,3234,-1
0,-1,4109,3257,3235,-1
0,-1,4110,3257,3236,-1
0,-1,4111,3258,3237,-1
0,-1,4112,3259,3238,-1
0,-1,4113,3260,-1,-1
0,-1,4114,3261,3239,-1
0,-1,4115,3262,3240,-1
0,-1,4116,3263,3241,-1
0,-1,4117,3264,3242,-1
0,-1,4118,3264,3242,-1
0,-1,4119,3265,3243,-1
0,-1,4120,3266,3244,-1
0,-1,4121,3267,3245,-1
0,-1,4122,3268,3246,-1
0,-1,4123,3269,-1,-1
0,-1,4124,3270,3247,-1
0,-1,4125,3271,3248,-1
0,-1,4126,3272,3249,-1
0,-1,4127,3272,3250,-1
0,-1,4128,3273,3251,-1
0,-1,4129,3274,3252,-1
0,-1,4130,3275,3253,-1
0,-1,4131,3276,3254,-1
0,-1,4132,3277,3255,-1
0,-1,4133,3278,3256,-1
0,-1,4134,3278,3257,-1
0,-1,4135,3279,3257,-1
0,-1,4136,3280,3258,-1
0,-1,4137,3281,3259,-1
0,-1,4138,3282,3260,-1
0,-1,4139,3283,3261,-1
0,-1,4140,3283,3262,-1
0,-1,4141,3284,3263,-1
0,-1,4142,3285,3263,-1
0,-1,4143,3286,3264,-1
0,-1,4144,3286,3265,-1
0,-1,4145,3286,3266,-1
0,-1,4146,3287,3267,-1
0,-1,4147,3288,3268,-1
0,-1,4148,3289,3269,-1
0,-1,4149,3290,-1,-1
0,-1,4150,3291,3270,-1
0,-1,4151,3292,3271,-1
0,-1,4152,3293,3272,-1
0,-1,4153,3294,3273,-1
0,-1,4154,3295,3274,-1
0,-1,4155,3296,3275,-1
0,-1,4156,3297,3276,-1
0,-1,4157,3298,3277,-1
0,-1,4158,3299,3278,-1
0,-1,4159,3300,3279,-1
0,-1,4160,3301,3280,-1
0,-1,4161,3302,3281,-1
0,-1,4162,3303,3282,-1
0,-1,4163,3304,3283,-1
0,-1,4164,3305,3284,-1
0,-1,4165,3306,3285,-1
0,-1,4166,3307,3285,-1
0,-1,4167,3308,3286,-1
0,-1,4168,3309,3287,-1
0,-1,4169,3310,3288,-1
0,-1,4170,3310,3288,-1
0,-1,4171,3311,3289,-1
0,-1,4172,3311,3290,-1
0,-1,4173,3311,3291,-1
0,-1,4174,3312,3292,-1
0,-1,4175,3313,3293,-1
0,-1,4176,3314,3294,-1
0,-1,4177,3315,3295,-1
0,-1,4178,3315,3295,-1
0,-1,4179,3315,3296,-1
0,-1,4180,3316,3297,-1
0,-1,4181,3316,3298,-1
0,-1,4182,3317,3299,-1
0,-1,4183,3317,3300,-1
0,-1,4184,3318,-1,-1
0,-1,4185,3318,3301,-1
0,-1,4186,3319,3301,-1
0,-1,4187,-1,-1,-1
0,-1,4188,3320,3302,-1
0,-1,4189,3321,3303,-1
0,-1,4190,3322,3303,-1
0,-1,4191,3323,3304,-1
0,-1,4192,3324,3305,-1
0,-1,4193,3325,3306,-1
0,-1,4194,3325,3307,-1
0,-1,4195,3325,3308,-1
0,-1,4196,3325,3309,-1
0,-1,4197,3325,3310,-1
0,-1,4198,3325,3310,-1
0,-1,4199,3326,3311,-1
0,-1,4200,3327,3311,-1
0,-1,4201,3328,3312,-1
0,-1,4202,3329,3313,-1
0,-1,4203,3330,3314,-1
0,-1,4204,3331,3315,-1
0,-1,4205,3331,3316,-1
0,-1,4206,3332,3317,-1
0,-1,4207,3333,3318,-1
0,-1,4208,3333,3319,-1
0,-1,4209,3334,3320,-1
0,-1,4210,3335,3321,-1
0,-1,4211,3335,3322,-1
0,-1,4212,3336,3323,-1
0,-1,4213,3337,3324,-1
0,-1,4214,3338,3325,-1
0,-1,4215,3339,3326,-1
0,-1,4216,3340,3327,-1
0,-1,4217,3341,3327,-1
0,-1,4218,3342,3328,-1
0,-1,4219,3343,3329,-1
0,-1,4220,3344,3329,-1
0,-1,4221,3345,3330,-1
0,-1,4222,3345,3331,-1
0,-1,4223,3346,3332,-1
0,-1,4224,3346,3332,-1
0,-1,4225,3346,3333,-1
0,-1,4226,3346,3334,-1
0,-1,4227,3346,3335,-1
0,-1,4228,3346,3335,-1
0,-1,4229,3347,3336,-1
0,-1,4230,3348,3337,-1
0,-1,4231,3348,3338,-1
0,-1,4232,3349,3339,-1
0,-1,4233,3350,3340,-1
0,-1,4234,3351,3340,-1
0,-1,4235,3351,3340,-1
0,-1,4236,3352,3341,-1
0,-1,4237,3353,3342,-1
0,-1,4238,3354,3343,-1
0,-1,4239,3355,3344,-1
0,-1,4240,3356,3345,-1
0,-1,4241,3357,3346,-1
0,-1,4242,3358,3346,-1
0,-1,4243,3359,3346,-1
0,-1,4244,3360,3347,-1
0,-1,4245,3361,3348,-1
0,-1,4246,3362,3348,-1
0,-1,4247,3363,3349,-1
0,-1,4248,3364,3350,-1
0,-1,4249,3365,3351,-1
0,-1,4250,3366,3352,-1
0,-1,4251,3367,3353,-1
0,-1,4252,3367,3354,-1
0,-1,4253,3368,3355,-1
0,-1,4254,3369,3356,-1
0,-1,4255,3370,3357,-1
0,-1,4256,3371,3357,-1
0,-1,4257,3372,3358,-1
0,-1,4258,3373,3359,-1
0,-1,4259,3374,3360,-1
0,-1,4260,3375,3360,-1
0,-1,4261,3376,3361,-1
0,-1,4262,3377,3362,-1
0,-1,4263,3378,3363,-1
0,-1,4264,3379,3364,-1
0,-1,4265,3380,3365,-1
0,-1,4266,3381,3366,-1
0,-1,4267,3381,3367,-1
0,-1,4268,3381,3368,-1
0,-1,4269,3381,3368,-1
0,-1,4270,3382,3369,-1
0,-1,4271,3383,-1,-1
0,-1,4272,-1,-1,-1
0,-1,4273,3384,3370,-1
0,-1,4274,3385,-1,-1
0,-1,4275,3386,3371,-1
0,-1,4276,3387,3371,-1
0,-1,4277,3388,3372,-1
0,-1,4278,3389,-1,-1
0,-1,4279,3390,3373,-1
0,-1,4280,3390,3374,-1
0,-1,4281,3391,3375,-1
0,-1,4282,3392,3376,-1
0,-1,4283,3393,-1,-1
0,-1,4284,3394,3377,-1
0,-1,4285,3395,3377,-1
0,-1,4286,3395,3378,-1
0,-1,4287,3396,3379,-1
0,-1,4288,3397,3380,-1
0,-1,4289,3398,-1,-1
0,-1,4290,3399,3381,-1
0,-1,4291,3400,3382,-1
0,-1,4292,3401,3383,-1
0,-1,4293,3402,3384,-1