name,recipeingredient,preptime,cooktime
0,-1,1,1
1,-1,2,2
2,-1,-1,-1
3,-1,3,3
4,-1,-1,-1
5,-1,4,4
6,-1,-1,-1
7,-1,-1,-1
8,-1,5,5
9,-1,-1,-1
10,-1,5,6
11,-1,6,7
12,-1,-1,-1
13,-1,7,8
14,-1,-1,-1
15,-1,8,9
16,-1,-1,-1
17,-1,-1,-1
18,-1,9,10
19,-1,10,11
20,-1,-1,-1
21,-1,-1,-1
22,-1,11,12
23,-1,-1,-1
24,-1,12,13
25,-1,13,14
26,-1,-1,-1
27,-1,-1,-1
28,-1,14,-1
29,-1,-1,-1
30,-1,-1,-1
31,-1,15,15
32,-1,-1,-1
33,-1,16,16
34,-1,-1,-1
35,-1,17,17
36,-1,18,18
37,-1,19,19
38,-1,-1,-1
39,-1,-1,20
40,-1,-1,-1
41,-1,-1,21
42,-1,-1,-1
43,-1,-1,-1
44,-1,-1,22
45,-1,-1,-1
46,-1,20,-1
47,-1,-1,-1
48,-1,-1,-1
49,-1,-1,-1
50,-1,21,23
51,-1,22,24
52,-1,-1,25
53,-1,23,26
54,-1,24,27
55,-1,-1,28
56,-1,25,29
57,-1,25,-1
58,-1,-1,-1
59,-1,-1,-1
60,-1,26,-1
61,-1,-1,-1
62,-1,-1,-1
63,-1,27,30
64,-1,-1,-1
65,-1,-1,-1
66,-1,-1,-1
67,-1,28,-1
68,-1,28,31
69,-1,-1,32
70,-1,-1,-1
71,-1,29,-1
72,-1,30,33
73,-1,-1,34
74,-1,-1,-1
75,-1,-1,-1
76,-1,-1,-1
77,-1,-1,35
78,-1,31,36
79,-1,-1,-1
80,-1,-1,37
81,-1,-1,-1
82,-1,-1,38
83,-1,32,39
84,-1,-1,-1
85,-1,33,40
86,-1,34,41
87,-1,35,42
88,-1,-1,-1
89,-1,-1,-1
90,-1,-1,43
91,-1,36,-1
92,-1,37,44
93,-1,-1,-1
94,-1,-1,-1
95,-1,-1,45
96,-1,38,46
97,-1,39,47
98,-1,-1,48
99,-1,-1,-1
100,-1,40,49
101,-1,41,-1
102,-1,42,50
103,-1,43,51
104,-1,-1,-1
105,-1,-1,-1
106,-1,44,52
107,-1,-1,-1
108,-1,-1,53
109,-1,45,-1
110,-1,-1,-1
111,-1,-1,-1
112,-1,-1,-1
113,-1,46,54
114,-1,47,-1
115,-1,-1,-1
116,-1,48,55
117,-1,-1,-1
118,-1,-1,-1
119,-1,-1,56
120,-1,-1,-1
121,-1,-1,-1
122,-1,-1,57
123,-1,49,58
124,-1,50,59
125,1,51,60
126,-1,52,61
127,-1,53,62
128,-1,54,-1
129,-1,-1,-1
130,-1,55,63
131,-1,-1,-1
132,-1,-1,-1
133,-1,-1,-1
134,-1,-1,-1
135,2,-1,64
136,-1,-1,-1
137,-1,-1,-1
138,-1,-1,65
139,-1,56,66
140,-1,-1,67
141,-1,-1,-1
142,-1,57,68
143,-1,-1,-1
144,-1,-1,-1
145,-1,-1,-1
146,-1,-1,-1
147,-1,-1,-1
148,-1,-1,-1
149,-1,58,69
150,-1,59,69
151,-1,60,70
152,-1,61,71
153,-1,-1,-1
154,-1,62,72
155,-1,-1,73
156,-1,-1,-1
157,-1,-1,-1
158,-1,-1,-1
159,-1,-1,-1
160,-1,62,74
161,-1,-1,-1
162,-1,-1,-1
163,-1,63,75
164,-1,64,-1
165,-1,-1,-1
166,-1,-1,-1
167,-1,65,76
168,-1,-1,-1
169,-1,66,77
170,-1,-1,-1
171,-1,67,78
172,-1,-1,-1
173,-1,-1,79
174,-1,68,80
175,-1,-1,-1
176,-1,69,81
177,-1,70,82
178,-1,71,-1
179,-1,-1,-1
180,-1,-1,-1
181,-1,-1,-1
182,-1,-1,-1
183,-1,-1,-1
184,-1,72,83
185,-1,72,84
186,-1,-1,-1
187,-1,-1,-1
188,-1,73,85
189,-1,-1,-1
190,-1,-1,-1
191,-1,74,86
192,-1,-1,-1
193,-1,-1,-1
194,-1,-1,-1
195,-1,-1,-1
196,-1,75,87
197,-1,-1,88
198,-1,76,89
199,-1,77,90
200,-1,-1,-1
201,-1,-1,-1
202,-1,-1,-1
203,-1,78,91
204,-1,79,-1
205,-1,-1,-1
206,-1,-1,-1
207,-1,80,92
208,-1,81,93
209,-1,-1,-1
210,-1,-1,94
211,-1,-1,-1
212,-1,-1,-1
213,-1,-1,-1
214,-1,82,95
215,-1,-1,-1
216,-1,-1,96
217,-1,-1,97
218,-1,-1,-1
219,-1,-1,-1
220,-1,83,98
221,-1,84,99
222,-1,85,100
223,-1,-1,101
224,-1,86,102
225,3,87,103
226,-1,-1,-1
227,-1,-1,104
228,-1,88,105
229,-1,88,106
230,-1,-1,-1
231,-1,89,107
232,-1,-1,-1
233,-1,90,108
234,-1,91,-1
235,-1,-1,-1
236,-1,-1,-1
237,-1,-1,-1
238,-1,92,109
239,-1,93,110
240,-1,94,111
241,-1,95,112
242,-1,-1,-1
243,-1,96,113
244,-1,97,114
245,-1,-1,-1
246,-1,-1,-1
247,-1,98,115
248,-1,99,116
249,-1,-1,-1
250,-1,100,117
251,-1,101,-1
252,-1,102,-1
253,-1,-1,-1
254,-1,-1,-1
255,-1,-1,-1
256,-1,103,118
257,-1,-1,-1
258,-1,-1,-1
259,-1,-1,119
260,-1,-1,-1
261,-1,-1,-1
262,-1,-1,-1
263,-1,-1,-1
264,-1,-1,-1
265,-1,104,120
266,-1,-1,-1
267,-1,105,121
268,-1,106,-1
269,-1,107,122
270,-1,108,123
271,-1,-1,-1
272,-1,-1,-1
273,-1,109,123
274,-1,109,124
275,-1,109,125
276,-1,110,126
277,-1,-1,-1
278,-1,-1,-1
279,-1,111,127
280,-1,-1,-1
281,-1,-1,-1
282,-1,-1,-1
283,-1,-1,-1
284,-1,112,128
285,-1,-1,-1
286,-1,-1,-1
287,-1,113,129
288,-1,114,130
289,-1,-1,-1
290,-1,115,131
291,-1,116,132
292,-1,-1,-1
293,-1,117,133
294,-1,118,134
295,-1,119,135
296,-1,-1,136
297,-1,120,-1
298,-1,-1,-1
299,-1,-1,-1
300,-1,121,137
301,-1,-1,-1
302,-1,-1,-1
303,-1,-1,-1
304,-1,122,-1
305,-1,123,138
306,-1,124,139
307,-1,124,140
308,-1,-1,-1
309,-1,-1,141
310,-1,125,142
311,-1,-1,-1
312,-1,126,-1
313,-1,-1,-1
314,-1,-1,-1
315,-1,-1,-1
316,-1,-1,-1
317,-1,127,143
318,-1,-1,-1
319,-1,128,144
320,-1,-1,145
321,-1,-1,-1
322,-1,129,146
323,-1,-1,147
324,-1,129,-1
325,-1,-1,-1
326,-1,-1,-1
327,-1,-1,-1
328,-1,-1,-1
329,-1,-1,-1
330,-1,130,148
331,-1,-1,-1
332,-1,-1,149
333,-1,-1,-1
334,-1,131,150
335,-1,-1,-1
336,-1,132,151
337,-1,133,152
338,4,134,153
339,-1,-1,-1
340,-1,-1,-1
341,-1,-1,154
342,-1,-1,-1
343,-1,-1,155
344,-1,-1,-1
345,-1,-1,-1
346,-1,-1,-1
347,-1,134,156
348,-1,-1,-1
349,-1,-1,-1
350,-1,135,-1
351,-1,-1,-1
352,-1,136,157
353,-1,-1,158
354,-1,137,159
355,-1,-1,-1
356,-1,-1,-1
357,-1,-1,-1
358,-1,-1,-1
359,-1,-1,160
360,-1,-1,161
361,-1,-1,-1
362,-1,138,162
363,-1,139,163
364,-1,-1,-1
365,-1,140,164
366,-1,-1,-1
367,-1,-1,165
368,-1,140,166
369,-1,141,167
370,-1,-1,-1
371,-1,142,168
372,-1,-1,-1
373,-1,-1,-1
374,-1,143,169
375,-1,-1,170
376,-1,144,171
377,-1,145,172
378,-1,-1,-1
379,-1,-1,173
380,-1,-1,174
381,-1,145,175
382,-1,-1,176
383,-1,146,177
384,-1,-1,-1
385,-1,147,178
386,-1,-1,-1
387,-1,-1,-1
388,-1,-1,-1
389,-1,148,179
390,-1,-1,-1
391,-1,-1,-1
392,-1,-1,-1
393,-1,149,180
394,-1,-1,-1
395,-1,150,-1
396,-1,-1,-1
397,-1,-1,-1
398,-1,-1,181
399,-1,151,182
400,-1,-1,183
401,-1,-1,-1
402,-1,152,184
403,-1,-1,-1
404,-1,-1,-1
405,-1,-1,-1
406,-1,153,185
407,-1,-1,-1
408,-1,154,186
409,-1,-1,-1
410,-1,-1,-1
411,-1,155,187
412,-1,-1,188
413,-1,156,189
414,-1,-1,-1
415,-1,-1,-1
416,-1,157,190
417,-1,-1,-1
418,-1,-1,-1
419,-1,158,191
420,-1,158,192
421,-1,-1,-1
422,-1,159,192
423,-1,-1,-1
424,-1,-1,-1
425,-1,-1,-1
426,-1,-1,193
427,-1,160,194
428,-1,-1,195
429,-1,-1,-1
430,-1,161,196
431,-1,-1,197
432,-1,-1,198
433,-1,-1,-1
434,-1,162,-1
435,-1,-1,-1
436,-1,163,199
437,-1,-1,200
438,-1,-1,-1
439,-1,-1,-1
440,-1,164,201
441,-1,-1,202
442,-1,-1,-1
443,-1,-1,-1
444,-1,165,203
445,-1,166,204
446,-1,-1,-1
447,-1,-1,-1
448,-1,-1,-1
449,-1,-1,-1
450,-1,-1,-1
451,-1,-1,-1
452,-1,167,-1
453,-1,-1,205
454,-1,-1,-1
455,-1,168,206
456,-1,-1,207
457,-1,-1,208
458,-1,169,-1
459,-1,170,209
460,-1,170,210
461,-1,171,211
462,-1,-1,-1
463,-1,-1,-1
464,-1,172,-1
465,-1,-1,-1
466,-1,-1,-1
467,-1,-1,212
468,-1,-1,-1
469,-1,173,213
470,-1,174,214
471,-1,-1,-1
472,-1,-1,-1
473,-1,-1,-1
474,-1,-1,-1
475,-1,-1,-1
476,-1,175,215
477,-1,176,216
478,-1,177,217
479,-1,-1,218
480,-1,-1,-1
481,-1,-1,-1
482,-1,178,219
483,-1,179,220
484,-1,180,220
485,-1,-1,-1
486,-1,-1,-1
487,-1,181,220
488,-1,-1,-1
489,-1,-1,-1
490,-1,182,221
491,-1,-1,-1
492,-1,183,222
493,-1,-1,223
494,-1,184,224
495,-1,-1,-1
496,-1,-1,-1
497,-1,-1,225
498,-1,185,226
499,-1,-1,-1
500,-1,-1,227
501,-1,-1,228
502,-1,186,229
503,-1,-1,-1
504,-1,-1,-1
505,-1,-1,-1
506,-1,-1,-1
507,-1,187,230
508,-1,-1,-1
509,-1,-1,-1
510,-1,-1,-1
511,-1,-1,-1
512,-1,-1,-1
513,-1,187,231
514,-1,188,-1
515,-1,-1,-1
516,-1,189,232
517,-1,-1,-1
518,-1,-1,-1
519,-1,-1,-1
520,-1,190,233
521,-1,-1,-1
522,-1,191,234
523,-1,-1,-1
524,-1,-1,235
525,-1,192,236
526,-1,-1,237
527,-1,193,238
528,-1,194,-1
529,-1,-1,-1
530,-1,-1,-1
531,-1,195,239
532,-1,196,240
533,-1,196,241
534,-1,-1,-1
535,-1,197,242
536,-1,-1,243
537,-1,-1,-1
538,-1,198,244
539,-1,-1,-1
540,-1,-1,-1
541,-1,-1,-1
542,-1,199,245
543,-1,200,-1
544,-1,-1,-1
545,-1,201,246
546,-1,202,247
547,-1,-1,247
548,-1,-1,248
549,-1,-1,-1
550,-1,-1,-1
551,-1,-1,-1
552,-1,-1,-1
553,-1,203,-1
554,-1,204,248
555,-1,-1,249
556,-1,-1,-1
557,-1,-1,-1
558,-1,-1,-1
559,-1,-1,-1
560,-1,-1,-1
561,-1,-1,-1
562,-1,205,250
563,-1,-1,-1
564,-1,-1,-1
565,-1,206,251
566,-1,207,252
567,-1,-1,-1
568,-1,-1,-1
569,-1,-1,-1
570,-1,-1,-1
571,-1,-1,-1
572,-1,-1,-1
573,-1,208,253
574,-1,209,254
575,-1,-1,-1
576,-1,-1,255
577,-1,-1,-1
578,-1,210,256
579,-1,-1,-1
580,-1,211,257
581,-1,-1,-1
582,-1,-1,-1
583,-1,212,258
584,-1,-1,-1
585,-1,-1,-1
586,-1,-1,-1
587,-1,-1,259
588,-1,213,260
589,-1,213,261
590,-1,-1,-1
591,-1,-1,-1
592,-1,-1,262
593,-1,214,263
594,-1,-1,-1
595,-1,-1,-1
596,-1,-1,264
597,-1,-1,-1
598,-1,-1,-1
599,-1,-1,-1
600,-1,215,265
601,-1,-1,-1
602,-1,-1,-1
603,-1,216,266
604,-1,-1,-1
605,-1,-1,267
606,-1,-1,268
607,-1,-1,-1
608,-1,-1,-1
609,-1,217,269
610,-1,-1,270
611,-1,-1,-1
612,-1,-1,-1
613,-1,218,271
614,-1,219,272
615,-1,-1,-1
616,-1,-1,-1
617,-1,220,273
618,-1,221,274
619,-1,-1,-1
620,-1,-1,274
621,-1,222,275
622,-1,223,276
623,-1,-1,-1
624,-1,-1,-1
625,-1,224,277
626,-1,-1,-1
627,-1,-1,-1
628,-1,225,278
629,-1,-1,-1
630,-1,226,279
631,-1,-1,280
632,-1,-1,-1
633,-1,-1,-1
634,-1,227,-1
635,-1,-1,-1
636,-1,227,-1
637,-1,-1,281
638,-1,-1,-1
639,-1,-1,-1
640,-1,228,282
641,-1,229,282
642,-1,-1,-1
643,-1,-1,-1
644,-1,230,-1
645,-1,231,283
646,-1,-1,-1
647,-1,232,284
648,-1,-1,-1
649,-1,-1,-1
650,-1,-1,-1
651,-1,-1,285
652,-1,-1,-1
653,-1,-1,-1
654,-1,233,286
655,-1,234,287
656,-1,235,288
657,-1,236,289
658,-1,-1,290
659,-1,237,291
660,-1,238,-1
661,-1,-1,-1
662,-1,239,292
663,-1,-1,-1
664,-1,-1,-1
665,-1,-1,-1
666,-1,-1,-1
667,-1,-1,-1
668,-1,-1,292
669,-1,240,293
670,-1,-1,-1
671,-1,241,294
672,-1,-1,-1
673,-1,242,295
674,-1,243,-1
675,-1,-1,-1
676,-1,-1,-1
677,-1,244,296
678,-1,245,297
679,-1,-1,-1
680,-1,-1,-1
681,-1,-1,-1
682,-1,-1,-1
683,-1,-1,-1
684,-1,246,298
685,-1,247,299
686,-1,-1,-1
687,-1,-1,-1
688,-1,-1,-1
689,-1,-1,-1
690,-1,-1,-1
691,-1,-1,-1
692,-1,-1,-1
693,-1,-1,-1
694,-1,-1,-1
695,-1,247,300
696,-1,248,-1
697,-1,-1,301
698,-1,-1,-1
699,-1,-1,-1
700,-1,249,302
701,-1,-1,-1
702,-1,250,303
703,-1,-1,304
704,-1,251,305
705,-1,-1,-1
706,-1,252,306
707,-1,-1,-1
708,-1,253,307
709,-1,-1,-1
710,-1,-1,-1
711,-1,-1,-1
712,-1,-1,308
713,-1,254,309
714,-1,-1,310
715,-1,255,311
716,-1,-1,-1
717,-1,-1,-1
718,-1,-1,-1
719,-1,256,312
720,-1,-1,-1
721,-1,257,313
722,-1,-1,314
723,-1,258,315
724,-1,-1,-1
725,-1,259,316
726,-1,260,317
727,-1,-1,-1
728,-1,261,318
729,-1,262,319
730,-1,-1,-1
731,-1,263,320
732,-1,264,321
733,-1,265,322
734,-1,-1,-1
735,-1,266,323
736,-1,267,-1
737,-1,-1,324
738,-1,-1,-1
739,-1,-1,-1
740,-1,-1,-1
741,-1,-1,-1
742,-1,-1,-1
743,-1,-1,-1
744,-1,268,325
745,-1,-1,326
746,-1,-1,327
747,-1,269,328
748,-1,-1,-1
749,-1,-1,-1
750,-1,-1,-1
751,-1,-1,-1
752,-1,-1,-1
753,-1,-1,-1
754,-1,-1,329
755,-1,-1,-1
756,-1,270,330
757,-1,271,331
758,-1,-1,-1
759,-1,-1,-1
760,-1,-1,-1
761,-1,-1,-1
762,-1,-1,-1
763,-1,272,332
764,-1,-1,-1
765,-1,-1,-1
766,-1,-1,-1
767,-1,-1,-1
768,-1,-1,-1
769,-1,-1,-1
770,-1,273,333
771,-1,-1,334
772,-1,-1,-1
773,-1,-1,-1
774,-1,-1,-1
775,-1,-1,-1
776,-1,-1,335
777,-1,-1,-1
778,-1,-1,336
779,-1,-1,-1
780,-1,274,337
781,-1,275,338
782,-1,275,339
783,-1,-1,340
784,-1,-1,-1
785,-1,-1,-1
786,-1,-1,341
787,-1,-1,-1
788,-1,276,342
789,-1,277,343
790,-1,-1,-1
791,-1,-1,-1
792,-1,-1,-1
793,-1,278,344
794,-1,-1,-1
795,-1,-1,-1
796,-1,279,345
797,-1,-1,-1
798,-1,280,346
799,-1,-1,-1
800,-1,-1,-1
801,-1,-1,-1
802,-1,-1,-1
803,-1,-1,-1
804,-1,281,347
805,-1,-1,-1
806,-1,-1,-1
807,-1,-1,-1
808,-1,282,348
809,-1,-1,349
810,-1,-1,-1
811,-1,-1,-1
812,-1,282,350
813,-1,-1,-1
814,-1,283,351
815,-1,284,352
816,-1,-1,-1
817,-1,-1,-1
818,-1,-1,-1
819,-1,-1,-1
820,-1,285,353
821,-1,286,-1
822,-1,-1,354
823,-1,-1,355
824,-1,-1,-1
825,-1,-1,-1
826,-1,287,356
827,-1,-1,357
828,-1,-1,-1
829,-1,288,358
830,-1,-1,-1
831,-1,-1,359
832,-1,289,-1
833,-1,-1,-1
834,-1,-1,-1
835,-1,-1,-1
836,-1,-1,360
837,-1,-1,361
838,-1,290,362
839,-1,-1,-1
840,-1,291,363
841,-1,-1,-1
842,-1,-1,-1
843,-1,-1,-1
844,-1,-1,364
845,-1,292,365
846,-1,293,366
847,-1,-1,367
848,-1,294,-1
849,-1,295,368
850,-1,-1,-1
851,-1,296,369
852,-1,-1,-1
853,-1,297,370
854,-1,298,371
855,-1,-1,-1
856,-1,299,-1
857,-1,-1,-1
858,-1,-1,-1
859,-1,-1,-1
860,-1,-1,-1
861,-1,-1,-1
862,-1,300,372
863,-1,301,373
864,-1,302,-1
865,-1,-1,-1
866,-1,303,374
867,-1,-1,-1
868,-1,-1,-1
869,-1,-1,-1
870,-1,304,-1
871,-1,-1,-1
872,-1,-1,375
873,-1,-1,-1
874,-1,-1,376
875,-1,305,377
876,-1,306,378
877,-1,307,379
878,-1,-1,-1
879,-1,308,-1
880,-1,-1,380
881,-1,309,381
882,-1,-1,-1
883,-1,310,382
884,-1,-1,-1
885,-1,-1,383
886,-1,-1,-1
887,-1,-1,384
888,-1,-1,-1
889,-1,-1,-1
890,-1,-1,385
891,-1,311,-1
892,-1,-1,-1
893,-1,-1,-1
894,-1,-1,-1
895,-1,312,386
896,-1,-1,-1
897,-1,-1,-1
898,-1,313,387
899,-1,-1,388
900,-1,-1,389
901,-1,-1,-1
902,-1,314,390
903,-1,-1,-1
904,-1,-1,391
905,-1,-1,-1
906,-1,-1,392
907,-1,-1,-1
908,-1,-1,-1
909,-1,-1,-1
910,-1,-1,-1
911,-1,315,393
912,-1,316,394
913,-1,-1,-1
914,-1,-1,-1
915,-1,-1,-1
916,-1,-1,-1
917,-1,-1,-1
918,-1,-1,395
919,-1,317,396
920,-1,-1,-1
921,-1,318,397
922,-1,-1,398
923,-1,-1,-1
924,-1,319,399
925,-1,-1,-1
926,-1,-1,-1
927,-1,320,400
928,-1,-1,-1
929,-1,321,401
930,-1,322,402
931,-1,323,-1
932,-1,324,403
933,-1,-1,-1
934,-1,-1,-1
935,-1,-1,-1
936,-1,-1,-1
937,-1,325,404
938,-1,325,-1
939,-1,-1,-1
940,-1,-1,-1
941,-1,326,405
942,-1,-1,-1
943,-1,327,406
944,-1,328,407
945,-1,-1,-1
946,-1,-1,408
947,-1,-1,-1
948,-1,329,409
949,-1,330,410
950,-1,-1,-1
951,-1,-1,-1
952,-1,-1,-1
953,-1,331,411
954,-1,-1,-1
955,-1,-1,-1
956,-1,332,412
957,-1,333,413
958,-1,334,414
959,-1,-1,-1
960,-1,-1,-1
961,-1,-1,-1
962,-1,335,415
963,-1,-1,-1
964,-1,-1,-1
965,-1,336,416
966,-1,337,417
967,-1,-1,-1
968,-1,338,418
969,-1,-1,-1
970,-1,339,419
971,-1,340,420
972,-1,-1,-1
973,-1,341,421
974,-1,-1,422
975,-1,-1,423
976,-1,342,424
977,-1,-1,-1
978,-1,-1,-1
979,-1,-1,-1
980,-1,-1,-1
981,-1,-1,-1
982,-1,-1,-1
983,-1,343,425
984,-1,-1,-1
985,-1,344,426
986,-1,345,427
987,-1,-1,-1
988,-1,-1,-1
989,-1,346,428
990,-1,347,429
991,-1,348,430
992,-1,349,431
993,-1,-1,432
994,-1,350,433
995,-1,351,434
996,-1,-1,-1
997,-1,-1,-1
998,-1,352,435
999,-1,353,436
1000,-1,354,437
1001,-1,355,438
1002,-1,-1,-1
1003,-1,356,439
1004,-1,-1,-1
1005,-1,357,440
1006,-1,-1,-1
1007,-1,358,441
1008,-1,-1,-1
1009,-1,-1,-1
1010,-1,359,442
1011,-1,-1,-1
1012,-1,-1,-1
1013,-1,-1,-1
1014,-1,-1,-1
1015,-1,-1,-1
1016,-1,-1,-1
1017,-1,-1,443
1018,-1,360,-1
1019,-1,-1,-1
1020,-1,361,444
1021,-1,362,445
1022,-1,-1,-1
1023,-1,-1,446
1024,-1,-1,-1
1025,-1,-1,-1
1026,-1,-1,-1
1027,-1,-1,-1
1028,-1,-1,446
1029,-1,-1,-1
1030,-1,-1,-1
1031,-1,-1,-1
1032,-1,-1,-1
1033,-1,-1,-1
1034,-1,-1,446
1035,-1,-1,-1
1036,-1,363,447
1037,-1,364,448
1038,-1,364,449
1039,-1,-1,450
1040,-1,-1,-1
1041,-1,-1,-1
1042,-1,-1,-1
1043,-1,-1,-1
1044,-1,-1,-1
1045,-1,-1,451
1046,-1,-1,-1
1047,-1,-1,-1
1048,-1,-1,-1
1049,-1,-1,-1
1050,-1,-1,-1
1051,-1,-1,-1
1052,-1,365,-1
1053,-1,-1,-1
1054,-1,366,-1
1055,-1,367,452
1056,-1,-1,-1
1057,-1,-1,453
1058,-1,-1,-1
1059,-1,367,-1
1060,-1,368,454
1061,-1,-1,-1
1062,-1,-1,-1
1063,-1,-1,-1
1064,-1,369,455
1065,-1,-1,-1
1066,-1,-1,-1
1067,-1,-1,-1
1068,-1,-1,456
1069,-1,-1,-1
1070,-1,-1,-1
1071,-1,-1,-1
1072,-1,370,457
1073,-1,-1,-1
1074,-1,-1,-1
1075,-1,370,-1
1076,-1,370,458
1077,-1,-1,-1
1078,-1,371,459
1079,-1,372,460
1080,-1,373,461
1081,-1,-1,-1
1082,-1,-1,-1
1083,-1,374,462
1084,-1,375,463
1085,-1,-1,-1
1086,-1,376,-1
1087,-1,-1,464
1088,-1,377,465
1089,-1,378,466
1090,-1,-1,-1
1091,-1,-1,467
1092,-1,379,468
1093,-1,-1,-1
1094,-1,-1,-1
1095,-1,-1,-1
1096,-1,380,469
1097,-1,-1,470
1098,-1,-1,471
1099,-1,381,472
1100,-1,382,473
1101,-1,-1,474
1102,-1,383,475
1103,-1,-1,-1
1104,-1,-1,-1
1105,-1,-1,476
1106,-1,384,477
1107,-1,-1,478
1108,-1,-1,-1
1109,-1,385,479
1110,-1,-1,-1
1111,-1,386,-1
1112,-1,-1,-1
1113,-1,-1,-1
1114,-1,-1,-1
1115,-1,387,480
1116,-1,-1,-1
1117,-1,-1,-1
1118,-1,-1,-1
1119,-1,388,-1
1120,-1,-1,-1
1121,-1,-1,-1
1122,-1,-1,-1
1123,-1,389,481
1124,-1,-1,-1
1125,-1,390,482
1126,-1,391,-1
1127,-1,-1,-1
1128,-1,-1,-1
1129,-1,392,483
1130,-1,393,484
1131,-1,393,485
1132,-1,394,486
1133,-1,-1,-1
1134,-1,395,487
1135,-1,396,488
1136,-1,-1,-1
1137,-1,397,489
1138,-1,-1,-1
1139,-1,-1,-1
1140,-1,398,490
1141,-1,399,491
1142,-1,399,492
1143,-1,-1,-1
1144,-1,-1,493
1145,-1,-1,-1
1146,-1,-1,-1
1147,-1,400,-1
1148,-1,-1,-1
1149,-1,-1,-1
1150,-1,-1,-1
1151,-1,401,494
1152,-1,-1,-1
1153,-1,402,495
1154,-1,403,496
1155,-1,-1,-1
1156,-1,404,497
1157,-1,-1,-1
1158,-1,-1,498
1159,-1,405,499
1160,-1,406,500
1161,-1,407,-1
1162,-1,408,-1
1163,-1,-1,-1
1164,-1,-1,-1
1165,-1,-1,-1
1166,-1,409,501
1167,-1,-1,-1
1168,-1,410,502
1169,-1,-1,-1
1170,-1,411,503
1171,-1,412,-1
1172,-1,413,504
1173,-1,-1,505
1174,-1,414,506
1175,-1,-1,-1
1176,-1,415,507
1177,-1,-1,-1
1178,-1,416,-1
1179,-1,-1,508
1180,-1,417,509
1181,-1,418,510
1182,-1,-1,-1
1183,-1,-1,-1
1184,-1,419,511
1185,-1,-1,-1
1186,-1,420,512
1187,-1,-1,-1
1188,-1,-1,-1
1189,-1,-1,-1
1190,-1,-1,-1
1191,-1,421,513
1192,-1,-1,-1
1193,-1,422,514
1194,-1,423,515
1195,-1,-1,-1
1196,-1,-1,516
1197,-1,424,517
1198,-1,425,518
1199,-1,426,519
1200,-1,-1,-1
1201,-1,-1,-1
1202,-1,427,520
1203,-1,428,521
1204,-1,-1,-1
1205,-1,-1,-1
1206,-1,-1,522
1207,-1,-1,-1
1208,-1,-1,-1
1209,-1,-1,-1
1210,-1,-1,-1
1211,-1,-1,-1
1212,-1,-1,-1
1213,-1,-1,-1
1214,-1,-1,-1
1215,-1,429,523
1216,-1,-1,524
1217,-1,430,525
1218,-1,-1,-1
1219,-1,-1,-1
1220,-1,-1,-1
1221,-1,-1,-1
1222,-1,-1,-1
1223,-1,431,526
1224,-1,-1,-1
1225,-1,432,527
1226,-1,-1,-1
1227,-1,433,528
1228,-1,-1,-1
1229,-1,434,529
1230,-1,435,-1
1231,-1,436,530
1232,-1,-1,531
1233,-1,-1,-1
1234,-1,-1,-1
1235,-1,-1,-1
1236,-1,-1,532
1237,-1,437,533
1238,-1,438,534
1239,-1,-1,535
1240,-1,-1,-1
1241,-1,439,536
1242,-1,440,537
1243,-1,440,538
1244,-1,-1,-1
1245,-1,-1,-1
1246,-1,-1,539
1247,-1,-1,540
1248,-1,441,541
1249,-1,442,542
1250,-1,-1,543
1251,-1,-1,544
1252,-1,-1,-1
1253,-1,-1,545
1254,-1,-1,-1
1255,-1,-1,546
1256,-1,443,547
1257,-1,444,548
1258,5,-1,-1
1259,-1,445,549
1260,-1,-1,-1
1261,-1,-1,-1
1262,-1,-1,550
1263,-1,-1,-1
1264,-1,-1,-1
1265,-1,446,551
1266,-1,-1,-1
1267,-1,-1,552
1268,-1,447,553
1269,-1,-1,-1
1270,-1,-1,-1
1271,-1,448,554
1272,-1,449,-1
1273,-1,-1,-1
1274,-1,-1,-1
1275,-1,-1,-1
1276,-1,-1,-1
1277,-1,-1,-1
1278,-1,450,555
1279,-1,-1,-1
1280,-1,-1,-1
1281,-1,-1,-1
1282,-1,-1,556
1283,-1,-1,557
1284,-1,451,558
1285,-1,452,559
1286,-1,-1,-1
1287,-1,-1,560
1288,-1,-1,-1
1289,-1,453,561
1290,-1,-1,562
1291,-1,-1,-1
1292,-1,-1,-1
1293,-1,-1,-1
1294,-1,454,563
1295,-1,455,564
1296,-1,456,565
1297,-1,-1,-1
1298,-1,-1,-1
1299,-1,-1,-1
1300,-1,457,566
1301,-1,-1,-1
1302,-1,-1,-1
1303,-1,458,567
1304,-1,-1,-1
1305,-1,-1,568
1306,-1,-1,569
1307,-1,459,570
1308,-1,460,571
1309,-1,461,572
1310,-1,-1,-1
1311,-1,-1,-1
1312,-1,462,-1
1313,-1,-1,-1
1314,-1,463,573
1315,-1,-1,-1
1316,-1,-1,-1
1317,-1,-1,-1
1318,-1,-1,-1
1319,-1,-1,-1
1320,-1,463,-1
1321,-1,-1,-1
1322,-1,464,574
1323,-1,465,575
1324,-1,-1,-1
1325,-1,466,576
1326,-1,467,-1
1327,-1,468,-1
1328,-1,-1,-1
1329,-1,-1,-1
1330,-1,-1,-1
1331,-1,-1,-1
1332,-1,469,577
1333,-1,-1,-1
1334,-1,-1,-1
1335,-1,-1,-1
1336,-1,-1,-1
1337,-1,470,578
1338,-1,-1,-1
1339,-1,-1,-1
1340,-1,-1,-1
1341,-1,-1,-1
1342,-1,-1,-1
1343,-1,471,579
1344,-1,-1,-1
1345,-1,-1,580
1346,-1,-1,-1
1347,-1,-1,-1
1348,-1,-1,-1
1349,-1,-1,-1
1350,-1,-1,581
1351,-1,-1,582
1352,-1,-1,-1
1353,-1,-1,583
1354,-1,-1,-1
1355,-1,471,584
1356,-1,472,585
1357,-1,-1,-1
1358,-1,-1,-1
1359,-1,473,586
1360,-1,-1,-1
1361,-1,-1,587
1362,-1,474,588
1363,-1,475,-1
1364,-1,-1,589
1365,-1,-1,-1
1366,-1,-1,-1
1367,-1,-1,-1
1368,-1,-1,-1
1369,-1,-1,-1
1370,-1,476,590
1371,-1,-1,-1
1372,-1,-1,-1
1373,-1,477,591
1374,-1,478,592
1375,-1,479,593
1376,-1,480,594
1377,-1,-1,595
1378,-1,-1,596
1379,-1,-1,597
1380,-1,-1,-1
1381,-1,481,598
1382,-1,-1,-1
1383,-1,482,599
1384,-1,-1,600
1385,-1,483,601
1386,-1,-1,-1
1387,-1,-1,-1
1388,-1,-1,-1
1389,-1,-1,-1
1390,-1,-1,602
1391,-1,-1,603
1392,-1,484,604
1393,-1,485,605
1394,-1,486,606
1395,-1,487,607
1396,-1,-1,-1
1397,-1,-1,-1
1398,-1,-1,-1
1399,-1,488,608
1400,-1,-1,-1
1401,-1,-1,-1
1402,-1,-1,-1
1403,-1,-1,-1
1404,-1,-1,-1
1405,-1,-1,609
1406,-1,489,610
1407,-1,-1,-1
1408,-1,-1,611
1409,-1,-1,-1
1410,-1,-1,-1
1411,-1,-1,-1
1412,-1,490,612
1413,-1,491,613
1414,-1,-1,-1
1415,-1,492,-1
1416,-1,493,614
1417,-1,-1,-1
1418,-1,-1,-1
1419,-1,494,615
1420,-1,-1,-1
1421,-1,-1,-1
1422,-1,-1,-1
1423,-1,495,-1
1424,-1,-1,-1
1425,-1,-1,-1
1426,-1,496,616
1427,-1,-1,617
1428,-1,-1,-1
1429,-1,497,618
1430,-1,-1,-1
1431,-1,-1,619
1432,-1,498,620
1433,-1,-1,-1
1434,-1,499,621
1435,-1,-1,-1
1436,-1,-1,-1
1437,-1,-1,-1
1438,-1,-1,-1
1439,-1,500,622
1440,-1,-1,-1
1441,-1,-1,-1
1442,-1,-1,-1
1443,-1,501,623
1444,-1,502,624
1445,-1,503,625
1446,-1,-1,-1
1447,-1,-1,626
1448,-1,504,627
1449,-1,-1,-1
1450,-1,505,628
1451,-1,506,629
1452,-1,507,630
1453,-1,-1,-1
1454,-1,-1,-1
1455,-1,508,631
1456,-1,509,632
1457,-1,-1,-1
1458,-1,-1,-1
1459,-1,-1,-1
1460,-1,510,633
1461,-1,510,634
1462,-1,511,635
1463,-1,512,636
1464,-1,513,637
1465,-1,514,638
1466,-1,-1,-1
1467,-1,-1,-1
1468,-1,-1,-1
1469,-1,-1,-1
1470,-1,515,639
1471,-1,-1,-1
1472,-1,516,639
1473,-1,-1,-1
1474,-1,517,640
1475,-1,518,641
1476,-1,-1,-1
1477,-1,519,-1
1478,-1,520,642
1479,-1,-1,-1
1480,-1,-1,-1
1481,-1,521,643
1482,-1,522,644
1483,-1,522,645
1484,-1,523,646
1485,-1,524,647
1486,-1,-1,-1
1487,-1,-1,-1
1488,-1,-1,-1
1489,-1,525,648
1490,-1,-1,649
1491,-1,-1,-1
1492,-1,-1,-1
1493,-1,-1,-1
1494,-1,-1,-1
1495,-1,-1,650
1496,-1,-1,-1
1497,-1,-1,651
1498,-1,-1,-1
1499,-1,-1,-1
1500,-1,-1,-1
1501,-1,526,652
1502,-1,527,653
1503,-1,-1,-1
1504,-1,-1,-1
1505,-1,528,654
1506,-1,529,-1
1507,-1,530,655
1508,-1,531,-1
1509,-1,532,656
1510,-1,-1,-1
1511,-1,533,657
1512,-1,-1,658
1513,-1,534,659
1514,-1,-1,660
1515,-1,-1,-1
1516,-1,-1,-1
1517,-1,-1,-1
1518,-1,-1,-1
1519,-1,-1,-1
1520,-1,-1,-1
1521,-1,-1,-1
1522,-1,-1,-1
1523,-1,-1,-1
1524,-1,-1,661
1525,-1,-1,-1
1526,-1,535,662
1527,-1,-1,-1
1528,-1,-1,-1
1529,-1,536,663
1530,-1,537,664
1531,-1,-1,-1
1532,-1,-1,-1
1533,-1,538,665
1534,-1,539,-1
1535,-1,540,666
1536,-1,-1,-1
1537,-1,-1,-1
1538,-1,-1,-1
1539,-1,-1,-1
1540,-1,-1,-1
1541,-1,-1,667
1542,-1,541,668
1543,-1,-1,-1
1544,-1,-1,-1
1545,-1,-1,-1
1546,-1,542,669
1547,-1,-1,-1
1548,-1,-1,-1
1549,-1,-1,-1
1550,-1,-1,-1
1551,-1,-1,-1
1552,-1,-1,-1
1553,-1,-1,-1
1554,-1,-1,-1
1555,-1,543,670
1556,-1,543,671
1557,-1,544,672
1558,-1,545,673
1559,-1,-1,-1
1560,-1,-1,-1
1561,-1,-1,-1
1562,-1,-1,674
1563,-1,546,675
1564,-1,-1,-1
1565,-1,547,676
1566,-1,548,677
1567,-1,549,678
1568,-1,-1,-1
1569,-1,-1,-1
1570,-1,-1,679
1571,-1,-1,680
1572,-1,-1,-1
1573,-1,-1,-1
1574,-1,550,681
1575,-1,551,682
1576,-1,552,683
1577,-1,553,684
1578,-1,-1,685
1579,-1,-1,-1
1580,-1,554,686
1581,-1,555,-1
1582,-1,-1,-1
1583,-1,-1,687
1584,-1,-1,-1
1585,-1,-1,-1
1586,-1,-1,-1
1587,-1,556,688
1588,-1,557,689
1589,-1,558,690
1590,-1,559,691
1591,-1,-1,-1
1592,-1,-1,-1
1593,-1,560,692
1594,-1,-1,-1
1595,-1,-1,-1
1596,-1,-1,-1
1597,-1,-1,693
1598,-1,-1,-1
1599,-1,-1,-1
1600,-1,-1,-1
1601,-1,-1,-1
1602,-1,561,694
1603,-1,562,695
1604,-1,-1,-1
1605,-1,-1,-1
1606,-1,563,696
1607,-1,564,697
1608,-1,-1,-1
1609,-1,-1,-1
1610,-1,565,698
1611,-1,-1,-1
1612,-1,-1,699
1613,-1,-1,-1
1614,-1,566,700
1615,-1,-1,-1
1616,-1,-1,-1
1617,-1,-1,-1
1618,-1,567,701
1619,-1,-1,-1
1620,-1,-1,-1
1621,-1,-1,-1
1622,-1,-1,-1
1623,-1,-1,-1
1624,-1,568,702
1625,-1,-1,-1
1626,-1,-1,-1
1627,-1,569,703
1628,-1,-1,-1
1629,-1,-1,-1
1630,-1,570,704
1631,-1,-1,705
1632,-1,-1,-1
1633,-1,-1,706
1634,-1,571,707
1635,-1,-1,708
1636,-1,572,709
1637,-1,-1,-1
1638,-1,572,710
1639,-1,573,711
1640,-1,573,712
1641,-1,574,713
1642,-1,575,714
1643,-1,-1,-1
1644,-1,-1,-1
1645,-1,-1,-1
1646,-1,-1,-1
1647,-1,576,715
1648,-1,-1,-1
1649,-1,-1,-1
1650,-1,-1,716
1651,-1,-1,-1
1652,-1,-1,-1
1653,-1,-1,-1
1654,-1,-1,717
1655,-1,577,718
1656,-1,-1,719
1657,-1,-1,-1
1658,-1,-1,-1
1659,-1,-1,-1
1660,-1,-1,-1
1661,-1,-1,-1
1662,-1,-1,-1
1663,-1,578,720
1664,-1,579,721
1665,-1,-1,-1
1666,-1,-1,-1
1667,-1,-1,-1
1668,-1,-1,-1
1669,-1,-1,-1
1670,-1,580,722
1671,-1,581,723
1672,-1,-1,-1
1673,-1,582,724
1674,-1,583,725
1675,-1,-1,-1
1676,-1,584,726
1677,-1,585,727
1678,-1,586,728
1679,-1,-1,-1
1680,-1,587,-1
1681,-1,587,729
1682,-1,-1,-1
1683,-1,-1,-1
1684,-1,588,730
1685,-1,589,731
1686,-1,-1,732
1687,-1,590,733
1688,-1,-1,734
1689,-1,-1,-1
1690,-1,591,735
1691,-1,592,736
1692,-1,-1,-1
1693,-1,-1,-1
1694,-1,593,-1
1695,-1,-1,-1
1696,-1,594,737
1697,-1,-1,-1
1698,-1,595,738
1699,-1,-1,-1
1700,-1,-1,-1
1701,-1,-1,-1
1702,-1,-1,739
1703,-1,596,-1
1704,-1,-1,-1
1705,-1,-1,-1
1706,-1,-1,-1
1707,-1,-1,-1
1708,-1,597,740
1709,-1,-1,-1
1710,-1,598,741
1711,-1,-1,-1
1712,-1,-1,742
1713,-1,-1,-1
1714,-1,599,743
1715,-1,-1,-1
1716,-1,-1,744
1717,-1,-1,-1
1718,-1,-1,-1
1719,-1,-1,-1
1720,-1,-1,745
1721,-1,-1,-1
1722,-1,-1,-1
1723,-1,-1,-1
1724,-1,600,746
1725,-1,601,747
1726,-1,602,748
1727,-1,-1,-1
1728,-1,-1,-1
1729,-1,-1,-1
1730,-1,602,749
1731,-1,603,750
1732,-1,-1,-1
1733,-1,-1,-1
1734,-1,604,751
1735,-1,-1,-1
1736,-1,605,752
1737,-1,-1,-1
1738,-1,-1,-1
1739,-1,-1,753
1740,-1,606,754
1741,-1,607,755
1742,-1,-1,-1
1743,-1,-1,-1
1744,-1,608,756
1745,-1,-1,-1
1746,-1,-1,-1
1747,-1,-1,-1
1748,-1,609,757
1749,-1,610,758
1750,-1,-1,-1
1751,-1,611,759
1752,-1,-1,-1
1753,-1,-1,-1
1754,-1,-1,-1
1755,-1,-1,-1
1756,-1,-1,-1
1757,-1,-1,-1
1758,-1,612,-1
1759,-1,-1,-1
1760,-1,613,760
1761,-1,614,761
1762,-1,615,762
1763,-1,-1,-1
1764,-1,616,763
1765,-1,617,764
1766,-1,-1,765
1767,-1,-1,-1
1768,-1,-1,766
1769,-1,-1,-1
1770,-1,618,767
1771,-1,619,768
1772,-1,-1,-1
1773,-1,-1,-1
1774,-1,620,769
1775,-1,-1,-1
1776,-1,-1,-1
1777,-1,621,770
1778,-1,622,771
1779,-1,623,772
1780,-1,624,773
1781,-1,625,-1
1782,-1,-1,-1
1783,-1,626,774
1784,-1,-1,-1
1785,-1,-1,-1
1786,-1,-1,-1
1787,-1,-1,-1
1788,-1,627,775
1789,-1,-1,-1
1790,-1,-1,-1
1791,-1,-1,-1
1792,-1,-1,776
1793,-1,-1,777
1794,-1,628,778
1795,-1,-1,-1
1796,-1,-1,-1
1797,-1,-1,-1
1798,-1,629,779
1799,-1,-1,780
1800,-1,630,781
1801,-1,631,782
1802,-1,-1,-1
1803,-1,632,783
1804,-1,-1,-1
1805,-1,-1,-1
1806,-1,-1,784
1807,-1,-1,-1
1808,-1,-1,-1
1809,-1,633,785
1810,-1,-1,786
1811,-1,-1,787
1812,-1,-1,-1
1813,-1,-1,788
1814,-1,634,789
1815,-1,635,790
1816,-1,-1,791
1817,-1,636,792
1818,-1,-1,-1
1819,-1,637,793
1820,-1,-1,-1
1821,-1,638,794
1822,-1,639,-1
1823,-1,-1,-1
1824,-1,640,795
1825,-1,641,796
1826,-1,-1,-1
1827,-1,642,797
1828,-1,643,798
1829,-1,-1,-1
1830,-1,644,799
1831,-1,645,800
1832,-1,-1,-1
1833,-1,646,801
1834,-1,-1,-1
1835,-1,647,802
1836,-1,647,803
1837,-1,-1,804
1838,-1,-1,805
1839,-1,-1,806
1840,-1,648,807
1841,-1,649,808
1842,-1,-1,-1
1843,-1,650,809
1844,-1,-1,810
1845,-1,651,811
1846,-1,-1,-1
1847,-1,652,812
1848,-1,-1,813
1849,-1,-1,814
1850,-1,653,815
1851,-1,-1,-1
1852,-1,-1,-1
1853,-1,-1,-1
1854,-1,-1,-1
1855,-1,654,816
1856,-1,-1,-1
1857,-1,-1,-1
1858,-1,-1,-1
1859,-1,655,817
1860,-1,656,818
1861,-1,657,819
1862,-1,658,820
1863,-1,659,-1
1864,-1,660,-1
1865,-1,661,821
1866,-1,-1,822
1867,-1,662,823
1868,-1,663,-1
1869,-1,-1,-1
1870,-1,664,824
1871,-1,665,825
1872,-1,-1,-1
1873,-1,-1,826
1874,-1,666,827
1875,-1,667,827
1876,-1,-1,-1
1877,-1,-1,-1
1878,-1,-1,-1
1879,-1,-1,828
1880,-1,668,829
1881,-1,669,830
1882,-1,-1,-1
1883,-1,-1,-1
1884,-1,-1,-1
1885,-1,-1,-1
1886,-1,670,-1
1887,-1,-1,-1
1888,-1,671,831
1889,-1,-1,-1
1890,-1,-1,832
1891,-1,-1,-1
1892,-1,672,833
1893,-1,-1,-1
1894,-1,-1,-1
1895,-1,-1,834
1896,-1,-1,835
1897,-1,-1,-1
1898,-1,-1,-1
1899,-1,-1,-1
1900,-1,-1,-1
1901,-1,-1,-1
1902,-1,-1,836
1903,-1,-1,-1
1904,-1,673,837
1905,-1,674,838
1906,-1,675,839
1907,-1,-1,-1
1908,-1,-1,-1
1909,-1,676,840
1910,-1,677,841
1911,-1,-1,-1
1912,-1,-1,842
1913,-1,-1,-1
1914,-1,-1,-1
1915,-1,678,843
1916,-1,679,844
1917,-1,-1,-1
1918,-1,-1,-1
1919,-1,-1,-1
1920,-1,680,845
1921,-1,-1,-1
1922,-1,681,846
1923,-1,-1,-1
1924,-1,682,847
1925,-1,683,848
1926,-1,-1,-1
1927,-1,-1,849
1928,-1,-1,-1
1929,-1,-1,-1
1930,-1,-1,-1
1931,-1,-1,-1
1932,-1,-1,-1
1933,-1,684,850
1934,-1,-1,-1
1935,-1,685,851
1936,-1,-1,-1
1937,-1,686,852
1938,-1,687,853
1939,-1,688,854
1940,-1,-1,-1
1941,-1,-1,-1
1942,-1,689,855
1943,-1,690,856
1944,-1,691,857
1945,-1,692,858
1946,-1,-1,-1
1947,-1,-1,-1
1948,-1,-1,-1
1949,-1,-1,-1
1950,-1,693,859
1951,-1,-1,-1
1952,-1,694,860
1953,-1,-1,-1
1954,-1,695,861
1955,-1,-1,-1
1956,-1,-1,-1
1957,-1,696,-1
1958,-1,697,-1
1959,-1,-1,-1
1960,-1,698,862
1961,-1,699,863
1962,-1,699,864
1963,-1,-1,-1
1964,-1,700,865
1965,-1,-1,-1
1966,-1,701,866
1967,-1,702,867
1968,-1,-1,-1
1969,-1,-1,-1
1970,-1,-1,-1
1971,-1,-1,868
1972,-1,703,869
1973,-1,-1,-1
1974,-1,-1,-1
1975,-1,-1,-1
1976,-1,-1,-1
1977,-1,704,870
1978,-1,-1,-1
1979,-1,705,-1
1980,-1,-1,-1
1981,-1,-1,871
1982,-1,-1,-1
1983,-1,-1,-1
1984,-1,-1,-1
1985,-1,-1,-1
1986,-1,-1,872
1987,-1,-1,-1
1988,-1,-1,873
1989,-1,-1,-1
1990,-1,706,874
1991,-1,-1,-1
1992,-1,707,874
1993,-1,-1,-1
1994,-1,-1,-1
1995,-1,708,875
1996,-1,-1,-1
1997,6,-1,-1
1998,-1,-1,876
1999,-1,-1,-1
2000,-1,-1,-1
2001,-1,-1,-1
2002,-1,-1,-1
2003,-1,-1,-1
2004,-1,-1,-1
2005,-1,-1,877
2006,-1,709,878
2007,-1,-1,-1
2008,-1,710,879
2009,-1,-1,-1
2010,-1,-1,880
2011,-1,711,881
2012,-1,-1,-1
2013,-1,-1,-1
2014,-1,712,882
2015,-1,-1,-1
2016,-1,713,883
2017,-1,-1,-1
2018,-1,-1,884
2019,-1,-1,-1
2020,7,-1,-1
2021,-1,-1,-1
2022,-1,714,885
2023,-1,-1,-1
2024,-1,715,886
2025,-1,716,887
2026,-1,-1,-1
2027,-1,717,888
2028,-1,-1,889
2029,-1,718,890
2030,-1,719,-1
2031,-1,720,891
2032,-1,721,892
2033,-1,-1,-1
2034,-1,-1,-1
2035,-1,-1,-1
2036,8,-1,-1
2037,-1,-1,-1
2038,-1,-1,893
2039,-1,722,-1
2040,-1,-1,894
2041,-1,-1,-1
2042,-1,-1,-1
2043,-1,723,895
2044,-1,-1,-1
2045,-1,724,896
2046,-1,725,897
2047,-1,726,898
2048,-1,727,899
2049,-1,-1,-1
2050,-1,-1,-1
2051,-1,728,900
2052,-1,-1,-1
2053,-1,-1,-1
2054,-1,-1,-1
2055,-1,-1,901
2056,-1,-1,-1
2057,-1,729,902
2058,-1,-1,-1
2059,-1,730,903
2060,-1,-1,-1
2061,-1,-1,-1
2062,-1,731,-1
2063,-1,732,904
2064,-1,733,905
2065,-1,-1,-1
2066,-1,-1,-1
2067,-1,-1,-1
2068,-1,-1,-1
2069,-1,-1,-1
2070,-1,-1,-1
2071,-1,734,906
2072,-1,-1,907
2073,-1,735,908
2074,-1,736,909
2075,-1,736,910
2076,-1,-1,-1
2077,-1,-1,-1
2078,-1,-1,911
2079,-1,-1,-1
2080,-1,-1,-1
2081,-1,737,912
2082,-1,738,913
2083,-1,-1,-1
2084,-1,739,914
2085,-1,-1,-1
2086,-1,740,915
2087,-1,-1,-1
2088,-1,-1,-1
2089,-1,-1,916
2090,-1,741,-1
2091,-1,742,917
2092,-1,-1,-1
2093,-1,-1,-1
2094,-1,743,918
2095,-1,-1,-1
2096,-1,744,919
2097,-1,745,920
2098,-1,-1,-1
2099,-1,746,921
2100,-1,747,922
2101,-1,-1,-1
2102,-1,748,923
2103,-1,749,924
2104,-1,-1,-1
2105,-1,750,925
2106,-1,-1,-1
2107,-1,751,926
2108,-1,-1,-1
2109,-1,-1,-1
2110,-1,752,927
2111,-1,-1,-1
2112,-1,-1,-1
2113,-1,753,928
2114,-1,754,929
2115,-1,-1,-1
2116,-1,-1,-1
2117,-1,-1,-1
2118,-1,-1,-1
2119,-1,755,930
2120,-1,-1,-1
2121,-1,-1,-1
2122,-1,756,931
2123,-1,-1,-1
2124,-1,757,932
2125,-1,-1,-1
2126,-1,-1,-1
2127,-1,758,933
2128,-1,-1,-1
2129,-1,759,934
2130,-1,760,935
2131,-1,-1,936
2132,-1,761,937
2133,-1,-1,-1
2134,-1,-1,-1
2135,-1,762,938
2136,-1,-1,939
2137,-1,-1,940
2138,-1,-1,-1
2139,-1,-1,-1
2140,-1,-1,-1
2141,-1,-1,-1
2142,-1,-1,-1
2143,-1,-1,-1
2144,-1,-1,-1
2145,-1,763,941
2146,-1,-1,942
2147,-1,-1,-1
2148,-1,-1,-1
2149,-1,-1,-1
2150,-1,764,-1
2151,-1,-1,-1
2152,-1,-1,-1
2153,-1,765,943
2154,-1,766,944
2155,-1,-1,945
2156,-1,-1,946
2157,-1,-1,-1
2158,-1,-1,-1
2159,-1,-1,-1
2160,-1,767,947
2161,-1,-1,-1
2162,-1,768,948
2163,-1,-1,-1
2164,-1,-1,-1
2165,-1,-1,-1
2166,-1,-1,-1
2167,-1,-1,949
2168,-1,-1,-1
2169,-1,769,950
2170,-1,-1,-1
2171,-1,-1,-1
2172,-1,770,951
2173,-1,-1,-1
2174,-1,-1,-1
2175,-1,771,952
2176,-1,772,953
2177,-1,-1,954
2178,-1,-1,-1
2179,-1,773,-1
2180,-1,-1,-1
2181,-1,-1,-1
2182,-1,774,955
2183,-1,775,955
2184,-1,-1,-1
2185,-1,-1,-1
2186,-1,-1,-1
2187,-1,-1,-1
2188,-1,776,-1
2189,-1,777,956
2190,-1,-1,-1
2191,-1,778,957
2192,-1,-1,-1
2193,-1,779,958
2194,-1,-1,-1
2195,-1,-1,959
2196,-1,780,960
2197,-1,-1,-1
2198,-1,-1,-1
2199,-1,781,961
2200,-1,-1,962
2201,-1,-1,-1
2202,-1,-1,-1
2203,-1,-1,-1
2204,-1,-1,-1
2205,-1,-1,963
2206,-1,782,964
2207,-1,783,965
2208,-1,784,966
2209,-1,-1,-1
2210,-1,-1,967
2211,-1,-1,-1
2212,-1,-1,-1
2213,-1,785,968
2214,-1,786,969
2215,-1,-1,-1
2216,-1,787,970
2217,-1,788,-1
2218,-1,-1,-1
2219,-1,789,971
2220,-1,-1,-1
2221,-1,790,972
2222,-1,-1,-1
2223,-1,791,-1
2224,-1,-1,-1
2225,-1,-1,-1
2226,-1,792,973
2227,-1,-1,-1
2228,-1,793,974
2229,-1,-1,-1
2230,-1,794,975
2231,-1,795,976
2232,-1,-1,-1
2233,-1,-1,-1
2234,-1,796,977
2235,-1,-1,-1
2236,-1,797,978
2237,-1,-1,979
2238,-1,798,980
2239,-1,-1,-1
2240,-1,-1,-1
2241,-1,799,981
2242,-1,-1,982
2243,-1,-1,-1
2244,-1,800,983
2245,-1,-1,-1
2246,-1,-1,-1
2247,-1,-1,-1
2248,-1,801,984
2249,-1,-1,-1
2250,-1,-1,-1
2251,-1,-1,-1
2252,-1,802,985
2253,-1,803,986
2254,-1,804,987
2255,-1,-1,988
2256,-1,-1,-1
2257,-1,-1,-1
2258,-1,-1,-1
2259,-1,805,989
2260,-1,806,990
2261,-1,807,991
2262,-1,-1,-1
2263,-1,-1,-1
2264,-1,-1,-1
2265,-1,808,-1
2266,-1,-1,-1
2267,-1,809,992
2268,-1,-1,-1
2269,-1,-1,993
2270,-1,810,994
2271,-1,-1,-1
2272,-1,811,-1
2273,-1,812,995
2274,-1,-1,996
2275,-1,813,997
2276,-1,814,998
2277,-1,815,999
2278,-1,-1,-1
2279,-1,-1,1000
2280,-1,-1,-1
2281,-1,-1,-1
2282,-1,-1,-1
2283,-1,816,1001
2284,-1,-1,-1
2285,-1,817,1002
2286,-1,-1,-1
2287,-1,-1,-1
2288,-1,-1,-1
2289,-1,-1,-1
2290,-1,818,1003
2291,-1,-1,1004
2292,-1,-1,-1
2293,-1,819,1005
2294,-1,-1,-1
2295,-1,-1,-1
2296,-1,-1,-1
2297,-1,820,1006
2298,-1,-1,1007
2299,-1,-1,-1
2300,-1,821,1008
2301,-1,-1,-1
2302,-1,-1,-1
2303,-1,-1,-1
2304,-1,-1,-1
2305,-1,-1,-1
2306,-1,-1,1009
2307,-1,-1,-1
2308,-1,-1,-1
2309,-1,-1,1010
2310,-1,-1,-1
2311,-1,-1,-1
2312,-1,-1,1011
2313,-1,-1,-1
2314,-1,-1,1012
2315,-1,-1,-1
2316,-1,822,-1
2317,-1,-1,-1
2318,-1,-1,-1
2319,-1,-1,-1
2320,-1,-1,-1
2321,-1,-1,-1
2322,-1,-1,1013
2323,-1,-1,-1
2324,-1,823,1014
2325,-1,-1,1015
2326,-1,-1,-1
2327,-1,824,1016
2328,-1,-1,1017
2329,-1,-1,1018
2330,-1,-1,-1
2331,-1,-1,-1
2332,-1,825,1019
2333,-1,-1,-1
2334,-1,-1,-1
2335,-1,-1,-1
2336,-1,826,1020
2337,-1,-1,-1
2338,-1,-1,-1
2339,-1,-1,-1
2340,-1,-1,-1
2341,-1,-1,-1
2342,-1,-1,-1
2343,-1,-1,-1
2344,-1,-1,1021
2345,-1,827,1022
2346,-1,-1,-1
2347,-1,-1,-1
2348,-1,-1,-1
2349,-1,-1,-1
2350,-1,828,1023
2351,-1,829,-1
2352,-1,830,1024
2353,-1,-1,-1
2354,-1,-1,-1
2355,-1,-1,-1
2356,-1,-1,-1
2357,-1,831,1025
2358,-1,-1,-1
2359,-1,-1,-1
2360,-1,832,-1
2361,-1,-1,-1
2362,-1,-1,-1
2363,-1,-1,-1
2364,-1,-1,-1
2365,-1,833,1026
2366,-1,-1,-1
2367,-1,-1,1027
2368,-1,834,-1
2369,-1,-1,-1
2370,-1,-1,-1
2371,-1,-1,1028
2372,-1,835,1029
2373,-1,836,-1
2374,-1,836,1030
2375,-1,837,1031
2376,-1,-1,-1
2377,-1,-1,-1
2378,-1,838,-1
2379,-1,839,1032
2380,-1,-1,-1
2381,-1,840,1033
2382,-1,841,-1
2383,-1,-1,-1
2384,-1,-1,-1
2385,-1,-1,-1
2386,-1,-1,-1
2387,-1,-1,-1
2388,-1,-1,-1
2389,-1,-1,1034
2390,-1,-1,-1
2391,-1,-1,-1
2392,-1,-1,-1
2393,-1,-1,1035
2394,-1,-1,-1
2395,-1,842,1036
2396,-1,843,1037
2397,-1,844,1038
2398,-1,-1,-1
2399,-1,845,1039
2400,-1,846,1040
2401,-1,847,1041
2402,-1,-1,-1
2403,-1,848,1042
2404,-1,-1,-1
2405,-1,849,1043
2406,-1,-1,-1
2407,-1,-1,-1
2408,-1,-1,-1
2409,-1,850,1044
2410,-1,-1,-1
2411,-1,-1,-1
2412,-1,851,1045
2413,-1,-1,1046
2414,-1,-1,-1
2415,-1,-1,-1
2416,-1,852,1047
2417,-1,853,1048
2418,-1,854,1049
2419,-1,-1,-1
2420,-1,-1,1050
2421,-1,-1,-1
2422,-1,855,-1
2423,-1,856,1051
2424,-1,-1,-1
2425,-1,857,1052
2426,-1,-1,-1
2427,-1,-1,1053
2428,-1,858,1054
2429,-1,859,1055
2430,-1,-1,-1
2431,-1,-1,-1
2432,-1,-1,-1
2433,-1,-1,-1
2434,-1,-1,-1
2435,-1,-1,-1
2436,-1,-1,1056
2437,-1,-1,-1
2438,-1,-1,-1
2439,-1,-1,-1
2440,-1,-1,1057
2441,-1,860,1058
2442,-1,-1,-1
2443,-1,861,1059
2444,-1,-1,1060
2445,-1,862,1061
2446,-1,-1,-1
2447,-1,-1,-1
2448,-1,863,1062
2449,-1,864,1063
2450,-1,-1,-1
2451,-1,-1,-1
2452,-1,865,-1
2453,-1,-1,-1
2454,-1,866,1064
2455,-1,867,1065
2456,-1,-1,-1
2457,-1,-1,-1
2458,-1,-1,-1
2459,-1,868,1065
2460,-1,-1,1066
2461,-1,869,1067
2462,-1,-1,-1
2463,-1,870,1068
2464,-1,-1,-1
2465,-1,871,1069
2466,-1,-1,-1
2467,-1,-1,-1
2468,-1,871,1070
2469,-1,-1,1071
2470,-1,-1,-1
2471,-1,-1,1072
2472,-1,871,1073
2473,-1,-1,-1
2474,-1,872,1073
2475,-1,-1,-1
2476,-1,873,1074
2477,-1,874,1075
2478,-1,-1,-1
2479,-1,875,1076
2480,-1,876,1077
2481,-1,-1,-1
2482,-1,877,1078
2483,9,878,1079
2484,-1,-1,-1
2485,-1,879,1080
2486,-1,-1,1081
2487,-1,-1,-1
2488,-1,-1,-1
2489,-1,-1,-1
2490,-1,-1,-1
2491,-1,-1,-1
2492,-1,880,1082
2493,-1,881,1083
2494,-1,-1,-1
2495,-1,-1,-1
2496,-1,882,-1
2497,-1,-1,1084
2498,-1,-1,-1
2499,-1,-1,-1
2500,-1,-1,-1
2501,-1,-1,-1
2502,-1,-1,-1
2503,-1,-1,-1
2504,-1,-1,-1
2505,-1,-1,-1
2506,-1,883,-1
2507,-1,884,1085
2508,-1,-1,-1
2509,-1,885,1086
2510,-1,886,1087
2511,-1,886,1088
2512,-1,-1,1089
2513,-1,-1,1090
2514,-1,-1,-1
2515,-1,-1,-1
2516,-1,887,1091
2517,-1,-1,-1
2518,-1,888,1092
2519,-1,889,1093
2520,-1,890,1094
2521,-1,891,1095
2522,-1,892,-1
2523,-1,-1,-1
2524,-1,893,1096
2525,-1,894,1097
2526,-1,-1,1098
2527,-1,895,1099
2528,-1,-1,-1
2529,-1,-1,-1
2530,-1,-1,-1
2531,-1,896,1100
2532,-1,-1,1101
2533,-1,-1,-1
2534,-1,-1,1102
2535,-1,-1,1103
2536,-1,897,-1
2537,-1,-1,-1
2538,-1,898,1104
2539,-1,-1,-1
2540,-1,-1,1105
2541,-1,899,-1
2542,-1,-1,-1
2543,-1,-1,-1
2544,-1,-1,-1
2545,-1,-1,-1
2546,-1,900,1106
2547,-1,-1,-1
2548,-1,901,-1
2549,-1,-1,1107
2550,-1,902,-1
2551,-1,-1,-1
2552,-1,903,-1
2553,-1,-1,-1
2554,-1,-1,-1
2555,-1,-1,-1
2556,-1,-1,1108
2557,-1,-1,-1
2558,-1,-1,-1
2559,-1,-1,-1
2560,-1,904,1109
2561,-1,-1,-1
2562,-1,-1,-1
2563,-1,-1,-1
2564,-1,-1,-1
2565,-1,905,-1
2566,-1,-1,-1
2567,-1,906,1110
2568,-1,-1,-1
2569,-1,-1,-1
2570,-1,907,1111
2571,-1,908,1112
2572,-1,-1,-1
2573,-1,-1,-1
2574,-1,-1,-1
2575,-1,909,1113
2576,-1,910,1114
2577,-1,911,1115
2578,-1,-1,1116
2579,-1,-1,-1
2580,-1,-1,1117
2581,-1,912,-1
2582,-1,-1,-1
2583,-1,-1,-1
2584,-1,913,1118
2585,-1,-1,1119
2586,-1,914,1120
2587,-1,-1,-1
2588,-1,-1,-1
2589,-1,-1,-1
2590,-1,-1,-1
2591,-1,915,1121
2592,-1,916,1122
2593,-1,-1,-1
2594,-1,-1,-1
2595,-1,917,1123
2596,-1,-1,-1
2597,-1,918,1124
2598,-1,919,1125
2599,-1,-1,1126
2600,-1,-1,-1
2601,-1,-1,-1
2602,-1,920,1127
2603,-1,-1,-1
2604,-1,-1,-1
2605,-1,-1,-1
2606,-1,-1,-1
2607,-1,-1,-1
2608,-1,-1,1128
2609,-1,-1,-1
2610,-1,921,1129
2611,-1,-1,-1
2612,10,-1,-1
2613,-1,922,-1
2614,-1,-1,-1
2615,-1,-1,-1
2616,-1,-1,-1
2617,-1,-1,-1
2618,-1,-1,-1
2619,-1,-1,-1
2620,-1,-1,-1
2621,-1,-1,-1
2622,-1,923,1130
2623,-1,924,1131
2624,-1,-1,1132
2625,-1,925,1133
2626,-1,-1,1134
2627,-1,926,1135
2628,-1,-1,-1
2629,-1,927,1136
2630,-1,-1,-1
2631,-1,928,1137
2632,-1,-1,-1
2633,-1,929,1138
2634,-1,-1,1139
2635,-1,930,-1
2636,-1,-1,-1
2637,-1,-1,-1
2638,-1,-1,-1
2639,-1,-1,-1
2640,-1,-1,-1
2641,-1,931,1140
2642,-1,-1,-1
2643,-1,932,1141
2644,-1,933,1142
2645,-1,934,-1
2646,-1,934,1143
2647,-1,934,1144
2648,-1,-1,-1
2649,-1,935,1145
2650,-1,-1,-1
2651,-1,-1,-1
2652,-1,936,1146
2653,-1,-1,-1
2654,-1,-1,1147
2655,-1,-1,-1
2656,-1,937,1148
2657,-1,-1,-1
2658,-1,-1,-1
2659,-1,938,1149
2660,-1,-1,-1
2661,-1,-1,-1
2662,-1,-1,1150
2663,-1,-1,-1
2664,-1,-1,1151
2665,-1,939,1152
2666,-1,-1,1153
2667,-1,940,1154
2668,-1,-1,-1
2669,-1,-1,-1
2670,-1,-1,-1
2671,-1,-1,1155
2672,-1,-1,1156
2673,-1,-1,-1
2674,-1,-1,-1
2675,-1,-1,1157
2676,-1,941,1158
2677,-1,-1,-1
2678,-1,-1,-1
2679,-1,-1,-1
2680,-1,-1,-1
2681,-1,942,1158
2682,-1,-1,-1
2683,-1,-1,-1
2684,-1,943,-1
2685,-1,-1,1159
2686,-1,-1,-1
2687,-1,944,-1
2688,-1,-1,-1
2689,-1,-1,-1
2690,-1,945,1160
2691,-1,-1,1161
2692,-1,-1,-1
2693,-1,-1,1162
2694,-1,946,-1
2695,-1,-1,-1
2696,-1,-1,-1
2697,-1,-1,-1
2698,-1,947,1163
2699,-1,948,1164
2700,-1,949,1165
2701,-1,-1,-1
2702,-1,950,1166
2703,-1,-1,1167
2704,-1,951,1168
2705,-1,-1,-1
2706,-1,-1,1169
2707,-1,952,1170
2708,-1,-1,-1
2709,-1,-1,-1
2710,-1,952,1171
2711,-1,-1,-1
2712,-1,953,1172
2713,-1,-1,1173
2714,-1,-1,-1
2715,-1,-1,-1
2716,-1,-1,-1
2717,-1,-1,-1
2718,-1,-1,-1
2719,-1,-1,1174
2720,-1,-1,-1
2721,-1,-1,1175
2722,-1,954,-1
2723,-1,-1,-1
2724,-1,954,1176
2725,-1,955,1177
2726,-1,-1,-1
2727,-1,-1,-1
2728,-1,-1,-1
2729,-1,956,-1
2730,-1,-1,-1
2731,-1,957,1178
2732,-1,-1,-1
2733,-1,-1,-1
2734,-1,958,1179
2735,-1,959,1180
2736,-1,-1,-1
2737,-1,-1,-1
2738,-1,-1,-1
2739,-1,-1,-1
2740,-1,960,1181
2741,-1,961,1182
2742,-1,-1,1183
2743,-1,961,1184
2744,-1,-1,-1
2745,-1,-1,-1
2746,-1,-1,-1
2747,-1,-1,1185
2748,-1,962,1186
2749,-1,963,1187
2750,-1,-1,-1
2751,-1,964,1188
2752,-1,-1,-1
2753,-1,965,-1
2754,-1,-1,-1
2755,-1,-1,-1
2756,-1,-1,-1
2757,-1,966,1189
2758,-1,-1,1190
2759,-1,-1,-1
2760,-1,-1,1191
2761,-1,-1,-1
2762,-1,967,1192
2763,-1,-1,-1
2764,-1,968,1193
2765,-1,-1,-1
2766,-1,-1,-1
2767,-1,969,1194
2768,-1,-1,-1
2769,-1,970,1195
2770,-1,-1,-1
2771,-1,971,1196
2772,-1,972,1197
2773,-1,-1,-1
2774,-1,973,1198
2775,-1,-1,-1
2776,-1,974,1199
2777,-1,-1,-1
2778,-1,-1,-1
2779,-1,-1,-1
2780,-1,-1,-1
2781,-1,-1,1200
2782,-1,-1,1201
2783,-1,-1,1202
2784,-1,975,1203
2785,-1,976,-1
2786,-1,977,1204
2787,-1,978,1205
2788,-1,-1,-1
2789,-1,-1,-1
2790,-1,979,1206
2791,-1,-1,-1
2792,-1,980,1207
2793,-1,-1,-1
2794,-1,981,1208
2795,-1,-1,-1
2796,-1,982,1209
2797,-1,-1,-1
2798,-1,983,1210
2799,-1,-1,-1
2800,-1,-1,-1
2801,-1,984,1211
2802,-1,-1,-1
2803,-1,985,1212
2804,-1,986,1213
2805,-1,-1,-1
2806,-1,-1,-1
2807,-1,987,1214
2808,-1,988,-1
2809,-1,989,1215
2810,-1,990,1216
2811,-1,-1,1217
2812,-1,-1,-1
2813,-1,-1,-1
2814,-1,-1,-1
2815,-1,-1,-1
2816,-1,-1,-1
2817,-1,-1,1218
2818,-1,-1,-1
2819,-1,-1,1219
2820,-1,990,-1
2821,-1,-1,-1
2822,-1,991,1220
2823,-1,-1,-1
2824,-1,-1,1221
2825,-1,992,1222
2826,-1,-1,-1
2827,-1,993,1223
2828,-1,994,1224
2829,-1,995,1225
2830,-1,-1,1226
2831,-1,-1,1227
2832,-1,-1,-1
2833,-1,996,1228
2834,-1,-1,-1
2835,-1,-1,-1
2836,-1,997,1229
2837,-1,-1,-1
2838,-1,-1,-1
2839,-1,-1,-1
2840,-1,998,-1
2841,-1,999,1230
2842,-1,-1,-1
2843,-1,1000,-1
2844,-1,-1,-1
2845,-1,1001,1231
2846,-1,1002,1232
2847,-1,-1,-1
2848,-1,-1,-1
2849,-1,-1,-1
2850,-1,-1,-1
2851,-1,1003,1233
2852,-1,-1,-1
2853,-1,-1,-1
2854,-1,-1,-1
2855,-1,-1,-1
2856,-1,1004,1234
2857,-1,-1,-1
2858,-1,1005,1235
2859,-1,1006,1236
2860,-1,-1,-1
2861,-1,-1,-1
2862,-1,-1,-1
2863,-1,1007,-1
2864,-1,1008,1237
2865,-1,-1,-1
2866,-1,1009,-1
2867,-1,-1,-1
2868,-1,-1,-1
2869,-1,1010,1238
2870,-1,1011,1239
2871,-1,-1,-1
2872,-1,1012,1240
2873,-1,1013,1241
2874,-1,1014,1242
2875,-1,1015,1243
2876,-1,-1,-1
2877,-1,1016,1244
2878,-1,1017,1245
2879,-1,-1,-1
2880,-1,1018,1246
2881,-1,-1,-1
2882,-1,1018,1247
2883,-1,-1,-1
2884,-1,-1,-1
2885,-1,-1,1248
2886,-1,1019,-1
2887,-1,-1,-1
2888,-1,1020,1249
2889,-1,-1,-1
2890,-1,-1,-1
2891,-1,-1,1250
2892,-1,1021,1251
2893,-1,-1,-1
2894,-1,-1,-1
2895,-1,-1,-1
2896,-1,-1,-1
2897,-1,-1,-1
2898,-1,1022,1252
2899,-1,-1,1253
2900,-1,-1,-1
2901,-1,-1,-1
2902,-1,1023,1254
2903,-1,-1,-1
2904,-1,-1,-1
2905,-1,-1,-1
2906,-1,-1,-1
2907,-1,-1,-1
2908,-1,1024,1255
2909,-1,-1,1256
2910,-1,-1,-1
2911,-1,1025,1257
2912,-1,-1,-1
2913,-1,-1,-1
2914,-1,1026,1258
2915,-1,-1,-1
2916,-1,-1,1259
2917,-1,-1,-1
2918,-1,1026,1260
2919,-1,-1,-1
2920,-1,-1,1261
2921,-1,-1,-1
2922,-1,-1,-1
2923,-1,1027,1262
2924,-1,-1,1262
2925,-1,1028,1263
2926,-1,1029,1264
2927,-1,1030,1265
2928,-1,-1,1266
2929,-1,1031,1267
2930,-1,-1,1268
2931,-1,-1,-1
2932,-1,-1,-1
2933,-1,-1,-1
2934,-1,-1,-1
2935,-1,1032,-1
2936,-1,1033,1269
2937,-1,1034,1270
2938,-1,-1,-1
2939,-1,-1,-1
2940,-1,-1,-1
2941,-1,-1,-1
2942,-1,-1,-1
2943,-1,1035,-1
2944,-1,-1,-1
2945,-1,-1,-1
2946,-1,1036,1271
2947,-1,1037,1272
2948,-1,1038,1273
2949,-1,1039,1274
2950,-1,-1,1275
2951,-1,1040,1276
2952,-1,1041,1277
2953,-1,1042,1278
2954,-1,-1,-1
2955,-1,-1,-1
2956,-1,-1,-1
2957,-1,-1,-1
2958,-1,-1,-1
2959,-1,-1,1279
2960,-1,-1,-1
2961,-1,1042,1280
2962,-1,1043,1281
2963,-1,-1,-1
2964,-1,1044,1282
2965,-1,1045,1283
2966,-1,-1,-1
2967,-1,-1,-1
2968,-1,-1,-1
2969,-1,-1,-1
2970,-1,-1,-1
2971,-1,1046,1284
2972,-1,1047,1285
2973,-1,-1,1286
2974,-1,-1,-1
2975,-1,-1,-1
2976,-1,-1,-1
2977,-1,-1,-1
2978,-1,1048,1287
2979,-1,1049,1288
2980,-1,-1,-1
2981,-1,1050,1289
2982,-1,1051,1290
2983,-1,1052,-1
2984,-1,-1,-1
2985,-1,-1,-1
2986,-1,1053,1291
2987,-1,1054,1292
2988,-1,1055,1293
2989,-1,-1,-1
2990,-1,1056,1294
2991,-1,-1,-1
2992,-1,1057,1295
2993,-1,1057,1296
2994,-1,1058,1297
2995,-1,1059,1298
2996,-1,-1,-1
2997,-1,-1,-1
2998,-1,1060,-1
2999,-1,1061,1299
3000,-1,-1,-1
3001,-1,1062,1300
3002,-1,1063,1301
3003,-1,-1,-1
3004,-1,1064,1302
3005,-1,1065,1303
3006,-1,-1,-1
3007,-1,1066,1304
3008,-1,-1,-1
3009,-1,-1,-1
3010,-1,-1,-1
3011,-1,1067,1305
3012,-1,1068,1306
3013,-1,1069,1307
3014,-1,1070,1308
3015,-1,-1,-1
3016,-1,-1,1309
3017,-1,-1,-1
3018,-1,-1,-1
3019,-1,-1,-1
3020,-1,1071,1310
3021,-1,1072,1311
3022,-1,1073,1312
3023,-1,-1,-1
3024,-1,1074,1313
3025,-1,-1,-1
3026,-1,1074,1314
3027,-1,-1,-1
3028,-1,-1,-1
3029,-1,1074,1315
3030,-1,-1,-1
3031,-1,1075,1316
3032,-1,1076,-1
3033,-1,1077,-1
3034,-1,1078,1317
3035,-1,-1,-1
3036,-1,-1,1318
3037,-1,1079,1319
3038,-1,-1,-1
3039,-1,-1,-1
3040,-1,1079,1320
3041,-1,-1,-1
3042,-1,-1,-1
3043,-1,-1,-1
3044,-1,1080,1321
3045,-1,1081,1322
3046,-1,-1,1323
3047,-1,-1,-1
3048,-1,1082,1324
3049,-1,-1,-1
3050,-1,-1,-1
3051,-1,-1,-1
3052,-1,-1,-1
3053,-1,1083,-1
3054,-1,-1,-1
3055,-1,-1,-1
3056,-1,1084,1325
3057,-1,-1,-1
3058,-1,-1,-1
3059,-1,-1,-1
3060,-1,-1,-1
3061,-1,-1,1326
3062,-1,-1,-1
3063,-1,-1,-1
3064,-1,-1,-1
3065,-1,1085,1327
3066,-1,1086,1328
3067,-1,1087,-1
3068,-1,1088,1329
3069,-1,-1,1330
3070,-1,1089,1331
3071,-1,-1,-1
3072,-1,-1,1332
3073,-1,1090,1333
3074,-1,1091,1334
3075,-1,-1,-1
3076,-1,-1,-1
3077,-1,1092,1335
3078,-1,1093,1336
3079,-1,-1,-1
3080,-1,-1,-1
3081,-1,1094,1337
3082,-1,1095,1338
3083,-1,-1,1339
3084,-1,-1,-1
3085,-1,1096,-1
3086,-1,-1,-1
3087,-1,-1,-1
3088,-1,1097,1340
3089,-1,-1,-1
3090,-1,-1,-1
3091,-1,-1,-1
3092,-1,1098,1341
3093,-1,-1,-1
3094,-1,-1,-1
3095,-1,-1,-1
3096,-1,-1,-1
3097,-1,-1,-1
3098,-1,-1,-1
3099,-1,1099,-1
3100,-1,-1,-1
3101,-1,-1,1342
3102,-1,-1,-1
3103,-1,-1,-1
3104,-1,-1,-1
3105,-1,-1,-1
3106,-1,1100,1343
3107,-1,-1,-1
3108,-1,1101,1344
3109,-1,1102,1345
3110,-1,-1,-1
3111,-1,-1,-1
3112,-1,1103,-1
3113,-1,1104,1346
3114,-1,1105,-1
3115,-1,1106,1347
3116,-1,-1,-1
3117,-1,1107,1348
3118,-1,-1,-1
3119,-1,-1,-1
3120,-1,1108,1349
3121,-1,-1,-1
3122,11,-1,-1
3123,-1,-1,-1
3124,-1,-1,-1
3125,-1,-1,-1
3126,-1,-1,-1
3127,-1,1109,1350
3128,-1,-1,-1
3129,-1,-1,-1
3130,-1,1110,1351
3131,-1,-1,-1
3132,-1,-1,-1
3133,-1,1111,1352
3134,-1,-1,-1
3135,-1,1112,1353
3136,-1,-1,-1
3137,-1,-1,1354
3138,-1,-1,-1
3139,-1,-1,-1
3140,-1,-1,-1
3141,-1,-1,-1
3142,-1,-1,-1
3143,-1,-1,1355
3144,-1,-1,-1
3145,-1,1113,1356
3146,-1,-1,-1
3147,-1,-1,-1
3148,-1,-1,1357
3149,-1,-1,1358
3150,-1,-1,-1
3151,-1,1114,-1
3152,-1,-1,-1
3153,-1,-1,-1
3154,-1,1114,1359
3155,-1,-1,-1
3156,-1,1114,-1
3157,-1,1115,1360
3158,-1,1116,1361
3159,-1,-1,-1
3160,-1,-1,-1
3161,-1,1117,1362
3162,-1,-1,-1
3163,-1,1117,1363
3164,-1,-1,-1
3165,-1,1118,1364
3166,-1,1119,1365
3167,-1,-1,-1
3168,-1,1120,1366
3169,-1,-1,-1
3170,-1,-1,-1
3171,-1,-1,-1
3172,-1,-1,1367
3173,-1,1121,1368
3174,-1,1122,1369
3175,-1,-1,-1
3176,-1,-1,-1
3177,-1,1123,1370
3178,-1,-1,1371
3179,-1,-1,-1
3180,-1,1124,1372
3181,-1,1125,1373
3182,-1,-1,-1
3183,-1,-1,1374
3184,-1,-1,-1
3185,-1,-1,-1
3186,-1,-1,-1
3187,-1,-1,1375
3188,-1,-1,-1
3189,-1,-1,-1
3190,-1,-1,1376
3191,-1,-1,-1
3192,-1,-1,-1
3193,-1,-1,-1
3194,-1,-1,-1
3195,-1,-1,-1
3196,-1,1126,1377
3197,-1,-1,-1
3198,-1,-1,-1
3199,-1,-1,-1
3200,-1,-1,-1
3201,-1,-1,-1
3202,-1,-1,-1
3203,-1,1126,1378
3204,-1,1127,1379
3205,-1,1128,-1
3206,-1,1129,1380
3207,-1,1130,-1
3208,-1,-1,-1
3209,-1,-1,1381
3210,-1,1131,-1
3211,-1,-1,-1
3212,-1,1132,1382
3213,-1,-1,-1
3214,-1,1133,1383
3215,-1,1134,1383
3216,-1,-1,-1
3217,-1,-1,-1
3218,-1,-1,1384
3219,-1,-1,1385
3220,-1,1135,1386
3221,-1,1136,1387
3222,-1,1136,1387
3223,-1,-1,-1
3224,-1,-1,-1
3225,-1,1137,1388
3226,-1,-1,-1
3227,-1,1138,-1
3228,-1,1139,1389
3229,-1,-1,-1
3230,-1,-1,1390
3231,-1,-1,-1
3232,-1,-1,-1
3233,-1,1140,1391
3234,-1,1141,1392
3235,-1,-1,-1
3236,-1,1142,-1
3237,-1,1143,1393
3238,-1,-1,1394
3239,-1,-1,-1
3240,-1,1144,1395
3241,-1,1145,1396
3242,-1,-1,-1
3243,-1,1146,1397
3244,-1,-1,-1
3245,-1,1147,1398
3246,-1,-1,-1
3247,-1,1148,1399
3248,-1,1149,1400
3249,-1,-1,-1
3250,-1,-1,-1
3251,-1,-1,-1
3252,-1,-1,-1
3253,-1,-1,-1
3254,-1,-1,-1
3255,-1,1150,1401
3256,-1,1151,-1
3257,-1,-1,-1
3258,-1,1152,1402
3259,-1,-1,1403
3260,-1,-1,-1
3261,-1,-1,-1
3262,-1,-1,1404
3263,-1,1153,1405
3264,-1,-1,-1
3265,-1,1154,1406
3266,-1,-1,1407
3267,-1,-1,-1
3268,-1,1155,1408
3269,-1,1156,1409
3270,-1,-1,1410
3271,-1,1157,1411
3272,-1,-1,-1
3273,-1,1158,1412
3274,-1,-1,-1
3275,-1,1159,1413
3276,-1,1160,1414
3277,-1,-1,-1
3278,-1,1161,1415
3279,-1,-1,-1
3280,-1,-1,-1
3281,-1,-1,1416
3282,-1,-1,-1
3283,-1,1161,1417
3284,-1,-1,-1
3285,-1,-1,-1
3286,-1,1162,1418
3287,-1,-1,-1
3288,-1,1163,1419
3289,-1,1163,1420
3290,-1,1164,1421
3291,-1,1165,-1
3292,-1,1166,1422
3293,-1,-1,-1
3294,-1,1167,1423
3295,-1,1168,1424
3296,-1,-1,-1
3297,-1,-1,-1
3298,-1,-1,-1
3299,-1,-1,1425
3300,-1,1169,1426
3301,-1,-1,-1
3302,-1,1170,-1
3303,-1,-1,1427
3304,-1,-1,-1
3305,-1,1170,1428
3306,-1,1171,1429
3307,-1,-1,-1
3308,-1,-1,-1
3309,-1,1171,1430
3310,-1,1172,1431
3311,-1,-1,1432
3312,-1,-1,-1
3313,-1,-1,-1
3314,-1,-1,-1
3315,-1,1173,1433
3316,-1,-1,-1
3317,-1,-1,1434
3318,-1,-1,-1
3319,-1,1174,1435
3320,-1,-1,1436
3321,-1,-1,-1
3322,-1,1175,1437
3323,-1,1176,1438
3324,-1,-1,-1
3325,-1,-1,1439
3326,-1,-1,-1
3327,-1,1177,1440
3328,-1,-1,-1
3329,-1,-1,-1
3330,-1,-1,-1
3331,-1,1178,1441
3332,-1,-1,-1
3333,-1,1179,1442
3334,-1,-1,1443
3335,-1,-1,-1
3336,-1,1180,1444
3337,-1,-1,-1
3338,-1,1181,1445
3339,-1,-1,-1
3340,-1,1182,-1
3341,-1,1183,1446
3342,-1,-1,-1
3343,-1,-1,-1
3344,-1,-1,-1
3345,-1,-1,-1
3346,-1,1184,1447
3347,-1,-1,-1
3348,-1,1185,-1
3349,-1,-1,-1
3350,-1,-1,-1
3351,-1,-1,1448
3352,-1,-1,-1
3353,-1,1186,1449
3354,-1,-1,-1
3355,-1,1187,-1
3356,-1,1188,1450
3357,-1,1189,1451
3358,-1,-1,-1
3359,-1,-1,-1
3360,-1,1190,1452
3361,-1,-1,-1
3362,-1,-1,-1
3363,-1,-1,-1
3364,-1,1191,1453
3365,-1,-1,-1
3366,-1,-1,-1
3367,-1,-1,-1
3368,-1,-1,-1
3369,-1,-1,-1
3370,-1,1192,1454
3371,-1,-1,-1
3372,-1,-1,-1
3373,-1,1193,1455
3374,-1,1194,1456
3375,-1,-1,-1
3376,-1,1195,1457
3377,-1,-1,1458
3378,-1,-1,-1
3379,-1,-1,-1
3380,-1,-1,-1
3381,-1,-1,-1
3382,-1,1196,1459
3383,-1,-1,-1
3384,-1,-1,-1
3385,-1,-1,1460
3386,-1,1197,1461
3387,-1,1198,1462
3388,-1,-1,-1
3389,-1,-1,-1
3390,-1,-1,-1
3391,-1,1199,1463
3392,-1,-1,1464
3393,-1,-1,1465
3394,-1,1200,1466
3395,-1,1201,1467
3396,-1,1202,1468
3397,-1,-1,-1
3398,-1,1203,1469
3399,-1,-1,-1
3400,-1,-1,-1
3401,-1,-1,-1
3402,-1,1204,1470
3403,-1,-1,-1
3404,-1,-1,1471
3405,-1,-1,1472
3406,-1,1205,-1
3407,-1,-1,-1
3408,-1,-1,-1
3409,-1,-1,-1
3410,-1,-1,-1
3411,-1,-1,-1
3412,-1,-1,-1
3413,-1,-1,-1
3414,-1,-1,-1
3415,-1,-1,-1
3416,-1,-1,-1
3417,-1,1206,1473
3418,-1,1207,1474
3419,-1,-1,-1
3420,-1,-1,1475
3421,-1,1208,1476
3422,-1,1209,1477
3423,-1,1210,1478
3424,-1,-1,-1
3425,-1,-1,-1
3426,-1,-1,-1
3427,-1,-1,-1
3428,-1,1211,1479
3429,-1,-1,-1
3430,-1,-1,1480
3431,-1,-1,-1
3432,-1,-1,1481
3433,-1,1212,-1
3434,-1,-1,-1
3435,-1,-1,-1
3436,-1,-1,-1
3437,-1,1212,1482
3438,-1,1213,1483
3439,-1,-1,-1
3440,-1,-1,-1
3441,-1,1214,1484
3442,-1,-1,-1
3443,-1,1215,1485
3444,-1,-1,1486
3445,-1,1216,1487
3446,-1,-1,-1
3447,-1,-1,-1
3448,-1,1217,-1
3449,-1,-1,-1
3450,-1,1218,1488
3451,-1,-1,-1
3452,-1,1219,1489
3453,-1,1220,-1
3454,-1,-1,1490
3455,-1,1221,1491
3456,-1,1222,1492
3457,-1,-1,-1
3458,-1,-1,1493
3459,-1,-1,-1
3460,-1,-1,-1
3461,-1,-1,1494
3462,-1,-1,-1
3463,-1,1223,1495
3464,-1,-1,-1
3465,-1,-1,-1
3466,-1,1224,1496
3467,-1,-1,-1
3468,-1,1224,1497
3469,-1,1225,1498
3470,-1,-1,-1
3471,-1,-1,-1
3472,-1,-1,-1
3473,-1,1226,1499
3474,-1,-1,-1
3475,-1,-1,-1
3476,-1,1227,1500
3477,-1,-1,-1
3478,-1,-1,-1
3479,-1,1228,1501
3480,-1,-1,-1
3481,-1,1229,1502
3482,-1,-1,1503
3483,-1,-1,-1
3484,-1,1230,1504
3485,-1,1231,1505
3486,-1,-1,1506
3487,-1,-1,-1
3488,-1,1232,1507
3489,-1,-1,-1
3490,-1,-1,1508
3491,-1,1233,1509
3492,-1,-1,1510
3493,-1,-1,-1
3494,-1,-1,-1
3495,-1,-1,-1
3496,-1,-1,-1
3497,-1,1234,1511
3498,-1,-1,-1
3499,-1,-1,-1
3500,-1,-1,-1
3501,-1,-1,-1
3502,-1,-1,-1
3503,-1,1235,1512
3504,-1,-1,-1
3505,-1,-1,-1
3506,-1,-1,-1
3507,-1,-1,-1
3508,-1,-1,-1
3509,-1,1236,1513
3510,-1,-1,-1
3511,-1,1237,1514
3512,-1,1237,1515
3513,-1,-1,-1
3514,-1,-1,-1
3515,-1,-1,-1
3516,-1,-1,1516
3517,-1,1238,-1
3518,-1,1239,1517
3519,-1,-1,-1
3520,-1,-1,-1
3521,-1,-1,-1
3522,-1,1240,-1
3523,-1,-1,-1
3524,-1,-1,-1
3525,-1,-1,-1
3526,-1,1241,1518
3527,-1,1242,1519
3528,-1,-1,-1
3529,-1,-1,-1
3530,-1,1243,1520
3531,-1,1244,1521
3532,-1,1245,1522
3533,-1,1246,1523
3534,-1,-1,-1
3535,-1,-1,1524
3536,-1,-1,-1
3537,-1,1247,1525
3538,-1,1248,1526
3539,12,1249,1527
3540,-1,-1,-1
3541,-1,-1,-1
3542,-1,1250,1528
3543,-1,-1,-1
3544,-1,-1,-1
3545,-1,1251,1529
3546,-1,1252,-1
3547,-1,-1,-1
3548,-1,-1,-1
3549,-1,-1,-1
3550,-1,1253,1530
3551,-1,-1,-1
3552,-1,-1,1531
3553,-1,-1,1532
3554,-1,1253,1533
3555,-1,-1,-1
3556,-1,1254,-1
3557,-1,1255,1534
3558,-1,-1,-1
3559,-1,-1,-1
3560,-1,-1,1535
3561,-1,-1,-1
3562,-1,1256,1536
3563,-1,-1,1537
3564,-1,-1,-1
3565,-1,1257,1538
3566,-1,-1,-1
3567,-1,1258,-1
3568,-1,1259,-1
3569,-1,1260,1539
3570,-1,-1,-1
3571,-1,-1,-1
3572,-1,-1,-1
3573,-1,-1,-1
3574,-1,-1,1540
3575,-1,1261,1541
3576,-1,-1,-1
3577,-1,-1,-1
3578,-1,-1,-1
3579,-1,1262,1542
3580,-1,1263,1543
3581,-1,1264,1544
3582,-1,1265,1545
3583,-1,-1,-1
3584,-1,-1,1546
3585,-1,1266,-1
3586,-1,-1,-1
3587,-1,1267,-1
3588,-1,-1,1547
3589,-1,-1,-1
3590,-1,-1,-1
3591,-1,1268,1548
3592,-1,-1,1549
3593,-1,-1,-1
3594,-1,-1,-1
3595,-1,1269,1550
3596,-1,-1,-1
3597,-1,1270,1551
3598,-1,-1,-1
3599,-1,-1,-1
3600,-1,1271,1552
3601,-1,-1,-1
3602,-1,-1,-1
3603,-1,-1,-1
3604,-1,1272,1553
3605,-1,-1,1554
3606,-1,-1,-1
3607,-1,-1,-1
3608,-1,-1,-1
3609,-1,-1,-1
3610,-1,1273,1555
3611,-1,-1,-1
3612,-1,-1,-1
3613,-1,-1,-1
3614,-1,-1,-1
3615,-1,-1,-1
3616,-1,-1,-1
3617,-1,-1,-1
3618,-1,-1,-1
3619,-1,1273,1556
3620,-1,-1,-1
3621,-1,-1,-1
3622,-1,1273,1557
3623,-1,-1,-1
3624,-1,1274,1558
3625,-1,-1,-1
3626,-1,-1,1559
3627,-1,-1,1560
3628,-1,-1,-1
3629,-1,-1,-1
3630,-1,-1,-1
3631,-1,-1,-1
3632,-1,1275,1561
3633,-1,1276,-1
3634,-1,-1,-1
3635,-1,-1,1562
3636,-1,-1,-1
3637,-1,1277,1563
3638,-1,-1,-1
3639,-1,-1,-1
3640,-1,1278,1564
3641,-1,-1,-1
3642,-1,1279,1565
3643,-1,1280,1566
3644,-1,-1,-1
3645,-1,-1,-1
3646,-1,-1,-1
3647,-1,-1,1567
3648,-1,1281,1568
3649,-1,-1,1569
3650,-1,-1,-1
3651,-1,-1,-1
3652,-1,1282,1570
3653,-1,1283,1571
3654,-1,-1,-1
3655,-1,-1,-1
3656,-1,1284,-1
3657,-1,1285,1572
3658,-1,1286,1573
3659,-1,-1,-1
3660,-1,1287,1574
3661,-1,-1,-1
3662,-1,-1,-1
3663,-1,-1,-1
3664,-1,1288,-1
3665,-1,-1,-1
3666,-1,-1,-1
3667,-1,-1,-1
3668,-1,1288,1575
3669,-1,1289,1576
3670,-1,-1,-1
3671,-1,-1,-1
3672,-1,-1,-1
3673,-1,1290,1576
3674,-1,-1,-1
3675,-1,-1,-1
3676,-1,-1,1577
3677,-1,1291,1578
3678,-1,-1,-1
3679,-1,-1,-1
3680,-1,-1,-1
3681,-1,-1,1579
3682,-1,1292,1580
3683,-1,1293,1581
3684,-1,1294,-1
3685,-1,-1,-1
3686,-1,-1,-1
3687,-1,-1,-1
3688,-1,-1,-1
3689,-1,-1,1582
3690,-1,-1,-1
3691,-1,1295,1583
3692,-1,1296,1584
3693,-1,-1,-1
3694,-1,-1,-1
3695,-1,-1,-1
3696,-1,-1,-1
3697,-1,-1,-1
3698,-1,-1,-1
3699,-1,1297,1585
3700,-1,-1,-1
3701,-1,1298,1586
3702,-1,1298,1586
3703,-1,1298,1587
3704,-1,-1,-1
3705,-1,1299,1588
3706,-1,1299,1589
3707,-1,-1,1590
3708,-1,-1,-1
3709,-1,-1,-1
3710,-1,1300,1591
3711,-1,-1,-1
3712,-1,-1,-1
3713,-1,-1,1592
3714,-1,-1,-1
3715,-1,-1,-1
3716,-1,1301,1593
3717,-1,-1,-1
3718,-1,-1,1594
3719,-1,1302,1595
3720,-1,-1,-1
3721,-1,1303,1596
3722,-1,-1,-1
3723,-1,-1,-1
3724,-1,1304,1597
3725,-1,1305,1598
3726,-1,-1,1599
3727,-1,-1,1600
3728,-1,1306,1601
3729,-1,-1,1602
3730,-1,-1,-1
3731,-1,-1,-1
3732,-1,-1,-1
3733,-1,1307,1603
3734,-1,-1,-1
3735,-1,1308,1604
3736,-1,-1,-1
3737,-1,-1,-1
3738,-1,-1,-1
3739,-1,-1,-1
3740,-1,-1,-1
3741,-1,-1,-1
3742,-1,-1,-1
3743,-1,-1,1605
3744,-1,-1,-1
3745,-1,1309,1606
3746,-1,-1,-1
3747,-1,-1,1607
3748,-1,1310,1608
3749,-1,-1,-1
3750,-1,-1,-1
3751,-1,-1,-1
3752,-1,-1,1609
3753,-1,-1,-1
3754,-1,1311,-1
3755,-1,-1,-1
3756,-1,1312,1610
3757,-1,-1,-1
3758,-1,1313,1611
3759,-1,-1,-1
3760,-1,-1,-1
3761,-1,-1,-1
3762,-1,-1,-1
3763,-1,-1,-1
3764,-1,-1,1612
3765,-1,-1,-1
3766,-1,-1,1613
3767,-1,1314,1614
3768,-1,1315,1615
3769,-1,1316,-1
3770,-1,-1,-1
3771,-1,-1,-1
3772,-1,-1,1616
3773,-1,-1,-1
3774,-1,-1,1617
3775,-1,-1,-1
3776,-1,-1,-1
3777,-1,1317,1618
3778,-1,-1,-1
3779,-1,1318,1619
3780,-1,-1,-1
3781,-1,-1,-1
3782,-1,-1,1620
3783,-1,-1,-1
3784,-1,1319,1621
3785,-1,1320,1622
3786,-1,1321,1622
3787,-1,1322,1623
3788,-1,-1,-1
3789,-1,1323,1624
3790,-1,-1,1625
3791,-1,1324,1626
3792,-1,-1,-1
3793,-1,1325,1627
3794,-1,1326,1628
3795,-1,-1,-1
3796,-1,1327,1629
3797,-1,1328,1630
3798,-1,1329,1631
3799,-1,-1,-1
3800,-1,-1,-1
3801,-1,1330,1632
3802,-1,1331,1633
3803,-1,1332,1634
3804,-1,-1,1635
3805,-1,-1,-1
3806,-1,-1,-1
3807,-1,1333,1636
3808,-1,1334,1637
3809,-1,-1,1638
3810,-1,-1,-1
3811,-1,-1,-1
3812,-1,1335,1639
3813,-1,1336,-1
3814,-1,1337,1640
3815,-1,1338,-1
3816,-1,1339,1641
3817,-1,-1,1642
3818,-1,-1,-1
3819,-1,-1,-1
3820,-1,1340,1643
3821,-1,-1,-1
3822,-1,-1,1644
3823,-1,1341,-1
3824,-1,1342,1645
3825,-1,1343,1646
3826,-1,1344,1647
3827,-1,-1,-1
3828,-1,-1,-1
3829,-1,-1,1648
3830,-1,1345,-1
3831,-1,-1,-1
3832,-1,1346,1649
3833,-1,-1,-1
3834,-1,-1,1650
3835,-1,1347,-1
3836,-1,-1,-1
3837,-1,1348,1651
3838,-1,-1,-1
3839,-1,1349,1652
3840,-1,1350,1653
3841,-1,-1,-1
3842,-1,-1,-1
3843,-1,-1,-1
3844,-1,1351,1654
3845,-1,1352,-1
3846,-1,1353,1654
3847,-1,-1,-1
3848,-1,-1,1655
3849,-1,-1,-1
3850,-1,-1,-1
3851,-1,1354,1656
3852,-1,1355,1657
3853,-1,1356,-1
3854,-1,-1,-1
3855,-1,-1,1658
3856,-1,1357,1659
3857,-1,1358,1660
3858,-1,-1,1661
3859,-1,1359,1662
3860,-1,-1,-1
3861,-1,-1,-1
3862,-1,-1,-1
3863,-1,1360,-1
3864,-1,-1,-1
3865,-1,-1,-1
3866,-1,1361,1663
3867,-1,1362,1664
3868,-1,-1,-1
3869,-1,-1,-1
3870,-1,-1,1665
3871,-1,1363,1666
3872,-1,-1,-1
3873,-1,1364,-1
3874,-1,-1,-1
3875,-1,-1,-1
3876,-1,-1,-1
3877,-1,-1,-1
3878,-1,1365,1667
3879,-1,-1,-1
3880,-1,-1,-1
3881,-1,-1,-1
3882,-1,-1,1668
3883,-1,-1,-1
3884,-1,-1,-1
3885,-1,-1,-1
3886,-1,-1,-1
3887,-1,-1,-1
3888,-1,-1,-1
3889,-1,1366,1669
3890,-1,-1,-1
3891,-1,1367,1670
3892,-1,1368,1671
3893,-1,-1,-1
3894,-1,1369,1672
3895,-1,-1,-1
3896,-1,1370,1673
3897,-1,-1,-1
3898,-1,-1,1674
3899,-1,1371,1675
3900,-1,-1,-1
3901,-1,1371,1676
3902,-1,1372,1677
3903,-1,1373,1678
3904,-1,1374,1679
3905,-1,1375,1680
3906,-1,-1,-1
3907,-1,-1,-1
3908,-1,-1,-1
3909,-1,-1,1681
3910,-1,-1,-1
3911,-1,1376,1682
3912,-1,-1,1683
3913,-1,1377,1684
3914,-1,-1,-1
3915,-1,1378,1685
3916,-1,1379,1686
3917,-1,1380,-1
3918,-1,-1,-1
3919,-1,1381,1687
3920,-1,-1,-1
3921,-1,1381,1688
3922,-1,-1,-1
3923,-1,-1,1689
3924,-1,1382,1690
3925,-1,-1,-1
3926,-1,-1,-1
3927,-1,1383,-1
3928,-1,-1,-1
3929,-1,-1,-1
3930,-1,1384,1691
3931,-1,-1,-1
3932,-1,-1,-1
3933,-1,1385,1692
3934,-1,1386,1693
3935,-1,-1,-1
3936,-1,1387,1694
3937,-1,-1,-1
3938,-1,1388,1695
3939,-1,-1,1696
3940,-1,-1,-1
3941,-1,1389,1697
3942,-1,-1,-1
3943,-1,-1,-1
3944,-1,1390,1698
3945,-1,1391,1699
3946,-1,1392,1700
3947,-1,-1,-1
3948,-1,-1,1701
3949,-1,1393,1702
3950,-1,-1,-1
3951,-1,-1,-1
3952,-1,-1,-1
3953,-1,1394,1703
3954,-1,-1,-1
3955,-1,-1,-1
3956,-1,-1,1704
3957,-1,1394,1705
3958,-1,1395,1706
3959,-1,1396,1707
3960,-1,-1,-1
3961,-1,1397,1708
3962,-1,1398,1709
3963,-1,-1,-1
3964,-1,1399,-1
3965,-1,-1,-1
3966,-1,1400,1710
3967,-1,1401,1711
3968,-1,-1,-1
3969,-1,-1,-1
3970,-1,-1,-1
3971,-1,-1,-1
3972,-1,-1,1712
3973,-1,-1,-1
3974,-1,-1,1713
3975,-1,1402,1714
3976,-1,-1,-1
3977,-1,1403,1715
3978,-1,-1,-1
3979,-1,-1,-1
3980,-1,1404,1716
3981,-1,1405,1717
3982,-1,-1,-1
3983,-1,1406,1718
3984,-1,-1,-1
3985,-1,1407,-1
3986,-1,-1,-1
3987,-1,-1,-1
3988,-1,-1,-1
3989,-1,-1,-1
3990,-1,-1,1719
3991,-1,-1,-1
3992,-1,-1,-1
3993,-1,-1,-1
3994,-1,-1,-1
3995,-1,-1,-1
3996,-1,-1,-1
3997,-1,1408,1720
3998,-1,1409,-1
3999,-1,-1,-1
4000,-1,-1,-1
4001,-1,-1,-1
4002,-1,1410,1721
4003,-1,1410,1722
4004,-1,1411,1723
4005,-1,-1,1724
4006,-1,-1,-1
4007,-1,1412,1725
4008,-1,1413,1726
4009,-1,-1,-1
4010,-1,1414,-1
4011,-1,1415,1727
4012,-1,-1,-1
4013,-1,-1,-1
4014,-1,-1,-1
4015,-1,1416,1728
4016,-1,-1,-1
4017,-1,-1,-1
4018,-1,1417,-1
4019,-1,-1,-1
4020,-1,-1,-1
4021,-1,-1,-1
4022,-1,-1,-1
4023,-1,-1,-1
4024,-1,1418,1729
4025,-1,-1,-1
4026,-1,-1,-1
4027,-1,-1,1730
4028,-1,1419,1731
4029,-1,1420,1732
4030,-1,-1,-1
4031,-1,-1,1733
4032,-1,-1,-1
4033,-1,-1,-1
4034,-1,-1,-1
4035,-1,1420,1734
4036,-1,-1,1735
4037,-1,1421,1736
4038,-1,-1,-1
4039,-1,-1,1737
4040,-1,1422,-1
4041,-1,-1,-1
4042,-1,1423,1738
4043,-1,-1,-1
4044,-1,-1,-1
4045,-1,-1,-1
4046,-1,-1,-1
4047,-1,1424,1739
4048,-1,1424,1740
4049,-1,-1,-1
4050,-1,1425,1741
4051,-1,-1,1742
4052,-1,1426,1743
4053,-1,-1,-1
4054,-1,1427,-1
4055,-1,1428,1744
4056,-1,-1,-1
4057,-1,1429,1745
4058,-1,-1,-1
4059,-1,1430,1746
4060,-1,1431,1747
4061,-1,1432,1748
4062,-1,1433,1749
4063,-1,-1,-1
4064,-1,-1,1750
4065,-1,-1,-1
4066,-1,-1,-1
4067,-1,-1,-1
4068,-1,-1,1751
4069,-1,-1,-1
4070,-1,1434,1752
4071,-1,-1,-1
4072,-1,1435,1753
4073,-1,-1,1754
4074,-1,-1,1755
4075,-1,-1,-1
4076,-1,-1,-1
4077,-1,-1,-1
4078,-1,-1,-1
4079,-1,-1,-1
4080,-1,-1,-1
4081,-1,1436,1756
4082,-1,-1,-1
4083,-1,1437,-1
4084,-1,-1,-1
4085,-1,1438,1757
4086,-1,-1,-1
4087,-1,-1,-1
4088,-1,-1,-1
4089,-1,-1,-1
4090,-1,1439,-1
4091,-1,1440,1758
4092,-1,-1,-1
4093,-1,-1,-1
4094,-1,-1,-1
4095,-1,1441,1759
4096,-1,-1,-1
4097,-1,1442,-1
4098,-1,-1,-1
4099,-1,-1,-1
4100,-1,-1,-1
4101,-1,-1,-1
4102,-1,1443,1760
4103,-1,1444,1761
4104,-1,-1,-1
4105,13,-1,-1
4106,-1,1445,1762
4107,-1,-1,-1
4108,-1,1446,1763
4109,-1,1447,-1
4110,-1,-1,-1
4111,-1,-1,-1
4112,-1,1448,1763
4113,-1,-1,1764
4114,-1,1449,1765
4115,-1,-1,1766
4116,-1,1450,1767
4117,-1,1451,1768
4118,-1,-1,-1
4119,-1,1452,1769
4120,-1,-1,-1
4121,-1,-1,-1
4122,-1,-1,-1
4123,-1,-1,-1
4124,-1,-1,-1
4125,-1,-1,-1
4126,-1,1453,1770
4127,-1,-1,-1
4128,-1,-1,-1
4129,-1,1454,1771
4130,-1,-1,-1
4131,-1,-1,-1
4132,-1,-1,-1
4133,-1,-1,-1
4134,-1,1455,1772
4135,-1,1456,1773
4136,-1,1457,1774
4137,-1,-1,-1
4138,-1,1458,1775
4139,-1,-1,-1
4140,-1,1459,1776
4141,-1,-1,-1
4142,-1,-1,-1
4143,-1,1459,1777
4144,-1,-1,-1
4145,-1,-1,1778
4146,-1,-1,-1
4147,-1,1460,1779
4148,-1,-1,-1
4149,-1,-1,1780
4150,-1,-1,-1
4151,-1,-1,-1
4152,-1,-1,1781
4153,-1,-1,-1
4154,-1,-1,-1
4155,-1,-1,-1
4156,-1,1461,-1
4157,-1,-1,-1
4158,-1,1462,1782
4159,-1,1463,1783
4160,-1,1464,1784
4161,-1,-1,-1
4162,-1,1465,1785
4163,-1,-1,-1
4164,-1,-1,-1
4165,-1,-1,1786
4166,-1,-1,-1
4167,-1,1466,1787
4168,-1,-1,-1
4169,-1,-1,-1
4170,-1,1467,1788
4171,-1,-1,-1
4172,-1,-1,-1
4173,-1,1468,1789
4174,-1,1469,1790
4175,-1,-1,-1
4176,-1,1470,-1
4177,-1,-1,-1
4178,-1,1471,1791
4179,-1,-1,-1
4180,-1,-1,-1
4181,-1,-1,-1
4182,-1,-1,-1
4183,-1,1472,1792
4184,-1,-1,-1
4185,-1,1473,1793
4186,-1,-1,-1
4187,-1,-1,1794
4188,-1,-1,-1
4189,-1,1474,1795
4190,-1,-1,1796
4191,-1,-1,1797
4192,-1,1475,1798
4193,-1,1476,1799
4194,-1,-1,1800
4195,-1,-1,-1
4196,-1,-1,-1
4197,-1,-1,1801
4198,-1,-1,-1
4199,-1,-1,-1
4200,-1,1477,1802
4201,-1,-1,-1
4202,-1,-1,-1
4203,-1,-1,-1
4204,-1,1478,1803
4205,-1,1479,1804
4206,-1,1480,1805
4207,-1,1481,1806
4208,-1,1482,1807
4209,-1,1483,1808
4210,-1,-1,-1
4211,-1,1484,1809
4212,-1,-1,1810
4213,-1,1485,1811
4214,-1,1486,1812
4215,-1,-1,-1
4216,-1,-1,-1
4217,-1,1487,1813
4218,-1,1488,1814
4219,-1,1489,1815
4220,-1,1490,1816
4221,-1,-1,-1
4222,-1,1491,1817
4223,-1,1492,1818
4224,-1,-1,-1
4225,-1,1493,-1
4226,-1,-1,-1
4227,-1,-1,1819
4228,-1,-1,-1
4229,-1,-1,-1
4230,-1,1494,1820
4231,-1,1495,1821
4232,-1,-1,-1
4233,-1,1496,1822
4234,-1,-1,-1
4235,-1,-1,-1
4236,-1,1497,1823
4237,-1,-1,-1
4238,-1,1498,1824
4239,-1,-1,-1
4240,-1,-1,-1
4241,-1,-1,1825
4242,-1,-1,1826
4243,-1,-1,-1
4244,-1,1499,-1
4245,-1,-1,-1
4246,-1,-1,-1
4247,-1,1500,1827
4248,-1,-1,-1
4249,-1,1501,1828
4250,-1,1502,1829
4251,-1,-1,-1
4252,-1,-1,1830
4253,-1,-1,-1
4254,-1,-1,-1
4255,-1,1503,1831
4256,-1,-1,-1
4257,-1,-1,-1
4258,-1,-1,-1
4259,-1,1504,1832
4260,-1,-1,-1
4261,-1,-1,-1
4262,-1,-1,-1
4263,-1,1505,1833
4264,-1,1506,1834
4265,-1,1507,1835
4266,-1,1508,1836
4267,-1,1509,1837
4268,-1,1510,1838
4269,-1,1511,1839
4270,-1,-1,-1
4271,-1,-1,-1
4272,-1,-1,1839
4273,-1,1512,1840
4274,-1,-1,-1
4275,-1,-1,-1
4276,-1,-1,1841
4277,-1,1512,1842
4278,-1,-1,-1
4279,-1,-1,-1
4280,-1,1513,1843
4281,-1,-1,-1
4282,-1,-1,-1
4283,-1,1514,1844
4284,-1,-1,-1
4285,-1,-1,-1
4286,-1,-1,-1
4287,-1,-1,-1
4288,-1,1515,1845
4289,-1,1516,1846
4290,-1,1517,1847
4291,-1,-1,1848
4292,-1,1518,1849
4293,-1,-1,1850
4294,-1,1519,1851
4295,-1,-1,-1
4296,-1,-1,-1
4297,-1,1520,1852
4298,-1,-1,-1
4299,-1,1521,1853
4300,-1,-1,1854
4301,-1,1522,1855
4302,-1,1523,1856
4303,-1,1524,1857
4304,-1,-1,-1
4305,-1,-1,-1
4306,-1,1525,-1
4307,-1,1526,1858
4308,-1,-1,-1
4309,-1,-1,-1
4310,-1,1527,1859
4311,-1,1528,1860
4312,-1,-1,1861
4313,-1,-1,-1
4314,-1,1529,1862
4315,-1,1530,-1
4316,-1,-1,1863
4317,-1,1531,1864
4318,-1,1532,1865
4319,-1,1533,-1
4320,-1,-1,-1
4321,-1,-1,1866
4322,-1,-1,-1
4323,-1,-1,-1
4324,-1,-1,-1
4325,-1,1534,1867
4326,-1,-1,-1
4327,-1,1535,1868
4328,-1,1536,1869
4329,-1,-1,-1
4330,-1,-1,-1
4331,-1,-1,1870
4332,-1,1537,1871
4333,-1,-1,-1
4334,-1,-1,-1
4335,-1,1538,1872
4336,-1,-1,-1
4337,-1,1539,1873
4338,-1,1540,1874
4339,-1,-1,-1
4340,-1,1541,1875
4341,-1,1542,1876
4342,-1,-1,-1
4343,-1,1543,1877
4344,-1,1544,-1
4345,-1,1545,1878
4346,-1,-1,-1
4347,-1,-1,-1
4348,-1,-1,-1
4349,-1,1546,1879
4350,-1,-1,-1
4351,-1,-1,-1
4352,-1,1547,1880
4353,-1,1548,1881
4354,-1,1549,1882
4355,-1,1550,1883
4356,-1,-1,1884
4357,-1,1551,1885
4358,-1,-1,-1
4359,-1,-1,-1
4360,-1,-1,-1
4361,-1,-1,-1
4362,-1,1551,1886
4363,-1,-1,-1
4364,-1,1551,1887
4365,-1,-1,-1
4366,-1,-1,-1
4367,-1,-1,-1
4368,14,1552,1888
4369,-1,-1,-1
4370,-1,-1,-1
4371,-1,1553,1889
4372,-1,1554,1890
4373,-1,-1,-1
4374,-1,-1,-1
4375,-1,1555,1891
4376,-1,-1,-1
4377,-1,1556,1892
4378,-1,-1,-1
4379,-1,-1,-1
4380,-1,1557,1893
4381,-1,-1,1894
4382,-1,1558,1895
4383,-1,-1,1896
4384,-1,-1,-1
4385,-1,-1,-1
4386,-1,-1,-1
4387,-1,-1,1896
4388,-1,-1,-1
4389,-1,-1,-1
4390,-1,1559,1897
4391,-1,-1,-1
4392,-1,-1,1898
4393,-1,1560,1899
4394,-1,-1,-1
4395,-1,1561,1900
4396,-1,-1,-1
4397,-1,1562,1901
4398,-1,1563,1902
4399,-1,-1,-1
4400,-1,-1,1903
4401,-1,-1,-1
4402,-1,-1,1904
4403,-1,-1,-1
4404,-1,-1,-1
4405,-1,1564,1905
4406,-1,-1,-1
4407,-1,-1,-1
4408,-1,1565,1906
4409,-1,-1,-1
4410,-1,1566,1907
4411,-1,-1,-1
4412,-1,-1,-1
4413,-1,-1,-1
4414,-1,-1,-1
4415,-1,1567,1908
4416,-1,1568,1909
4417,-1,-1,-1
4418,-1,-1,-1
4419,-1,1569,1910
4420,-1,1570,1911
4421,-1,-1,-1
4422,-1,1571,1912
4423,-1,1572,-1
4424,-1,-1,-1
4425,-1,1573,1913
4426,15,-1,-1
4427,-1,-1,1914
4428,-1,-1,-1
4429,-1,-1,-1
4430,-1,-1,-1
4431,-1,-1,-1
4432,-1,-1,-1
4433,-1,-1,-1
4434,-1,1574,1915
4435,-1,1575,-1
4436,-1,1576,1916
4437,-1,1577,1917
4438,-1,-1,-1
4439,-1,1578,1918
4440,-1,-1,-1
4441,-1,1579,-1
4442,-1,-1,-1
4443,-1,-1,-1
4444,-1,1580,1919
4445,-1,-1,-1
4446,-1,-1,-1
4447,-1,1581,1920
4448,-1,1582,1921
4449,-1,1583,1922
4450,-1,-1,-1
4451,-1,-1,-1
4452,-1,1584,1923
4453,-1,-1,-1
4454,-1,1585,-1
4455,-1,-1,-1
4456,-1,-1,-1
4457,-1,-1,-1
4458,-1,-1,-1
4459,-1,1586,1924
4460,-1,-1,-1
4461,-1,-1,-1
4462,-1,-1,-1
4463,-1,-1,1925
4464,-1,-1,-1
4465,-1,-1,1926
4466,-1,1587,1927
4467,-1,-1,1928
4468,-1,-1,-1
4469,-1,1588,1929
4470,-1,1589,1930
4471,-1,1590,1931
4472,-1,-1,-1
4473,-1,-1,-1
4474,-1,-1,1932
4475,-1,1591,1933
4476,-1,1592,1934
4477,-1,1593,1935
4478,-1,-1,-1
4479,-1,-1,-1
4480,-1,1594,1936
4481,-1,-1,-1
4482,-1,1595,1937
4483,-1,-1,-1
4484,-1,1596,1938
4485,-1,1597,1939
4486,-1,1598,1940
4487,-1,-1,-1
4488,-1,1599,1941
4489,-1,-1,1942
4490,-1,1599,1943
4491,-1,-1,-1
4492,-1,-1,-1
4493,-1,-1,-1
4494,-1,1600,1943
4495,-1,-1,-1
4496,-1,-1,-1
4497,-1,1601,1944
4498,-1,-1,-1
4499,-1,-1,-1
4500,-1,-1,-1
4501,-1,-1,-1
4502,-1,-1,-1
4503,-1,1602,1945
4504,-1,1603,1946
4505,-1,1604,1947
4506,-1,-1,-1
4507,-1,-1,-1
4508,-1,1605,1948
4509,-1,-1,-1
4510,-1,-1,1949
4511,-1,-1,-1
4512,-1,1606,1950
4513,-1,1607,1951
4514,-1,-1,1952
4515,-1,-1,-1
4516,-1,-1,-1
4517,-1,1608,1953
4518,-1,-1,1954
4519,16,-1,-1
4520,-1,1609,1955
4521,-1,1610,1956
4522,-1,-1,-1
4523,-1,-1,-1
4524,-1,-1,-1
4525,-1,-1,1957
4526,17,1611,1958
4527,-1,-1,-1
4528,-1,-1,1959
4529,-1,-1,-1
4530,-1,-1,1960
4531,-1,-1,1961
4532,-1,-1,1962
4533,-1,-1,-1
4534,-1,-1,1963
4535,-1,1612,1964
4536,-1,1613,1965
4537,-1,-1,-1
4538,-1,-1,-1
4539,-1,-1,-1
4540,-1,-1,-1
4541,-1,-1,-1
4542,-1,-1,1966
4543,-1,-1,-1
4544,-1,1614,1967
4545,-1,-1,-1
4546,-1,-1,-1
4547,-1,-1,-1
4548,-1,-1,-1
4549,-1,1615,1968
4550,-1,-1,-1
4551,-1,1616,-1
4552,-1,1617,1969
4553,-1,1618,1970
4554,-1,-1,-1
4555,-1,1619,1971
4556,-1,-1,-1
4557,-1,1620,1972
4558,-1,-1,-1
4559,-1,-1,1973
4560,-1,-1,-1
4561,-1,-1,1974
4562,-1,-1,-1
4563,-1,-1,1975
4564,-1,-1,-1
4565,-1,1621,1976
4566,-1,-1,-1
4567,-1,1622,1976
4568,-1,-1,-1
4569,-1,1623,-1
4570,-1,-1,1977
4571,-1,-1,-1
4572,-1,-1,-1
4573,-1,-1,-1
4574,-1,1624,1978
4575,-1,-1,-1
4576,-1,-1,1979
4577,-1,-1,-1
4578,-1,-1,-1
4579,-1,-1,-1
4580,-1,1625,1980
4581,-1,1626,1981
4582,-1,1627,1982
4583,-1,1628,1983
4584,-1,-1,-1
4585,-1,1629,1984
4586,-1,1630,1985
4587,-1,-1,-1
4588,-1,-1,-1
4589,-1,1631,1986
4590,-1,-1,-1
4591,-1,1632,-1
4592,-1,-1,-1
4593,-1,1633,1987
4594,-1,1634,1988
4595,-1,-1,-1
4596,-1,1635,1989
4597,-1,1636,1990
4598,-1,1636,1991
4599,-1,1637,1992
4600,-1,-1,-1
4601,-1,1638,-1
4602,-1,-1,-1
4603,-1,-1,-1
4604,-1,1639,1993
4605,-1,-1,-1
4606,-1,1640,1994
4607,-1,1641,1995
4608,-1,-1,-1
4609,-1,1641,-1
4610,-1,-1,-1
4611,-1,-1,-1
4612,-1,1642,1996
4613,-1,-1,-1
4614,-1,-1,-1
4615,-1,-1,-1
4616,-1,1643,1997
4617,-1,-1,1998
4618,-1,-1,-1
4619,-1,1644,1999
4620,-1,-1,-1
4621,-1,1645,2000
4622,-1,-1,2001
4623,-1,-1,2002
4624,-1,1646,2003
4625,-1,1647,2004
4626,-1,1648,2005
4627,-1,-1,2006
4628,-1,1649,2007
4629,-1,-1,-1
4630,-1,-1,-1
4631,-1,-1,-1
4632,-1,-1,-1
4633,-1,-1,-1
4634,-1,-1,-1
4635,-1,1650,2008
4636,-1,-1,-1
4637,-1,-1,-1
4638,-1,1651,-1
4639,-1,-1,-1
4640,-1,-1,-1
4641,-1,1652,2009
4642,-1,1653,2010
4643,-1,-1,-1
4644,-1,1654,2011
4645,-1,-1,-1
4646,-1,1655,-1
4647,-1,1656,2012
4648,-1,-1,-1
4649,-1,1657,2012
4650,-1,1658,2013
4651,-1,1659,2014
4652,-1,1660,2015
4653,-1,1661,2016
4654,-1,1662,2017
4655,-1,-1,-1
4656,-1,1663,2018
4657,-1,-1,-1
4658,-1,-1,-1
4659,-1,-1,-1
4660,-1,1664,2019
4661,-1,1665,2020
4662,-1,1666,2021
4663,-1,-1,-1
4664,-1,1667,2022
4665,-1,1668,2023
4666,-1,1669,2024
4667,-1,-1,-1
4668,-1,1670,2025
4669,-1,-1,-1
4670,-1,-1,-1
4671,-1,-1,2026
4672,-1,-1,-1
4673,-1,1671,2027
4674,-1,-1,2028
4675,-1,1672,2029
4676,-1,1673,2030
4677,-1,-1,-1
4678,-1,1674,2031
4679,-1,1675,2032
4680,-1,-1,-1
4681,-1,-1,-1
4682,-1,1676,2033
4683,-1,-1,-1
4684,-1,-1,2034
4685,-1,-1,2035
4686,-1,-1,-1
4687,-1,-1,-1
4688,-1,-1,-1
4689,-1,-1,2036
4690,-1,-1,-1
4691,-1,1677,2037
4692,-1,-1,2038
4693,-1,1678,2039
4694,-1,-1,-1
4695,-1,1679,2040
4696,-1,1680,2041
4697,-1,1681,2042
4698,-1,-1,-1
4699,-1,-1,-1
4700,-1,-1,-1
4701,-1,-1,-1
4702,-1,-1,-1
4703,-1,1682,2043
4704,-1,-1,-1
4705,-1,1683,2044
4706,-1,1684,2045
4707,-1,1685,2046
4708,-1,-1,2047
4709,-1,1685,2048
4710,-1,-1,-1
4711,-1,1686,2049
4712,-1,-1,-1
4713,-1,-1,-1
4714,-1,1687,2050
4715,-1,1688,-1
4716,-1,1689,2051
4717,-1,-1,-1
4718,-1,1690,-1
4719,-1,1691,2052
4720,-1,1692,2053
4721,-1,-1,2054
4722,-1,-1,-1
4723,-1,-1,-1
4724,-1,1693,2055
4725,-1,1694,2056
4726,-1,-1,-1
4727,-1,-1,-1
4728,-1,1695,2057
4729,-1,1696,2058
4730,-1,-1,-1
4731,-1,-1,-1
4732,-1,-1,-1
4733,-1,1697,2059
4734,-1,-1,2060
4735,-1,-1,-1
4736,-1,-1,-1
4737,-1,-1,-1
4738,-1,-1,2061
4739,-1,1698,2062
4740,-1,-1,-1
4741,-1,1699,2063
4742,-1,-1,-1
4743,-1,1700,2064
4744,-1,-1,-1
4745,-1,1700,-1
4746,-1,1701,-1
4747,-1,-1,2065
4748,-1,-1,-1
4749,-1,-1,-1
4750,-1,-1,-1
4751,-1,1702,2066
4752,-1,1703,2067
4753,-1,1704,-1
4754,-1,1705,2068
4755,-1,1706,2069
4756,-1,-1,-1
4757,-1,1707,2070
4758,-1,-1,-1
4759,-1,1708,2071
4760,-1,-1,-1
4761,-1,-1,-1
4762,-1,-1,-1
4763,-1,1709,2072
4764,-1,-1,-1
4765,-1,1710,-1
4766,-1,-1,-1
4767,-1,1711,2073
4768,-1,1711,2074
4769,-1,-1,-1
4770,-1,-1,-1
4771,-1,-1,-1
4772,-1,-1,2075
4773,-1,1712,-1
4774,-1,-1,-1
4775,-1,1713,2076
4776,-1,1714,-1
4777,-1,1715,2077
4778,-1,1716,-1
4779,-1,-1,2078
4780,-1,1717,2079
4781,-1,-1,-1
4782,-1,-1,-1
4783,-1,-1,-1
4784,-1,-1,-1
4785,-1,-1,-1
4786,-1,-1,-1
4787,-1,1718,2080
4788,-1,1719,2081
4789,-1,1720,-1
4790,-1,1721,2082
4791,-1,-1,-1
4792,-1,1722,2083
4793,-1,-1,-1
4794,-1,1723,2084
4795,-1,-1,-1
4796,-1,1724,-1
4797,-1,1725,2085
4798,-1,1726,2086
4799,-1,1727,-1
4800,-1,1728,2087
4801,-1,-1,-1
4802,-1,1729,2088
4803,-1,-1,-1
4804,-1,-1,-1
4805,-1,-1,-1
4806,-1,-1,-1
4807,-1,-1,-1
4808,-1,-1,-1
4809,-1,1730,2089
4810,-1,1731,2090
4811,-1,-1,-1
4812,-1,-1,-1
4813,-1,1732,2091
4814,-1,1733,2092
4815,-1,-1,-1
4816,-1,-1,-1
4817,-1,1734,-1
4818,-1,-1,-1
4819,-1,-1,-1
4820,-1,-1,-1
4821,-1,1735,2093
4822,-1,1736,2094
4823,-1,1737,-1
4824,-1,1738,2095
4825,-1,-1,2096
4826,-1,-1,-1
4827,-1,1739,2097
4828,-1,-1,-1
4829,-1,-1,-1
4830,-1,-1,-1
4831,-1,-1,-1
4832,-1,-1,-1
4833,-1,1740,2098
4834,-1,-1,-1
4835,-1,1741,2099
4836,-1,-1,2100
4837,-1,-1,-1
4838,-1,-1,-1
4839,-1,-1,2101
4840,-1,1742,2102
4841,-1,1743,2103
4842,-1,1744,2104
4843,-1,-1,-1
4844,-1,1745,-1
4845,-1,1746,2105
4846,-1,1747,2106
4847,-1,-1,-1
4848,-1,-1,2107
4849,-1,-1,-1
4850,-1,-1,-1
4851,-1,1748,2108
4852,-1,-1,-1
4853,-1,-1,-1
4854,-1,1749,2109
4855,-1,-1,-1
4856,-1,1750,2110
4857,-1,1751,2111
4858,-1,1751,2112
4859,-1,1752,2113
4860,-1,1753,2114
4861,-1,1754,2115
4862,-1,1755,2116
4863,-1,-1,-1
4864,-1,-1,-1
4865,-1,-1,-1
4866,-1,1756,2117
4867,-1,1757,2118
4868,-1,-1,-1
4869,-1,-1,-1
4870,-1,-1,-1
4871,-1,-1,-1
4872,-1,-1,-1
4873,-1,1757,2119
4874,-1,-1,-1
4875,-1,-1,-1
4876,-1,-1,-1
4877,-1,-1,-1
4878,-1,1758,2120
4879,-1,1759,2121
4880,-1,1760,2122
4881,-1,1761,-1
4882,-1,-1,-1
4883,-1,-1,-1
4884,-1,1762,2123
4885,-1,1763,2124
4886,-1,-1,-1
4887,-1,-1,-1
4888,-1,-1,-1
4889,-1,1764,2125
4890,-1,1765,2126
4891,-1,-1,-1
4892,-1,1766,2127
4893,-1,-1,-1
4894,-1,-1,-1
4895,-1,-1,-1
4896,-1,-1,-1
4897,-1,-1,-1
4898,-1,1767,2128
4899,-1,1768,2129
4900,-1,-1,2130
4901,-1,-1,-1
4902,-1,-1,-1
4903,-1,1769,2131
4904,-1,-1,-1
4905,-1,-1,-1
4906,-1,-1,-1
4907,-1,-1,2132
4908,-1,-1,-1
4909,-1,-1,-1
4910,-1,-1,-1
4911,-1,-1,-1
4912,-1,1770,2133
4913,-1,-1,-1
4914,-1,1771,-1
4915,-1,1772,2134
4916,-1,-1,-1
4917,-1,1773,2135
4918,-1,-1,2136
4919,-1,1774,2137
4920,-1,-1,-1
4921,-1,-1,-1
4922,-1,1775,2138
4923,-1,-1,-1
4924,-1,1776,2139
4925,-1,1777,2140
4926,-1,1778,2141
4927,-1,1779,2142
4928,-1,1780,2143
4929,-1,1781,2144
4930,-1,-1,-1
4931,-1,-1,-1
4932,-1,1782,2145
4933,-1,-1,-1
4934,-1,-1,-1
4935,-1,-1,-1
4936,-1,-1,-1
4937,-1,1783,2146
4938,-1,1784,2147
4939,-1,-1,2148
4940,-1,-1,-1
4941,-1,1785,2149
4942,-1,-1,-1
4943,-1,-1,-1
4944,-1,-1,-1
4945,-1,-1,-1
4946,-1,1786,2150
4947,-1,-1,-1
4948,-1,-1,2151
4949,-1,-1,2152
4950,-1,-1,-1
4951,-1,-1,2153
4952,-1,-1,-1
4953,-1,1787,2154
4954,-1,1788,2155
4955,-1,-1,-1
4956,-1,1789,-1
4957,-1,-1,-1
4958,-1,1790,2156
4959,-1,-1,-1
4960,-1,-1,2157
4961,-1,-1,2158
4962,-1,-1,-1
4963,-1,-1,-1
4964,-1,-1,-1
4965,-1,-1,-1
4966,-1,-1,2159
4967,-1,-1,-1
4968,-1,-1,-1
4969,-1,1791,2160
4970,-1,1792,2161
4971,-1,-1,-1
4972,-1,1793,2162
4973,-1,1794,2163
4974,-1,1795,2164
4975,-1,-1,-1
4976,-1,-1,-1
4977,-1,1796,-1
4978,-1,-1,2165
4979,-1,1797,2166
4980,-1,1798,2167
4981,-1,-1,-1
4982,-1,1799,2168
4983,-1,1800,2169
4984,-1,1801,2170
4985,-1,-1,-1
4986,-1,-1,-1
4987,-1,1802,2171
4988,-1,-1,2172
4989,-1,1803,2173
4990,-1,-1,-1
4991,-1,1803,2174
4992,-1,1804,2175
4993,-1,-1,-1
4994,-1,-1,-1
4995,-1,1805,2176
4996,-1,-1,-1
4997,-1,1806,2177
4998,-1,-1,-1
4999,-1,-1,-1
5000,-1,-1,-1
5001,-1,-1,-1
5002,-1,-1,2178
5003,-1,1807,2179
5004,-1,-1,-1
5005,-1,1808,2180
5006,-1,1809,2181
5007,-1,1810,2182
5008,-1,-1,-1
5009,-1,-1,2183
5010,-1,1811,2184
5011,-1,1812,2185
5012,-1,1813,2186
5013,-1,-1,-1
5014,-1,1814,-1
5015,-1,1815,2187
5016,-1,1816,2188
5017,-1,-1,-1
5018,-1,-1,2189
5019,-1,-1,-1
5020,-1,1817,-1
5021,-1,1818,2190
5022,-1,-1,-1
5023,-1,-1,2191
5024,-1,1819,-1
5025,-1,-1,-1
5026,-1,-1,-1
5027,-1,-1,-1
5028,-1,1820,2192
5029,-1,-1,-1
5030,-1,1821,2193
5031,-1,-1,-1
5032,-1,-1,-1
5033,-1,-1,-1
5034,-1,1822,2194
5035,-1,1823,2195
5036,-1,-1,-1
5037,-1,-1,-1
5038,-1,-1,-1
5039,-1,-1,2196
5040,-1,1824,2197
5041,-1,1825,2198
5042,-1,-1,-1
5043,-1,1826,2199
5044,-1,-1,-1
5045,-1,1827,2200
5046,-1,-1,-1
5047,-1,-1,-1
5048,-1,1828,2201
5049,-1,-1,-1
5050,-1,1829,2202
5051,-1,-1,-1
5052,-1,1830,-1
5053,-1,-1,2203
5054,-1,1831,2204
5055,-1,1832,-1
5056,-1,-1,-1
5057,-1,-1,2205
5058,-1,-1,-1
5059,-1,1833,-1
5060,-1,-1,-1
5061,-1,1834,-1
5062,-1,-1,-1
5063,-1,-1,-1
5064,-1,-1,-1
5065,-1,-1,-1
5066,-1,-1,2206
5067,-1,-1,2207
5068,-1,-1,-1
5069,-1,-1,-1
5070,-1,-1,-1
5071,-1,1835,2208
5072,-1,1836,2209
5073,-1,-1,-1
5074,-1,1837,2210
5075,-1,1838,2211
5076,-1,-1,-1
5077,-1,-1,2212
5078,-1,-1,-1
5079,-1,1839,2213
5080,-1,-1,-1
5081,-1,1840,2214
5082,-1,-1,-1
5083,-1,-1,-1
5084,-1,1841,2215
5085,-1,1842,2216
5086,-1,1843,2217
5087,-1,1844,2218
5088,-1,-1,-1
5089,-1,-1,-1
5090,-1,-1,-1
5091,-1,-1,-1
5092,-1,-1,-1
5093,-1,-1,-1
5094,-1,-1,-1
5095,-1,-1,-1
5096,-1,-1,-1
5097,-1,-1,2219
5098,-1,-1,-1
5099,-1,-1,-1
5100,-1,-1,-1
5101,-1,1845,2220
5102,-1,1846,2221
5103,-1,-1,-1
5104,-1,1847,2222
5105,-1,1848,2223
5106,-1,-1,-1
5107,-1,1849,-1
5108,-1,1850,2224
5109,-1,-1,-1
5110,-1,-1,2225
5111,-1,-1,-1
5112,-1,-1,-1
5113,-1,-1,-1
5114,-1,-1,-1
5115,-1,-1,2226
5116,-1,-1,-1
5117,-1,-1,-1
5118,-1,-1,-1
5119,-1,1851,2227
5120,-1,1852,2228
5121,-1,1853,2229
5122,-1,1854,2230
5123,-1,-1,2231
5124,-1,1855,-1
5125,-1,-1,2232
5126,-1,-1,2233
5127,-1,-1,-1
5128,-1,-1,-1
5129,-1,-1,-1
5130,-1,-1,-1
5131,-1,-1,-1
5132,-1,-1,-1
5133,-1,1856,-1
5134,-1,1857,-1
5135,-1,1858,2234
5136,-1,-1,2235
5137,-1,1859,2236
5138,-1,1860,2237
5139,-1,-1,-1
5140,-1,-1,-1
5141,-1,-1,-1
5142,-1,-1,-1
5143,-1,-1,-1
5144,-1,1861,2238
5145,-1,1862,2239
5146,-1,-1,-1
5147,-1,1863,2240
5148,-1,-1,2241
5149,-1,1864,2242
5150,-1,-1,-1
5151,-1,1865,2243
5152,-1,-1,-1
5153,-1,-1,-1
5154,-1,1866,2244
5155,-1,1867,2245
5156,18,-1,-1
5157,-1,-1,-1
5158,-1,-1,-1
5159,-1,1868,2246
5160,-1,-1,-1
5161,-1,-1,-1
5162,-1,-1,-1
5163,-1,1869,2247
5164,-1,-1,-1
5165,-1,-1,-1
5166,-1,1870,-1
5167,-1,-1,-1
5168,-1,-1,-1
5169,-1,-1,-1
5170,-1,-1,-1
5171,-1,1871,2248
5172,-1,-1,-1
5173,-1,-1,-1
5174,-1,1872,2249
5175,-1,1873,2250
5176,-1,-1,-1
5177,-1,1874,2251
5178,-1,-1,-1
5179,-1,-1,-1
5180,-1,-1,2252
5181,-1,1875,-1
5182,-1,-1,-1
5183,-1,1876,2253
5184,-1,-1,-1
5185,-1,-1,-1
5186,-1,-1,-1
5187,-1,-1,-1
5188,-1,1877,2254
5189,-1,1878,2255
5190,-1,1879,2256
5191,-1,1880,2257
5192,-1,1881,2258
5193,-1,-1,-1
5194,-1,-1,2259
5195,-1,1882,-1
5196,-1,1883,2260
5197,-1,1884,2261
5198,-1,1885,2262
5199,-1,-1,-1
5200,-1,-1,-1
5201,-1,-1,-1
5202,-1,1886,2263
5203,-1,-1,-1
5204,-1,1887,2264
5205,-1,-1,-1
5206,-1,1888,2265
5207,-1,-1,2266
5208,-1,1889,2267
5209,-1,1890,2268
5210,-1,-1,-1
5211,-1,-1,-1
5212,-1,-1,-1
5213,-1,1891,2269
5214,-1,-1,-1
5215,-1,-1,-1
5216,-1,1892,2270
5217,-1,-1,2271
5218,-1,1893,-1
5219,-1,1894,-1
5220,-1,1895,2272
5221,-1,-1,-1
5222,-1,1896,2273
5223,-1,1897,2274
5224,-1,-1,-1
5225,-1,-1,-1
5226,-1,-1,-1
5227,-1,1898,2275
5228,-1,1899,2276
5229,-1,1900,2277
5230,-1,1901,-1
5231,-1,1901,2278
5232,-1,1902,2279
5233,-1,-1,-1
5234,-1,1903,2280
5235,-1,-1,-1
5236,-1,1904,2281
5237,-1,-1,-1
5238,-1,-1,-1
5239,-1,-1,2282
5240,-1,1905,2283
5241,-1,-1,-1
5242,-1,1906,2284
5243,-1,1907,2285
5244,-1,-1,2286
5245,-1,-1,-1
5246,-1,1908,2287
5247,-1,-1,-1
5248,-1,1909,2288
5249,-1,-1,-1
5250,-1,-1,-1
5251,-1,-1,2289
5252,-1,1910,2290
5253,-1,-1,-1
5254,-1,1911,-1
5255,-1,1912,2291
5256,-1,1913,2292
5257,-1,1914,2293
5258,-1,1915,2294
5259,-1,-1,-1
5260,-1,1916,2295
5261,-1,-1,-1
5262,-1,-1,2296
5263,-1,-1,-1
5264,-1,1917,2297
5265,-1,-1,-1
5266,-1,-1,-1
5267,-1,-1,2298
5268,-1,-1,-1
5269,-1,1917,2299
5270,-1,1918,2300
5271,-1,1919,-1
5272,-1,-1,-1
5273,-1,-1,2301
5274,-1,-1,-1
5275,-1,-1,-1
5276,-1,-1,-1
5277,-1,-1,-1
5278,-1,1920,2302
5279,-1,-1,2303
5280,-1,-1,-1
5281,-1,-1,2304
5282,-1,-1,-1
5283,-1,-1,2305
5284,-1,-1,-1
5285,-1,-1,-1
5286,-1,1921,2306
5287,-1,-1,-1
5288,-1,-1,2307
5289,-1,1922,2308
5290,-1,-1,-1
5291,-1,1922,2309
5292,-1,-1,-1
5293,-1,-1,-1
5294,-1,-1,-1
5295,-1,-1,-1
5296,-1,-1,-1
5297,-1,1923,2310
5298,-1,-1,-1
5299,-1,-1,2310
5300,-1,1924,2311
5301,-1,-1,-1
5302,-1,1925,2312
5303,-1,-1,-1
5304,-1,1926,2313
5305,-1,1927,2314
5306,-1,-1,-1
5307,-1,-1,-1
5308,-1,1928,2315
5309,-1,-1,-1
5310,-1,-1,-1
5311,-1,-1,-1
5312,-1,1929,-1
5313,-1,-1,-1
5314,-1,1930,2316
5315,-1,-1,-1
5316,-1,-1,2317
5317,-1,1931,2318
5318,-1,-1,-1
5319,-1,-1,-1
5320,-1,-1,-1
5321,-1,-1,-1
5322,-1,-1,-1
5323,-1,-1,-1
5324,-1,1932,2319
5325,-1,1932,2320
5326,-1,-1,-1
5327,-1,-1,-1
5328,-1,-1,-1
5329,-1,-1,-1
5330,-1,-1,-1
5331,-1,1933,-1
5332,-1,1933,2321
5333,-1,-1,-1
5334,-1,1934,2322
5335,-1,-1,-1
5336,-1,-1,-1
5337,-1,1935,2323
5338,-1,-1,-1
5339,-1,-1,-1
5340,-1,-1,2324
5341,-1,1936,2325
5342,-1,1937,2326
5343,-1,1938,2327
5344,-1,1938,2328
5345,-1,-1,-1
5346,-1,-1,-1
5347,-1,-1,-1
5348,-1,-1,-1
5349,-1,1939,2329
5350,-1,1940,2330
5351,-1,1941,-1
5352,-1,1942,2331
5353,-1,1943,2332
5354,-1,-1,-1
5355,-1,-1,-1
5356,-1,-1,2333
5357,-1,1944,2334
5358,-1,-1,-1
5359,-1,-1,-1
5360,-1,-1,2335
5361,-1,1945,2336
5362,-1,-1,-1
5363,-1,-1,-1
5364,-1,-1,2337
5365,-1,-1,-1
5366,-1,1945,2338
5367,-1,-1,-1
5368,-1,-1,2339
5369,-1,1946,2340
5370,-1,-1,-1
5371,-1,1947,2341
5372,-1,1947,2342
5373,-1,-1,-1
5374,-1,-1,-1
5375,-1,-1,-1
5376,-1,-1,-1
5377,-1,-1,-1
5378,-1,-1,2343
5379,-1,1947,2344
5380,-1,-1,2345
5381,-1,-1,-1
5382,-1,-1,-1
5383,-1,-1,-1
5384,-1,1948,-1
5385,-1,-1,-1
5386,-1,1949,2346
5387,-1,-1,-1
5388,-1,-1,-1
5389,-1,-1,2347
5390,-1,-1,-1
5391,-1,1950,-1
5392,-1,-1,-1
5393,-1,-1,-1
5394,-1,-1,-1
5395,-1,1951,2348
5396,-1,-1,-1
5397,-1,-1,-1
5398,-1,-1,-1
5399,-1,-1,-1
5400,-1,1952,2349
5401,-1,-1,2350
5402,19,1953,2351
5403,-1,-1,-1
5404,-1,-1,2352
5405,-1,1954,2353
5406,-1,1955,2354
5407,-1,-1,-1
5408,-1,1956,2355
5409,-1,1957,2356
5410,-1,-1,-1
5411,-1,-1,2357
5412,-1,-1,-1
5413,-1,-1,-1
5414,-1,-1,-1
5415,-1,-1,-1
5416,-1,1958,2358
5417,-1,-1,-1
5418,-1,1959,2359
5419,-1,-1,-1
5420,-1,-1,-1
5421,-1,1960,-1
5422,-1,-1,-1
5423,-1,1961,2360
5424,-1,1962,2361
5425,-1,-1,-1
5426,-1,-1,-1
5427,-1,-1,-1
5428,-1,-1,2362
5429,-1,1963,-1
5430,-1,-1,-1
5431,-1,1964,2363
5432,-1,1965,2364
5433,-1,-1,2365
5434,-1,-1,-1
5435,-1,1966,2366
5436,-1,-1,-1
5437,-1,-1,2367
5438,-1,1967,-1
5439,-1,-1,-1
5440,-1,1968,2368
5441,-1,-1,2369
5442,-1,1969,2370
5443,-1,1970,2371
5444,-1,-1,-1
5445,-1,1971,-1
5446,-1,-1,-1
5447,-1,-1,-1
5448,-1,1972,2372
5449,-1,-1,-1
5450,-1,-1,2373
5451,-1,-1,-1
5452,-1,1973,2374
5453,-1,-1,-1
5454,-1,-1,-1
5455,-1,-1,-1
5456,-1,-1,-1
5457,-1,-1,-1
5458,-1,1974,2375
5459,-1,-1,2376
5460,-1,1975,2377
5461,-1,-1,-1
5462,-1,1976,2378
5463,-1,1977,2379
5464,-1,1978,2380
5465,-1,-1,-1
5466,-1,1979,2381
5467,-1,-1,-1
5468,-1,-1,-1
5469,-1,-1,-1
5470,-1,-1,-1
5471,-1,1980,2382
5472,-1,1981,2383
5473,-1,1982,2384
5474,-1,-1,-1
5475,-1,-1,-1
5476,-1,1983,2385
5477,-1,-1,-1
5478,-1,1984,2386
5479,-1,-1,-1
5480,-1,1984,2387
5481,-1,-1,-1
5482,-1,-1,2388
5483,-1,-1,2389
5484,-1,1984,2390
5485,-1,-1,-1
5486,-1,1985,2391
5487,-1,-1,-1
5488,-1,-1,2392
5489,-1,-1,-1
5490,-1,-1,-1
5491,-1,-1,2393
5492,-1,-1,-1
5493,-1,-1,-1
5494,-1,-1,-1
5495,-1,-1,-1
5496,-1,-1,-1
5497,-1,-1,2394
5498,-1,1986,2395
5499,-1,-1,-1
5500,-1,-1,-1
5501,-1,-1,-1
5502,-1,1987,2396
5503,-1,1988,2397
5504,-1,1989,2398
5505,-1,-1,-1
5506,-1,-1,-1
5507,-1,-1,-1
5508,-1,-1,-1
5509,-1,1990,2399
5510,-1,1991,2400
5511,-1,1992,-1
5512,-1,1993,2401
5513,-1,-1,-1
5514,-1,-1,2402
5515,-1,1994,-1
5516,-1,1994,2403
5517,-1,1995,2404
5518,-1,-1,2405
5519,-1,-1,-1
5520,-1,-1,-1
5521,-1,-1,-1
5522,-1,1996,2406
5523,-1,-1,2407
5524,-1,-1,-1
5525,-1,-1,2408
5526,-1,-1,-1
5527,-1,-1,-1
5528,-1,1997,2409
5529,-1,1998,-1
5530,-1,1999,2410
5531,-1,2000,2411
5532,-1,-1,-1
5533,-1,2001,2412
5534,-1,-1,-1
5535,-1,2002,2413
5536,-1,-1,-1
5537,-1,2003,2414
5538,-1,-1,2415
5539,-1,-1,-1
5540,-1,2004,2416
5541,-1,-1,2417
5542,-1,-1,-1
5543,-1,-1,-1
5544,-1,-1,-1
5545,-1,-1,-1
5546,20,-1,-1
5547,-1,-1,-1
5548,-1,2005,2418
5549,-1,2006,-1
5550,-1,-1,-1
5551,-1,2007,2419
5552,-1,-1,2420
5553,-1,-1,2421
5554,-1,-1,2422
5555,-1,2008,-1
5556,-1,-1,-1
5557,-1,2009,2423
5558,-1,2010,2424
5559,-1,2011,2425
5560,-1,-1,2426
5561,-1,-1,-1
5562,-1,2012,2427
5563,-1,-1,-1
5564,-1,2013,-1
5565,-1,-1,-1
5566,-1,-1,-1
5567,-1,-1,2428
5568,-1,-1,-1
5569,-1,-1,-1
5570,-1,-1,-1
5571,-1,-1,2429
5572,-1,2014,-1
5573,-1,-1,-1
5574,-1,-1,-1
5575,-1,-1,-1
5576,-1,-1,2430
5577,-1,2015,2431
5578,-1,2016,2432
5579,-1,-1,-1
5580,-1,-1,-1
5581,-1,-1,-1
5582,-1,-1,-1
5583,-1,-1,-1
5584,-1,-1,2433
5585,-1,-1,2434
5586,-1,-1,-1
5587,-1,2017,2435
5588,-1,2018,2436
5589,-1,2019,2437
5590,-1,2019,2438
5591,-1,-1,-1
5592,-1,-1,-1
5593,-1,2020,2439
5594,-1,2021,2440
5595,-1,-1,-1
5596,-1,-1,2441
5597,-1,2022,2442
5598,-1,-1,2443
5599,-1,2023,2444
5600,-1,-1,-1
5601,-1,-1,-1
5602,-1,-1,2445
5603,-1,-1,-1
5604,-1,2024,-1
5605,-1,-1,2446
5606,-1,2025,2447
5607,-1,-1,-1
5608,-1,-1,-1
5609,21,2026,-1
5610,-1,-1,-1
5611,-1,-1,-1
5612,-1,-1,-1
5613,-1,-1,-1
5614,-1,2027,2448
5615,-1,2028,2449
5616,-1,-1,-1
5617,-1,2029,2450
5618,-1,-1,-1
5619,-1,2030,2451
5620,-1,-1,-1
5621,-1,-1,-1
5622,-1,-1,-1
5623,-1,2031,2452
5624,-1,-1,-1
5625,-1,2032,2453
5626,-1,-1,-1
5627,-1,-1,-1
5628,-1,-1,-1
5629,-1,2033,2454
5630,-1,-1,2455
5631,-1,-1,-1
5632,-1,-1,-1
5633,-1,-1,-1
5634,-1,2034,2456
5635,-1,-1,2457
5636,-1,-1,-1
5637,-1,-1,2458
5638,-1,-1,-1
5639,-1,-1,-1
5640,-1,2035,2459
5641,-1,2036,2460
5642,-1,-1,-1
5643,-1,-1,-1
5644,-1,-1,-1
5645,-1,-1,-1
5646,-1,-1,-1
5647,-1,-1,-1
5648,-1,2037,2461
5649,-1,-1,-1
5650,-1,2037,2462
5651,-1,-1,2463
5652,-1,2038,2464
5653,-1,-1,-1
5654,-1,2038,2465
5655,-1,-1,-1
5656,-1,2039,2466
5657,-1,-1,-1
5658,-1,-1,-1
5659,-1,2040,2467
5660,-1,-1,-1
5661,-1,2041,-1
5662,-1,-1,-1
5663,-1,-1,-1
5664,-1,-1,-1
5665,-1,-1,-1
5666,-1,2042,2468
5667,-1,-1,-1
5668,-1,-1,-1
5669,-1,-1,-1
5670,-1,2043,2469
5671,-1,2044,2470
5672,-1,-1,-1
5673,-1,2045,-1
5674,-1,2046,2471
5675,-1,-1,-1
5676,-1,2047,2472
5677,22,2048,2473
5678,-1,2049,-1
5679,-1,-1,-1
5680,-1,-1,-1
5681,-1,2050,2474
5682,-1,-1,-1
5683,-1,2051,2475
5684,-1,2052,2476
5685,-1,-1,-1
5686,-1,2053,2477
5687,-1,-1,2478
5688,-1,-1,-1
5689,-1,2054,2478
5690,-1,-1,2479
5691,-1,-1,-1
5692,-1,2055,2480
5693,-1,-1,-1
5694,-1,-1,-1
5695,-1,2056,2481
5696,-1,2057,-1
5697,-1,-1,-1
5698,-1,-1,2482
5699,-1,-1,-1
5700,-1,-1,-1
5701,-1,-1,-1
5702,-1,2058,2483
5703,-1,-1,-1
5704,-1,2059,2484
5705,-1,2060,2485
5706,-1,2061,2486
5707,-1,2062,2487
5708,-1,2063,-1
5709,-1,2064,2488
5710,-1,2065,2489
5711,-1,2066,2490
5712,-1,-1,-1
5713,-1,-1,-1
5714,-1,2067,2491
5715,-1,-1,-1
5716,-1,-1,-1
5717,-1,-1,2492
5718,-1,-1,-1
5719,-1,-1,-1
5720,-1,2068,2493
5721,-1,2069,-1
5722,-1,-1,-1
5723,-1,2070,-1
5724,-1,-1,-1
5725,-1,-1,-1
5726,-1,2071,2494
5727,-1,-1,-1
5728,-1,2072,2495
5729,-1,-1,-1
5730,-1,-1,-1
5731,-1,2073,2496
5732,-1,-1,-1
5733,-1,-1,-1
5734,-1,-1,-1
5735,-1,-1,-1
5736,-1,-1,2497
5737,-1,2074,2498
5738,-1,2075,2499
5739,-1,-1,-1
5740,-1,-1,-1
5741,-1,-1,-1
5742,-1,-1,-1
5743,-1,2076,2500
5744,-1,2077,2501
5745,-1,-1,-1
5746,-1,-1,2502
5747,-1,2078,2503
5748,-1,-1,-1
5749,-1,2079,2504
5750,-1,-1,-1
5751,-1,2080,2505
5752,-1,-1,2506
5753,-1,-1,-1
5754,-1,-1,2507
5755,-1,-1,-1
5756,-1,2081,2508
5757,-1,2082,2509
5758,-1,2083,2510
5759,-1,-1,-1
5760,-1,-1,-1
5761,-1,-1,-1
5762,-1,-1,-1
5763,-1,-1,-1
5764,-1,-1,-1
5765,-1,2084,2511
5766,-1,-1,-1
5767,-1,-1,-1
5768,-1,-1,-1
5769,-1,-1,-1
5770,-1,-1,-1
5771,-1,-1,2512
5772,-1,-1,-1
5773,-1,2085,2513
5774,-1,2086,2514
5775,-1,2087,-1
5776,-1,2088,2514
5777,-1,-1,2515
5778,-1,-1,-1
5779,-1,-1,-1
5780,-1,-1,-1
5781,-1,-1,-1
5782,-1,2089,2516
5783,-1,-1,-1
5784,-1,-1,-1
5785,-1,2089,2517
5786,-1,2090,2518
5787,-1,-1,-1
5788,-1,-1,-1
5789,-1,2091,-1
5790,-1,-1,-1
5791,-1,-1,-1
5792,-1,-1,-1
5793,-1,-1,-1
5794,-1,-1,2519
5795,-1,-1,-1
5796,-1,-1,-1
5797,-1,2092,2520
5798,-1,2093,2521
5799,-1,2094,2522
5800,-1,-1,-1
5801,-1,2095,2522
5802,-1,-1,2523
5803,-1,2096,2524
5804,-1,-1,2525
5805,-1,-1,-1
5806,-1,-1,-1
5807,-1,-1,-1
5808,-1,-1,2526
5809,-1,-1,-1
5810,-1,2096,2527
5811,-1,-1,-1
5812,-1,-1,-1
5813,-1,-1,-1
5814,-1,-1,-1
5815,-1,-1,2528
5816,-1,-1,-1
5817,-1,2097,2529
5818,-1,-1,-1
5819,-1,-1,-1
5820,-1,2098,2530
5821,-1,2098,2531
5822,-1,-1,-1
5823,-1,2098,2532
5824,-1,-1,-1
5825,-1,2098,2533
5826,-1,-1,-1
5827,-1,-1,-1
5828,-1,2099,2534
5829,-1,-1,-1
5830,-1,2100,2535
5831,-1,2101,2536
5832,-1,-1,-1
5833,-1,-1,2537
5834,-1,2102,2538
5835,-1,-1,-1
5836,-1,2103,2539
5837,-1,2104,2540
5838,-1,2105,2541
5839,-1,-1,-1
5840,-1,2106,-1
5841,-1,2107,2542
5842,-1,2108,-1
5843,-1,-1,-1
5844,-1,2109,2543
5845,-1,2110,2544
5846,-1,2111,2545
5847,23,2112,-1
5848,-1,2113,2546
5849,-1,2114,2547
5850,-1,-1,-1
5851,-1,2114,-1
5852,-1,-1,-1
5853,-1,-1,-1
5854,-1,2114,2548
5855,-1,2115,2549
5856,-1,-1,-1
5857,-1,-1,2550
5858,-1,2116,-1
5859,-1,2116,2551
5860,-1,2117,2552
5861,-1,-1,-1
5862,-1,2118,2553
5863,-1,2119,2554
5864,-1,-1,-1
5865,-1,2120,2555
5866,-1,-1,-1
5867,-1,2121,2556
5868,-1,-1,-1
5869,-1,-1,-1
5870,-1,2122,2557
5871,-1,2123,-1
5872,-1,-1,-1
5873,-1,2124,2558
5874,-1,-1,2559
5875,-1,-1,-1
5876,-1,-1,-1
5877,-1,2125,2560
5878,-1,-1,-1
5879,-1,-1,2561
5880,-1,-1,-1
5881,-1,2126,2562
5882,-1,-1,-1
5883,-1,-1,-1
5884,-1,-1,-1
5885,-1,-1,-1
5886,-1,-1,-1
5887,-1,-1,-1
5888,-1,-1,-1
5889,-1,2127,-1
5890,-1,2128,2563
5891,-1,-1,-1
5892,-1,-1,2564
5893,-1,-1,-1
5894,-1,2129,2565
5895,-1,2130,2566
5896,-1,-1,-1
5897,-1,-1,-1
5898,-1,-1,-1
5899,-1,-1,-1
5900,-1,2130,2567
5901,-1,-1,-1
5902,-1,-1,-1
5903,-1,-1,-1
5904,-1,2131,2568
5905,-1,2132,2569
5906,-1,-1,-1
5907,-1,-1,2570
5908,-1,2133,2571
5909,-1,-1,-1
5910,-1,-1,-1