author,recipeingredient,datepublished,recipeyield,recipecategory,totaltime,recipecuisine,aggregaterating,commentcount
0,-1,0,-1,1,1,0,0,0
0,-1,1,-1,2,1,0,0,0
0,-1,2,1,3,-1,0,0,0
0,-1,3,2,4,2,0,0,0
0,-1,4,-1,5,3,0,0,1
0,-1,5,2,6,4,0,0,2
0,-1,6,3,7,5,0,0,3
0,-1,7,-1,8,6,0,0,4
0,-1,8,3,9,7,0,0,4
0,-1,9,4,10,8,0,0,4
0,-1,10,5,11,8,0,0,4
0,-1,11,-1,12,9,0,0,4
0,-1,12,5,13,-1,0,0,4
0,-1,13,6,13,10,0,0,5
0,-1,14,7,14,-1,0,0,6
0,-1,15,8,15,11,0,0,7
0,-1,16,9,16,12,0,0,7
0,-1,17,10,17,13,0,0,8
0,-1,18,11,18,14,0,0,9
0,-1,19,12,19,15,0,0,9
0,-1,20,-1,20,16,0,0,10
0,-1,21,13,21,17,0,0,11
0,-1,22,14,22,18,0,0,11
0,-1,23,15,23,19,0,0,11
0,-1,24,15,24,20,0,0,11
0,-1,25,16,25,21,0,0,11
0,-1,26,17,26,22,0,0,11
0,-1,27,-1,27,23,0,0,11
0,-1,28,18,28,24,0,0,11
0,-1,29,-1,29,25,0,0,11
0,-1,30,19,30,26,0,0,12
0,-1,31,20,31,27,0,0,13
0,-1,32,21,32,28,0,0,13
0,-1,33,22,33,28,0,0,14
0,-1,34,-1,34,29,0,0,15
0,-1,35,-1,35,29,0,0,15
0,-1,36,-1,36,29,0,0,16
0,-1,37,23,37,-1,0,0,17
0,-1,38,24,38,30,0,0,17
0,-1,39,25,39,31,0,0,18
0,-1,40,26,40,32,0,0,19
0,-1,41,26,41,33,0,0,19
0,-1,42,-1,42,34,0,0,19
0,-1,43,27,43,35,0,0,19
0,-1,44,28,44,36,0,0,19
0,-1,45,28,45,37,0,0,19
0,-1,46,28,46,38,0,0,20
0,-1,47,29,47,38,0,0,20
0,-1,48,30,48,39,0,0,21
0,-1,49,-1,49,-1,0,0,21
0,-1,50,31,50,40,0,0,21
0,-1,51,31,51,-1,0,0,22
0,-1,52,32,52,41,0,0,22
0,-1,53,33,53,42,0,0,23
0,-1,54,34,54,43,0,0,23
0,-1,55,34,55,44,0,0,23
0,-1,56,35,56,45,0,0,23
0,-1,57,36,57,46,0,0,23
0,-1,58,37,58,47,0,0,23
0,-1,59,38,59,48,0,0,23
0,-1,60,39,60,49,0,0,23
0,-1,61,-1,61,50,0,0,23
0,-1,62,40,62,51,0,0,23
0,-1,63,41,63,52,0,0,24
0,-1,64,42,64,53,0,0,25
0,-1,65,43,65,54,0,0,26
0,-1,66,44,66,55,0,0,27
0,-1,67,45,67,-1,0,0,27
0,-1,68,46,68,56,0,0,27
0,-1,69,-1,69,-1,0,0,27
0,-1,70,46,70,57,0,0,28
0,-1,71,47,71,58,0,0,29
0,-1,72,47,72,59,0,0,29
0,-1,73,48,73,60,0,0,29
0,-1,74,49,74,61,0,0,29
0,-1,75,50,74,61,0,0,29
0,-1,76,51,75,62,0,0,29
0,-1,77,52,76,63,0,0,29
0,-1,78,53,77,64,0,0,29
0,-1,79,53,78,65,0,0,29
0,-1,80,54,79,-1,0,0,29
0,-1,81,55,80,-1,0,0,29
0,-1,82,-1,81,66,0,0,29
0,-1,83,56,82,67,0,0,30
0,-1,84,57,83,68,0,0,31
0,-1,85,58,84,69,0,0,32
0,-1,86,58,85,70,0,0,33
0,-1,87,58,86,-1,0,0,34
0,-1,88,-1,87,71,0,0,35
0,-1,89,58,88,72,0,0,35
0,-1,90,58,89,73,0,0,35
0,-1,91,58,90,74,0,0,35
0,-1,92,59,91,74,0,0,36
0,-1,93,60,92,75,0,0,37
0,-1,94,-1,93,-1,0,0,37
0,-1,95,61,94,76,0,0,38
0,-1,96,61,95,77,0,0,39
0,-1,97,62,95,78,0,0,39
0,-1,98,-1,96,79,0,0,39
0,-1,99,63,97,80,0,0,39
0,-1,100,-1,98,81,0,0,40
0,-1,101,64,99,82,0,0,41
0,-1,102,64,100,83,0,0,41
0,-1,103,65,101,84,0,0,42
0,-1,104,66,102,85,0,0,43
0,-1,105,67,103,86,0,0,43
0,-1,106,68,104,87,0,0,43
0,-1,107,69,105,88,0,0,43
0,-1,108,-1,106,-1,0,0,43
0,-1,109,69,107,89,0,0,43
0,-1,110,-1,108,89,0,0,43
0,-1,111,70,109,90,0,0,43
0,-1,112,-1,110,91,0,0,43
0,-1,113,71,111,92,0,0,43
0,-1,114,71,112,93,0,0,43
0,-1,115,72,113,-1,0,0,44
0,-1,116,72,114,94,0,0,45
0,-1,117,72,115,-1,0,0,46
0,-1,118,-1,116,95,0,0,47
0,-1,119,72,117,96,0,0,48
0,-1,120,73,118,-1,0,0,49
0,-1,121,74,119,97,0,0,49
0,-1,122,75,120,98,0,0,49
0,-1,123,-1,121,-1,0,0,49
0,-1,124,76,122,99,0,0,49
0,-1,125,77,123,100,0,0,49
0,-1,126,77,123,101,0,0,49
0,-1,127,78,124,101,0,0,50
0,-1,128,79,125,102,0,0,51
0,-1,129,80,126,-1,0,0,51
0,-1,130,81,127,-1,0,0,51
0,-1,131,82,128,103,0,0,51
0,-1,132,83,129,104,0,0,51
0,-1,133,-1,130,105,0,0,52
0,-1,134,-1,131,105,0,0,53
0,-1,135,84,132,106,0,0,54
0,-1,136,-1,133,107,0,0,55
0,-1,137,85,134,108,0,0,55
0,-1,138,86,135,109,0,0,55
0,-1,139,87,136,110,0,0,55
0,-1,140,88,137,110,0,0,55
0,-1,141,89,138,-1,0,0,55
0,-1,142,90,139,111,0,0,55
0,-1,143,91,140,112,0,0,55
0,-1,144,91,141,112,0,0,56
0,-1,145,91,142,113,0,0,57
0,-1,146,92,143,114,0,0,57
0,-1,147,-1,144,-1,0,0,58
0,-1,148,-1,145,115,0,0,59
0,-1,149,92,145,116,0,0,60
0,-1,150,93,146,117,0,0,61
0,-1,151,93,147,118,0,0,61
0,-1,152,93,148,119,0,0,61
0,-1,153,94,149,120,0,0,61
0,-1,154,94,150,121,0,0,61
0,-1,155,95,151,-1,0,0,61
0,-1,156,96,152,122,0,0,61
0,-1,157,97,153,123,0,0,61
0,-1,158,98,154,-1,0,0,61
0,-1,159,99,155,-1,0,0,61
0,-1,160,100,156,124,0,0,62
0,-1,161,-1,157,125,0,0,63
0,-1,162,100,158,126,0,0,63
0,-1,163,101,159,127,0,0,64
0,-1,164,102,160,128,0,0,65
0,-1,165,103,161,129,0,0,65
0,-1,166,-1,162,130,0,0,66
0,-1,167,-1,163,130,0,0,67
0,-1,168,104,164,131,0,0,67
0,-1,169,-1,165,132,0,0,67
0,-1,170,105,166,133,0,0,67
0,-1,171,-1,167,-1,0,0,67
0,-1,172,106,168,134,0,0,67
0,-1,173,107,169,-1,0,0,67
0,-1,174,-1,170,135,0,0,67
0,-1,175,108,171,136,0,0,67
0,-1,176,109,172,137,0,0,67
0,-1,177,110,173,138,0,0,68
0,-1,178,111,174,-1,0,0,69
0,-1,179,111,175,138,0,0,69
0,-1,180,-1,176,-1,0,0,70
0,-1,181,111,177,139,0,0,71
0,-1,182,111,178,140,0,0,71
0,-1,183,112,179,141,0,0,71
0,-1,184,113,180,142,0,0,71
0,-1,185,113,181,143,0,0,71
0,-1,186,114,182,144,0,0,71
0,-1,187,114,183,145,0,0,71
0,-1,188,115,184,146,0,0,72
0,-1,189,115,185,147,0,0,73
0,-1,190,115,186,147,0,0,73
0,-1,191,115,187,148,0,0,73
0,-1,192,116,188,-1,0,0,73
0,-1,193,116,189,149,0,0,73
0,-1,194,117,190,150,0,0,73
0,-1,195,118,191,151,0,0,73
0,-1,196,119,192,152,0,0,73
0,-1,197,120,193,-1,0,0,73
0,-1,198,121,194,153,0,0,74
0,-1,199,122,195,154,0,0,75
0,-1,200,123,196,155,0,0,75
0,-1,201,124,197,156,0,0,75
0,-1,202,125,198,-1,0,0,75
0,-1,203,-1,199,157,0,0,75
0,-1,204,126,200,158,0,0,76
0,-1,205,-1,201,159,0,0,77
0,-1,206,-1,202,159,0,0,77
0,-1,207,127,203,160,0,0,77
0,-1,208,128,204,161,0,0,77
0,-1,209,-1,205,162,0,0,77
0,-1,210,129,206,163,0,0,78
0,-1,211,130,207,164,0,0,79
0,-1,212,131,208,165,0,0,79
0,-1,213,131,209,166,0,0,80
0,-1,214,132,210,167,0,0,81
0,-1,215,132,211,168,0,0,82
0,-1,216,132,212,169,0,0,82
0,-1,217,-1,213,170,0,0,83
0,-1,218,133,214,171,0,0,84
0,-1,219,134,215,-1,0,0,85
0,-1,220,134,216,-1,0,0,86
0,-1,221,134,217,172,0,0,86
0,-1,222,134,218,173,0,0,86
0,-1,223,135,219,174,0,0,86
0,-1,224,136,220,175,0,0,86
0,-1,225,-1,221,176,0,0,86
0,-1,226,137,222,177,0,0,86
0,-1,227,137,223,178,0,0,86
0,-1,228,137,224,179,0,0,86
0,-1,229,137,225,180,0,0,87
0,-1,230,138,226,181,0,0,88
0,-1,231,138,227,-1,0,0,88
0,-1,232,139,228,182,0,0,89
0,-1,233,140,229,183,0,0,90
0,-1,234,141,230,184,0,0,90
0,-1,235,142,231,185,0,0,90
0,-1,236,142,232,186,0,0,90
0,-1,237,142,233,187,0,0,91
0,-1,238,142,234,188,0,0,92
0,-1,239,-1,235,-1,0,0,92
0,-1,240,-1,236,188,0,0,92
0,-1,241,143,237,189,0,0,92
0,-1,242,144,238,190,0,0,92
0,-1,243,145,239,191,0,0,92
0,-1,244,146,240,192,0,0,93
0,-1,245,147,241,-1,0,0,94
0,-1,246,148,242,193,0,0,94
0,-1,247,149,243,194,0,0,94
0,-1,248,150,244,-1,0,0,94
0,-1,249,151,245,-1,0,0,94
0,-1,250,151,246,-1,0,0,95
0,-1,251,-1,247,195,0,0,96
0,-1,252,-1,248,196,0,0,97
0,-1,253,152,249,197,0,0,98
0,-1,254,153,250,198,0,0,99
0,-1,255,154,251,199,0,0,100
0,-1,256,154,252,199,0,0,100
0,-1,257,155,253,200,0,0,100
0,-1,258,156,254,201,0,0,100
0,-1,259,157,255,202,0,0,100
0,1,260,158,256,203,0,0,101
0,-1,261,159,257,204,0,0,102
0,-1,262,160,258,-1,0,0,102
0,-1,263,161,259,205,0,0,102
0,-1,264,162,260,206,0,0,102
0,-1,265,163,261,207,0,0,102
0,-1,266,164,262,208,0,0,102
0,-1,267,165,263,209,0,0,102
0,-1,268,165,264,210,0,0,102
0,-1,269,166,265,211,0,0,102
0,-1,270,167,266,211,0,0,103
0,-1,271,167,267,212,0,0,104
0,-1,272,168,268,213,0,0,104
0,-1,273,169,269,214,0,0,104
0,-1,274,170,270,215,0,0,104
0,-1,275,170,271,216,0,0,104
0,-1,276,170,272,217,0,0,105
0,-1,277,171,273,218,0,0,105
0,-1,278,172,274,218,0,0,106
0,-1,279,172,275,-1,0,0,107
0,-1,280,-1,276,219,0,0,107
0,-1,281,173,277,220,0,0,107
0,-1,282,174,278,221,0,0,107
0,-1,283,-1,279,221,0,0,107
0,-1,284,175,280,222,0,0,107
0,-1,285,176,281,-1,0,0,107
0,-1,286,177,282,223,0,0,107
0,-1,287,178,283,224,0,0,107
0,-1,288,178,284,225,0,0,107
0,-1,289,179,285,226,0,0,107
0,-1,290,180,286,227,0,0,107
0,-1,291,-1,286,228,0,0,107
0,-1,292,-1,287,228,0,0,107
0,-1,293,181,288,229,0,0,107
0,-1,294,182,289,230,0,0,107
0,-1,295,183,290,231,0,0,107
0,-1,296,-1,291,232,0,0,107
0,-1,297,184,292,233,0,0,107
0,-1,298,184,293,233,0,0,108
0,-1,299,184,294,234,0,0,109
0,-1,300,-1,295,235,0,0,109
0,-1,301,-1,296,235,0,0,109
0,-1,302,-1,297,235,0,0,109
0,-1,303,185,298,236,0,0,109
0,-1,304,-1,299,-1,0,0,109
0,-1,305,185,300,-1,0,0,109
0,-1,306,185,301,236,0,0,109
0,-1,307,186,302,-1,0,0,110
0,-1,308,187,303,237,0,0,111
0,-1,309,188,304,238,0,0,111
0,-1,310,189,305,-1,0,0,111
0,-1,311,190,306,239,0,0,111
0,-1,312,190,307,240,0,0,111
0,-1,313,191,308,-1,0,0,112
0,-1,314,-1,309,240,0,0,113
0,-1,315,192,310,241,0,0,113
0,-1,316,193,311,242,0,0,113
0,-1,317,194,312,243,0,0,113
0,-1,318,195,313,244,0,0,114
0,-1,319,196,314,245,0,0,114
0,-1,320,197,315,246,0,0,115
0,-1,321,198,316,247,0,0,116
0,-1,322,199,317,248,0,0,117
0,-1,323,-1,318,249,0,0,118
0,-1,324,-1,319,249,0,0,119
0,-1,325,199,320,250,0,0,119
0,-1,326,200,321,251,0,0,120
0,-1,327,201,322,252,0,0,120
0,-1,328,-1,323,253,0,0,121
0,-1,329,202,324,253,0,0,122
0,-1,330,203,325,254,0,0,123
0,-1,331,204,326,255,0,0,123
0,-1,332,205,327,256,0,0,123
0,-1,333,206,328,257,0,0,123
0,-1,334,-1,329,258,0,0,124
0,-1,335,207,330,259,0,0,125
0,-1,336,208,331,260,0,0,126
0,-1,337,-1,332,261,0,0,126
0,-1,338,209,333,-1,0,0,126
0,-1,339,209,334,-1,0,0,127
0,-1,340,210,335,-1,0,0,127
0,-1,341,-1,336,261,0,0,127
0,-1,342,211,337,262,0,0,128
0,-1,343,212,338,-1,0,0,129
0,-1,344,213,339,263,0,0,129
0,-1,345,214,340,-1,0,0,129
0,-1,346,215,341,264,0,0,130
0,-1,347,-1,342,-1,0,0,131
0,-1,348,216,343,265,0,0,131
0,-1,349,217,344,266,0,0,131
0,-1,350,218,345,-1,0,0,131
0,-1,351,-1,346,267,0,0,131
0,-1,352,-1,347,267,0,0,131
0,-1,353,219,348,268,0,0,132
0,-1,354,-1,349,269,0,0,133
0,-1,355,-1,350,-1,0,0,133
0,-1,356,219,351,270,0,0,134
0,-1,357,220,352,271,0,0,135
0,-1,358,221,353,271,0,0,136
0,-1,359,221,354,272,0,0,137
0,-1,360,222,355,-1,0,0,137
0,-1,361,223,356,273,0,0,137
0,-1,362,224,357,-1,0,0,138
0,-1,363,225,358,-1,0,0,138
0,-1,364,225,359,274,0,0,139
0,-1,365,226,360,-1,0,0,139
0,-1,366,227,361,275,0,0,139
0,-1,367,228,362,276,0,0,140
0,-1,368,229,363,276,0,0,141
0,-1,369,-1,364,277,0,0,142
0,-1,370,230,365,278,0,0,143
0,-1,371,231,366,279,0,0,143
0,-1,372,232,367,280,0,0,143
0,-1,373,233,368,280,0,0,144
0,-1,374,234,369,281,0,0,145
0,-1,375,235,370,-1,0,0,146
0,-1,376,236,371,282,0,0,146
0,-1,377,-1,372,282,0,0,146
0,-1,378,-1,373,282,0,0,146
0,-1,379,237,374,283,0,0,146
0,-1,380,238,375,284,0,0,147
0,-1,381,239,376,-1,0,0,148
0,-1,382,240,377,-1,0,0,149
0,-1,383,241,378,285,0,0,149
0,-1,384,242,379,286,0,0,149
0,-1,385,243,380,287,0,0,149
0,-1,386,244,381,288,0,0,149
0,-1,387,245,382,289,0,0,149
0,-1,388,246,383,290,0,0,149
0,-1,389,247,384,290,0,0,149
0,-1,390,248,385,291,0,0,150
0,-1,390,248,386,292,0,0,151
0,-1,391,249,387,293,0,0,151
0,-1,392,249,388,294,0,0,151
0,-1,393,250,389,295,0,0,151
0,-1,394,-1,390,296,0,0,151
0,-1,395,251,391,296,0,0,152
0,-1,396,252,392,297,0,0,153
0,2,397,-1,393,298,0,0,153
0,-1,398,253,394,299,0,0,153
0,-1,399,254,395,300,0,0,154
0,-1,400,255,396,301,0,0,155
0,-1,401,256,397,302,0,0,155
0,-1,402,257,398,-1,0,0,155
0,-1,403,-1,399,303,0,0,155
0,-1,404,257,400,-1,0,0,156
0,-1,405,258,401,304,0,0,157
0,-1,406,259,402,305,0,0,158
0,-1,407,260,403,306,0,0,159
0,-1,408,261,404,307,0,0,159
0,-1,409,261,405,308,0,0,159
0,-1,410,262,406,309,0,0,160
0,-1,411,263,407,310,0,0,161
0,-1,412,264,408,-1,0,0,161
0,-1,413,265,409,-1,0,0,161
0,-1,414,-1,410,311,0,0,162
0,-1,415,266,411,312,0,0,163
0,-1,416,267,412,-1,0,0,163
0,-1,417,268,413,-1,0,0,164
0,-1,418,-1,414,313,0,0,165
0,-1,419,268,415,314,0,0,165
0,-1,420,269,416,315,0,0,165
0,3,421,-1,417,-1,0,0,165
0,-1,422,269,418,-1,0,0,165
0,-1,423,270,419,316,0,0,166
0,-1,424,-1,420,317,0,0,167
0,-1,425,270,421,318,0,0,168
0,-1,426,271,422,-1,0,0,169
0,-1,427,272,423,318,0,0,170
0,-1,428,273,424,319,0,0,170
0,-1,429,274,425,320,0,0,170
0,-1,430,275,426,321,0,0,170
0,-1,431,276,427,322,0,0,171
0,-1,432,277,428,323,0,0,172
0,-1,433,278,429,324,0,0,172
0,-1,434,279,430,325,0,0,172
0,-1,435,-1,431,326,0,0,172
0,-1,436,279,432,327,0,0,173
0,-1,437,280,433,328,0,0,174
0,-1,438,281,434,329,0,0,174
0,-1,439,282,435,330,0,0,174
0,-1,440,283,436,331,0,0,174
0,-1,441,283,437,332,0,0,174
0,-1,442,284,438,-1,0,0,174
0,-1,443,285,438,-1,0,0,174
0,-1,444,286,439,333,0,0,174
0,-1,445,287,440,-1,0,0,174
0,-1,446,288,441,334,0,0,174
0,-1,447,289,442,334,0,0,174
0,-1,448,-1,443,335,0,0,174
0,-1,449,290,444,336,0,0,174
0,-1,450,-1,445,337,0,0,174
0,-1,451,291,446,338,0,0,174
0,-1,452,292,447,339,0,0,175
0,-1,453,293,448,340,0,0,176
0,-1,454,294,449,341,0,0,176
0,-1,455,295,-1,342,0,0,176
0,-1,456,296,450,-1,0,0,177
0,-1,457,297,451,343,0,0,178
0,-1,458,298,452,344,0,0,179
0,-1,459,299,453,-1,0,0,180
0,-1,460,300,454,-1,0,0,180
0,-1,461,301,455,-1,0,0,180
0,-1,462,301,456,345,0,0,180
0,-1,463,302,457,346,0,0,180
0,-1,464,-1,458,347,0,0,180
0,-1,465,303,459,348,0,0,180
0,-1,466,304,460,349,0,0,180
0,-1,467,305,461,350,0,0,180
0,-1,468,306,462,351,0,0,180
0,-1,469,307,463,-1,0,0,181
0,-1,470,307,464,352,0,0,182
0,-1,470,-1,465,353,0,0,183
0,-1,471,307,466,-1,0,0,183
0,-1,472,-1,467,353,0,0,184
0,-1,473,307,468,354,0,0,184
0,-1,474,308,469,355,0,0,184
0,4,475,-1,470,356,0,0,184
0,-1,476,309,471,357,0,0,184
0,-1,477,310,472,358,0,0,184
0,-1,478,311,473,359,0,0,184
0,-1,479,-1,474,360,0,0,184
0,-1,480,311,475,361,0,0,185
0,-1,481,312,476,362,0,0,186
0,5,482,-1,477,-1,0,0,186
0,-1,483,313,478,363,0,0,186
0,-1,484,314,479,364,0,0,187
0,-1,485,315,480,365,0,0,188
0,-1,486,316,481,366,0,0,188
0,-1,487,317,482,367,0,0,189
0,-1,488,-1,483,368,0,0,190
0,-1,489,318,484,369,0,0,190
0,-1,490,319,485,370,0,0,190
0,-1,491,320,486,371,0,0,190
0,-1,492,321,487,-1,0,0,190
0,-1,493,322,488,372,0,0,190
0,-1,494,323,489,373,0,0,191
0,-1,495,324,489,374,0,0,192
0,-1,496,325,490,375,0,0,192
0,-1,497,326,491,376,0,0,192
0,-1,498,327,492,376,0,0,192
0,-1,499,328,493,377,0,0,192
0,-1,500,329,494,378,0,0,193
0,-1,501,-1,495,379,0,0,194
0,-1,502,330,496,-1,0,0,194
0,-1,503,-1,497,379,0,0,194
0,-1,504,331,498,380,0,0,194
0,-1,505,332,499,381,0,0,195
0,-1,506,333,500,-1,0,0,196
0,-1,507,334,501,382,0,0,197
0,-1,508,334,501,382,0,0,198
0,-1,509,335,502,383,0,0,198
0,-1,510,335,503,384,0,0,198
0,-1,511,336,504,385,0,0,198
0,-1,512,337,505,386,0,0,198
0,-1,513,337,506,-1,0,0,198
0,-1,514,338,507,387,0,0,199
0,-1,515,339,508,-1,0,0,200
0,-1,516,-1,509,387,0,0,201
0,-1,517,340,510,388,0,0,202
0,-1,518,-1,511,389,0,0,202
0,-1,519,340,512,390,0,0,203
0,-1,520,340,513,391,0,0,204
0,-1,521,341,514,392,0,0,204
0,-1,522,-1,515,393,0,0,204
0,-1,523,341,516,394,0,0,204
0,-1,524,342,517,-1,0,0,204
0,-1,525,343,518,395,0,0,205
0,-1,526,344,519,396,0,0,206
0,-1,527,345,520,397,0,0,206
0,-1,528,345,521,398,0,0,206
0,-1,529,346,522,399,0,0,206
0,-1,530,347,523,-1,0,0,207
0,-1,531,347,524,400,0,0,208
0,-1,532,348,525,401,0,0,208
0,-1,533,349,525,401,0,0,209
0,6,534,-1,526,402,0,0,209
0,-1,535,350,527,403,0,0,210
0,-1,536,-1,528,-1,0,0,210
0,-1,537,351,529,404,0,0,210
0,-1,538,352,530,405,0,0,210
0,-1,539,353,531,406,0,0,210
0,-1,540,353,532,-1,0,0,210
0,-1,541,354,533,-1,0,0,210
0,-1,542,355,534,-1,0,0,210
0,-1,543,356,535,-1,0,0,210
0,-1,544,357,536,-1,0,0,210
0,-1,545,358,537,407,0,0,210
0,-1,546,359,538,-1,0,0,210
0,-1,547,-1,539,-1,0,0,211
0,-1,548,360,540,408,0,0,212
0,-1,549,361,541,408,0,0,213
0,-1,550,362,542,409,0,0,214
0,-1,551,363,543,410,0,0,215
0,-1,552,364,544,411,0,0,216
0,-1,553,365,545,412,0,0,216
0,-1,554,366,546,412,0,0,216
0,-1,555,367,547,413,0,0,216
0,-1,556,368,548,414,0,0,216
0,-1,557,368,549,414,0,0,216
0,-1,558,369,550,415,0,0,216
0,-1,559,370,551,416,0,0,217
0,-1,560,371,552,417,0,0,218
0,-1,561,371,553,418,0,0,218
0,-1,562,372,554,419,0,0,218
0,-1,563,372,555,420,0,0,218
0,-1,564,373,556,421,0,0,218
0,-1,565,374,557,-1,0,0,219
0,-1,566,-1,558,-1,0,0,220
0,-1,567,375,559,-1,0,0,220
0,-1,568,376,560,422,0,0,220
0,-1,569,-1,561,423,0,0,221
0,-1,570,377,562,424,0,0,222
0,-1,571,377,563,425,0,0,222
0,-1,572,377,564,426,0,0,222
0,-1,573,-1,565,427,0,0,223
0,-1,574,378,566,428,0,0,224
0,-1,575,378,567,428,0,0,224
0,-1,576,379,568,429,0,0,224
0,-1,577,380,569,430,0,0,224
0,-1,578,381,570,-1,0,0,224
0,-1,579,382,571,431,0,0,224
0,-1,580,382,572,431,0,0,224
0,-1,581,382,573,432,0,0,224
0,-1,582,-1,574,433,0,0,224
0,-1,583,-1,575,433,0,0,224
0,-1,584,-1,576,-1,0,0,225
0,7,585,-1,577,434,0,0,226
0,8,586,383,578,-1,0,0,226
0,-1,587,384,579,-1,0,0,226
0,-1,588,-1,580,435,0,0,226
0,-1,589,385,581,436,0,0,227
0,-1,590,386,582,437,0,0,228
0,-1,591,386,583,438,0,0,228
0,-1,592,-1,584,439,0,0,228
0,-1,593,387,585,440,0,0,229
0,-1,594,388,586,441,0,0,230
0,-1,595,-1,587,-1,0,0,230
0,-1,596,389,588,442,0,0,230
0,-1,597,390,589,443,0,0,231
0,-1,598,391,590,-1,0,0,232
0,-1,599,391,591,444,0,0,232
0,-1,600,-1,592,-1,0,0,232
0,-1,601,392,593,445,0,0,233
0,-1,602,-1,594,446,0,0,234
0,-1,603,393,595,447,0,0,234
0,-1,604,394,596,448,0,0,234
0,-1,605,395,597,449,0,0,234
0,-1,606,396,598,-1,0,0,234
0,-1,607,396,599,450,0,0,234
0,-1,608,397,600,451,0,0,235
0,-1,609,-1,601,452,0,0,236
0,-1,610,397,602,-1,0,0,236
0,-1,611,398,603,453,0,0,236
0,-1,612,399,604,454,0,0,236
0,-1,613,400,605,455,0,0,236
0,-1,614,401,606,456,0,0,237
0,-1,615,402,607,457,0,0,237
0,-1,616,403,608,-1,0,0,238
0,-1,617,404,609,458,0,0,239
0,-1,618,405,610,-1,0,0,240
0,-1,619,406,611,459,0,0,240
0,-1,620,-1,612,460,0,0,241
0,-1,621,407,613,461,0,0,241
0,-1,622,407,614,462,0,0,241
0,-1,623,408,615,-1,0,0,241
0,-1,624,409,616,463,0,0,241
0,-1,625,-1,617,464,0,0,241
0,-1,626,410,618,465,0,0,241
0,-1,627,410,619,465,0,0,242
0,-1,628,411,620,466,0,0,243
0,-1,629,-1,621,-1,0,0,244
0,-1,630,412,622,-1,0,0,245
0,-1,631,413,623,467,0,0,246
0,-1,632,414,624,468,0,0,246
0,-1,633,415,625,469,0,0,247
0,-1,634,415,626,470,0,0,248
0,-1,635,415,627,471,0,0,248
0,-1,636,416,628,472,0,0,248
0,-1,637,417,629,473,0,0,249
0,-1,638,418,630,474,0,0,250
0,-1,639,-1,631,-1,0,0,250
0,-1,640,419,632,-1,0,0,250
0,-1,641,420,633,475,0,0,250
0,-1,642,420,634,475,0,0,251
0,-1,643,421,635,476,0,0,252
0,-1,644,-1,636,477,0,0,252
0,-1,645,-1,637,477,0,0,253
0,-1,646,421,638,-1,0,0,254
0,-1,647,422,639,478,0,0,255
0,9,648,423,640,479,0,0,256
0,-1,649,424,641,-1,0,0,256
0,-1,650,425,642,480,0,0,256
0,-1,651,426,643,481,0,0,256
0,-1,652,-1,644,481,0,0,256
0,-1,653,-1,645,-1,0,0,256
0,-1,654,-1,646,481,0,0,256
0,-1,655,427,647,482,0,0,256
0,-1,656,428,648,-1,0,0,256
0,-1,657,429,649,483,0,0,256
0,-1,658,430,650,484,0,0,256
0,-1,659,430,651,-1,0,0,256
0,-1,660,431,652,485,0,0,257
0,10,661,431,653,486,0,0,258
0,-1,662,-1,654,487,0,0,258
0,-1,663,431,654,488,0,0,258
0,-1,664,-1,655,489,0,0,258
0,-1,665,432,656,490,0,0,258
0,-1,666,433,657,491,0,0,258
0,-1,667,433,658,491,0,0,258
0,-1,668,434,659,492,0,0,259
0,-1,669,-1,660,492,0,0,260
0,-1,670,435,661,493,0,0,261
0,-1,671,-1,662,494,0,0,262
0,-1,672,436,663,495,0,0,263
0,11,673,-1,664,-1,0,0,263
0,-1,674,437,665,496,0,0,264
0,-1,675,438,666,497,0,0,265
0,12,676,-1,667,498,0,0,265
0,13,677,439,668,499,0,0,265
0,-1,678,439,669,500,0,0,265
0,-1,679,-1,670,501,0,0,265
0,-1,680,440,671,502,0,0,265
0,-1,681,441,672,503,0,0,265
0,-1,682,442,673,-1,0,0,265
0,-1,683,443,674,504,0,0,265
0,-1,684,444,675,505,0,0,265
0,-1,685,445,676,506,0,0,265
0,-1,686,446,677,506,0,0,266
0,-1,687,-1,678,507,0,0,267
0,-1,688,447,679,508,0,0,267
0,14,689,-1,680,509,0,0,267
0,-1,690,447,681,510,0,0,268
0,-1,691,448,682,510,0,0,269
0,-1,692,449,683,-1,0,0,269
0,-1,693,450,684,511,0,0,269
0,-1,694,-1,685,512,0,0,269
0,-1,695,451,686,513,0,0,269
0,-1,696,452,687,514,0,0,269
0,-1,697,453,688,514,0,0,269
0,-1,698,454,689,-1,0,0,269
0,-1,699,455,690,515,0,0,269
0,-1,700,455,691,516,0,0,269
0,-1,701,456,692,517,0,0,269
0,-1,702,457,693,518,0,0,269
0,-1,703,457,694,519,0,0,269
0,-1,704,457,695,520,0,0,269
0,-1,705,457,696,521,0,0,269
0,-1,706,-1,697,-1,0,0,269
0,-1,707,-1,698,522,0,0,269
0,-1,708,458,699,523,0,0,270
0,-1,709,458,700,524,0,0,271
0,-1,710,459,701,525,0,0,271
0,-1,711,460,702,526,0,0,271
0,-1,712,461,703,527,0,0,271
0,-1,713,-1,704,528,0,0,271
0,-1,714,462,705,529,0,0,272
0,-1,715,463,706,530,0,0,273
0,-1,716,464,707,531,0,0,274
0,-1,717,465,708,532,0,0,275
0,-1,718,466,709,533,0,0,275
0,-1,719,-1,710,-1,0,0,275
0,-1,720,467,711,534,0,0,276
0,-1,721,468,712,535,0,0,277
0,-1,722,469,713,536,0,0,277
0,-1,723,470,714,537,0,0,277
0,-1,724,-1,715,538,0,0,277
0,-1,725,-1,716,-1,0,0,277
0,-1,726,470,717,539,0,0,277
0,-1,727,471,718,540,0,0,277
0,-1,728,472,719,541,0,0,277
0,-1,729,473,720,542,0,0,277
0,-1,730,474,721,543,0,0,278
0,-1,731,475,722,544,0,0,279
0,-1,732,476,723,545,0,0,279
0,-1,733,477,724,545,0,0,279
0,-1,734,478,725,546,0,0,279
0,-1,735,479,726,547,0,0,279
0,-1,736,479,726,-1,0,0,279
0,-1,737,479,727,548,0,0,280
0,-1,738,479,728,549,0,0,281
0,-1,739,479,729,-1,0,0,281
0,-1,740,479,730,550,0,0,281
0,-1,741,480,731,551,0,0,281
0,-1,742,481,732,552,0,0,282
0,-1,743,481,733,-1,0,0,283
0,-1,744,482,734,553,0,0,283
0,-1,745,483,735,554,0,0,283
0,-1,746,483,736,555,0,0,283
0,-1,747,483,737,556,0,0,283
0,-1,748,484,738,557,0,0,283
0,-1,749,-1,739,558,0,0,284
0,-1,750,485,740,559,0,0,285
0,-1,751,486,741,560,0,0,285
0,-1,752,487,742,561,0,0,285
0,-1,753,-1,743,561,0,0,286
0,-1,754,487,744,562,0,0,287
0,-1,755,-1,745,-1,0,0,288
0,-1,756,487,746,563,0,0,289
0,-1,757,488,747,564,0,0,290
0,-1,758,-1,748,565,0,0,290
0,-1,759,489,749,566,0,0,290
0,-1,760,490,750,567,0,0,290
0,15,761,-1,751,568,0,0,290
0,-1,762,491,752,568,0,0,291
0,-1,763,491,753,569,0,0,291
0,-1,764,492,754,570,0,0,292
0,-1,765,493,755,571,0,0,292
0,-1,766,494,756,-1,0,0,292
0,-1,767,495,757,572,0,0,293
0,-1,768,496,758,573,0,0,294
0,-1,769,496,759,574,0,0,294
0,-1,770,497,760,575,0,0,294
0,-1,771,-1,761,576,0,0,294
0,-1,772,498,762,577,0,0,294
0,-1,773,-1,763,578,0,0,294
0,-1,774,499,764,579,0,0,294
0,-1,775,500,765,580,0,0,294
0,-1,776,501,766,-1,0,0,294
0,-1,777,502,767,581,0,0,294
0,-1,778,503,768,582,0,0,295
0,-1,779,504,769,583,0,0,296
0,-1,780,-1,770,-1,0,0,297
0,-1,781,-1,771,584,0,0,297
0,-1,782,505,772,585,0,0,297
0,-1,783,506,773,586,0,0,298
0,-1,784,507,774,587,0,0,299
0,-1,785,508,775,588,0,0,300
0,-1,786,509,776,589,0,0,301
0,-1,787,510,777,590,0,0,302
0,-1,788,511,778,591,0,0,303
0,-1,789,512,779,592,0,0,303
0,-1,790,513,780,593,0,0,303
0,-1,791,514,781,594,0,0,303
0,-1,792,515,782,595,0,0,304
0,-1,793,516,783,596,0,0,305
0,-1,794,-1,784,597,0,0,306
0,-1,795,517,785,598,0,0,307
0,16,796,-1,786,599,0,0,307
0,-1,797,-1,787,-1,0,0,307
0,-1,798,518,788,-1,0,0,307
0,-1,799,519,789,600,0,0,307
0,-1,800,-1,790,601,0,0,307
0,-1,801,519,791,602,0,0,307
0,-1,802,520,792,603,0,0,308
0,-1,803,-1,793,-1,0,0,309
0,-1,804,-1,794,604,0,0,309
0,-1,805,521,795,605,0,0,309
0,-1,806,-1,796,606,0,0,309
0,-1,807,522,797,607,0,0,309
0,-1,808,523,798,608,0,0,309
0,-1,809,524,799,609,0,0,310
0,-1,810,525,800,610,0,0,310
0,-1,811,526,801,611,0,0,311
0,-1,812,527,802,-1,0,0,312
0,-1,813,528,803,612,0,0,313
0,-1,814,529,804,613,0,0,313
0,-1,815,530,805,614,0,0,313
0,-1,816,531,806,615,0,0,313
0,-1,817,531,807,616,0,0,313
0,-1,818,532,808,617,0,0,313
0,-1,819,533,809,618,0,0,313
0,-1,820,534,810,619,0,0,313
0,-1,821,535,811,620,0,0,313
0,-1,822,535,812,621,0,0,313
0,-1,823,536,813,-1,0,0,313
0,-1,824,537,814,-1,0,0,313
0,-1,825,538,815,622,0,0,313
0,-1,826,-1,815,623,0,0,314
0,-1,827,538,816,624,0,0,315
0,-1,828,539,817,625,0,0,315
0,-1,829,540,818,626,0,0,316
0,-1,830,541,819,627,0,0,317
0,-1,831,542,820,628,0,0,318
0,-1,832,543,821,629,0,0,318
0,-1,833,544,822,629,0,0,319
0,-1,834,544,823,630,0,0,320
0,-1,835,545,824,-1,0,0,321
0,-1,836,546,825,631,0,0,321
0,-1,837,547,826,632,0,0,321
0,-1,838,548,827,633,0,0,321
0,-1,839,549,828,634,0,0,321
0,-1,840,550,829,635,0,0,321
0,-1,841,551,830,636,0,0,321
0,-1,842,552,831,637,0,0,321
0,-1,843,552,831,637,0,0,321
0,-1,844,553,832,638,0,0,321
0,-1,845,554,833,639,0,0,321
0,-1,846,554,834,640,0,0,321
0,-1,847,555,835,-1,0,0,322
0,-1,848,556,-1,641,0,0,323
0,-1,849,557,836,642,0,0,324
0,-1,850,558,837,643,0,0,325
0,-1,851,559,838,644,0,0,326
0,-1,852,-1,839,645,0,0,327
0,-1,853,560,840,-1,0,0,327
0,-1,854,561,841,646,0,0,327
0,-1,855,562,842,647,0,0,327
0,-1,856,563,843,648,0,0,327
0,-1,857,564,844,649,0,0,327
0,-1,858,564,845,650,0,0,328
0,-1,859,565,846,650,0,0,328
0,-1,860,566,847,651,0,0,329
0,17,861,-1,848,652,0,0,329
0,-1,862,567,849,653,0,0,329
0,-1,863,568,850,654,0,0,329
0,-1,864,569,851,654,0,0,329
0,-1,865,569,852,655,0,0,330
0,-1,866,570,853,656,0,0,330
0,-1,867,570,854,657,0,0,330
0,-1,868,571,855,658,0,0,331
0,-1,869,571,856,-1,0,0,331
0,-1,870,-1,857,-1,0,0,331
0,-1,871,572,858,659,0,0,332
0,-1,872,-1,859,660,0,0,333
0,-1,873,572,860,661,0,0,333
0,-1,874,572,861,-1,0,0,334
0,-1,875,573,862,662,0,0,334
0,-1,876,574,863,663,0,0,335
0,-1,877,574,864,664,0,0,335
0,-1,878,574,865,665,0,0,335
0,-1,879,575,866,666,0,0,335
0,-1,880,576,867,667,0,0,336
0,-1,881,577,868,668,0,0,337
0,-1,882,578,869,-1,0,0,338
0,-1,883,579,870,669,0,0,339
0,-1,884,579,870,-1,0,0,339
0,-1,885,-1,871,670,0,0,339
0,-1,886,580,872,671,0,0,339
0,-1,887,581,873,-1,0,0,339
0,18,888,582,874,672,0,0,339
0,-1,889,583,875,673,0,0,339
0,-1,890,584,876,674,0,0,339
0,-1,891,585,877,675,0,0,339
0,-1,892,586,878,676,0,0,339
0,-1,893,-1,879,677,0,0,340
0,-1,894,587,880,678,0,0,341
0,-1,895,588,881,679,0,0,341
0,-1,896,589,882,680,0,0,341
0,-1,897,590,883,681,0,0,341
0,-1,898,590,884,681,0,0,341
0,-1,899,591,885,682,0,0,341
0,-1,900,592,886,683,0,0,342
0,-1,901,592,887,684,0,0,343
0,-1,902,593,888,685,0,0,343
0,-1,903,594,889,686,0,0,344
0,-1,904,595,890,687,0,0,345
0,-1,905,595,891,688,0,0,345
0,-1,906,596,892,-1,0,0,345
0,-1,907,597,893,-1,0,0,346
0,-1,908,597,894,689,0,0,347
0,-1,909,-1,895,690,0,0,348
0,-1,910,-1,896,690,0,0,348
0,-1,911,598,897,691,0,0,348
0,-1,912,599,898,692,0,0,348
0,-1,913,-1,899,-1,0,0,348
0,-1,914,600,900,693,0,0,349
0,-1,915,601,901,694,0,0,350
0,-1,916,601,902,695,0,0,350
0,-1,917,602,903,696,0,0,351
0,-1,918,603,904,697,0,0,352
0,-1,919,604,905,698,0,0,353
0,-1,920,605,906,699,0,0,353
0,-1,921,606,907,-1,0,0,354
0,-1,922,607,908,700,0,0,354
0,-1,923,-1,909,701,0,0,354
0,-1,924,-1,910,701,0,0,354
0,-1,925,608,911,701,0,0,354
0,-1,926,609,912,-1,0,0,354
0,-1,927,610,913,702,0,0,354
0,-1,928,611,914,-1,0,0,355
0,-1,929,-1,915,703,0,0,356
0,-1,930,611,916,704,0,0,357
0,-1,931,-1,917,705,0,0,358
0,-1,932,612,918,706,0,0,359
0,-1,933,613,919,707,0,0,360
0,-1,934,614,920,708,0,0,361
0,-1,935,615,921,709,0,0,361
0,-1,936,-1,922,710,0,0,362
0,-1,937,616,923,711,0,0,363
0,-1,938,617,924,712,0,0,363
0,-1,939,-1,925,713,0,0,364
0,-1,940,618,926,714,0,0,365
0,-1,941,-1,927,715,0,0,366
0,-1,942,619,928,716,0,0,367
0,-1,943,619,929,717,0,0,367
0,-1,944,-1,930,718,0,0,367
0,-1,945,-1,931,718,0,0,367
0,-1,946,-1,932,718,0,0,367
0,-1,947,620,933,719,0,0,367
0,-1,948,-1,934,-1,0,0,368
0,-1,949,-1,935,-1,0,0,369
0,-1,950,621,936,-1,0,0,369
0,-1,951,621,937,-1,0,0,369
0,-1,952,622,938,-1,0,0,369
0,-1,953,623,939,720,0,0,369
0,-1,954,623,940,721,0,0,369
0,-1,955,624,941,722,0,0,370
0,-1,956,625,942,723,0,0,371
0,-1,957,626,943,723,0,0,371
0,-1,958,-1,944,724,0,0,371
0,-1,959,627,945,725,0,0,371
0,-1,960,-1,946,-1,0,0,371
0,-1,961,628,947,726,0,0,371
0,-1,962,629,948,-1,0,0,371
0,19,963,630,949,-1,0,0,371
0,-1,964,631,950,-1,0,0,371
0,-1,965,631,951,-1,0,0,372
0,-1,966,631,952,726,0,0,373
0,-1,967,632,953,727,0,0,373
0,-1,968,633,954,728,0,0,373
0,-1,969,634,955,729,0,0,373
0,-1,970,635,956,730,0,0,373
0,-1,971,636,957,731,0,0,373
0,-1,972,637,958,731,0,0,373
0,20,973,-1,959,732,0,0,373
0,-1,974,637,960,733,0,0,373
0,-1,975,638,961,733,0,0,374
0,-1,976,-1,962,734,0,0,375
0,-1,977,638,963,-1,0,0,375
0,-1,978,639,964,735,0,0,375
0,-1,979,640,965,736,0,0,375
0,-1,980,640,966,737,0,0,376
0,-1,981,641,967,-1,0,0,377
0,-1,982,642,968,738,0,0,377
0,-1,983,-1,969,-1,0,0,378
0,-1,984,642,970,739,0,0,379
0,-1,985,642,971,740,0,0,379
0,-1,986,643,972,741,0,0,379
0,-1,987,644,973,-1,0,0,380
0,-1,988,-1,974,742,0,0,381
0,-1,989,645,975,743,0,0,381
0,-1,990,646,976,744,0,0,381
0,-1,991,647,977,745,0,0,381
0,-1,992,648,978,746,0,0,381
0,-1,993,648,979,747,0,0,381
0,-1,994,649,980,748,0,0,381
0,-1,995,650,981,749,0,0,381
0,-1,996,650,982,750,0,0,381
0,-1,997,650,983,751,0,0,381
0,-1,998,651,984,752,0,0,381
0,-1,999,-1,985,753,0,0,381
0,-1,1000,652,986,-1,0,0,381
0,-1,1001,653,987,754,0,0,381
0,-1,1002,654,988,755,0,0,381
0,-1,1003,-1,989,756,0,0,381
0,-1,1004,654,990,757,0,0,381
0,-1,1005,-1,991,758,0,0,382
0,-1,1006,655,992,758,0,0,383
0,-1,1007,656,993,759,0,0,383
0,-1,1008,-1,994,760,0,0,383
0,-1,1009,657,995,761,0,0,383
0,-1,1010,658,996,761,0,0,383
0,-1,1011,659,997,762,0,0,383
0,-1,1012,659,998,763,0,0,383
0,-1,1013,660,999,764,0,0,384
0,-1,1014,661,1000,765,0,0,385
0,-1,1015,662,1001,766,0,0,385
0,-1,1016,663,1002,767,0,0,385
0,-1,1017,664,1003,768,0,0,385
0,-1,1018,665,1004,768,0,0,385
0,-1,1019,666,1005,769,0,0,385
0,-1,1020,667,1006,770,0,0,385
0,-1,1021,668,1007,771,0,0,385
0,-1,1022,669,1008,772,0,0,386
0,-1,1023,670,1009,773,0,0,387
0,-1,1024,670,1010,774,0,0,387
0,-1,1025,671,1011,775,0,0,387
0,-1,1026,672,1012,776,0,0,387
0,-1,1027,673,1013,777,0,0,387
0,-1,1028,674,1014,778,0,0,388
0,-1,1029,675,1015,778,0,0,389
0,-1,1030,675,1016,779,0,0,389
0,-1,1031,676,1017,780,0,0,389
0,-1,1032,677,1018,781,0,0,389
0,-1,1033,678,1019,-1,0,0,389
0,-1,1034,679,1020,782,0,0,389
0,-1,1035,680,1021,783,0,0,390
0,-1,1036,681,1022,784,0,0,391
0,-1,1037,682,1023,785,0,0,392
0,21,1038,682,1024,-1,0,0,393
0,-1,1039,-1,1025,786,0,0,393
0,-1,1040,683,1026,787,0,0,393
0,-1,1041,-1,1027,788,0,0,393
0,-1,1042,-1,1028,788,0,0,393
0,-1,1043,684,1029,789,0,0,394
0,-1,1044,685,1030,790,0,0,395
0,-1,1045,-1,1031,-1,0,0,395
0,-1,1046,686,1032,791,0,0,395
0,-1,1047,-1,1033,792,0,0,395
0,-1,1048,687,1034,792,0,0,395
0,-1,1049,688,1035,792,0,0,396
0,-1,1050,689,1036,793,0,0,397
0,-1,1051,690,1037,794,0,0,397
0,-1,1052,691,1038,795,0,0,397
0,-1,1053,-1,1039,796,0,0,397
0,-1,1054,692,1040,797,0,0,397
0,-1,1055,693,1041,798,0,0,397
0,-1,1056,-1,1042,799,0,0,397
0,-1,1057,693,1043,800,0,0,398
0,-1,1058,693,1044,801,0,0,398
0,-1,1059,693,1045,802,0,0,399
0,-1,1060,693,1046,803,0,0,399
0,-1,1061,694,1047,804,0,0,399
0,-1,1062,694,1048,804,0,0,399
0,-1,1063,695,1049,805,0,0,400
0,-1,1064,-1,1050,806,0,0,401
0,-1,1065,-1,1051,806,0,0,401
0,-1,1066,696,1052,807,0,0,401
0,-1,1067,-1,1053,808,0,0,401
0,-1,1068,-1,1054,808,0,0,401
0,-1,1069,697,1055,-1,0,0,402
0,-1,1070,698,1056,809,0,0,403
0,-1,1071,699,1057,810,0,0,403
0,-1,1072,700,1058,811,0,0,403
0,-1,1073,700,1059,812,0,0,403
0,-1,1074,701,1060,-1,0,0,403
0,-1,1075,702,1061,813,0,0,404
0,-1,1076,703,1062,-1,0,0,405
0,-1,1077,703,1063,814,0,0,405
0,-1,1078,704,1064,815,0,0,405
0,-1,1079,705,1065,816,0,0,406
0,-1,1080,-1,1066,817,0,0,407
0,-1,1081,-1,1067,817,0,0,407
0,-1,1082,706,1068,818,0,0,407
0,-1,1083,707,1069,-1,0,0,407
0,-1,1084,708,1070,819,0,0,408
0,-1,1085,709,1071,820,0,0,409
0,-1,1086,-1,1072,821,0,0,409
0,-1,1087,710,1073,822,0,0,409
0,-1,1088,711,1074,823,0,0,409
0,-1,1089,712,1075,824,0,0,409
0,-1,1090,712,1076,825,0,0,409
0,-1,1091,713,1077,826,0,0,410
0,-1,1092,714,1078,-1,0,0,411
0,-1,1093,715,1079,827,0,0,412
0,-1,1094,716,1080,-1,0,0,413
0,22,1095,-1,1081,828,0,0,413
0,-1,1096,717,1082,-1,0,0,414
0,-1,1097,718,1083,829,0,0,415
0,-1,1098,-1,1084,830,0,0,415
0,-1,1099,719,1085,-1,0,0,415
0,-1,1100,720,1086,-1,0,0,415
0,-1,1101,721,1087,831,0,0,415
0,-1,1102,722,1088,832,0,0,415
0,-1,1103,722,1089,832,0,0,416
0,-1,1104,722,1090,833,0,0,417
0,-1,1105,723,1091,834,0,0,418
0,-1,1106,724,1092,835,0,0,419
0,-1,1107,-1,1093,836,0,0,419
0,-1,1108,-1,1094,-1,0,0,419
0,-1,1109,725,1095,837,0,0,419
0,-1,1110,726,1096,-1,0,0,420
0,-1,1111,727,1097,838,0,0,421
0,-1,1112,728,1098,839,0,0,422
0,-1,1113,728,1099,839,0,0,423
0,-1,1114,729,1100,840,0,0,423
0,-1,1115,730,1101,841,0,0,423
0,-1,1116,730,1102,842,0,0,423
0,-1,1117,730,1103,-1,0,0,423
0,-1,1118,731,1104,843,0,0,424
0,-1,1119,-1,1105,844,0,0,425
0,-1,1120,731,1106,-1,0,0,425
0,-1,1121,732,1107,844,0,0,425
0,-1,1122,733,1108,845,0,0,425
0,-1,1123,734,1109,846,0,0,425
0,-1,1124,735,1110,847,0,0,426
0,-1,1125,736,1111,848,0,0,427
0,-1,1126,737,1112,849,0,0,427
0,-1,1127,738,1113,850,0,0,428
0,-1,1128,739,1114,851,0,0,428
0,-1,1129,-1,1115,852,0,0,429
0,-1,1130,739,1116,853,0,0,430
0,-1,1131,739,1117,853,0,0,431
0,-1,1132,740,1118,854,0,0,431
0,-1,1133,740,1119,855,0,0,431
0,-1,1134,741,1120,856,0,0,431
0,-1,1135,-1,1120,857,0,0,431
0,-1,1136,742,1121,858,0,0,431
0,-1,1137,743,1122,-1,0,0,431
0,-1,1138,744,1123,859,0,0,431
0,-1,1139,745,1124,-1,0,0,431
0,-1,1140,746,1125,860,0,0,431
0,-1,1141,747,1126,861,0,0,431
0,-1,1142,747,1127,862,0,0,432
0,-1,1143,748,1127,862,0,0,433
0,-1,1144,749,1128,863,0,0,433
0,-1,1145,750,1129,864,0,0,433
0,-1,1146,750,1130,865,0,0,433
0,-1,1147,751,1131,866,0,0,433
0,23,1148,-1,1132,867,0,0,433
0,-1,1149,752,1133,868,0,0,433
0,-1,1150,753,1134,-1,0,0,433
0,-1,1151,754,1135,868,0,0,434
0,-1,1152,755,1136,869,0,0,435
0,-1,1153,756,1137,870,0,0,436
0,-1,1154,757,1138,871,0,0,437
0,-1,1155,758,1139,872,0,0,438
0,-1,1156,-1,1140,873,0,0,439
0,-1,1157,-1,1141,-1,0,0,439
0,-1,1158,-1,1142,873,0,0,440
0,-1,1159,759,1143,874,0,0,441
0,-1,1160,760,1144,875,0,0,441
0,-1,1161,760,1145,876,0,0,441
0,-1,1162,761,1146,877,0,0,442
0,-1,1163,762,1147,877,0,0,443
0,-1,1164,-1,1148,878,0,0,443
0,-1,1165,-1,1149,878,0,0,443
0,-1,1166,763,1150,879,0,0,443
0,-1,1167,764,1151,880,0,0,443
0,-1,1168,-1,1152,-1,0,0,443
0,-1,1169,765,1153,880,0,0,443
0,-1,1170,766,1154,881,0,0,443
0,-1,1171,767,1155,882,0,0,443
0,-1,1172,768,1156,883,0,0,443
0,-1,1173,768,1157,884,0,0,443
0,-1,1174,768,1158,885,0,0,444
0,-1,1175,-1,1159,886,0,0,445
0,-1,1176,769,1160,887,0,0,446
0,-1,1177,770,1161,888,0,0,447
0,-1,1178,-1,1162,888,0,0,447
0,-1,1179,771,1163,889,0,0,447
0,-1,1180,772,1164,-1,0,0,447
0,-1,1181,-1,1165,890,0,0,447
0,-1,1182,773,1166,891,0,0,447
0,-1,1183,774,1167,892,0,0,447
0,-1,1184,774,1168,893,0,0,448
0,-1,1185,775,1169,-1,0,0,449
0,-1,1186,776,1170,894,0,0,450
0,-1,1187,-1,1171,895,0,0,451
0,-1,1188,777,1172,896,0,0,451
0,-1,1189,778,1173,897,0,0,452
0,-1,1190,779,1174,-1,0,0,453
0,-1,1191,780,1175,898,0,0,454
0,-1,1192,781,1175,-1,0,0,455
0,-1,1193,-1,1176,899,0,0,456
0,-1,1194,782,1177,900,0,0,457
0,-1,1195,782,1177,-1,0,0,458
0,-1,1196,782,1177,-1,0,0,458
0,-1,1197,-1,1178,901,0,0,458
0,-1,1198,782,1179,902,0,0,459
0,-1,1199,-1,1180,-1,0,0,460
0,-1,1200,-1,1181,903,0,0,460
0,-1,1201,-1,1182,903,0,0,461
0,-1,1202,783,1183,-1,0,0,462
0,24,1203,-1,1184,903,0,0,462
0,-1,1204,783,1185,904,0,0,462
0,-1,1205,783,1186,905,0,0,463
0,-1,1206,784,1187,906,0,0,464
0,25,1207,-1,1188,906,0,0,464
0,-1,1208,784,1189,907,0,0,464
0,-1,1209,785,1190,908,0,0,465
0,-1,1210,786,1191,909,0,0,466
0,-1,1211,787,1192,910,0,0,466
0,-1,1212,788,1193,911,0,0,466
0,-1,1213,789,1194,912,0,0,466
0,-1,1214,790,1195,913,0,0,466
0,-1,1215,791,1196,914,0,0,466
0,-1,1216,792,1197,915,0,0,466
0,-1,1217,793,1198,916,0,0,466
0,-1,1218,794,1199,-1,0,0,466
0,-1,1219,795,1200,917,0,0,466
0,-1,1220,796,1201,918,0,0,466
0,-1,1221,-1,1202,919,0,0,467
0,-1,1222,-1,1203,919,0,0,468
0,-1,1223,797,1204,-1,0,0,468
0,-1,1224,798,1205,920,0,0,468
0,-1,1225,799,1206,921,0,0,468
0,-1,1226,800,1207,922,0,0,468
0,-1,1227,-1,1208,923,0,0,468
0,-1,1228,801,1209,924,0,0,468
0,-1,1229,802,1210,925,0,0,469
0,-1,1230,803,1211,926,0,0,469
0,-1,1231,804,1212,927,0,0,470
0,-1,1232,805,1213,928,0,0,471
0,-1,1233,805,1214,-1,0,0,472
0,-1,1234,805,1215,-1,0,0,473
0,-1,1235,805,1216,-1,0,0,473
0,-1,1236,806,1217,-1,0,0,474
0,-1,1237,807,1218,929,0,0,475
0,-1,1238,808,1219,930,0,0,475
0,-1,1239,809,1220,931,0,0,475
0,-1,1240,809,1221,-1,0,0,475
0,-1,1241,810,1222,932,0,0,475
0,-1,1242,810,1223,-1,0,0,476
0,-1,1243,811,1224,933,0,0,477
0,-1,1244,812,1225,934,0,0,477
0,-1,1245,813,1226,-1,0,0,477
0,-1,1246,814,1227,935,0,0,477
0,-1,1247,815,1228,936,0,0,477
0,-1,1248,815,1229,937,0,0,477
0,-1,1249,-1,1230,-1,0,0,477
0,-1,1250,815,1231,938,0,0,478
0,-1,1251,816,1232,939,0,0,479
0,-1,1252,817,1233,940,0,0,479
0,-1,1253,817,1234,941,0,0,479
0,-1,1254,818,1235,941,0,0,479
0,-1,1255,819,1236,942,0,0,479
0,-1,1256,-1,1237,943,0,0,479
0,-1,1257,820,1238,-1,0,0,479
0,-1,1258,821,1239,944,0,0,479
0,-1,1259,822,1239,945,0,0,479
0,-1,1260,823,1240,946,0,0,479
0,-1,1261,823,1241,946,0,0,480
0,-1,1262,824,1242,947,0,0,481
0,-1,1263,825,1243,948,0,0,481
0,-1,1264,-1,1244,949,0,0,481
0,-1,1265,826,1245,950,0,0,481
0,-1,1266,827,1246,951,0,0,481
0,-1,1267,828,1247,-1,0,0,482
0,-1,1268,829,1248,951,0,0,483
0,-1,1269,830,1249,952,0,0,483
0,-1,1270,-1,1250,952,0,0,483
0,-1,1271,831,1251,953,0,0,483
0,26,1272,-1,1252,954,0,0,484
0,-1,1273,832,1253,955,0,0,485
0,-1,1274,832,1254,956,0,0,486
0,-1,1275,-1,1255,957,0,0,487
0,-1,1276,833,1256,958,0,0,488
0,-1,1277,834,1257,959,0,0,489
0,-1,1278,-1,1258,960,0,0,490
0,-1,1279,835,1259,961,0,0,490
0,-1,1280,836,1260,962,0,0,490
0,-1,1281,-1,1261,963,0,0,490
0,-1,1282,837,1262,964,0,0,490
0,-1,1283,838,1263,965,0,0,490
0,-1,1284,839,1264,966,0,0,490
0,-1,1285,840,1265,967,0,0,490
0,-1,1286,841,1266,968,0,0,491
0,-1,1287,842,1267,969,0,0,492
0,-1,1288,842,1268,-1,0,0,492
0,-1,1289,843,1269,-1,0,0,493
0,-1,1290,-1,1270,-1,0,0,494
0,-1,1291,843,1271,970,0,0,495
0,-1,1292,844,1272,-1,0,0,496
0,-1,1293,845,1273,-1,0,0,497
0,-1,1294,846,1274,971,0,0,497
0,-1,1295,847,1275,972,0,0,497
0,-1,1296,848,1276,973,0,0,497
0,-1,1297,849,1277,974,0,0,497
0,-1,1298,850,1278,975,0,0,497
0,-1,1299,850,1279,976,0,0,497
0,-1,1300,851,1280,977,0,0,497
0,-1,1301,852,1281,978,0,0,498
0,-1,1302,-1,1282,-1,0,0,499
0,-1,1303,853,1283,979,0,0,499
0,-1,1304,854,1284,980,0,0,499
0,-1,1305,855,1285,981,0,0,499
0,-1,1306,-1,1286,981,0,0,499
0,-1,1307,856,1287,982,0,0,499
0,-1,1308,857,1288,983,0,0,499
0,-1,1309,858,1289,984,0,0,499
0,-1,1310,859,1290,985,0,0,500
0,-1,1311,860,1291,986,0,0,501
0,-1,1312,860,1292,-1,0,0,502
0,-1,1313,861,1293,987,0,0,502
0,-1,1314,-1,1294,988,0,0,503
0,27,1315,-1,1295,989,0,0,503
0,-1,1316,-1,1296,-1,0,0,504
0,-1,1317,862,1297,-1,0,0,505
0,-1,1318,863,1298,990,0,0,506
0,-1,1319,864,1299,991,0,0,507
0,-1,1320,865,1300,992,0,0,508
0,-1,1321,-1,1301,993,0,0,508
0,-1,1322,-1,1302,993,0,0,508
0,-1,1323,866,1303,994,0,0,509
0,-1,1324,-1,1304,-1,0,0,510
0,-1,1325,867,1305,995,0,0,510
0,-1,1326,867,1306,996,0,0,510
0,-1,1327,868,1307,997,0,0,510
0,-1,1328,869,1308,998,0,0,510
0,-1,1329,870,1309,-1,0,0,510
0,-1,1330,-1,1310,999,0,0,510
0,-1,1331,871,1311,-1,0,0,510
0,-1,1332,871,1312,-1,0,0,511
0,-1,1333,872,1313,-1,0,0,512
0,-1,1334,873,1314,1000,0,0,513
0,-1,1335,874,1315,1001,0,0,514
0,-1,1336,875,1316,1002,0,0,514
0,-1,1337,876,1317,-1,0,0,514
0,-1,1338,877,1318,-1,0,0,514
0,-1,1339,878,1319,1003,0,0,514
0,-1,1340,879,1320,1004,0,0,515
0,-1,1341,880,1321,1005,0,0,515
0,-1,1342,881,1322,1006,0,0,516
0,-1,1343,882,1323,1007,0,0,517
0,-1,1344,883,1324,1008,0,0,518
0,-1,1345,884,1325,1009,0,0,518
0,-1,1346,-1,1326,-1,0,0,518
0,-1,1347,884,1327,1010,0,0,518
0,-1,1348,885,1328,1010,0,0,518
0,-1,1349,886,1329,1010,0,0,519
0,-1,1350,887,1330,-1,0,0,520
0,-1,1351,888,1331,1011,0,0,520
0,-1,1352,889,1332,1012,0,0,521
0,-1,1353,890,1333,1013,0,0,522
0,-1,1354,891,1334,1014,0,0,522
0,-1,1355,892,1335,-1,0,0,522
0,-1,1356,893,1336,1015,0,0,522
0,-1,1357,894,1337,1016,0,0,522
0,-1,1358,895,1338,1017,0,0,523
0,-1,1359,896,1339,1018,0,0,524
0,-1,1360,897,1340,1018,0,0,524
0,-1,1361,898,1341,1019,0,0,524
0,-1,1362,899,1342,1020,0,0,524
0,-1,1363,-1,1343,-1,0,0,524
0,-1,1364,899,1344,1021,0,0,524
0,-1,1365,900,1345,1022,0,0,524
0,-1,1366,901,1346,1023,0,0,524
0,-1,1367,902,1347,1024,0,0,525
0,-1,1368,903,1348,1025,0,0,526
0,-1,1369,904,1349,1026,0,0,527
0,-1,1370,-1,1350,1027,0,0,528
0,-1,1371,905,1351,-1,0,0,528
0,-1,1372,906,1352,1028,0,0,528
0,-1,1373,-1,1353,1029,0,0,528
0,-1,1374,907,1354,1030,0,0,528
0,-1,1375,908,1355,1031,0,0,528
0,-1,1376,909,1356,1032,0,0,529
0,-1,1377,910,1357,1033,0,0,530
0,-1,1378,911,1358,1034,0,0,531
0,-1,1379,-1,1358,1035,0,0,531
0,-1,1380,-1,1359,-1,0,0,532
0,-1,1381,-1,1360,1035,0,0,533
0,-1,1382,912,1361,1035,0,0,533
0,-1,1383,-1,1362,1036,0,0,533
0,-1,1384,913,1363,1037,0,0,533
0,-1,1385,-1,1364,1038,0,0,534
0,-1,1386,913,1365,1039,0,0,535
0,-1,1387,-1,1366,1040,0,0,536
0,-1,1388,913,1367,-1,0,0,536
0,-1,1389,914,1368,1041,0,0,537
0,-1,1390,915,1369,1042,0,0,538
0,-1,1391,916,1370,-1,0,0,538
0,-1,1392,916,1371,1043,0,0,539
0,-1,1393,917,1372,-1,0,0,540
0,-1,1394,918,1373,1044,0,0,540
0,-1,1395,918,1374,1045,0,0,540
0,-1,1396,918,1375,1046,0,0,540
0,-1,1397,919,1376,1047,0,0,540
0,-1,1398,920,1377,1048,0,0,541
0,-1,1399,920,1378,1049,0,0,542
0,-1,1400,920,1379,1049,0,0,543
0,-1,1401,921,1380,1050,0,0,543
0,-1,1402,922,1381,1051,0,0,544
0,-1,1403,923,1382,1052,0,0,544
0,-1,1404,-1,1383,1053,0,0,545
0,-1,1405,924,1384,1054,0,0,546
0,-1,1406,925,1385,1055,0,0,546
0,-1,1407,926,1386,1056,0,0,547
0,-1,1408,-1,1387,1057,0,0,547
0,-1,1409,927,1388,1057,0,0,548
0,-1,1410,928,1389,1058,0,0,549
0,-1,1411,-1,1389,1059,0,0,550
0,-1,1412,928,1390,1060,0,0,550
0,-1,1413,929,1391,-1,0,0,550
0,-1,1414,930,1392,1061,0,0,550
0,-1,1415,930,1393,1062,0,0,550
0,-1,1416,930,1394,1063,0,0,550
0,-1,1417,-1,1395,1064,0,0,550
0,-1,1418,-1,1396,1064,0,0,550
0,-1,1419,930,1397,1065,0,0,550
0,-1,1420,931,1398,1066,0,0,551
0,-1,1421,932,1399,-1,0,0,552
0,-1,1422,933,1400,-1,0,0,552
0,-1,1423,934,1401,1067,0,0,552
0,-1,1424,-1,1401,1068,0,0,552
0,-1,1425,935,1402,1069,0,0,552
0,-1,1426,936,1403,1069,0,0,552
0,-1,1427,937,1404,1070,0,0,552
0,-1,1428,-1,1405,1071,0,0,552
0,-1,1429,-1,1406,1071,0,0,552
0,-1,1430,-1,1407,-1,0,0,552
0,-1,1431,938,1408,1072,0,0,552
0,28,1432,939,1409,1073,0,0,552
0,-1,1433,940,1410,1074,0,0,552
0,-1,1434,-1,1411,1074,0,0,552
0,-1,1435,-1,1412,1074,0,0,552
0,-1,1436,941,1413,1075,0,0,552
0,-1,1437,942,1414,1076,0,0,552
0,-1,1438,-1,1415,1076,0,0,553
0,-1,1439,943,1416,1076,0,0,554
0,-1,1440,944,1417,-1,0,0,554
0,-1,1441,945,1418,-1,0,0,555
0,-1,1442,946,1419,1077,0,0,555
0,-1,1443,946,1420,1078,0,0,556
0,-1,1444,946,1421,1079,0,0,556
0,-1,1445,947,1422,1080,0,0,556
0,-1,1446,-1,1423,-1,0,0,557
0,-1,1447,-1,1424,1081,0,0,558
0,-1,1448,-1,1425,1081,0,0,558
0,-1,1449,948,1426,1082,0,0,559
0,-1,1450,949,1427,1083,0,0,560
0,-1,1451,950,1428,1084,0,0,560
0,-1,1452,951,1429,1085,0,0,560
0,-1,1453,952,1429,1086,0,0,560
0,-1,1454,952,1430,-1,0,0,560
0,-1,1455,953,1431,1087,0,0,561
0,-1,1456,953,1432,-1,0,0,562
0,-1,1457,954,1433,1088,0,0,563
0,-1,1458,954,1434,1089,0,0,564
0,-1,1459,955,1435,1090,0,0,565
0,-1,1460,956,1435,1091,0,0,566
0,-1,1461,957,1436,-1,0,0,567
0,-1,1462,958,1437,1092,0,0,567
0,-1,1463,959,1438,-1,0,0,567
0,-1,1464,960,1439,1093,0,0,568
0,-1,1465,961,1440,1094,0,0,569
0,-1,1466,962,1441,1095,0,0,570
0,-1,1467,963,1442,1096,0,0,571
0,-1,1468,964,1443,1097,0,0,571
0,-1,1469,965,1444,1098,0,0,571
0,-1,1470,965,1445,1099,0,0,572
0,-1,1471,966,1446,1100,0,0,573
0,-1,1472,967,1447,1101,0,0,573
0,-1,1473,968,1448,1102,0,0,573
0,-1,1474,968,1449,1103,0,0,573
0,-1,1475,968,1450,1104,0,0,573
0,-1,1476,969,1451,1105,0,0,573
0,-1,1477,970,1452,1106,0,0,574
0,-1,1478,971,1453,1107,0,0,575
0,-1,1479,972,1454,-1,0,0,576
0,-1,1480,973,1455,-1,0,0,577
0,-1,1481,974,1456,1108,0,0,578
0,-1,1482,975,1457,1109,0,0,578
0,-1,1483,976,1458,-1,0,0,578
0,-1,1484,977,1459,-1,0,0,578
0,-1,1485,978,1460,-1,0,0,578
0,-1,1486,978,1461,1110,0,0,579
0,-1,1487,979,1462,1111,0,0,580
0,-1,1488,980,1463,1112,0,0,581
0,-1,1489,981,1464,1113,0,0,582
0,-1,1490,982,1465,1114,0,0,583
0,-1,1491,-1,1466,1115,0,0,584
0,-1,1492,-1,1467,1115,0,0,585
0,-1,1493,982,1468,1116,0,0,585
0,-1,1494,983,1469,1117,0,0,585
0,-1,1495,984,1470,1118,0,0,585
0,-1,1496,984,1471,1119,0,0,585
0,-1,1497,984,1472,1120,0,0,585
0,-1,1498,985,1473,1121,0,0,586
0,-1,1499,985,1474,1122,0,0,587
0,-1,1500,986,1475,1123,0,0,588
0,-1,1501,987,1476,1124,0,0,588
0,-1,1502,988,1477,1125,0,0,588
0,-1,1503,989,1478,1126,0,0,589
0,-1,1504,990,1479,1127,0,0,589
0,-1,1505,-1,1480,1128,0,0,589
0,-1,1506,991,1481,1128,0,0,590
0,-1,1507,992,1482,1128,0,0,590
0,-1,1508,993,1483,1129,0,0,590
0,-1,1509,993,1483,1130,0,0,590
0,-1,1510,993,1484,1131,0,0,590
0,-1,1511,994,1485,1132,0,0,591
0,-1,1512,995,1486,1133,0,0,592
0,-1,1513,995,1487,1134,0,0,592
0,-1,1514,996,1488,1135,0,0,593
0,-1,1515,997,1489,1136,0,0,594
0,-1,1516,-1,1490,1137,0,0,594
0,-1,1517,-1,1491,1137,0,0,595
0,-1,1518,998,1492,1138,0,0,595
0,-1,1519,-1,1493,1139,0,0,596
0,-1,1520,999,1494,1140,0,0,597
0,-1,1521,1000,1494,1141,0,0,598
0,-1,1522,1000,1495,1142,0,0,598
0,-1,1523,1000,1496,1143,0,0,599
0,-1,1524,1001,1497,1144,0,0,599
0,-1,1525,1001,1498,1145,0,0,600
0,-1,1526,1002,1499,1146,0,0,600
0,-1,1527,1003,1500,1147,0,0,601
0,-1,1528,1004,1501,1148,0,0,601
0,-1,1529,1004,1502,1148,0,0,601
0,-1,1530,1005,1503,1149,0,0,601
0,-1,1531,1006,1504,-1,0,0,601
0,-1,1532,1007,1505,1150,0,0,602
0,-1,1533,1008,1506,1151,0,0,603
0,-1,1534,1009,1507,1151,0,0,603
0,-1,1535,1010,1508,1152,0,0,603
0,-1,1536,1011,1509,1153,0,0,603
0,-1,1537,1012,1510,1154,0,0,603
0,-1,1538,1013,1511,1155,0,0,603
0,-1,1539,1014,1512,1156,0,0,603
0,-1,1540,1015,1513,-1,0,0,603
0,-1,1541,-1,1514,1157,0,0,603
0,-1,1542,1016,1515,1158,0,0,604
0,-1,1543,-1,1516,1159,0,0,605
0,-1,1544,1017,1517,1159,0,0,606
0,-1,1545,1017,1518,1160,0,0,607
0,-1,1546,1018,1519,-1,0,0,607
0,-1,1547,1018,1520,1161,0,0,607
0,-1,1547,1018,1520,1162,0,0,607
0,-1,1548,1019,1521,1163,0,0,608
0,-1,1549,1020,1522,1164,0,0,608
0,-1,1550,1020,1523,1165,0,0,609
0,-1,1551,1021,1524,1166,0,0,610
0,-1,1552,1021,1525,1167,0,0,610
0,-1,1553,1022,1526,-1,0,0,611
0,-1,1554,1023,1526,-1,0,0,612
0,-1,1555,1024,1527,-1,0,0,612
0,-1,1556,1025,1528,-1,0,0,612
0,-1,1557,1026,1529,-1,0,0,612
0,-1,1558,-1,1530,1168,0,0,613
0,-1,1559,1026,1531,1169,0,0,614
0,-1,1560,1026,1532,-1,0,0,614
0,-1,1561,1026,1533,1170,0,0,614
0,-1,1562,1026,1533,1171,0,0,614
0,-1,1563,1026,1534,1172,0,0,615
0,-1,1564,1027,1535,1173,0,0,616
0,-1,1565,1028,1536,1174,0,0,616
0,-1,1566,-1,1537,1175,0,0,616
0,-1,1567,-1,1537,1175,0,0,617
0,-1,1568,1028,1538,1175,0,0,618
0,-1,1569,1029,1539,1176,0,0,619
0,-1,1570,1030,1540,1177,0,0,620
0,-1,1571,1031,1541,1178,0,0,620
0,-1,1572,1032,1542,1178,0,0,620
0,-1,1573,1033,1543,1179,0,0,620
0,-1,1574,1034,1544,1180,0,0,620
0,-1,1575,1035,1545,1181,0,0,620
0,-1,1576,1036,1546,1182,0,0,620
0,-1,1577,1036,1547,-1,0,0,620
0,-1,1578,1037,1548,-1,0,0,621
0,-1,1579,1038,1549,1183,0,0,622
0,-1,1580,1039,1550,1184,0,0,623
0,-1,1581,1039,1551,1185,0,0,624
0,-1,1582,1040,1552,1186,0,0,624
0,-1,1583,1040,1553,1187,0,0,625
0,-1,1584,1040,1554,-1,0,0,626
0,-1,1585,1041,1555,1188,0,0,627
0,-1,1586,1042,1556,1189,0,0,628
0,-1,1587,1043,1557,1190,0,0,629
0,-1,1588,1044,1558,1191,0,0,629
0,-1,1589,1044,1559,1192,0,0,630
0,-1,1590,1044,1560,1193,0,0,631
0,-1,1591,1045,1561,1194,0,0,632
0,-1,1592,1046,1562,1195,0,0,633
0,-1,1593,1047,1563,1196,0,0,633
0,-1,1594,1048,1564,1197,0,0,633
0,-1,1595,1049,1565,1198,0,0,633
0,-1,1596,1050,1566,1198,0,0,634
0,-1,1597,1051,1567,1199,0,0,635
0,-1,1598,1052,1568,-1,0,0,635
0,29,1599,-1,1569,1200,0,0,635
0,-1,1600,1053,1570,1200,0,0,635
0,-1,1601,1054,1571,1201,0,0,635
0,-1,1602,1054,1572,1202,0,0,635
0,-1,1603,1055,1573,1203,0,0,636
0,-1,1604,1056,1574,1204,0,0,637
0,-1,1605,1057,1575,-1,0,0,637
0,-1,1606,1058,1576,1205,0,0,638
0,-1,1607,-1,1577,1206,0,0,639
0,-1,1608,1059,1578,1207,0,0,640
0,-1,1609,1060,1579,1208,0,0,641
0,-1,1610,-1,1580,1209,0,0,641
0,-1,1611,-1,1581,1209,0,0,641
0,-1,1612,1061,1582,1210,0,0,642
0,-1,1613,1062,1583,1211,0,0,643
0,-1,1614,1063,1584,1212,0,0,643
0,-1,1615,1064,1585,1213,0,0,643
0,-1,1616,1065,1586,1214,0,0,643
0,-1,1617,1066,1587,1215,0,0,643
0,-1,1618,1067,1588,1216,0,0,644
0,-1,1619,1068,1589,1217,0,0,645
0,-1,1620,1068,1590,1218,0,0,645
0,-1,1621,1069,1591,-1,0,0,645
0,-1,1622,1070,1592,1219,0,0,645
0,-1,1623,1070,1593,1220,0,0,645
0,-1,1624,1071,1594,1221,0,0,645
0,-1,1625,1072,1595,1222,0,0,646
0,-1,1626,1073,1596,1223,0,0,646
0,-1,1627,-1,1597,1224,0,0,647
0,-1,1628,1074,1598,1224,0,0,647
0,-1,1629,1075,1599,1225,0,0,647
0,-1,1630,1076,1600,1226,0,0,647
0,-1,1631,1077,1601,1227,0,0,647
0,-1,1632,1077,1602,1228,0,0,647
0,-1,1633,1078,1603,1229,0,0,647
0,-1,1634,1079,1604,1229,0,0,647
0,-1,1635,1080,1605,1230,0,0,647
0,-1,1636,1081,1606,-1,0,0,647
0,30,1637,-1,1607,-1,0,0,647
0,-1,1638,1082,1608,1231,0,0,647
0,-1,1639,1083,1609,1232,0,0,647
0,-1,1640,1084,1610,1233,0,0,647
0,-1,1641,1084,1611,1234,0,0,647
0,-1,1642,1085,1612,-1,0,0,648
0,-1,1643,1086,1613,1235,0,0,649
0,-1,1644,1087,1614,1236,0,0,650
0,-1,1645,1088,1615,1237,0,0,651
0,-1,1646,1089,1616,-1,0,0,651
0,-1,1647,1090,1617,1238,0,0,652
0,-1,1648,-1,1618,-1,0,0,653
0,-1,1649,1091,1619,1239,0,0,653
0,-1,1650,1092,1620,1240,0,0,653
0,-1,1651,1093,1621,1241,0,0,653
0,-1,1652,1093,1622,1242,0,0,653
0,-1,1653,1094,1623,1243,0,0,654
0,-1,1654,1095,1624,1244,0,0,655
0,-1,1655,1096,1625,-1,0,0,655
0,-1,1656,1097,1626,1245,0,0,656
0,-1,1657,-1,1627,1246,0,0,657
0,-1,1658,1098,1628,-1,0,0,657
0,-1,1659,1099,1629,1247,0,0,658
0,-1,1660,1100,1630,1248,0,0,659
0,-1,1661,1101,1631,-1,0,0,659
0,-1,1662,1102,1632,1249,0,0,659
0,-1,1663,1103,1633,1250,0,0,659
0,-1,1664,1104,1634,1250,0,0,659
0,-1,1665,1105,1635,1251,0,0,659
0,-1,1666,1106,1636,1252,0,0,659
0,-1,1667,1107,1637,-1,0,0,659
0,-1,1668,1108,1638,1253,0,0,659
0,-1,1669,1108,1639,1254,0,0,659
0,-1,1670,1108,1640,1255,0,0,659
0,-1,1671,1109,1641,1256,0,0,659
0,-1,1672,-1,1642,1257,0,0,659
0,-1,1673,-1,1643,1257,0,0,659
0,-1,1674,-1,1644,1257,0,0,660
0,-1,1675,1110,1645,1257,0,0,661
0,-1,1676,1110,1646,1258,0,0,661
0,-1,1677,1110,1647,1259,0,0,661
0,-1,1678,1110,1648,1260,0,0,662
0,-1,1679,-1,1649,1261,0,0,663
0,-1,1680,1110,1650,1262,0,0,664
0,-1,1681,1111,1651,1263,0,0,665
0,-1,1682,1112,1652,-1,0,0,666
0,-1,1683,1112,1653,1264,0,0,667
0,-1,1684,1112,1654,1265,0,0,667
0,-1,1685,1113,1655,1265,0,0,667
0,-1,1686,1114,1656,1266,0,0,667
0,-1,1687,-1,1657,1267,0,0,667
0,-1,1688,1115,1658,1268,0,0,667
0,-1,1689,1116,1659,1269,0,0,667
0,-1,1690,1117,1659,1269,0,0,668
0,-1,1691,1118,1660,1270,0,0,669
0,-1,1692,1118,1661,1271,0,0,670
0,-1,1693,-1,1662,-1,0,0,670
0,-1,1694,1119,1663,1272,0,0,670
0,-1,1695,1120,1664,-1,0,0,670
0,-1,1696,1121,1665,1272,0,0,670
0,-1,1697,-1,1665,-1,0,0,670
0,-1,1698,1122,1666,-1,0,0,671
0,-1,1699,1123,1667,-1,0,0,672
0,-1,1700,1124,1668,-1,0,0,672
0,-1,1701,1125,1669,-1,0,0,672
0,-1,1702,1125,1670,1273,0,0,672
0,-1,1703,1126,1671,1274,0,0,672
0,-1,1704,1127,1672,1275,0,0,673
0,-1,1705,1128,1673,-1,0,0,674
0,31,1706,-1,1674,1276,0,0,674
0,32,1707,1129,1675,1277,0,0,674
0,-1,1708,1130,1676,-1,0,0,674
0,-1,1709,1131,1677,1278,0,0,674
0,-1,1710,-1,1678,1279,0,0,674
0,-1,1711,1132,1679,1280,0,0,674
0,-1,1712,-1,1680,-1,0,0,674
0,-1,1713,1133,1681,1281,0,0,674
0,-1,1714,1134,1682,-1,0,0,675
0,-1,1715,1134,1683,1282,0,0,676
0,-1,1716,1134,1684,-1,0,0,676
0,-1,1717,1135,1685,1283,0,0,676
0,-1,1718,1136,1686,1284,0,0,677
0,-1,1719,1137,1687,1285,0,0,678
0,-1,1720,1138,1688,-1,0,0,678
0,-1,1721,1139,1689,1286,0,0,678
0,-1,1722,1140,1690,1287,0,0,678
0,-1,1723,-1,1691,1288,0,0,678
0,-1,1724,1141,1692,1289,0,0,679
0,-1,1725,1142,1693,1290,0,0,680
0,-1,1726,1143,1694,1291,0,0,680
0,-1,1727,1143,1695,1292,0,0,681
0,-1,1728,1144,1696,1292,0,0,682
0,-1,1729,1145,1697,1293,0,0,682
0,-1,1730,1146,1698,1294,0,0,682
0,-1,1731,1147,1698,1295,0,0,682
0,-1,1732,-1,1699,1295,0,0,683
0,-1,1733,-1,1700,1295,0,0,684
0,-1,1734,1148,1701,1296,0,0,685
0,-1,1735,1148,1702,1297,0,0,686
0,-1,1736,1149,1703,1298,0,0,686
0,-1,1737,1150,1704,-1,0,0,686
0,-1,1738,1151,1705,1299,0,0,686
0,-1,1739,1152,1706,1300,0,0,686
0,33,1740,-1,1707,-1,0,0,686
0,-1,1741,1153,1708,1301,0,0,686
0,-1,1742,-1,1708,1302,0,0,686
0,-1,1743,1153,1709,1303,0,0,686
0,-1,1744,1154,1710,-1,0,0,686
0,-1,1745,1155,1711,1304,0,0,686
0,-1,1746,1156,1712,1305,0,0,687
0,-1,1747,1157,1712,1306,0,0,688
0,-1,1748,1158,1713,1307,0,0,689
0,-1,1749,1159,1714,1308,0,0,690
0,-1,1750,1160,1715,1309,0,0,690
0,-1,1751,1161,1716,1310,0,0,691
0,-1,1752,1162,1717,1311,0,0,692
0,-1,1753,1163,1718,1312,0,0,692
0,-1,1754,-1,1719,1313,0,0,692
0,-1,1755,-1,1720,1313,0,0,692
0,-1,1756,1164,1721,1314,0,0,693
0,-1,1757,1165,1722,1314,0,0,694
0,-1,1758,1165,1723,1315,0,0,695
0,-1,1759,1166,1724,1316,0,0,695
0,-1,1760,1167,1725,1317,0,0,695
0,-1,1761,1168,1726,-1,0,0,696
0,-1,1762,1169,1727,1318,0,0,697
0,-1,1763,1170,1728,1319,0,0,697
0,-1,1764,1171,1729,-1,0,0,697
0,34,1765,-1,1730,-1,0,0,697
0,-1,1766,1172,1731,1320,0,0,697
0,-1,1767,-1,1732,1321,0,0,697
0,35,1768,-1,1733,1321,0,0,697
0,-1,1769,1173,1734,1322,0,0,697
0,-1,1770,1174,1735,1323,0,0,697
0,-1,1771,1175,1736,1324,0,0,697
0,-1,1772,1175,1737,1325,0,0,697
0,-1,1773,1176,1738,-1,0,0,698
0,-1,1774,1177,1739,1326,0,0,699
0,-1,1775,1177,1740,-1,0,0,700
0,-1,1776,1178,1741,1327,0,0,701
0,-1,1777,1179,1742,1328,0,0,701
0,-1,1778,1180,1743,1329,0,0,702
0,-1,1779,1180,1744,1330,0,0,703
0,-1,1780,1181,1745,1331,0,0,703
0,-1,1781,-1,1746,1332,0,0,703
0,-1,1782,-1,1747,-1,0,0,703
0,-1,1783,1181,1748,1333,0,0,703
0,-1,1784,1182,1749,1334,0,0,703
0,-1,1785,1183,1750,1335,0,0,703
0,-1,1786,-1,1751,1336,0,0,703
0,-1,1787,1183,1752,1337,0,0,703
0,-1,1788,1184,1753,1338,0,0,703
0,-1,1789,1185,1754,1339,0,0,703
0,-1,1790,-1,1755,1340,0,0,703
0,-1,1791,1186,1756,1340,0,0,703
0,-1,1792,-1,1757,-1,0,0,703
0,-1,1793,1186,1758,1341,0,0,704
0,-1,1794,1187,1759,1342,0,0,705
0,-1,1795,1187,1760,-1,0,0,705
0,-1,1796,-1,1761,-1,0,0,705
0,-1,1797,1188,1762,1343,0,0,705
0,-1,1798,1189,1763,1344,0,0,705
0,-1,1799,-1,1764,1345,0,0,706
0,-1,1800,1190,1764,1346,0,0,707
0,-1,1801,1191,1765,1347,0,0,708
0,-1,1802,1192,1766,1348,0,0,709
0,-1,1803,1193,1767,1349,0,0,710
0,-1,1804,1194,1768,1350,0,0,710
0,-1,1805,1194,1769,1350,0,0,711
0,-1,1806,1194,-1,1351,0,0,712
0,-1,1807,1195,1770,1352,0,0,712
0,-1,1808,1196,1771,1353,0,0,712
0,-1,1809,1197,1772,-1,0,0,712
0,-1,1810,1197,1773,-1,0,0,712
0,-1,1811,1198,1774,1354,0,0,712
0,-1,1812,1198,1775,1355,0,0,712
0,-1,1813,1199,1776,-1,0,0,712
0,-1,1814,-1,1777,1356,0,0,712
0,-1,1815,1200,1778,1357,0,0,713
0,-1,1816,1201,1779,1358,0,0,714
0,-1,1817,1202,1780,1358,0,0,714
0,-1,1818,1203,1781,1359,0,0,714
0,-1,1819,1204,1782,1360,0,0,714
0,-1,1820,1205,1783,1361,0,0,714
0,-1,1821,1206,1784,1361,0,0,714
0,36,1822,-1,1785,1362,0,0,715
0,-1,1823,1207,1786,1363,0,0,716
0,-1,1824,1208,1787,1364,0,0,716
0,37,1825,-1,1788,1365,0,0,716
0,38,1826,1208,1789,1365,0,0,716
0,-1,1827,1208,1790,1366,0,0,717
0,-1,1828,-1,1791,1367,0,0,717
0,-1,1829,1208,1792,1368,0,0,718
0,-1,1830,1208,1793,1369,0,0,719
0,-1,1831,1209,1794,1370,0,0,720
0,-1,1832,1210,1795,1371,0,0,720
0,-1,1833,1211,1796,1372,0,0,721
0,-1,1834,1212,1797,1373,0,0,721
0,-1,1835,1212,1798,1374,0,0,721
0,-1,1836,1212,1799,1375,0,0,721
0,-1,1837,-1,1800,1376,0,0,721
0,-1,1838,1213,1801,1377,0,0,721
0,-1,1839,1213,1802,1377,0,0,721
0,-1,1840,1214,1803,-1,0,0,721
0,-1,1841,1215,1804,1378,0,0,721
0,-1,1842,1216,1805,1379,0,0,721
0,-1,1843,1217,1806,1380,0,0,722
0,-1,1844,1218,1807,1381,0,0,723
0,-1,1845,-1,1808,1382,0,0,724
0,-1,1846,1219,1809,1383,0,0,725
0,-1,1847,1220,1810,-1,0,0,725
0,-1,1848,1221,1811,1383,0,0,726
0,-1,1849,1222,1812,-1,0,0,727
0,-1,1850,1223,1813,1384,0,0,728
0,-1,1851,1224,1814,1385,0,0,728
0,-1,1852,1225,1815,1386,0,0,728
0,-1,1853,1226,1816,1387,0,0,728
0,-1,1854,1227,1817,1388,0,0,728
0,-1,1855,1227,1818,1389,0,0,728
0,-1,1856,1227,1819,1390,0,0,729
0,-1,1857,1228,1820,1391,0,0,730
0,-1,1858,1229,1821,1392,0,0,730
0,-1,1859,1230,1822,1393,0,0,730
0,-1,1860,-1,1823,1394,0,0,730
0,-1,1861,1230,1824,-1,0,0,730
0,-1,1862,1231,1825,-1,0,0,730
0,-1,1863,1232,1826,1395,0,0,731
0,-1,1864,1233,1827,1396,0,0,732
0,-1,1865,1234,1828,-1,0,0,732
0,-1,1866,1234,1829,-1,0,0,733
0,-1,1867,1234,1830,1397,0,0,733
0,-1,1868,1235,1831,1398,0,0,734
0,-1,1869,1236,1832,1399,0,0,735
0,-1,1870,1237,1833,-1,0,0,736
0,-1,1871,1238,1834,-1,0,0,737
0,-1,1872,1239,1835,-1,0,0,738
0,-1,1873,1240,1836,1400,0,0,738
0,-1,1874,1241,1837,-1,0,0,738
0,-1,1875,1242,1838,1401,0,0,738
0,-1,1876,1243,1839,1402,0,0,739
0,-1,1877,-1,1840,1403,0,0,740
0,-1,1878,1244,1841,1404,0,0,741
0,-1,1879,-1,1842,1405,0,0,741
0,-1,1880,1245,1843,-1,0,0,741
0,-1,1881,1246,1844,1406,0,0,741
0,-1,1882,1247,1845,1406,0,0,742
0,-1,1883,1248,1846,1407,0,0,743
0,-1,1884,1249,1847,1408,0,0,743
0,-1,1885,1250,1848,1409,0,0,743
0,-1,1886,1251,1849,1410,0,0,744
0,-1,1887,1252,1850,1411,0,0,745
0,-1,1888,1253,1851,1412,0,0,745
0,-1,1889,1254,1852,1413,0,0,745
0,-1,1890,-1,1853,1414,0,0,745
0,-1,1891,-1,1854,1414,0,0,745
0,-1,1892,1255,1855,1415,0,0,745
0,-1,1893,-1,1856,1416,0,0,745
0,-1,1894,-1,1857,1416,0,0,745
0,-1,1895,1255,1858,1416,0,0,745
0,-1,1896,1256,1859,1417,0,0,745
0,-1,1897,1257,1860,1417,0,0,745
0,-1,1898,1257,1861,1418,0,0,745
0,-1,1899,1257,1862,1419,0,0,745
0,-1,1900,1258,1863,1420,0,0,745
0,-1,1901,1259,1864,1421,0,0,746
0,-1,1902,1260,1865,1422,0,0,747
0,-1,1903,1261,1866,-1,0,0,747
0,-1,1904,1262,1867,1423,0,0,747
0,-1,1905,1263,1868,1424,0,0,747
0,-1,1906,1263,1869,1425,0,0,747
0,-1,1907,1263,1870,1426,0,0,748
0,-1,1908,1263,1871,-1,0,0,748
0,-1,1909,1264,1872,1427,0,0,749
0,-1,1910,1265,1873,1428,0,0,749
0,-1,1911,-1,1874,1429,0,0,749
0,39,1912,1266,1875,1430,0,0,749
0,-1,1913,1267,1876,-1,0,0,749
0,-1,1914,-1,1877,-1,0,0,749
0,-1,1915,1268,1878,1431,0,0,750
0,-1,1916,1269,1879,-1,0,0,751
0,-1,1917,1270,1880,1432,0,0,752
0,-1,1918,1271,1881,1433,0,0,753
0,-1,1919,-1,1882,-1,0,0,753
0,-1,1920,1272,1883,-1,0,0,753
0,-1,1921,1272,1884,1434,0,0,754
0,-1,1922,1273,1885,1435,0,0,755
0,-1,1923,1274,1886,1436,0,0,755
0,-1,1924,1275,1887,-1,0,0,756
0,-1,1925,1276,1888,1437,0,0,757
0,-1,1926,-1,1889,1438,0,0,758
0,-1,1927,1277,1890,1439,0,0,759
0,-1,1928,1278,1891,-1,0,0,760
0,-1,1929,1279,1892,-1,0,0,761
0,-1,1930,1280,1893,-1,0,0,762
0,-1,1931,1281,1894,1440,0,0,763
0,-1,1932,1281,1895,1441,0,0,763
0,-1,1933,-1,1896,1441,0,0,763
0,-1,1934,1282,1897,1442,0,0,763
0,-1,1935,1283,1898,1443,0,0,763
0,-1,1936,-1,1899,1444,0,0,763
0,-1,1937,1284,1900,1445,0,0,763
0,-1,1938,1284,1901,1446,0,0,763
0,-1,1939,1285,1902,1447,0,0,763
0,-1,1940,1286,1903,-1,0,0,763
0,-1,1941,1286,1904,-1,0,0,763
0,-1,1942,1286,1905,1448,0,0,764
0,-1,1943,1286,1906,1449,0,0,765
0,-1,1944,1287,1907,1450,0,0,765
0,-1,1945,1288,1908,-1,0,0,765
0,-1,1946,1289,1909,1451,0,0,765
0,-1,1947,1290,1910,1452,0,0,765
0,-1,1948,1291,1911,1453,0,0,766
0,-1,1949,1291,1912,1454,0,0,767
0,40,1950,-1,1913,1455,0,0,767
0,-1,1951,1291,1914,1455,0,0,767
0,-1,1952,1292,1915,-1,0,0,768
0,-1,1953,1293,1916,-1,0,0,769
0,-1,1954,1294,1917,1456,0,0,769
0,-1,1955,1295,1918,1457,0,0,769
0,-1,1956,1295,1919,-1,0,0,769
0,-1,1957,1296,1920,-1,0,0,769
0,-1,1958,-1,1921,1458,0,0,769
0,-1,1959,1297,1922,1459,0,0,769
0,-1,1960,1298,1923,1460,0,0,769
0,-1,1961,1299,1924,1461,0,0,769
0,-1,1962,1300,1925,1462,0,0,769
0,-1,1963,1300,1926,1463,0,0,769
0,-1,1964,1301,1927,-1,0,0,769
0,-1,1965,1302,1928,1463,0,0,770
0,-1,1966,1302,1929,1464,0,0,771
0,-1,1967,1303,1930,1465,0,0,771
0,-1,1968,1303,1931,1466,0,0,771
0,-1,1969,1304,1932,1467,0,0,772
0,-1,1970,1305,1933,1468,0,0,772
0,-1,1971,1306,1934,1468,0,0,773
0,-1,1972,-1,1935,1468,0,0,773
0,-1,1973,1307,1936,-1,0,0,774
0,-1,1974,-1,1937,1468,0,0,774
0,-1,1975,1307,1938,1469,0,0,775
0,-1,1976,-1,1939,1470,0,0,775
0,-1,1977,-1,1940,1470,0,0,775
0,41,1978,-1,1941,1470,0,0,775
0,-1,1979,1308,1942,1471,0,0,775
0,-1,1980,-1,1943,1472,0,0,775
0,-1,1981,1309,1944,1473,0,0,776
0,-1,1982,1310,1945,1474,0,0,777
0,-1,1983,1311,1946,1475,0,0,777
0,-1,1984,1312,1947,-1,0,0,777
0,-1,1985,1313,1948,-1,0,0,777
0,-1,1986,1313,1949,1476,0,0,778
0,-1,1987,1313,1950,-1,0,0,779
0,-1,1988,1314,1951,1477,0,0,779
0,-1,1989,1315,1952,1478,0,0,779
0,-1,1990,1316,1953,1479,0,0,780
0,-1,1991,1317,1954,1479,0,0,780
0,-1,1992,1317,1955,1480,0,0,781
0,-1,1993,1317,1956,1481,0,0,782
0,-1,1994,1317,1957,-1,0,0,783
0,-1,1995,1317,1958,1482,0,0,784
0,-1,1996,1318,1959,1483,0,0,784
0,-1,1997,1319,1960,1484,0,0,785
0,-1,1998,1320,1961,1485,0,0,786
0,-1,1999,1321,1962,1486,0,0,786
0,-1,2000,1322,1963,1487,0,0,786
0,-1,2001,-1,1964,1488,0,0,787
0,-1,2002,1323,1965,1489,0,0,787
0,-1,2003,1324,1966,1490,0,0,788
0,-1,2004,-1,1967,1491,0,0,788
0,-1,2005,1325,1968,-1,0,0,788
0,-1,2006,1326,1969,1492,0,0,788
0,-1,2007,1327,1970,1493,0,0,788
0,-1,2007,1328,1971,1494,0,0,788
0,-1,2008,1329,1972,-1,0,0,789
0,-1,2009,1330,1973,1495,0,0,790
0,-1,2010,1331,1974,-1,0,0,791
0,-1,2011,1332,1975,1496,0,0,792
0,-1,2012,-1,1976,-1,0,0,793
0,-1,2013,1333,1977,1497,0,0,793
0,-1,2014,1334,1978,1498,0,0,793
0,-1,2015,1335,1979,1498,0,0,794
0,-1,2016,-1,1980,1499,0,0,795
0,-1,2017,1336,1981,1500,0,0,796
0,-1,2018,1337,1982,1501,0,0,797
0,-1,2019,1338,1983,1502,0,0,797
0,-1,2020,1339,1984,1503,0,0,797
0,42,2021,-1,1985,1504,0,0,797
0,-1,2022,1340,1986,-1,0,0,797
0,-1,2023,1341,1987,-1,0,0,798
0,-1,2024,-1,1988,1504,0,0,799
0,-1,2025,1342,1989,1505,0,0,799
0,-1,2026,1342,1990,1506,0,0,799
0,-1,2027,-1,1991,1507,0,0,800
0,-1,2028,1343,1992,1508,0,0,801
0,-1,2029,1344,1993,1509,0,0,801
0,-1,2030,1345,1994,1510,0,0,801
0,-1,2031,1345,1995,1511,0,0,801
0,-1,2032,1345,1996,1512,0,0,801
0,-1,2033,1346,1997,-1,0,0,802
0,-1,2034,1347,1998,-1,0,0,803
0,-1,2035,1348,1999,1513,0,0,803
0,-1,2036,1349,2000,1514,0,0,804
0,-1,2037,1350,2001,1515,0,0,805
0,-1,2038,1351,2002,1516,0,0,806
0,-1,2039,1352,2003,-1,0,0,807
0,-1,2040,-1,2004,-1,0,0,807
0,-1,2041,1353,2005,1516,0,0,808
0,-1,2042,1354,2006,1517,0,0,809
0,-1,2043,1354,2007,1518,0,0,809
0,-1,2044,-1,2008,1519,0,0,809
0,-1,2045,-1,2009,-1,0,0,809
0,-1,2046,1355,2010,1520,0,0,810
0,-1,2047,1356,2011,1521,0,0,811
0,-1,2048,-1,2012,1522,0,0,811
0,-1,2049,1356,2013,1523,0,0,812
0,-1,2050,1357,2014,1524,0,0,813
0,-1,2051,1358,2015,1525,0,0,813
0,-1,2052,1359,2016,1526,0,0,813
0,-1,2053,1360,2017,1526,0,0,813
0,-1,2054,1361,2018,1527,0,0,813
0,-1,2055,1362,2019,1528,0,0,814
0,-1,2056,1363,2020,1529,0,0,815
0,-1,2057,1364,2021,1530,0,0,815
0,-1,2058,1365,2022,1531,0,0,816
0,-1,2059,1366,2023,1532,0,0,817
0,-1,2060,1367,2024,-1,0,0,817
0,-1,2061,1367,2025,-1,0,0,817
0,-1,2062,1368,2026,1533,0,0,817
0,-1,2063,1368,2027,-1,0,0,817
0,-1,2064,1369,2028,-1,0,0,817
0,-1,2065,1369,2028,1533,0,0,818
0,-1,2066,1370,2029,1533,0,0,819
0,-1,2067,1371,2030,-1,0,0,820
0,-1,2068,1372,2031,1534,0,0,820
0,-1,2069,1372,2032,-1,0,0,821
0,-1,2070,1373,2033,1535,0,0,822
0,-1,2071,-1,2034,1536,0,0,823
0,-1,2072,1374,2034,-1,0,0,824
0,-1,2073,1374,2035,1537,0,0,825
0,-1,2074,1375,2036,1538,0,0,826
0,-1,2075,-1,2037,1539,0,0,826
0,-1,2076,-1,2038,1539,0,0,826
0,-1,2077,-1,2039,1539,0,0,826
0,-1,2078,1375,2040,1540,0,0,827
0,-1,2079,1376,2041,-1,0,0,828
0,-1,2080,1377,2042,1541,0,0,828
0,-1,2081,1378,2043,1542,0,0,829
0,-1,2082,-1,2044,1543,0,0,830
0,-1,2083,1379,2045,1543,0,0,830
0,-1,2084,1380,2046,1544,0,0,830
0,-1,2085,1381,2047,1545,0,0,830
0,-1,2086,-1,2048,1546,0,0,830
0,-1,2087,-1,2049,-1,0,0,830
0,-1,2088,1382,2050,1547,0,0,831
0,-1,2089,1383,2051,-1,0,0,832
0,-1,2090,1384,2052,1548,0,0,832
0,-1,2091,-1,2053,1549,0,0,833
0,-1,2092,-1,2054,1549,0,0,834
0,-1,2093,1384,2055,1550,0,0,835
0,-1,2094,-1,2056,-1,0,0,836
0,-1,2095,1385,2057,-1,0,0,837
0,-1,2096,1386,2058,1551,0,0,838
0,-1,2097,1386,2059,1552,0,0,838
0,-1,2098,1386,2060,1553,0,0,838
0,-1,2099,-1,2061,1554,0,0,839
0,-1,2100,1387,2062,1555,0,0,840
0,-1,2101,1388,2063,1556,0,0,840
0,-1,2102,1389,2064,1557,0,0,840
0,-1,2103,1390,2065,1558,0,0,841
0,-1,2104,1391,2066,1559,0,0,842
0,-1,2105,1392,2067,1560,0,0,843
0,-1,2106,1393,2068,1561,0,0,843
0,-1,2107,1394,2069,-1,0,0,843
0,-1,2108,1395,2070,1562,0,0,844
0,-1,2109,1396,2071,1563,0,0,845
0,-1,2110,1397,2072,1564,0,0,846
0,-1,2111,1398,2073,1565,0,0,846
0,-1,2112,1398,2074,1566,0,0,846
0,-1,2113,1398,2075,1567,0,0,847
0,-1,2114,1399,2076,1567,0,0,847
0,-1,2115,1400,2077,-1,0,0,847
0,-1,2116,1401,2078,1568,0,0,848
0,-1,2117,1402,2079,1569,0,0,849
0,-1,2118,1403,2080,1570,0,0,849
0,-1,2119,1404,2081,1571,0,0,849
0,43,2120,1405,2082,1572,0,0,850
0,-1,2121,1405,2083,1573,0,0,850
0,-1,2122,1406,2084,1574,0,0,851
0,-1,2123,1406,2085,1575,0,0,852
0,-1,2124,1407,2086,1576,0,0,853
0,-1,2125,1408,2087,1577,0,0,853
0,-1,2126,-1,2088,1578,0,0,853
0,-1,2127,1408,2089,1579,0,0,853
0,-1,2128,1408,2090,1580,0,0,854
0,-1,2129,1408,2091,1581,0,0,855
0,-1,2130,1409,2092,1582,0,0,855
0,44,2131,-1,2093,-1,0,0,855
0,-1,2132,1410,2094,-1,0,0,855
0,-1,2133,1411,2095,1583,0,0,855
0,-1,2134,1411,2096,1584,0,0,855
0,-1,2135,1412,2097,1585,0,0,855
0,-1,2136,1413,2098,1586,0,0,856
0,-1,2137,1413,2099,1587,0,0,857
0,-1,2138,1413,2100,1587,0,0,857
0,45,2139,-1,2101,1588,0,0,857
0,-1,2140,-1,2102,1588,0,0,857
0,-1,2141,1414,2103,1589,0,0,857
0,-1,2142,1415,2104,-1,0,0,857
0,-1,2143,-1,2105,1590,0,0,858
0,-1,2144,1416,2106,1591,0,0,859
0,-1,2145,1416,2107,-1,0,0,860
0,-1,2146,1417,2108,1592,0,0,860
0,-1,2147,1418,2109,1593,0,0,860
0,-1,2148,1419,2110,1594,0,0,860
0,-1,2149,1420,2111,1595,0,0,860
0,-1,2150,1421,2112,-1,0,0,860
0,-1,2151,1422,2113,1596,0,0,860
0,-1,2152,1423,2114,1597,0,0,861
0,-1,2153,1424,2115,1598,0,0,862
0,-1,2154,1425,2116,1599,0,0,862
0,-1,2155,1426,2117,1600,0,0,862
0,-1,2156,-1,2118,1601,0,0,862
0,-1,2157,1427,2119,1602,0,0,863
0,-1,2158,1427,2119,1603,0,0,864
0,-1,2159,-1,2120,1604,0,0,864
0,-1,2160,1428,2121,1605,0,0,865
0,-1,2161,1429,2122,1606,0,0,866
0,-1,2162,1430,2123,1607,0,0,866
0,-1,2163,1431,2124,1608,0,0,866
0,-1,2164,1431,2125,-1,0,0,866
0,-1,2165,1432,2126,1609,0,0,867
0,-1,2166,1433,2127,1610,0,0,868
0,-1,2167,1434,2128,1611,0,0,868
0,-1,2168,1435,2129,1612,0,0,868
0,-1,2169,-1,2130,1613,0,0,868
0,-1,2170,1436,2131,1614,0,0,868
0,-1,2171,1436,2132,1615,0,0,869
0,-1,2172,1437,2133,1616,0,0,870
0,-1,2173,-1,2134,1617,0,0,871
0,-1,2174,1438,2135,1618,0,0,872
0,-1,2175,1439,2136,1619,0,0,872
0,-1,2176,1439,2137,1619,0,0,872
0,-1,2177,1440,2138,1620,0,0,872
0,-1,2178,1441,2139,1620,0,0,872
0,-1,2179,1441,2140,1620,0,0,872
0,-1,2180,1442,2141,1620,0,0,873
0,-1,2181,1443,2142,1621,0,0,874
0,-1,2182,1444,2143,1622,0,0,874
0,-1,2183,1445,2144,1623,0,0,874
0,-1,2184,1446,2145,-1,0,0,874
0,-1,2185,-1,2146,-1,0,0,875
0,-1,2186,1447,2147,1624,0,0,875
0,-1,2187,1448,2148,1625,0,0,876
0,-1,2188,1449,2149,1626,0,0,876
0,-1,2189,1450,2150,1627,0,0,876
0,-1,2190,1450,2151,1628,0,0,876
0,-1,2191,1451,2152,1629,0,0,876
0,-1,2192,1452,2153,-1,0,0,876
0,-1,2193,1453,2154,1630,0,0,876
0,-1,2194,1453,2155,-1,0,0,876
0,-1,2195,1454,2156,1631,0,0,876
0,-1,2196,1455,2157,1632,0,0,876
0,-1,2197,1455,2158,1633,0,0,876
0,-1,2198,-1,2159,-1,0,0,876
0,-1,2199,-1,2160,-1,0,0,876
0,-1,2200,1456,2161,1634,0,0,877
0,46,2201,-1,2162,1635,0,0,878
0,-1,2202,1457,2163,1636,0,0,878
0,-1,2203,1458,2164,1637,0,0,878
0,-1,2204,1459,2165,1638,0,0,878
0,-1,2205,1460,2166,1639,0,0,879
0,-1,2206,1461,2167,1640,0,0,880
0,-1,2207,1461,-1,1641,0,0,880
0,-1,2208,1462,2168,1642,0,0,880
0,-1,2209,-1,2169,1643,0,0,880
0,-1,2210,1463,2170,1644,0,0,880
0,-1,2211,1463,2171,1645,0,0,881
0,-1,2212,1464,2172,1646,0,0,881
0,-1,2213,1464,2173,1647,0,0,882
0,-1,2214,1465,2174,1648,0,0,882
0,-1,2215,1466,2175,1649,0,0,882
0,-1,2216,-1,2176,-1,0,0,882
0,-1,2217,1467,2177,1650,0,0,883
0,-1,2218,1468,2178,1651,0,0,884
0,-1,2219,-1,2179,1651,0,0,884
0,-1,2220,1469,2180,-1,0,0,884
0,47,2221,-1,2181,1651,0,0,885
0,-1,2222,1470,2182,-1,0,0,886
0,-1,2223,1471,2183,1652,0,0,887
0,-1,2224,1472,2184,1653,0,0,888
0,-1,2225,-1,2185,1654,0,0,888
0,-1,2226,-1,2186,-1,0,0,889
0,-1,2227,1473,2187,1655,0,0,890
0,-1,2228,1474,2188,1656,0,0,890
0,-1,2229,1475,2189,1657,0,0,891
0,-1,2230,1476,2190,1658,0,0,892
0,-1,2231,1477,2191,1659,0,0,893
0,-1,2232,1478,2191,-1,0,0,894
0,-1,2233,1479,2192,1660,0,0,895
0,-1,2234,-1,2193,-1,0,0,896
0,-1,2235,1480,2194,1661,0,0,896
0,-1,2236,-1,2195,1662,0,0,896
0,48,2237,-1,2196,1662,0,0,896
0,-1,2238,1481,2197,1663,0,0,896
0,-1,2239,-1,2198,1664,0,0,896
0,-1,2240,1482,2199,1665,0,0,896
0,-1,2241,-1,2200,1666,0,0,897
0,-1,2242,1483,2201,1667,0,0,898
0,-1,2243,1484,2202,1668,0,0,899
0,-1,2244,1485,2203,1669,0,0,900
0,-1,2245,-1,2204,1670,0,0,901
0,-1,2246,1486,2205,-1,0,0,902
0,-1,2247,1487,2206,1671,0,0,903
0,-1,2248,1487,2207,1672,0,0,904
0,-1,2249,1487,2208,-1,0,0,904
0,-1,2250,1488,2209,-1,0,0,904
0,-1,2251,1489,2210,1673,0,0,904
0,-1,2252,1490,2211,-1,0,0,904
0,-1,2253,-1,2212,-1,0,0,904
0,-1,2254,1491,2213,1674,0,0,904
0,-1,2255,1492,2214,1675,0,0,904
0,-1,2256,1493,2215,1676,0,0,904
0,-1,2257,1494,2216,1677,0,0,905
0,-1,2258,1495,2217,1678,0,0,906
0,-1,2259,1496,2218,1679,0,0,906
0,-1,2260,1497,2219,1680,0,0,907
0,-1,2261,1498,2220,1681,0,0,908
0,-1,2262,1499,2221,1681,0,0,909
0,-1,2263,1500,2222,1682,0,0,910
0,-1,2264,1501,2223,1683,0,0,911
0,-1,2265,1502,2224,-1,0,0,911
0,-1,2266,1503,2225,1684,0,0,911
0,-1,2267,1504,2226,-1,0,0,911
0,-1,2268,1505,2227,1685,0,0,911
0,-1,2269,-1,2228,1686,0,0,912
0,-1,2270,1506,2229,1687,0,0,912
0,-1,2271,1507,2230,1688,0,0,913
0,49,2272,-1,2231,1689,0,0,913
0,-1,2273,1508,2232,1690,0,0,914
0,-1,2274,1509,2233,1691,0,0,915
0,-1,2275,1510,2234,1691,0,0,915
0,-1,2276,1511,2235,1692,0,0,915
0,-1,2277,1512,2236,1693,0,0,915
0,-1,2278,1513,2237,-1,0,0,916
0,-1,2279,1513,2238,-1,0,0,917
0,-1,2280,1514,2239,1694,0,0,918
0,-1,2281,1515,2240,1695,0,0,919
0,-1,2282,1515,2241,1695,0,0,919
0,-1,2283,1516,2242,1696,0,0,919
0,-1,2284,1517,2243,1697,0,0,919
0,-1,2285,1518,2244,1698,0,0,919
0,-1,2286,1518,2245,-1,0,0,919
0,-1,2287,1519,2246,1699,0,0,920
0,-1,2288,1520,2247,1700,0,0,921
0,-1,2289,1521,2248,1701,0,0,922
0,-1,2290,1522,2249,1702,0,0,923
0,-1,2291,1523,2250,1703,0,0,923
0,-1,2292,1524,2251,1704,0,0,924
0,-1,2293,-1,2252,1705,0,0,925
0,-1,2294,1525,2253,1706,0,0,925
0,-1,2295,1526,2254,1707,0,0,925
0,-1,2296,1527,2255,1707,0,0,925
0,-1,2297,1527,2256,1708,0,0,925
0,-1,2298,1527,2257,1709,0,0,925
0,-1,2299,1528,2258,1710,0,0,925
0,-1,2300,1529,2259,1711,0,0,925
0,-1,2301,-1,2260,1712,0,0,925
0,-1,2302,1529,2261,1713,0,0,925
0,-1,2303,1530,2262,1714,0,0,926
0,-1,2304,1531,2263,1715,0,0,926
0,-1,2305,-1,2263,1716,0,0,927
0,-1,2306,1532,2264,1717,0,0,927
0,-1,2307,1533,2265,1718,0,0,927
0,-1,2308,1534,2266,-1,0,0,928
0,-1,2309,1535,2267,1718,0,0,929
0,-1,2310,-1,2268,1719,0,0,929
0,-1,2311,1536,2269,-1,0,0,929
0,-1,2312,-1,2270,-1,0,0,929
0,-1,2313,1537,2271,-1,0,0,929
0,-1,2314,1538,2272,-1,0,0,929
0,-1,2315,1539,2273,1719,0,0,929
0,-1,2316,1540,2274,1720,0,0,929
0,-1,2317,1541,2275,1721,0,0,930
0,-1,2318,-1,2276,1722,0,0,931
0,-1,2319,1541,2277,1723,0,0,931
0,-1,2320,-1,2278,1724,0,0,931
0,-1,2321,1541,2279,1725,0,0,932
0,-1,2322,1542,2280,-1,0,0,933
0,-1,2323,1543,2281,-1,0,0,934
0,-1,2324,1544,2282,-1,0,0,935
0,-1,2325,1545,2283,1726,0,0,935
0,-1,2326,1546,2284,1727,0,0,935
0,-1,2327,1547,2285,1728,0,0,935
0,-1,2328,1548,2286,1729,0,0,935
0,-1,2329,1549,2287,1729,0,0,936
0,-1,2330,1550,2288,1729,0,0,937
0,-1,2331,1551,2289,1730,0,0,938
0,-1,2332,1552,2290,1731,0,0,938
0,-1,2333,-1,2291,1732,0,0,938
0,-1,2334,1553,2292,1733,0,0,938
0,-1,2335,1554,2293,1734,0,0,938
0,-1,2336,1555,2294,1735,0,0,938
0,-1,2337,1555,2295,1736,0,0,938
0,-1,2338,1556,2296,-1,0,0,938
0,-1,2339,-1,2297,1737,0,0,938
0,-1,2340,1557,2298,1738,0,0,938
0,-1,2341,-1,2299,1739,0,0,938
0,-1,2342,1558,2300,1740,0,0,939
0,-1,2343,-1,2301,1741,0,0,939
0,-1,2344,1558,2302,1742,0,0,940
0,-1,2345,1558,2303,-1,0,0,941
0,-1,2346,-1,2304,1743,0,0,942
0,50,2347,-1,2305,1743,0,0,942
0,-1,2348,1559,2306,-1,0,0,942
0,-1,2349,-1,2307,1743,0,0,942
0,-1,2350,1560,2308,1744,0,0,942
0,-1,2351,1561,2309,1745,0,0,943
0,-1,2352,1562,2310,1746,0,0,944
0,-1,2353,1563,2310,1747,0,0,944
0,-1,2354,1564,2311,1748,0,0,945
0,-1,2355,1564,2312,1749,0,0,946
0,51,2356,-1,2313,1750,0,0,946
0,-1,2357,1565,2314,-1,0,0,947
0,-1,2358,1566,2315,1750,0,0,948
0,-1,2359,1567,2316,1751,0,0,949
0,-1,2360,-1,2317,1752,0,0,950
0,-1,2361,1567,2318,1753,0,0,951
0,-1,2362,1568,2319,1754,0,0,952
0,-1,2363,1568,2320,1755,0,0,953
0,-1,2364,1569,2321,1756,0,0,953
0,-1,2365,1570,2322,1757,0,0,954
0,-1,2366,1571,2323,1758,0,0,955
0,-1,2367,1572,2324,1759,0,0,956
0,-1,2368,1573,2325,1760,0,0,956
0,-1,2369,1574,2326,1761,0,0,956
0,-1,2370,1575,2327,1762,0,0,956
0,-1,2371,1576,2328,-1,0,0,956
0,-1,2372,1577,2329,1763,0,0,957
0,-1,2373,1578,2329,1764,0,0,958
0,-1,2374,1579,2330,1765,0,0,959
0,-1,2375,1580,2331,1766,0,0,960
0,-1,2376,1581,2332,1767,0,0,960
0,-1,2377,1582,2333,1768,0,0,960
0,-1,2378,1582,2334,1768,0,0,961
0,-1,2379,1583,2335,1769,0,0,962
0,-1,2380,1583,2336,-1,0,0,962
0,-1,2381,1584,2337,1770,0,0,963
0,-1,2382,1585,2338,1771,0,0,964
0,-1,2383,1585,2339,-1,0,0,965
0,52,2384,1586,2340,1772,0,0,966
0,-1,2385,1587,2341,1773,0,0,966
0,-1,2386,-1,2342,-1,0,0,966
0,-1,2387,1588,2343,1774,0,0,967
0,-1,2388,1589,2344,1775,0,0,968
0,-1,2389,1590,2345,1776,0,0,968
0,-1,2390,1591,2346,1776,0,0,968
0,-1,2391,1592,2347,1777,0,0,968
0,-1,2392,1593,2348,1778,0,0,969
0,-1,2393,1594,2349,1779,0,0,970
0,-1,2394,1595,2350,1780,0,0,970
0,-1,2395,1596,2351,1781,0,0,971
0,-1,2396,1597,2352,-1,0,0,972
0,-1,2397,1598,2353,1782,0,0,972
0,-1,2398,1599,2354,1783,0,0,972
0,-1,2399,1600,2355,-1,0,0,972
0,-1,2400,1601,2356,1784,0,0,972
0,-1,2401,1602,2357,1785,0,0,973
0,-1,2402,1603,2358,-1,0,0,973
0,53,2403,-1,2359,1786,0,0,974
0,-1,2404,1604,2360,-1,0,0,974
0,-1,2405,1605,2361,1787,0,0,974
0,-1,2406,-1,2362,-1,0,0,974
0,-1,2407,-1,2362,1788,0,0,974
0,-1,2408,1606,2363,-1,0,0,974
0,-1,2409,1607,2364,1788,0,0,974
0,-1,2410,1608,2365,1788,0,0,974
0,-1,2411,1609,2366,1788,0,0,974
0,-1,2412,1609,2367,1789,0,0,975
0,-1,2413,1609,2368,-1,0,0,976
0,-1,2414,1610,2369,1790,0,0,976
0,-1,2415,1611,2370,1791,0,0,976
0,-1,2416,1611,2371,1792,0,0,976
0,-1,2417,1611,2372,1793,0,0,976
0,-1,2418,1612,2373,1794,0,0,977
0,-1,2419,1613,2374,1795,0,0,977
0,-1,2420,1614,2375,1796,0,0,978
0,-1,2421,1615,2376,1797,0,0,979
0,-1,2422,1616,2377,1798,0,0,979
0,-1,2423,1617,2378,1799,0,0,980
0,-1,2424,-1,2379,1800,0,0,981
0,-1,2425,1617,2380,1801,0,0,982
0,-1,2426,1618,2381,1802,0,0,983
0,-1,2427,1619,2382,1803,0,0,984
0,-1,2428,1620,2383,-1,0,0,985
0,-1,2429,1621,2384,1804,0,0,986
0,-1,2430,-1,2385,-1,0,0,986
0,-1,2431,-1,2386,1805,0,0,987
0,-1,2432,1622,2387,1805,0,0,988
0,-1,2433,1622,2388,1806,0,0,989
0,-1,2434,1623,2389,1807,0,0,990
0,-1,2435,-1,2390,1808,0,0,991
0,-1,2436,1624,2391,1809,0,0,992
0,-1,2437,-1,2392,1810,0,0,992
0,54,2438,-1,2393,1810,0,0,993
0,-1,2439,1625,2394,1811,0,0,993
0,-1,2440,-1,2395,1812,0,0,994
0,-1,2441,1626,2396,1813,0,0,995
0,-1,2442,1627,2396,1814,0,0,996
0,-1,2443,1628,2397,1815,0,0,997
0,-1,2444,1629,2398,1816,0,0,997
0,-1,2445,1630,2399,1817,0,0,997
0,-1,2446,1631,2400,1818,0,0,997
0,-1,2447,-1,2401,1819,0,0,997
0,-1,2448,1632,2402,1820,0,0,997
0,-1,2449,1633,2403,1821,0,0,998
0,-1,2450,1634,2404,1822,0,0,999
0,-1,2451,1635,2405,1823,0,0,999
0,-1,2452,1636,2406,-1,0,0,999
0,-1,2453,1637,2407,1824,0,0,999
0,-1,2454,1638,2408,1825,0,0,1000
0,-1,2455,1639,2409,1826,0,0,1001
0,-1,2456,-1,2410,1827,0,0,1001
0,-1,2457,1640,2411,1828,0,0,1002
0,-1,2458,1641,2412,1829,0,0,1002
0,-1,2459,1642,2413,1830,0,0,1003
0,-1,2460,1643,2414,1831,0,0,1003
0,-1,2461,1644,2415,-1,0,0,1003
0,-1,2462,1644,2416,1832,0,0,1003
0,-1,2463,1644,2417,1833,0,0,1003
0,-1,2464,1645,2418,1834,0,0,1003
0,-1,2465,1646,2419,1835,0,0,1003
0,-1,2466,1647,2420,1836,0,0,1003
0,-1,2467,1647,2421,1837,0,0,1003
0,-1,2468,-1,2422,1838,0,0,1003
0,-1,2469,1648,2423,1839,0,0,1003
0,-1,2470,1649,2424,1840,0,0,1003
0,-1,2471,1649,2425,1840,0,0,1003
0,-1,2472,1650,2426,-1,0,0,1004
0,-1,2473,1650,2427,1841,0,0,1004
0,-1,2474,1651,2428,-1,0,0,1005
0,-1,2475,1651,2429,-1,0,0,1006
0,-1,2476,1652,2430,1842,0,0,1007
0,-1,2477,1653,2431,1843,0,0,1008
0,-1,2478,1654,2432,1844,0,0,1009
0,-1,2479,-1,2433,1845,0,0,1009
0,-1,2480,1655,2434,1846,0,0,1009
0,-1,2481,1656,2435,1847,0,0,1009
0,-1,2482,-1,2436,-1,0,0,1009
0,-1,2483,-1,2437,1848,0,0,1009
0,-1,2484,1657,2438,1849,0,0,1010
0,-1,2485,1657,2439,1850,0,0,1011
0,-1,2486,1657,2440,1851,0,0,1011
0,-1,2487,1658,2441,1852,0,0,1011
0,-1,2488,1659,2442,1853,0,0,1012
0,-1,2489,1660,2443,1854,0,0,1013
0,-1,2490,1661,2444,1855,0,0,1013
0,-1,2491,1662,2445,1855,0,0,1013
0,-1,2492,1663,2446,-1,0,0,1014
0,-1,2493,1663,2447,1856,0,0,1015
0,-1,2494,1664,2448,1857,0,0,1016
0,-1,2495,-1,2449,1857,0,0,1016
0,-1,2496,-1,2450,1857,0,0,1016
0,55,2497,-1,2451,1857,0,0,1016
0,-1,2498,-1,2452,1857,0,0,1016
0,-1,2499,1665,2453,1858,0,0,1017
0,-1,2500,1666,2454,1859,0,0,1018
0,-1,2501,1667,2455,1860,0,0,1018
0,-1,2502,1667,2456,-1,0,0,1018
0,-1,2503,1668,2457,1861,0,0,1018
0,-1,2504,1669,2458,-1,0,0,1018
0,-1,2505,1670,2459,1862,0,0,1019
0,-1,2506,1670,2460,1863,0,0,1020
0,-1,2507,1670,2461,1864,0,0,1020
0,-1,2508,1670,2462,-1,0,0,1020
0,-1,2509,1671,2463,1865,0,0,1021
0,-1,2510,1672,2464,-1,0,0,1022
0,-1,2511,1673,2465,1866,0,0,1022
0,-1,2512,1674,2466,1867,0,0,1023
0,-1,2513,1674,2467,1868,0,0,1024
0,-1,2514,1675,2468,1869,0,0,1024
0,-1,2515,1676,2469,1870,0,0,1024
0,-1,2516,-1,2470,1871,0,0,1024
0,-1,2517,1677,2471,1872,0,0,1024
0,-1,2518,1678,2472,1873,0,0,1024
0,-1,2519,-1,2473,1874,0,0,1024
0,-1,2520,1679,2474,1875,0,0,1024
0,-1,2521,1680,2475,1875,0,0,1025
0,-1,2522,1680,2476,1876,0,0,1025
0,-1,2523,1681,2477,1877,0,0,1026
0,-1,2524,1682,2478,1878,0,0,1027
0,-1,2525,1683,2479,1879,0,0,1028
0,-1,2526,1683,2480,1880,0,0,1028
0,-1,2527,1683,2481,1881,0,0,1028
0,-1,2528,1684,2482,-1,0,0,1029
0,-1,2529,1684,2483,-1,0,0,1030
0,-1,2530,1684,2484,1882,0,0,1030
0,-1,2531,1685,2485,-1,0,0,1030
0,-1,2532,-1,2486,-1,0,0,1030
0,-1,2533,1685,2487,-1,0,0,1030
0,-1,2534,1686,2488,-1,0,0,1030
0,-1,2535,-1,2489,1883,0,0,1030
0,-1,2536,1687,2490,1884,0,0,1030
0,-1,2537,1687,2491,-1,0,0,1030
0,-1,2538,-1,2492,-1,0,0,1030
0,-1,2539,1688,2493,1885,0,0,1030
0,-1,2540,1689,2494,1886,0,0,1030
0,-1,2541,1690,2495,1887,0,0,1031
0,-1,2542,1691,2496,1888,0,0,1032
0,-1,2543,1692,2497,1889,0,0,1032
0,-1,2544,1693,2498,1890,0,0,1033
0,-1,2545,1694,2499,1891,0,0,1034
0,-1,2546,1695,2500,1891,0,0,1035
0,-1,2547,1696,2501,1892,0,0,1035
0,-1,2548,1696,2502,1893,0,0,1036
0,-1,2549,1697,2503,1894,0,0,1037
0,-1,2550,1698,2504,-1,0,0,1037
0,-1,2551,1699,2505,1895,0,0,1037
0,-1,2552,1700,2506,-1,0,0,1038
0,-1,2553,1701,2507,1896,0,0,1039
0,-1,2554,1701,2508,1897,0,0,1040
0,-1,2555,1702,2509,-1,0,0,1040
0,-1,2556,-1,2510,-1,0,0,1040
0,-1,2557,1703,2511,1898,0,0,1040
0,-1,2558,1704,2512,1899,0,0,1040
0,-1,2559,1705,2513,-1,0,0,1040
0,-1,2560,1706,2514,-1,0,0,1041
0,-1,2561,1707,2515,-1,0,0,1042
0,-1,2562,1708,2516,-1,0,0,1043
0,-1,2563,-1,2517,-1,0,0,1043
0,-1,2564,1709,2518,-1,0,0,1043
0,-1,2565,1710,2519,-1,0,0,1043
0,-1,2566,1711,2520,1900,0,0,1043
0,-1,2567,1711,2521,-1,0,0,1043
0,-1,2568,1712,2522,1901,0,0,1043
0,-1,2569,1713,2523,1902,0,0,1043
0,-1,2570,1713,2524,1903,0,0,1043
0,-1,2571,-1,2525,1904,0,0,1043
0,-1,2572,1714,2526,1905,0,0,1044
0,-1,2573,-1,2527,-1,0,0,1045
0,-1,2574,1715,2528,1906,0,0,1046
0,-1,2575,-1,2529,1907,0,0,1047
0,-1,2576,1716,2530,1908,0,0,1048
0,-1,2577,1717,2531,-1,0,0,1048
0,-1,2578,1717,2532,1909,0,0,1049
0,-1,2579,1718,2533,1910,0,0,1050
0,-1,2580,1719,2534,1911,0,0,1050
0,-1,2581,1719,2535,1912,0,0,1050
0,-1,2582,1720,2536,1913,0,0,1051
0,-1,2583,-1,2537,1914,0,0,1051
0,-1,2584,1721,2538,1915,0,0,1052
0,-1,2585,1722,2539,1916,0,0,1053
0,-1,2586,1723,2540,1917,0,0,1053
0,-1,2587,-1,2541,1918,0,0,1053
0,-1,2588,-1,2542,1918,0,0,1053
0,-1,2589,1724,2543,1919,0,0,1053
0,-1,2590,1724,2544,1920,0,0,1053
0,-1,2591,1725,2545,-1,0,0,1053
0,-1,2592,1726,2546,1921,0,0,1053
0,-1,2593,1727,2547,1922,0,0,1054
0,-1,2594,1728,2548,1923,0,0,1055
0,-1,2595,1728,2549,1924,0,0,1055
0,-1,2596,1729,2550,1925,0,0,1056
0,-1,2597,-1,2551,1926,0,0,1057
0,-1,2598,1730,2551,1927,0,0,1057
0,-1,2599,1731,2551,1928,0,0,1057
0,-1,2600,1732,2552,1929,0,0,1057
0,-1,2601,1733,2553,1930,0,0,1057
0,-1,2602,1734,2554,1931,0,0,1058
0,-1,2603,1735,2555,1932,0,0,1058
0,-1,2604,1736,2556,1933,0,0,1059
0,-1,2605,1737,2557,-1,0,0,1059
0,-1,2606,1738,2558,1934,0,0,1059
0,-1,2607,1739,2559,-1,0,0,1059
0,-1,2608,1740,2560,1935,0,0,1059
0,-1,2609,1741,2561,1936,0,0,1060
0,-1,2610,1742,2562,1937,0,0,1061
0,-1,2611,1743,2563,1938,0,0,1061
0,-1,2612,1744,2564,-1,0,0,1062
0,-1,2613,1745,2565,1939,0,0,1063
0,-1,2614,1746,2566,1940,0,0,1063
0,-1,2615,1746,2567,1941,0,0,1063
0,-1,2616,1746,2568,1942,0,0,1063
0,-1,2617,-1,2569,1943,0,0,1064
0,-1,2618,1747,2570,1944,0,0,1065
0,-1,2619,1748,2571,1945,0,0,1066
0,-1,2620,1749,2572,1946,0,0,1066
0,-1,2621,1750,2573,1947,0,0,1066
0,-1,2622,1751,2574,-1,0,0,1066
0,-1,2623,-1,2575,1948,0,0,1067
0,-1,2624,-1,2576,-1,0,0,1068
0,-1,2625,1752,2577,1949,0,0,1069
0,-1,2626,1752,2578,1950,0,0,1070
0,-1,2627,1753,2579,1951,0,0,1071
0,-1,2628,1754,2580,1952,0,0,1072
0,-1,2629,-1,2581,1953,0,0,1072
0,-1,2630,1755,2582,1954,0,0,1072
0,-1,2631,1756,2583,-1,0,0,1072
0,-1,2632,1757,2584,1955,0,0,1072
0,-1,2633,1758,2585,1956,0,0,1073
0,-1,2634,-1,2586,1957,0,0,1074
0,-1,2635,1759,2587,1958,0,0,1074
0,-1,2636,1760,2588,1959,0,0,1074
0,-1,2637,1761,2589,1960,0,0,1074
0,-1,2638,1762,2590,1961,0,0,1074
0,-1,2639,1763,2591,1961,0,0,1074
0,-1,2640,1764,2592,1962,0,0,1074
0,56,2641,1765,2593,1963,0,0,1074
0,-1,2642,1765,2594,1964,0,0,1074
0,-1,2643,1765,2595,1965,0,0,1074
0,-1,2644,1766,2596,1966,0,0,1074
0,-1,2645,1766,2597,-1,0,0,1075
0,-1,2646,-1,2598,1967,0,0,1076
0,-1,2647,1767,2599,1968,0,0,1076
0,-1,2648,-1,2600,-1,0,0,1076
0,-1,2649,1768,2601,1969,0,0,1076
0,-1,2650,1768,2602,1970,0,0,1076
0,-1,2651,1769,2603,1971,0,0,1077
0,-1,2652,1770,2604,1972,0,0,1078
0,-1,2653,1771,2605,-1,0,0,1078
0,-1,2654,1772,2606,1973,0,0,1079
0,-1,2655,1773,2607,1974,0,0,1079
0,-1,2656,1774,2608,1975,0,0,1080
0,-1,2657,1775,2609,1976,0,0,1081
0,-1,2658,1776,2610,1977,0,0,1082
0,-1,2659,1777,2611,1978,0,0,1082
0,-1,2660,1778,2612,1979,0,0,1082
0,-1,2661,1778,2613,1980,0,0,1082
0,-1,2662,1779,2614,1980,0,0,1082
0,-1,2663,1780,2615,1981,0,0,1082
0,-1,2664,1780,2616,1982,0,0,1082
0,-1,2665,1781,2617,1983,0,0,1083
0,-1,2666,1782,2618,1984,0,0,1084
0,-1,2667,1783,2619,1985,0,0,1084
0,-1,2668,1784,2620,1986,0,0,1084
0,-1,2669,1785,2621,1987,0,0,1084
0,-1,2670,1785,2622,1987,0,0,1084
0,-1,2671,1785,2623,1988,0,0,1085
0,-1,2672,1786,2624,1989,0,0,1086
0,-1,2673,1787,2625,1990,0,0,1086
0,-1,2674,-1,2626,1991,0,0,1086
0,-1,2675,1788,2627,1992,0,0,1086
0,-1,2676,1789,2628,1993,0,0,1086
0,-1,2677,1790,2629,1994,0,0,1086
0,-1,2678,1791,2630,1995,0,0,1086
0,-1,2679,1792,2631,-1,0,0,1087
0,-1,2680,1793,2632,-1,0,0,1088
0,-1,2681,1794,2633,1995,0,0,1088
0,-1,2682,1794,2634,1996,0,0,1089
0,-1,2683,1795,2635,1997,0,0,1090
0,-1,2684,1796,2636,1998,0,0,1090
0,-1,2685,-1,2637,1999,0,0,1090
0,-1,2686,1797,2638,-1,0,0,1090
0,-1,2687,-1,2639,1999,0,0,1090
0,-1,2688,1797,2640,2000,0,0,1090
0,-1,2689,1798,2641,2001,0,0,1090
0,-1,2690,1798,2642,-1,0,0,1091
0,-1,2691,1799,2643,2002,0,0,1092
0,57,2692,-1,2644,2003,0,0,1093
0,-1,2693,1800,2645,2004,0,0,1094
0,-1,2694,1800,2646,2004,0,0,1094
0,-1,2695,1801,2647,2005,0,0,1095
0,-1,2696,1802,2648,2006,0,0,1096
0,-1,2697,1803,2648,2007,0,0,1096
0,-1,2698,-1,2649,-1,0,0,1096
0,-1,2699,1803,2650,2008,0,0,1096
0,-1,2700,1803,2651,-1,0,0,1096
0,-1,2701,1804,2652,2009,0,0,1096
0,-1,2702,-1,2653,2010,0,0,1097
0,-1,2703,1804,2654,2011,0,0,1098
0,-1,2704,1805,2655,-1,0,0,1098
0,-1,2705,1806,2656,2012,0,0,1099
0,-1,2706,-1,2657,2013,0,0,1100
0,-1,2707,1806,2658,2014,0,0,1100
0,-1,2708,1807,2659,2015,0,0,1100
0,-1,2709,1807,2660,2016,0,0,1100
0,-1,2710,1808,2661,2017,0,0,1100
0,-1,2711,-1,2662,2018,0,0,1100
0,-1,2712,1809,2663,2019,0,0,1100
0,-1,2713,1810,2664,2020,0,0,1100
0,-1,2714,-1,2665,2020,0,0,1100
0,-1,2715,1811,2666,2020,0,0,1100
0,-1,2716,1812,2667,2021,0,0,1100
0,-1,2717,1813,2668,2022,0,0,1100
0,-1,2718,-1,2669,2023,0,0,1100
0,-1,2719,1814,2670,2024,0,0,1100
0,-1,2720,-1,2671,2025,0,0,1100
0,-1,2720,1815,2672,2026,0,0,1101
0,-1,2721,1816,2673,2027,0,0,1102
0,-1,2722,1817,2674,2028,0,0,1103
0,-1,2723,1817,2675,2029,0,0,1103
0,-1,2724,-1,2676,2030,0,0,1104
0,-1,2725,1817,2677,2031,0,0,1105
0,-1,2726,1818,2678,-1,0,0,1106
0,-1,2727,-1,2679,-1,0,0,1107
0,-1,2728,1819,2680,2032,0,0,1108
0,-1,2729,1820,2681,2032,0,0,1109
0,-1,2730,1821,2682,-1,0,0,1109
0,-1,2731,1822,2683,-1,0,0,1109
0,-1,2732,1823,2684,2033,0,0,1109
0,-1,2733,-1,2685,2034,0,0,1109
0,-1,2734,-1,2686,2034,0,0,1109
0,-1,2735,1824,2687,2035,0,0,1109
0,-1,2736,1825,2688,2036,0,0,1109
0,-1,2737,1825,2689,2036,0,0,1110
0,-1,2738,1826,2690,2037,0,0,1111
0,-1,2739,1827,2691,2038,0,0,1112
0,-1,2740,1828,2692,2039,0,0,1113
0,-1,2741,1829,2693,2040,0,0,1113
0,-1,2742,1830,2694,-1,0,0,1113
0,-1,2743,1831,2695,2041,0,0,1113
0,-1,2744,1831,2696,2042,0,0,1113
0,-1,2745,1832,2697,2043,0,0,1114
0,-1,2746,1833,2698,2044,0,0,1115
0,-1,2747,1834,2699,2045,0,0,1115
0,-1,2748,1835,2700,2046,0,0,1115
0,-1,2749,1836,2701,2046,0,0,1115
0,-1,2750,1837,2702,-1,0,0,1115
0,-1,2751,-1,2703,2047,0,0,1115
0,-1,2752,1838,2704,2048,0,0,1115
0,-1,2753,1839,2705,2049,0,0,1115
0,-1,2754,1840,2706,2050,0,0,1116
0,-1,2755,1840,2707,2051,0,0,1117
0,-1,2756,1841,2708,2052,0,0,1117
0,-1,2757,1841,2709,-1,0,0,1117
0,-1,2758,1841,2710,2053,0,0,1117
0,-1,2759,-1,2711,2054,0,0,1117
0,-1,2760,-1,2712,-1,0,0,1117
0,-1,2761,1841,2713,2055,0,0,1118
0,-1,2762,1842,2714,2056,0,0,1119
0,-1,2763,1843,2715,2057,0,0,1119
0,-1,2764,1843,2716,2058,0,0,1119
0,-1,2765,1844,2717,2059,0,0,1119
0,-1,2766,1845,2718,2060,0,0,1119
0,-1,2767,-1,2719,-1,0,0,1119
0,-1,2768,1846,2720,-1,0,0,1119
0,-1,2769,1846,2720,-1,0,0,1119
0,-1,2770,-1,2721,2061,0,0,1119
0,-1,2771,1847,2722,2062,0,0,1119
0,-1,2772,1848,2722,2063,0,0,1119
0,-1,2773,1849,2723,2064,0,0,1119
0,-1,2774,1850,2724,2065,0,0,1119
0,-1,2775,1850,2725,-1,0,0,1120
0,-1,2776,1851,2726,2066,0,0,1121
0,-1,2777,1852,2727,2067,0,0,1122
0,-1,2778,1853,2728,-1,0,0,1123
0,-1,2779,1853,2729,2068,0,0,1123
0,-1,2780,1854,2730,2069,0,0,1124
0,58,2781,-1,2731,2070,0,0,1125
0,-1,2782,1855,2732,2071,0,0,1126
0,-1,2783,1856,2733,2071,0,0,1127
0,-1,2784,1856,2734,2072,0,0,1128
0,-1,2785,1857,2735,2073,0,0,1128
0,-1,2786,1857,2736,2074,0,0,1128
0,-1,2787,1858,2737,2075,0,0,1129
0,-1,2788,1859,2738,2076,0,0,1130
0,-1,2789,1860,2739,2077,0,0,1131
0,-1,2790,1861,2740,2078,0,0,1131
0,-1,2791,1862,2741,-1,0,0,1131
0,-1,2792,1863,2741,-1,0,0,1131
0,-1,2793,1864,2742,2079,0,0,1131
0,-1,2794,1865,2743,2080,0,0,1131
0,-1,2795,1866,2744,2081,0,0,1131
0,-1,2796,1867,2745,2081,0,0,1131
0,-1,2797,1868,2746,2082,0,0,1131
0,-1,2798,-1,2747,2083,0,0,1131
0,-1,2799,1869,2748,2084,0,0,1132
0,-1,2800,-1,2749,2085,0,0,1133
0,-1,2801,1870,2750,2086,0,0,1133
0,-1,2802,1871,2751,2087,0,0,1134
0,-1,2803,1872,2752,2088,0,0,1135
0,-1,2804,-1,2753,2089,0,0,1136
0,-1,2805,1873,2754,2090,0,0,1137
0,-1,2806,1873,2755,2091,0,0,1137
0,-1,2807,1874,2756,-1,0,0,1138
0,59,2808,-1,2757,2092,0,0,1138
0,-1,2809,1875,2758,-1,0,0,1138
0,-1,2810,1876,2759,2093,0,0,1138
0,-1,2811,1876,2760,-1,0,0,1139
0,-1,2812,1877,2761,2094,0,0,1140
0,-1,2813,1878,2762,-1,0,0,1141
0,-1,2814,1879,2763,2095,0,0,1141
0,-1,2815,1880,2764,2096,0,0,1141
0,-1,2816,1881,2765,2097,0,0,1141
0,-1,2817,-1,2766,2097,0,0,1142
0,-1,2818,-1,2767,2097,0,0,1143
0,-1,2819,1882,2768,2098,0,0,1144
0,-1,2820,1883,2769,2099,0,0,1145
0,-1,2821,1884,2770,2100,0,0,1145
0,-1,2822,1885,2771,2101,0,0,1145
0,-1,2823,1885,2772,2102,0,0,1145
0,-1,2824,-1,2773,2103,0,0,1146
0,-1,2825,-1,2774,2103,0,0,1147
0,-1,2826,1886,2775,2104,0,0,1147
0,-1,2827,1887,2776,-1,0,0,1147
0,-1,2828,1888,2777,2105,0,0,1147
0,-1,2829,1888,2778,2106,0,0,1147
0,-1,2830,1888,2779,2107,0,0,1147
0,-1,2831,1888,2780,2108,0,0,1147
0,-1,2832,1889,2781,2109,0,0,1147
0,-1,2833,-1,2782,-1,0,0,1147
0,-1,2834,1890,2783,2110,0,0,1147
0,-1,2835,1891,2784,2110,0,0,1148
0,-1,2836,1891,2785,2111,0,0,1148
0,-1,2837,-1,2786,-1,0,0,1149
0,-1,2838,1892,2787,2112,0,0,1149
0,-1,2839,1893,2788,2113,0,0,1149
0,-1,2840,1893,2789,2114,0,0,1149
0,-1,2841,-1,2790,2114,0,0,1149
0,-1,2842,-1,2791,2114,0,0,1149
0,-1,2843,1893,2792,2115,0,0,1150
0,-1,2844,-1,2793,-1,0,0,1151
0,-1,2845,-1,2794,-1,0,0,1151
0,-1,2846,-1,2795,2116,0,0,1151
0,-1,2847,1894,2795,2116,0,0,1151
0,-1,2848,1894,2795,2117,0,0,1152
0,-1,2849,-1,2796,-1,0,0,1153
0,-1,2850,1895,2797,2118,0,0,1153
0,-1,2851,1896,2798,-1,0,0,1154
0,-1,2852,1896,2799,2119,0,0,1155
0,-1,2853,1896,2800,2120,0,0,1155
0,60,2854,1897,2801,2121,0,0,1155
0,-1,2855,1898,2802,2122,0,0,1155
0,-1,2856,1899,2803,-1,0,0,1155
0,-1,2857,1900,2804,2123,0,0,1155
0,-1,2858,1901,2805,2124,0,0,1155
0,-1,2859,1902,2806,-1,0,0,1155
0,-1,2860,1902,2807,2125,0,0,1156
0,-1,2861,1903,2808,2126,0,0,1157
0,-1,2862,1904,2809,2127,0,0,1157
0,-1,2863,1905,2810,2128,0,0,1157
0,-1,2864,-1,2811,-1,0,0,1157
0,-1,2865,1906,2812,2129,0,0,1157
0,-1,2866,-1,2813,2130,0,0,1157
0,-1,2867,-1,2814,2130,0,0,1158
0,-1,2868,1907,2815,2131,0,0,1159
0,61,2869,-1,2816,2132,0,0,1159
0,-1,2870,1908,2817,2133,0,0,1159
0,-1,2871,1909,2818,2134,0,0,1159
0,-1,2872,1909,2819,2135,0,0,1159
0,-1,2873,1910,2820,2136,0,0,1159
0,-1,2874,-1,2821,2137,0,0,1159
0,-1,2875,1911,2822,2138,0,0,1160
0,-1,2876,1912,2823,2139,0,0,1160
0,-1,2877,-1,2824,2140,0,0,1161
0,-1,2878,1913,2825,2141,0,0,1161
0,-1,2879,1914,2826,-1,0,0,1162
0,-1,2880,1914,2827,2142,0,0,1163
0,-1,2881,1915,2828,2143,0,0,1163
0,-1,2882,1916,2829,-1,0,0,1164
0,-1,2883,1916,2830,2144,0,0,1165
0,-1,2884,1917,2831,-1,0,0,1165
0,-1,2885,1918,2832,2145,0,0,1166
0,-1,2886,1919,2833,2146,0,0,1167
0,-1,2887,1920,2834,2147,0,0,1167
0,-1,2888,1921,2835,2148,0,0,1167
0,-1,2889,-1,2836,2149,0,0,1167
0,-1,2890,1922,2837,2150,0,0,1167
0,-1,2891,1923,2838,2151,0,0,1168
0,-1,2892,1924,2839,2152,0,0,1169
0,-1,2893,1925,2840,2153,0,0,1169
0,-1,2894,1925,2841,-1,0,0,1169
0,-1,2895,1926,2842,2154,0,0,1169
0,-1,2896,1926,2843,2155,0,0,1169
0,-1,2897,1927,2844,2156,0,0,1169
0,62,2898,-1,2845,2157,0,0,1169
0,-1,2899,1928,2846,2158,0,0,1169
0,-1,2900,-1,2847,-1,0,0,1169
0,-1,2901,1928,2848,-1,0,0,1169
0,-1,2902,1929,2849,2159,0,0,1169
0,-1,2903,1930,2850,-1,0,0,1169
0,-1,2904,1931,2851,2160,0,0,1169
0,-1,2905,-1,2852,2161,0,0,1169
0,-1,2906,-1,2853,-1,0,0,1169
0,-1,2907,1931,2854,2162,0,0,1169
0,-1,2908,1932,2855,-1,0,0,1169
0,63,2909,-1,2856,2163,0,0,1170
0,-1,2910,1933,2857,2164,0,0,1171
0,-1,2911,1934,2858,2165,0,0,1172
0,-1,2912,1935,2859,2166,0,0,1173
0,-1,2913,-1,2860,2167,0,0,1174
0,-1,2914,1936,2861,2168,0,0,1175
0,-1,2915,1937,2861,2169,0,0,1176
0,-1,2916,1938,2862,2170,0,0,1177
0,-1,2917,1938,2862,-1,0,0,1177
0,-1,2918,1939,2863,2171,0,0,1177
0,-1,2919,1940,2864,2172,0,0,1177
0,-1,2920,1941,2865,2173,0,0,1178
0,-1,2921,1942,2866,2174,0,0,1179
0,-1,2922,1943,2867,2175,0,0,1179
0,-1,2923,-1,2868,2176,0,0,1179
0,-1,2924,-1,2869,2176,0,0,1179
0,-1,2925,1944,2870,2177,0,0,1180
0,-1,2926,1944,2871,2178,0,0,1181
0,-1,2927,1945,2872,2179,0,0,1181
0,-1,2928,1946,2873,2180,0,0,1181
0,-1,2929,1947,2874,2181,0,0,1181
0,-1,2930,1948,2875,2182,0,0,1181
0,-1,2931,1949,2876,2183,0,0,1181
0,-1,2932,1950,2877,-1,0,0,1181
0,-1,2933,1951,2878,2184,0,0,1181
0,-1,2934,1952,2879,-1,0,0,1181
0,-1,2935,1953,2880,2185,0,0,1181
0,64,2935,-1,2881,2186,0,0,1181
0,-1,2936,1954,2882,2187,0,0,1182
0,-1,2937,-1,2883,2188,0,0,1183
0,-1,2938,1955,2884,2189,0,0,1184
0,-1,2939,1955,2885,2189,0,0,1184
0,-1,2940,1955,2886,2190,0,0,1184
0,-1,2941,1956,2887,2191,0,0,1184
0,-1,2942,1957,2888,-1,0,0,1184
0,-1,2943,1957,2889,-1,0,0,1184
0,-1,2944,1958,2890,-1,0,0,1184
0,-1,2945,1959,2891,2192,0,0,1184
0,-1,2946,-1,2892,-1,0,0,1184
0,-1,2947,1960,2893,2193,0,0,1185
0,-1,2948,1961,2894,2194,0,0,1186
0,-1,2949,-1,2895,2195,0,0,1186
0,-1,2950,1962,2896,2195,0,0,1186
0,-1,2951,-1,2897,2195,0,0,1186
0,-1,2952,1963,2898,2196,0,0,1186
0,-1,2953,1964,2899,2196,0,0,1186
0,-1,2954,-1,2900,2197,0,0,1187
0,-1,2955,1965,2901,2198,0,0,1188
0,-1,2956,1966,2902,-1,0,0,1188
0,65,2957,-1,2903,-1,0,0,1188
0,-1,2958,-1,2904,2199,0,0,1188
0,-1,2959,1966,2905,-1,0,0,1188
0,-1,2960,1966,2906,2200,0,0,1189
0,-1,2961,-1,2907,2201,0,0,1190
0,-1,2962,-1,2908,-1,0,0,1190
0,-1,2963,1967,2909,2202,0,0,1190
0,-1,2964,1968,2910,2203,0,0,1190
0,-1,2965,-1,2911,2204,0,0,1191
0,-1,2966,1969,2912,2205,0,0,1192
0,-1,2967,1970,2913,2206,0,0,1193
0,-1,2968,1971,2914,2207,0,0,1194
0,-1,2969,1972,2915,2208,0,0,1195
0,-1,2970,1973,2916,2209,0,0,1195
0,-1,2971,1973,2917,2210,0,0,1196
0,-1,2972,-1,2918,2211,0,0,1196
0,-1,2973,-1,2919,2211,0,0,1196
0,-1,2974,-1,2920,2211,0,0,1197
0,-1,2975,-1,2921,2211,0,0,1198
0,-1,2976,1974,2922,2212,0,0,1199
0,-1,2977,1974,2922,2213,0,0,1200
0,-1,2978,1975,2923,2214,0,0,1201
0,-1,2979,1976,2924,2215,0,0,1201
0,-1,2980,1977,2925,2216,0,0,1201
0,-1,2981,1978,2926,2217,0,0,1201
0,-1,2982,-1,2927,2218,0,0,1201
0,66,2983,-1,2928,-1,0,0,1201
0,-1,2984,1979,2929,2219,0,0,1201
0,-1,2985,-1,2930,2220,0,0,1201
0,-1,2986,1979,2931,-1,0,0,1201
0,-1,2987,-1,2932,2220,0,0,1201
0,-1,2988,1980,2933,2221,0,0,1201
0,-1,2989,1981,2934,2222,0,0,1201
0,-1,2990,1982,2935,2222,0,0,1202
0,-1,2991,-1,2936,2223,0,0,1203
0,-1,2992,1982,2937,-1,0,0,1203
0,-1,2993,-1,2938,2223,0,0,1203
0,-1,2994,-1,2939,2224,0,0,1203
0,-1,2995,-1,2940,-1,0,0,1204
0,-1,2996,1983,2941,2225,0,0,1205
0,-1,2997,1984,2942,2226,0,0,1206
0,-1,2998,1985,2943,2227,0,0,1206
0,-1,2999,1986,2944,2228,0,0,1207
0,-1,3000,1986,2945,2228,0,0,1208
0,-1,3001,1987,2946,-1,0,0,1208
0,-1,3002,-1,2947,-1,0,0,1208
0,-1,3003,-1,2948,-1,0,0,1208
0,-1,3004,1988,2949,2229,0,0,1208
0,-1,3005,-1,2950,2230,0,0,1208
0,-1,3006,1989,2951,2231,0,0,1208
0,-1,3007,1989,2952,2232,0,0,1209
0,-1,3008,1990,2953,2233,0,0,1210
0,-1,3009,1991,2954,2234,0,0,1211
0,-1,3010,1991,2955,2235,0,0,1211
0,-1,3011,1992,2956,2236,0,0,1212
0,-1,3012,1993,2957,2237,0,0,1213
0,-1,3013,1994,2958,-1,0,0,1213
0,-1,3014,1995,2959,2238,0,0,1214
0,-1,3015,1996,2960,2239,0,0,1215
0,-1,3016,1997,2961,2240,0,0,1215
0,-1,3017,1998,2962,-1,0,0,1216
0,-1,3018,1999,2963,2241,0,0,1217
0,-1,3019,2000,2964,2242,0,0,1217
0,-1,3020,2000,2965,2243,0,0,1217
0,-1,3021,2000,2966,2244,0,0,1217
0,-1,3022,2001,2967,2245,0,0,1217
0,-1,3023,2002,2968,2246,0,0,1217
0,-1,3024,2003,2969,-1,0,0,1217
0,-1,3025,2004,2970,2247,0,0,1217
0,-1,3026,2004,2971,2248,0,0,1217
0,-1,3027,-1,2972,2249,0,0,1217
0,-1,3028,2005,2973,2250,0,0,1218
0,-1,3029,2006,2974,2251,0,0,1219
0,-1,3030,2007,2975,2252,0,0,1219
0,-1,3031,2008,2976,2253,0,0,1219
0,-1,3032,-1,2977,2254,0,0,1219
0,-1,3033,2009,2978,-1,0,0,1220
0,-1,3034,-1,2979,-1,0,0,1221
0,-1,3035,2010,2980,-1,0,0,1221
0,-1,3036,2010,2981,-1,0,0,1222
0,-1,3037,2010,2982,2255,0,0,1223
0,-1,3038,2010,2983,-1,0,0,1224
0,-1,3039,2011,2984,2256,0,0,1225
0,-1,3040,2012,2985,2257,0,0,1225
0,-1,3041,2013,2986,2258,0,0,1225
0,67,3042,-1,2987,2259,0,0,1225
0,-1,3043,2013,2988,2260,0,0,1225
0,-1,3044,2014,2989,2261,0,0,1225
0,-1,3045,2015,2990,2262,0,0,1226
0,-1,3046,-1,2991,2262,0,0,1227
0,-1,3047,2016,2992,2263,0,0,1228
0,-1,3048,-1,2993,2264,0,0,1228
0,-1,3049,2017,2994,2265,0,0,1228
0,-1,3050,2018,2995,2265,0,0,1228
0,-1,3051,2019,2996,2266,0,0,1228
0,-1,3052,2019,2997,2266,0,0,1229
0,-1,3053,2020,2998,-1,0,0,1230
0,-1,3054,2021,2999,2267,0,0,1230
0,-1,3055,2022,3000,-1,0,0,1231
0,-1,3056,2022,3001,-1,0,0,1232
0,-1,3057,2022,3002,2268,0,0,1232
0,-1,3058,2023,3003,2269,0,0,1232
0,-1,3059,2024,3004,2270,0,0,1232
0,-1,3060,2025,3005,2271,0,0,1232
0,-1,3061,2025,3006,2272,0,0,1233
0,-1,3062,2026,3007,2273,0,0,1234
0,-1,3063,2027,3008,2274,0,0,1235
0,-1,3064,-1,3009,2275,0,0,1236
0,-1,3065,2028,3010,-1,0,0,1236
0,-1,3066,2029,3011,2276,0,0,1236
0,-1,3067,2030,3012,2277,0,0,1236
0,-1,3068,-1,3013,2277,0,0,1236
0,-1,3069,2031,3014,-1,0,0,1236
0,-1,3070,2032,3015,2277,0,0,1236