author,recipeyield,preptime,cooktime,recipecategory,totaltime,nutrition,ingredients
-1,1,1,1,1,1,-1,-1
-1,2,1,2,2,2,-1,-1
-1,3,2,3,3,3,-1,-1
-1,4,3,4,4,4,-1,-1
-1,5,4,5,5,5,-1,-1
-1,6,5,5,-1,6,-1,-1
-1,7,6,6,6,7,-1,-1
-1,8,7,7,7,8,-1,-1
-1,9,8,8,8,9,-1,-1
-1,10,9,9,-1,10,-1,-1
-1,11,10,10,9,11,-1,-1
-1,12,11,11,10,11,-1,-1
-1,13,12,11,-1,12,-1,-1
-1,14,13,12,10,13,-1,-1
-1,15,14,-1,11,14,-1,-1
-1,16,15,13,12,15,-1,-1
-1,17,16,14,13,16,-1,-1
-1,18,17,15,14,17,-1,-1
-1,19,18,16,15,18,-1,-1
-1,20,19,17,16,19,-1,-1
-1,21,20,-1,17,20,-1,-1
-1,22,21,18,18,21,-1,-1
-1,23,22,19,19,22,-1,-1
-1,24,23,20,20,23,-1,-1
-1,25,24,21,21,24,-1,-1
-1,26,25,21,22,25,-1,-1
-1,27,26,22,23,26,-1,-1
-1,28,27,23,23,27,-1,-1
-1,29,28,23,24,28,-1,-1
-1,30,28,-1,25,29,-1,-1
-1,31,28,24,26,30,-1,-1
-1,32,28,25,27,31,-1,-1
-1,33,28,26,28,32,-1,-1
-1,34,28,27,29,33,-1,-1
-1,35,29,28,30,34,-1,-1
-1,36,30,29,31,35,-1,-1
-1,37,31,-1,32,36,-1,-1
-1,-1,32,-1,33,37,-1,-1
-1,38,33,30,34,38,-1,-1
-1,39,34,31,35,39,-1,-1
-1,40,35,-1,36,39,-1,-1
-1,41,36,-1,-1,40,-1,-1
-1,42,37,32,37,41,-1,-1
-1,43,38,33,38,42,-1,-1
-1,44,39,-1,39,43,-1,-1
-1,45,40,34,40,44,-1,-1
-1,46,41,34,41,45,-1,-1
-1,47,42,35,42,46,-1,-1
-1,48,43,36,43,47,-1,-1
-1,48,44,37,44,48,-1,-1
-1,49,45,38,45,49,-1,-1
-1,50,46,39,46,50,-1,-1
-1,50,47,40,46,51,-1,-1
-1,51,48,-1,47,52,-1,-1
-1,52,49,41,48,53,-1,-1
-1,53,50,42,49,54,-1,-1
-1,54,51,-1,50,55,-1,-1
-1,55,52,43,51,56,-1,-1
-1,56,53,43,52,57,-1,-1
-1,57,54,44,53,58,-1,-1
-1,58,55,44,54,59,-1,-1
-1,59,56,45,55,60,-1,-1
-1,60,57,46,56,61,-1,-1
-1,61,58,47,57,62,-1,-1
-1,62,59,-1,58,63,-1,-1
-1,63,59,-1,59,63,-1,-1
-1,63,60,48,60,64,-1,-1
-1,64,61,49,61,65,-1,-1
-1,65,62,50,62,66,-1,-1
-1,65,63,51,63,67,-1,-1
-1,66,64,52,64,68,-1,-1
-1,67,65,53,65,69,-1,-1
-1,68,66,54,66,70,-1,-1
-1,69,66,54,67,70,-1,-1
-1,70,67,55,68,71,-1,-1
-1,71,68,56,69,72,-1,-1
-1,72,69,57,70,73,-1,-1
-1,73,70,58,71,74,-1,-1
-1,74,71,59,72,75,-1,-1
-1,75,72,60,73,76,-1,-1
-1,76,73,61,74,77,-1,-1
-1,77,74,62,75,78,-1,-1
-1,77,75,63,76,79,-1,-1
-1,78,76,64,77,80,-1,-1
-1,79,77,64,78,81,-1,-1
-1,80,78,-1,79,82,-1,-1
-1,81,79,65,80,83,-1,-1
-1,82,79,66,81,84,-1,-1
-1,83,79,-1,82,85,-1,-1
-1,84,80,67,83,86,-1,-1
-1,84,80,67,84,86,-1,-1
-1,84,80,68,85,87,-1,-1
-1,85,81,69,86,88,-1,-1
-1,86,81,-1,87,89,-1,-1
-1,86,82,-1,88,90,-1,-1
-1,87,83,70,89,91,-1,-1
-1,88,84,-1,90,92,-1,-1
-1,88,85,71,91,93,-1,-1
-1,88,86,72,92,94,-1,-1
-1,88,87,-1,93,95,-1,-1
-1,88,88,73,94,96,-1,-1
-1,89,89,74,95,97,-1,-1
-1,90,90,75,96,98,-1,-1
-1,91,91,-1,97,99,-1,-1
-1,92,91,76,98,100,-1,-1
-1,93,92,76,99,101,-1,-1
-1,93,93,-1,100,102,-1,-1
-1,94,-1,-1,101,-1,-1,-1
-1,95,93,-1,102,102,-1,-1
-1,96,94,77,103,103,-1,-1
-1,97,95,-1,104,104,-1,-1
-1,98,96,-1,104,105,-1,-1
-1,99,96,-1,105,105,-1,-1
-1,99,97,78,106,106,-1,-1
-1,100,98,79,107,107,-1,-1
-1,101,99,-1,108,108,-1,-1
-1,102,100,80,109,109,-1,-1
-1,103,101,81,110,110,-1,-1
-1,104,102,81,111,111,-1,-1
-1,105,103,82,112,112,-1,-1
-1,106,104,82,113,113,-1,-1
-1,107,105,83,114,114,-1,-1
-1,108,106,84,115,115,-1,-1
-1,109,107,85,116,116,-1,-1
-1,110,108,-1,117,116,-1,-1
-1,111,109,-1,118,117,-1,-1
-1,112,109,86,119,118,-1,-1
-1,113,110,87,120,119,-1,-1
-1,114,111,88,121,120,-1,-1
-1,115,112,-1,122,121,-1,-1
-1,115,113,89,123,122,-1,-1
-1,116,113,90,124,123,-1,-1
-1,117,114,91,125,124,-1,-1
-1,118,115,92,126,125,-1,-1
-1,119,116,93,127,126,-1,-1
-1,120,117,-1,128,127,-1,-1
-1,121,118,94,129,128,-1,-1
-1,122,119,95,130,129,-1,-1
-1,-1,120,-1,131,130,-1,-1
-1,123,121,96,132,131,-1,-1
-1,124,122,97,133,132,-1,-1
-1,125,123,98,134,133,-1,-1
-1,126,123,-1,135,134,-1,-1
-1,127,124,-1,136,135,-1,-1
-1,128,125,99,137,136,-1,-1
-1,129,126,100,138,137,-1,-1
-1,130,127,101,139,138,-1,-1
-1,131,128,102,140,139,-1,-1
-1,132,128,103,141,140,-1,-1
-1,133,129,104,142,140,-1,-1
-1,134,130,105,143,141,-1,-1
-1,134,131,106,144,142,-1,-1
-1,134,132,107,145,143,-1,-1
-1,135,133,108,146,144,-1,-1
-1,136,134,109,147,145,-1,-1
-1,137,135,109,148,146,-1,-1
-1,138,136,110,149,146,-1,-1
-1,139,137,-1,-1,147,-1,-1
-1,140,138,111,150,148,-1,-1
-1,141,139,112,151,149,-1,-1
-1,142,140,113,152,150,-1,-1
-1,143,141,114,153,151,-1,-1
-1,143,142,114,154,152,-1,-1
-1,144,142,115,155,153,-1,-1
-1,145,143,-1,156,154,-1,-1
-1,146,144,116,157,155,-1,-1
-1,147,145,117,158,156,-1,-1
-1,148,146,118,159,157,-1,-1
-1,149,147,119,160,158,-1,-1
-1,150,147,120,161,159,-1,-1
-1,151,148,121,162,160,-1,-1
-1,152,149,122,163,161,-1,-1
-1,153,150,123,164,162,-1,-1
-1,154,151,124,165,163,-1,-1
-1,155,152,-1,166,164,-1,-1
-1,156,153,-1,167,165,-1,-1
-1,157,154,125,168,166,-1,-1
-1,158,155,126,169,167,-1,-1
-1,159,156,127,170,168,-1,-1
-1,160,157,127,170,169,-1,-1
-1,160,158,128,171,170,-1,-1
-1,161,159,129,172,171,-1,-1
-1,162,160,129,173,172,-1,-1
-1,162,161,130,174,173,-1,-1
-1,163,162,-1,175,174,-1,-1
-1,164,163,131,176,175,-1,-1
-1,165,164,132,177,176,-1,-1
-1,166,165,-1,178,177,-1,-1
-1,167,165,133,179,178,-1,-1
-1,167,166,134,180,179,-1,-1
-1,168,167,135,181,180,-1,-1
-1,169,168,135,182,181,-1,-1
-1,170,169,136,183,182,-1,-1
-1,170,170,137,184,183,-1,-1
-1,171,171,138,185,183,-1,-1
-1,172,172,139,186,184,-1,-1
-1,173,173,140,187,185,-1,-1
-1,173,174,141,188,185,-1,-1
-1,174,175,142,189,186,-1,-1
-1,175,176,142,190,187,-1,-1
-1,176,177,143,191,188,-1,-1
-1,177,178,-1,192,189,-1,-1
-1,178,179,-1,193,190,-1,-1
-1,179,180,144,194,191,-1,-1
-1,180,181,145,195,192,-1,-1
-1,181,182,146,196,193,-1,-1
-1,182,-1,146,197,194,-1,-1
-1,183,183,147,198,195,-1,-1
-1,184,184,-1,199,196,-1,-1
-1,185,185,147,200,197,-1,-1
-1,186,185,148,201,198,-1,-1
-1,187,185,149,202,199,-1,-1
-1,188,186,150,203,200,-1,-1
-1,189,187,151,204,201,-1,-1
-1,190,188,-1,205,202,-1,-1
-1,191,189,152,206,203,-1,-1
-1,191,189,153,207,204,-1,-1
-1,192,190,-1,208,205,-1,-1
-1,192,191,154,209,206,-1,-1
-1,193,192,155,210,207,-1,-1
-1,194,192,156,210,208,-1,-1
-1,195,193,157,211,208,-1,-1
-1,196,194,158,212,209,-1,-1
-1,197,195,159,213,210,-1,-1
-1,198,195,160,214,211,-1,-1
-1,199,196,161,215,212,-1,-1
-1,200,197,162,215,213,-1,-1
-1,201,198,163,216,214,-1,-1
-1,202,199,164,217,215,-1,-1
-1,203,200,-1,218,215,-1,-1
-1,204,200,-1,219,215,-1,-1
-1,205,201,165,220,216,-1,-1
-1,206,202,-1,221,217,-1,-1
-1,207,203,-1,222,218,-1,-1
-1,208,204,166,223,219,-1,-1
-1,209,204,167,224,220,-1,-1
-1,210,205,168,225,221,-1,-1
-1,210,206,169,226,222,-1,-1
-1,210,207,170,226,223,-1,-1
-1,211,208,171,227,224,-1,-1
-1,212,209,172,228,225,-1,-1
-1,213,209,-1,229,226,-1,-1
-1,214,210,-1,230,227,-1,-1
-1,215,211,173,231,228,-1,-1
-1,216,212,174,232,229,-1,-1
-1,217,213,-1,233,230,-1,-1
-1,218,214,175,234,231,-1,-1
-1,219,215,176,235,232,-1,-1
-1,220,216,-1,236,233,-1,-1
-1,220,217,177,236,234,-1,-1
-1,220,218,178,237,235,-1,-1
-1,220,219,179,238,235,-1,-1
-1,221,220,-1,239,236,-1,-1
-1,222,221,180,240,237,-1,-1
-1,223,222,181,240,238,-1,-1
-1,224,223,182,241,239,-1,-1
-1,225,224,183,242,240,-1,-1
-1,226,225,184,243,241,-1,-1
-1,227,226,-1,244,242,-1,-1
-1,227,227,185,245,243,-1,-1
-1,228,228,-1,246,244,-1,-1
-1,229,229,186,247,245,-1,-1
-1,229,230,187,248,246,-1,-1
-1,229,231,188,249,247,-1,-1
-1,230,232,189,250,247,-1,-1
-1,231,233,190,251,248,-1,-1
-1,232,234,191,252,249,-1,-1
-1,233,235,192,253,249,-1,-1
-1,234,235,193,254,250,-1,-1
-1,235,235,194,255,251,-1,-1
-1,236,236,195,256,252,-1,-1
-1,237,237,-1,257,253,-1,-1
-1,238,238,-1,258,254,-1,-1
-1,239,239,196,259,255,-1,-1
-1,240,240,-1,260,256,-1,-1
-1,241,241,-1,261,257,-1,-1
-1,242,242,197,261,257,-1,-1
-1,243,243,198,262,258,-1,-1
-1,244,244,199,262,259,-1,-1
-1,245,245,-1,263,260,-1,-1
-1,246,246,200,264,261,-1,-1
-1,247,247,201,265,262,-1,-1
-1,248,248,202,266,263,-1,-1
-1,249,249,203,267,264,-1,-1
-1,250,250,-1,268,265,-1,-1
-1,251,251,-1,269,266,-1,-1
-1,252,252,204,270,267,-1,-1
-1,253,252,205,271,268,-1,-1
-1,254,252,206,272,269,-1,-1
-1,255,253,207,273,270,-1,-1
-1,256,254,208,274,271,-1,-1
-1,257,255,209,275,272,-1,-1
-1,258,256,209,276,273,-1,-1
-1,259,257,210,277,274,-1,-1
-1,260,258,211,278,274,-1,-1
-1,261,259,212,279,275,-1,-1
-1,262,260,213,280,276,-1,-1
-1,263,261,214,281,277,-1,-1
-1,264,262,215,282,278,-1,-1
-1,265,263,216,283,279,-1,-1
-1,266,263,217,284,280,-1,-1
-1,267,264,218,285,281,-1,-1
-1,268,265,219,286,282,-1,-1
-1,269,266,220,287,283,-1,-1
-1,270,267,221,288,284,-1,-1
-1,271,268,222,289,285,-1,-1
-1,272,269,223,289,286,-1,-1
-1,273,270,-1,290,287,-1,-1
-1,274,270,224,291,288,-1,-1
-1,274,271,225,292,289,-1,-1
-1,274,271,-1,293,290,-1,-1
-1,274,272,226,294,291,-1,-1
-1,275,273,227,295,292,-1,-1
-1,276,273,228,296,293,-1,-1
-1,277,274,229,297,294,-1,-1
-1,278,275,-1,298,295,-1,-1
-1,279,276,-1,299,296,-1,-1
-1,280,277,-1,300,297,-1,-1
-1,281,277,229,301,298,-1,-1
-1,281,278,229,302,299,-1,-1
-1,282,279,230,303,300,-1,-1
-1,283,280,-1,304,301,-1,-1
-1,284,280,-1,305,301,-1,-1
-1,285,280,231,306,302,-1,-1
-1,286,280,232,307,303,-1,-1
-1,287,281,233,308,304,-1,-1
-1,288,282,234,309,305,-1,-1
-1,289,283,235,310,306,-1,-1
-1,290,284,-1,311,307,-1,-1
-1,290,285,236,312,308,-1,-1
-1,290,286,-1,313,309,-1,-1
-1,290,287,-1,314,310,-1,-1
-1,291,287,237,315,311,-1,-1
-1,292,288,238,316,312,-1,-1
-1,293,289,239,317,313,-1,-1
-1,294,290,240,318,314,-1,-1
-1,295,291,241,319,315,-1,-1
-1,296,292,242,320,316,-1,-1
-1,296,293,243,321,317,-1,-1
-1,297,294,244,322,318,-1,-1
-1,298,295,-1,323,319,-1,-1
-1,298,296,245,324,320,-1,-1
-1,299,297,246,325,320,-1,-1
-1,300,298,247,326,321,-1,-1
-1,301,299,248,326,322,-1,-1
-1,302,300,248,327,323,-1,-1
-1,302,301,-1,328,324,-1,-1
-1,303,302,249,329,325,-1,-1
-1,304,303,250,330,326,-1,-1
-1,305,304,251,331,327,-1,-1
-1,306,305,-1,332,328,-1,-1
-1,307,306,252,333,329,-1,-1
-1,307,307,253,334,330,-1,-1
-1,308,308,254,334,331,-1,-1
-1,309,309,255,335,332,-1,-1
-1,309,310,256,336,332,-1,-1
-1,310,311,257,337,333,-1,-1
-1,311,312,258,338,334,-1,-1
-1,312,313,259,339,335,-1,-1
-1,312,314,260,340,336,-1,-1
-1,313,315,260,341,337,-1,-1
-1,314,316,-1,342,338,-1,-1
-1,314,317,-1,343,339,-1,-1
-1,315,318,260,344,340,-1,-1
-1,316,319,-1,345,341,-1,-1
-1,317,320,261,346,342,-1,-1
-1,318,321,262,346,343,-1,-1
-1,319,322,-1,347,344,-1,-1
-1,320,323,263,348,345,-1,-1
-1,321,324,264,349,346,-1,-1
-1,322,325,265,350,347,-1,-1
-1,323,326,266,351,348,-1,-1
-1,324,327,267,352,349,-1,-1
-1,-1,-1,-1,353,-1,-1,-1
-1,325,328,268,354,350,-1,-1
-1,326,329,269,355,351,-1,-1
-1,327,330,269,356,352,-1,-1
-1,328,331,270,357,353,-1,-1
-1,329,332,271,358,354,-1,-1
-1,330,333,272,359,355,-1,-1
-1,331,333,273,360,356,-1,-1
-1,332,334,-1,361,357,-1,-1
-1,333,334,274,362,358,-1,-1
-1,334,335,275,363,359,-1,-1
-1,335,336,276,364,360,-1,-1
-1,336,336,277,365,361,-1,-1
-1,337,337,-1,366,362,-1,-1
-1,338,337,278,367,363,-1,-1
-1,339,338,278,368,364,-1,-1
-1,340,339,279,369,365,-1,-1
-1,341,340,280,370,366,-1,-1
-1,342,341,281,371,367,-1,-1
-1,343,342,282,372,368,-1,-1
-1,344,343,-1,373,368,-1,-1
-1,344,344,283,374,369,-1,-1
-1,345,344,284,375,370,-1,-1
-1,346,345,284,376,371,-1,-1
-1,347,346,284,377,372,-1,-1
-1,348,347,285,378,373,-1,-1
-1,349,348,286,379,374,-1,-1
-1,350,349,287,380,375,-1,-1
-1,351,350,288,381,376,-1,-1
-1,352,351,289,382,377,-1,-1
-1,353,352,-1,383,378,-1,-1
-1,354,353,290,384,379,-1,-1
-1,355,354,291,385,380,-1,-1
-1,356,355,292,386,381,-1,-1
-1,357,356,293,387,382,-1,-1
-1,358,357,294,388,383,-1,-1
-1,359,358,-1,389,384,-1,-1
-1,360,359,295,390,385,-1,-1
-1,361,360,296,391,386,-1,-1
-1,362,361,297,392,387,-1,-1
-1,362,362,298,393,388,-1,-1
-1,363,363,299,394,389,-1,-1
-1,364,364,300,395,390,-1,-1
-1,365,365,301,396,391,-1,-1
-1,366,366,302,397,392,-1,-1
-1,367,366,-1,398,393,-1,-1
-1,368,366,303,399,394,-1,-1
-1,369,367,-1,400,395,-1,-1
-1,370,368,304,400,396,-1,-1
-1,371,369,305,401,397,-1,-1
-1,371,370,-1,402,398,-1,-1
-1,372,371,306,403,399,-1,-1
-1,373,372,306,404,400,-1,-1
-1,374,373,307,404,401,-1,-1
-1,375,374,308,405,402,-1,-1
-1,376,375,309,406,403,-1,-1
-1,377,376,310,407,403,-1,-1
-1,377,376,311,408,404,-1,-1
-1,378,377,312,409,405,-1,-1
-1,379,378,312,410,406,-1,-1
-1,380,379,-1,411,407,-1,-1
-1,381,380,313,412,408,-1,-1
-1,382,381,313,413,409,-1,-1
-1,383,382,314,414,410,-1,-1
-1,-1,382,315,415,411,-1,-1
-1,384,382,316,416,412,-1,-1
-1,385,383,-1,417,413,-1,-1
-1,386,384,-1,418,414,-1,-1
-1,387,385,317,419,415,-1,-1
-1,388,386,-1,420,416,-1,-1
-1,389,387,318,421,417,-1,-1
-1,389,388,319,422,418,-1,-1
-1,390,389,-1,423,419,-1,-1
-1,391,390,320,424,420,-1,-1
-1,392,390,321,425,421,-1,-1
-1,393,391,-1,426,422,-1,-1
-1,394,392,321,427,423,-1,-1
-1,395,393,322,428,424,-1,-1
-1,396,394,323,429,425,-1,-1
-1,396,395,324,430,426,-1,-1
-1,396,396,325,431,427,-1,-1
-1,397,397,326,432,428,-1,-1
-1,398,398,327,433,429,-1,-1
-1,399,399,328,433,430,-1,-1
-1,400,399,329,434,431,-1,-1
-1,400,399,330,435,432,-1,-1
-1,400,400,331,436,433,-1,-1
-1,401,400,332,437,434,-1,-1
-1,402,401,333,438,435,-1,-1
-1,403,402,-1,439,436,-1,-1
-1,404,403,334,440,437,-1,-1
-1,404,404,-1,441,438,-1,-1
-1,405,405,335,441,439,-1,-1
-1,406,406,336,442,440,-1,-1
-1,407,407,337,443,441,-1,-1
-1,408,408,-1,444,442,-1,-1
-1,409,409,337,445,443,-1,-1
-1,410,410,338,446,444,-1,-1
-1,411,411,339,447,444,-1,-1
-1,412,412,340,447,445,-1,-1
-1,413,412,341,448,446,-1,-1
-1,414,413,342,449,446,-1,-1
-1,415,414,-1,450,447,-1,-1
-1,416,415,343,451,448,-1,-1
-1,417,415,344,452,449,-1,-1
-1,418,416,345,453,450,-1,-1
-1,419,417,346,454,450,-1,-1
-1,420,418,347,455,451,-1,-1
-1,421,418,-1,456,452,-1,-1
-1,422,418,348,457,453,-1,-1
-1,423,419,349,458,454,-1,-1
-1,424,420,350,459,455,-1,-1
-1,425,421,351,460,456,-1,-1
-1,426,422,352,461,457,-1,-1
-1,427,422,352,462,457,-1,-1
-1,428,423,353,463,458,-1,-1
-1,429,424,-1,464,459,-1,-1
-1,430,425,354,465,460,-1,-1
-1,431,426,355,466,461,-1,-1
-1,432,427,356,467,462,-1,-1
-1,433,428,-1,468,462,-1,-1
-1,434,429,356,469,463,-1,-1
-1,435,430,357,470,464,-1,-1
-1,436,431,358,471,465,-1,-1
-1,437,432,359,472,466,-1,-1
-1,437,433,360,473,467,-1,-1
-1,437,434,361,474,468,-1,-1
-1,438,435,362,475,469,-1,-1
-1,439,436,363,476,470,-1,-1
-1,440,437,364,477,471,-1,-1
-1,441,438,365,478,472,-1,-1
-1,442,439,366,479,473,-1,-1
-1,443,439,367,480,474,-1,-1
-1,444,440,368,481,475,-1,-1
-1,445,441,369,482,476,-1,-1
-1,446,442,370,483,477,-1,-1
-1,447,443,-1,484,478,-1,-1
-1,447,444,371,485,479,-1,-1
-1,448,444,372,486,480,-1,-1
-1,449,444,373,487,481,-1,-1
-1,450,445,374,488,481,-1,-1
-1,451,446,375,489,482,-1,-1
-1,452,447,375,490,483,-1,-1
-1,453,448,376,491,484,-1,-1
-1,454,448,376,492,484,-1,-1
-1,455,449,377,493,485,-1,-1
-1,456,450,-1,494,486,-1,-1
-1,457,451,-1,495,487,-1,-1
-1,458,452,-1,496,488,-1,-1
-1,458,453,-1,496,489,-1,-1
-1,459,453,378,497,490,-1,-1
-1,460,454,379,498,491,-1,-1
-1,461,455,380,499,492,-1,-1
-1,462,456,-1,500,492,-1,-1
-1,462,457,381,501,493,-1,-1
-1,-1,458,382,502,494,-1,-1
-1,463,458,382,503,494,-1,-1
-1,464,459,-1,504,495,-1,-1
-1,465,459,383,505,496,-1,-1
-1,466,460,384,506,497,-1,-1
-1,467,460,385,507,498,-1,-1
-1,468,461,386,508,499,-1,-1
-1,469,462,-1,509,500,-1,-1
-1,469,463,387,510,501,-1,-1
-1,470,464,388,511,502,-1,-1
-1,471,465,-1,512,503,-1,-1
-1,472,466,389,513,504,-1,-1
-1,473,467,-1,514,505,-1,-1
-1,474,468,390,515,506,-1,-1
-1,475,469,391,516,507,-1,-1
-1,476,470,392,517,508,-1,-1
-1,477,470,393,518,509,-1,-1
-1,478,471,394,519,510,-1,-1
-1,479,472,395,519,511,-1,-1
-1,480,473,396,520,512,-1,-1
-1,481,474,397,521,513,-1,-1
-1,482,475,398,522,513,-1,-1
-1,483,475,399,523,514,-1,-1
-1,484,476,400,524,515,-1,-1
-1,485,477,401,524,516,-1,-1
-1,486,478,402,525,517,-1,-1
-1,487,479,403,526,518,-1,-1
-1,488,480,404,526,519,-1,-1
-1,489,481,405,527,520,-1,-1
-1,490,482,406,528,521,-1,-1
-1,491,483,-1,529,522,-1,-1
-1,492,484,407,530,523,-1,-1
-1,492,485,407,531,524,-1,-1
-1,493,485,408,532,525,-1,-1
-1,494,486,408,533,526,-1,-1
-1,495,487,409,534,527,-1,-1
-1,496,488,410,535,527,-1,-1
-1,497,489,411,536,527,-1,-1
-1,498,490,412,537,528,-1,-1
-1,499,491,413,538,529,-1,-1
-1,499,492,414,538,530,-1,-1
-1,500,493,415,539,531,-1,-1
-1,501,494,416,540,532,-1,-1
-1,502,495,417,541,533,-1,-1
-1,503,495,418,542,534,-1,-1
-1,504,496,419,543,535,-1,-1
-1,505,-1,420,544,536,-1,-1
-1,505,497,421,545,537,-1,-1
-1,505,498,422,546,538,-1,-1
-1,505,499,423,547,539,-1,-1
-1,505,500,-1,548,540,-1,-1
-1,506,501,424,549,541,-1,-1
-1,507,501,425,550,542,-1,-1
-1,508,502,426,551,543,-1,-1
-1,509,503,427,552,544,-1,-1
-1,510,503,428,553,545,-1,-1
-1,511,504,-1,554,546,-1,-1
-1,-1,504,-1,555,546,-1,-1
-1,512,505,-1,556,547,-1,-1
-1,513,506,429,557,548,-1,-1
-1,514,507,429,558,549,-1,-1
-1,515,507,430,559,550,-1,-1
-1,516,508,430,560,551,-1,-1
-1,517,509,-1,561,552,-1,-1
-1,517,510,-1,562,553,-1,-1
-1,517,511,431,563,554,-1,-1
-1,518,512,-1,564,555,-1,-1
-1,519,513,432,565,556,-1,-1
-1,519,514,433,566,556,-1,-1
-1,520,515,434,567,557,-1,-1
-1,521,516,435,568,557,-1,-1
-1,522,517,436,569,558,-1,-1
-1,523,518,437,570,559,-1,-1
-1,524,519,438,571,559,-1,-1
-1,525,520,439,572,560,-1,-1
-1,526,521,440,573,561,-1,-1
-1,527,522,441,574,562,-1,-1
-1,528,523,442,575,563,-1,-1
-1,529,524,-1,576,564,-1,-1
-1,530,525,443,577,565,-1,-1
-1,531,526,444,578,566,-1,-1
-1,532,527,445,579,567,-1,-1
-1,533,528,446,580,568,-1,-1
-1,534,529,-1,581,569,-1,-1
-1,535,530,447,582,570,-1,-1
-1,536,531,448,583,571,-1,-1
-1,537,532,-1,584,572,-1,-1
-1,538,533,-1,585,573,-1,-1
-1,539,534,449,586,574,-1,-1
-1,540,535,450,587,575,-1,-1
-1,541,536,451,588,576,-1,-1
-1,542,537,452,589,577,-1,-1
-1,543,537,453,589,578,-1,-1
-1,544,538,454,590,579,-1,-1
-1,545,539,455,591,579,-1,-1
-1,546,540,456,592,580,-1,-1
-1,547,541,457,593,581,-1,-1
-1,548,542,458,594,582,-1,-1
-1,549,543,459,595,583,-1,-1
-1,550,544,460,-1,584,-1,-1
-1,551,545,460,596,585,-1,-1
-1,552,546,461,597,586,-1,-1
-1,553,546,462,598,587,-1,-1
-1,554,547,463,599,588,-1,-1
-1,555,548,464,600,588,-1,-1
-1,555,549,464,601,589,-1,-1
-1,556,550,465,602,590,-1,-1
-1,556,551,466,603,591,-1,-1
-1,557,552,467,603,592,-1,-1
-1,558,552,468,604,593,-1,-1
-1,559,552,469,605,594,-1,-1
-1,560,552,470,605,595,-1,-1
-1,561,552,471,606,596,-1,-1
-1,562,553,-1,607,597,-1,-1
-1,563,554,472,608,598,-1,-1
-1,564,555,473,609,599,-1,-1
-1,565,555,-1,610,600,-1,-1
-1,566,556,473,611,601,-1,-1
-1,567,556,473,611,601,-1,-1
-1,568,557,474,612,602,-1,-1
-1,569,558,475,613,603,-1,-1
-1,570,558,476,614,604,-1,-1
-1,571,559,477,615,605,-1,-1
-1,572,560,478,616,606,-1,-1
-1,573,561,478,617,607,-1,-1
-1,574,562,479,618,608,-1,-1
-1,575,563,480,619,609,-1,-1
-1,576,563,481,620,610,-1,-1
-1,577,564,-1,621,610,-1,-1
-1,577,564,-1,622,610,-1,-1
-1,577,565,482,623,611,-1,-1
-1,578,566,483,624,612,-1,-1
-1,579,567,-1,625,613,-1,-1
-1,580,568,484,626,614,-1,-1
-1,581,568,485,627,615,-1,-1
-1,582,569,485,628,616,-1,-1
-1,583,570,486,629,617,-1,-1
-1,584,571,486,630,618,-1,-1
-1,585,571,-1,631,619,-1,-1
-1,586,572,487,632,620,-1,-1
-1,587,573,-1,633,621,-1,-1
-1,588,574,-1,634,622,-1,-1
-1,589,575,488,635,623,-1,-1
-1,590,576,-1,636,624,-1,-1
-1,591,577,488,637,625,-1,-1
-1,592,578,489,638,626,-1,-1
-1,593,578,489,639,626,-1,-1
-1,593,579,-1,640,627,-1,-1
-1,593,580,489,641,628,-1,-1
-1,593,581,490,642,629,-1,-1
-1,594,582,491,643,630,-1,-1
-1,595,583,492,644,631,-1,-1
-1,596,584,492,645,632,-1,-1
-1,596,585,493,646,633,-1,-1
-1,597,586,-1,647,634,-1,-1
-1,598,587,-1,648,635,-1,-1
-1,598,588,-1,649,636,-1,-1
-1,599,589,494,650,637,-1,-1
-1,600,590,495,651,638,-1,-1
-1,601,591,496,652,639,-1,-1
-1,602,592,497,653,640,-1,-1
-1,603,593,-1,654,641,-1,-1
-1,603,594,498,655,642,-1,-1
-1,604,595,499,656,643,-1,-1
-1,605,595,499,657,643,-1,-1
-1,606,596,-1,658,644,-1,-1
-1,607,597,500,659,645,-1,-1
-1,607,598,500,660,646,-1,-1
-1,608,599,-1,661,647,-1,-1
-1,609,600,501,661,647,-1,-1
-1,610,601,-1,662,648,-1,-1
-1,610,602,502,663,649,-1,-1
-1,611,603,502,664,650,-1,-1
-1,612,604,502,665,651,-1,-1
-1,613,605,503,666,652,-1,-1
-1,614,606,504,667,653,-1,-1
-1,615,607,-1,668,654,-1,-1
-1,616,608,505,669,655,-1,-1
-1,617,609,506,669,656,-1,-1
-1,618,610,507,670,657,-1,-1
-1,619,611,508,671,658,-1,-1
-1,620,612,509,672,659,-1,-1
-1,621,613,510,673,660,-1,-1
-1,622,614,511,674,661,-1,-1
-1,623,615,512,675,662,-1,-1
-1,624,616,-1,676,663,-1,-1
-1,625,617,513,677,664,-1,-1
-1,626,618,514,678,665,-1,-1
-1,627,619,514,678,666,-1,-1
-1,628,620,515,679,666,-1,-1
-1,629,621,516,679,666,-1,-1
-1,630,621,517,679,667,-1,-1
-1,631,622,518,680,668,-1,-1
-1,632,622,519,681,669,-1,-1
-1,633,623,520,682,670,-1,-1
-1,634,624,521,683,671,-1,-1
-1,635,624,522,684,672,-1,-1
-1,636,625,523,685,673,-1,-1
-1,637,626,524,686,674,-1,-1
-1,638,627,525,687,675,-1,-1
-1,639,628,525,688,676,-1,-1
-1,640,629,526,689,676,-1,-1
-1,641,630,527,690,677,-1,-1
-1,642,630,528,691,678,-1,-1
-1,643,631,529,692,679,-1,-1
-1,644,632,-1,693,680,-1,-1
-1,645,633,530,694,681,-1,-1
-1,646,634,-1,695,682,-1,-1
-1,647,635,531,696,683,-1,-1
-1,648,636,532,697,684,-1,-1
-1,649,637,533,698,685,-1,-1
-1,649,637,534,699,686,-1,-1
-1,649,638,534,700,687,-1,-1
-1,650,639,534,701,688,-1,-1
-1,651,640,535,702,688,-1,-1
-1,652,641,536,703,689,-1,-1
-1,653,642,-1,704,690,-1,-1
-1,654,643,537,705,691,-1,-1
-1,655,644,538,706,692,-1,-1
-1,656,645,-1,707,693,-1,-1
-1,657,646,539,708,694,-1,-1
-1,657,647,540,709,695,-1,-1
-1,658,648,541,710,696,-1,-1
-1,659,649,542,711,697,-1,-1
-1,660,650,-1,712,698,-1,-1
-1,661,651,-1,713,699,-1,-1
-1,662,652,543,714,700,-1,-1
-1,663,653,544,714,701,-1,-1
-1,664,654,545,715,702,-1,-1
-1,665,655,546,716,703,-1,-1
-1,666,656,-1,717,704,-1,-1
-1,667,657,547,718,705,-1,-1
-1,668,658,548,719,706,-1,-1
-1,669,659,549,720,707,-1,-1
-1,670,660,549,721,708,-1,-1
-1,671,661,550,722,709,-1,-1
-1,672,662,550,723,710,-1,-1
-1,673,663,551,724,711,-1,-1
-1,674,664,552,725,712,-1,-1
-1,675,665,553,726,713,-1,-1
-1,676,666,554,727,714,-1,-1
-1,677,667,-1,728,715,-1,-1
-1,678,668,-1,729,716,-1,-1
-1,679,669,555,730,717,-1,-1
-1,679,670,556,731,718,-1,-1
-1,679,671,-1,732,719,-1,-1
-1,680,672,557,733,720,-1,-1
-1,681,673,558,734,721,-1,-1
-1,681,674,-1,735,722,-1,-1
-1,682,675,559,736,723,-1,-1
-1,683,676,560,737,724,-1,-1
-1,684,677,561,738,725,-1,-1
-1,685,678,562,739,726,-1,-1
-1,685,678,563,740,727,-1,-1
-1,686,679,563,741,728,-1,-1
-1,687,680,-1,742,729,-1,-1
-1,688,681,-1,743,730,-1,-1
-1,689,682,564,744,731,-1,-1
-1,690,683,-1,745,732,-1,-1
-1,691,684,565,746,733,-1,-1
-1,692,685,566,747,734,-1,-1
-1,693,686,567,748,735,-1,-1
-1,694,687,568,749,736,-1,-1
-1,695,688,569,750,737,-1,-1
-1,695,689,570,750,738,-1,-1
-1,696,690,571,751,739,-1,-1
-1,697,691,572,752,740,-1,-1
-1,698,692,573,753,741,-1,-1
-1,699,693,574,754,742,-1,-1
-1,700,693,575,755,743,-1,-1
-1,701,694,-1,756,744,-1,-1
-1,702,695,576,757,745,-1,-1
-1,703,696,-1,758,746,-1,-1
-1,703,697,577,759,747,-1,-1
-1,704,698,578,760,748,-1,-1
-1,705,699,579,761,749,-1,-1
-1,706,700,579,762,750,-1,-1
-1,707,701,580,763,751,-1,-1
-1,708,701,-1,764,752,-1,-1
-1,708,702,581,765,753,-1,-1
-1,709,703,582,766,754,-1,-1
-1,710,704,583,767,755,-1,-1
-1,711,705,583,768,756,-1,-1
-1,711,706,584,769,757,-1,-1
-1,712,707,585,770,758,-1,-1
-1,713,-1,586,771,759,-1,-1
-1,714,708,587,772,760,-1,-1
-1,715,708,588,773,761,-1,-1
-1,716,709,588,774,762,-1,-1
-1,716,710,589,775,763,-1,-1
-1,717,711,590,776,764,-1,-1
-1,718,712,591,777,765,-1,-1
-1,719,713,592,778,766,-1,-1
-1,719,714,593,779,766,-1,-1
-1,720,715,594,780,767,-1,-1
-1,721,715,595,781,768,-1,-1
-1,722,716,596,782,769,-1,-1
-1,723,717,-1,783,770,-1,-1
-1,724,718,597,784,771,-1,-1
-1,725,718,598,785,772,-1,-1
-1,725,719,599,786,773,-1,-1
-1,726,720,600,787,773,-1,-1
-1,727,721,-1,788,774,-1,-1
-1,727,722,-1,789,775,-1,-1
-1,728,723,601,790,776,-1,-1
-1,729,724,602,791,777,-1,-1
-1,730,725,603,792,778,-1,-1
-1,731,726,-1,793,779,-1,-1
-1,732,727,604,794,780,-1,-1
-1,733,728,605,795,781,-1,-1
-1,734,729,606,796,782,-1,-1
-1,735,730,607,797,783,-1,-1
-1,736,731,608,798,784,-1,-1
-1,737,732,609,799,785,-1,-1
-1,738,733,610,800,786,-1,-1
-1,739,734,611,801,787,-1,-1
-1,740,735,612,802,788,-1,-1
-1,740,736,613,803,789,-1,-1
-1,741,737,614,804,790,-1,-1
-1,742,738,615,805,791,-1,-1
-1,743,739,615,805,792,-1,-1
-1,744,740,616,806,793,-1,-1
-1,744,741,616,807,794,-1,-1
-1,745,742,617,808,795,-1,-1
-1,746,742,618,809,796,-1,-1
-1,747,743,619,810,797,-1,-1
-1,748,744,619,811,798,-1,-1
-1,748,745,620,812,799,-1,-1
-1,749,746,621,813,800,-1,-1
-1,750,747,622,814,800,-1,-1
-1,750,748,623,815,800,-1,-1
-1,751,749,624,816,801,-1,-1
-1,752,750,625,817,802,-1,-1
-1,753,751,625,818,803,-1,-1
-1,754,751,-1,819,804,-1,-1
-1,755,752,626,820,805,-1,-1
-1,756,752,627,821,806,-1,-1
-1,757,753,628,822,807,-1,-1
-1,758,754,629,823,808,-1,-1
-1,759,755,630,824,809,-1,-1
-1,760,756,631,825,810,-1,-1
-1,761,757,632,826,811,-1,-1
-1,762,758,633,827,811,-1,-1
-1,763,759,634,828,812,-1,-1
-1,763,760,635,829,813,-1,-1
-1,764,761,-1,830,814,-1,-1
-1,765,-1,636,831,815,-1,-1
-1,766,762,637,832,816,-1,-1
-1,767,763,-1,833,817,-1,-1
-1,768,764,638,834,818,-1,-1
-1,769,764,639,835,819,-1,-1
-1,770,765,640,836,820,-1,-1
-1,771,766,641,837,821,-1,-1
-1,772,767,642,838,822,-1,-1
-1,773,768,643,839,823,-1,-1
-1,774,769,644,840,824,-1,-1
-1,775,770,645,841,825,-1,-1
-1,776,770,646,842,826,-1,-1
-1,777,771,647,843,827,-1,-1
-1,778,772,648,844,828,-1,-1
-1,779,773,649,845,829,-1,-1
-1,779,774,-1,846,830,-1,-1
-1,780,775,-1,847,831,-1,-1
-1,781,776,650,848,832,-1,-1
-1,781,777,651,849,833,-1,-1
-1,782,778,-1,849,834,-1,-1
-1,783,779,652,850,835,-1,-1
-1,784,779,-1,851,836,-1,-1
-1,785,780,653,852,837,-1,-1
-1,786,781,654,853,838,-1,-1
-1,-1,782,655,854,838,-1,-1
-1,787,783,656,855,839,-1,-1
-1,788,784,656,856,840,-1,-1
-1,789,785,657,857,841,-1,-1
-1,790,786,658,858,842,-1,-1
-1,791,787,659,859,843,-1,-1
-1,792,788,-1,860,844,-1,-1
-1,793,789,659,861,845,-1,-1
-1,794,789,659,862,845,-1,-1
-1,794,789,660,863,846,-1,-1
-1,795,790,-1,864,847,-1,-1
-1,796,791,-1,865,848,-1,-1
-1,797,792,661,866,849,-1,-1
-1,798,793,-1,867,850,-1,-1
-1,799,794,-1,868,851,-1,-1
-1,800,795,-1,869,852,-1,-1
-1,801,796,662,870,853,-1,-1
-1,802,797,663,871,854,-1,-1
-1,803,798,664,872,855,-1,-1
-1,804,799,664,873,856,-1,-1
-1,805,-1,-1,874,-1,-1,-1
-1,806,800,665,875,857,-1,-1
-1,807,801,665,876,858,-1,-1
-1,808,802,-1,877,859,-1,-1
-1,809,803,666,878,860,-1,-1
-1,810,804,-1,879,861,-1,-1
-1,811,805,667,880,862,-1,-1
-1,812,806,668,881,863,-1,-1
-1,813,807,669,881,864,-1,-1
-1,814,808,670,882,865,-1,-1
-1,815,809,-1,883,866,-1,-1
-1,816,810,671,884,867,-1,-1
-1,817,811,672,885,868,-1,-1
-1,818,812,-1,886,869,-1,-1
-1,819,813,673,887,870,-1,-1
-1,820,814,674,888,871,-1,-1
-1,821,815,675,889,872,-1,-1
-1,822,816,676,890,873,-1,-1
-1,823,816,677,890,874,-1,-1
-1,824,817,678,890,875,-1,-1
-1,825,818,679,891,876,-1,-1
-1,826,819,680,892,877,-1,-1
-1,827,820,680,893,878,-1,-1
-1,828,821,681,894,879,-1,-1
-1,829,822,682,895,880,-1,-1
-1,830,822,683,896,881,-1,-1
-1,831,823,684,897,881,-1,-1
-1,832,824,684,898,882,-1,-1
-1,832,824,685,899,883,-1,-1
-1,833,825,-1,900,884,-1,-1
-1,833,826,686,901,884,-1,-1
-1,834,827,687,902,885,-1,-1
-1,835,827,688,903,886,-1,-1
-1,835,828,689,904,887,-1,-1
-1,836,829,-1,905,888,-1,-1
-1,837,830,690,906,889,-1,-1
-1,838,830,691,907,890,-1,-1
-1,838,831,692,908,891,-1,-1
-1,839,832,692,909,892,-1,-1
-1,840,833,693,910,893,-1,-1
-1,841,834,693,911,894,-1,-1
-1,842,835,694,912,895,-1,-1
-1,843,836,695,913,896,-1,-1
-1,844,837,696,914,897,-1,-1
-1,845,838,-1,915,898,-1,-1
-1,846,838,-1,916,898,-1,-1
-1,846,839,697,917,899,-1,-1
-1,846,840,697,918,900,-1,-1
-1,847,841,698,919,901,-1,-1
-1,847,842,699,920,901,-1,-1
-1,848,843,700,-1,902,-1,-1
-1,849,844,-1,921,903,-1,-1
-1,850,845,701,922,904,-1,-1
-1,851,846,-1,923,905,-1,-1
-1,852,847,702,924,906,-1,-1
-1,853,847,703,925,907,-1,-1
-1,854,848,-1,926,908,-1,-1
-1,855,849,704,927,909,-1,-1
-1,856,849,705,928,910,-1,-1
-1,857,849,706,929,911,-1,-1
-1,858,850,707,930,912,-1,-1
-1,859,851,708,931,913,-1,-1
-1,860,852,709,932,914,-1,-1
-1,861,853,710,933,915,-1,-1
-1,862,854,711,934,916,-1,-1
-1,863,855,712,935,917,-1,-1
-1,864,856,713,936,917,-1,-1
-1,865,857,714,937,918,-1,-1
-1,866,858,715,938,919,-1,-1
-1,867,859,716,939,920,-1,-1
-1,868,860,717,940,921,-1,-1
-1,869,861,718,941,922,-1,-1
-1,870,862,719,942,923,-1,-1
-1,871,863,-1,943,924,-1,-1
-1,872,864,720,944,925,-1,-1
-1,873,865,721,945,926,-1,-1
-1,874,866,722,946,927,-1,-1
-1,875,867,-1,947,928,-1,-1
-1,876,868,-1,948,929,-1,-1
-1,877,869,723,949,930,-1,-1
-1,878,870,-1,950,931,-1,-1
-1,879,871,724,951,932,-1,-1
-1,880,872,724,952,933,-1,-1
-1,881,873,724,953,934,-1,-1
-1,882,874,725,954,935,-1,-1
-1,883,875,726,955,936,-1,-1
-1,884,876,-1,956,937,-1,-1
-1,885,877,727,957,938,-1,-1
-1,886,878,-1,958,939,-1,-1
-1,887,879,728,959,940,-1,-1
-1,888,880,729,960,941,-1,-1
-1,889,881,-1,961,942,-1,-1
-1,890,882,729,962,943,-1,-1
-1,891,883,730,963,944,-1,-1
-1,892,884,-1,964,945,-1,-1
-1,893,885,-1,965,946,-1,-1
-1,894,886,731,966,947,-1,-1
-1,895,887,-1,967,948,-1,-1
-1,895,888,732,968,949,-1,-1
-1,896,889,733,969,950,-1,-1
-1,897,890,734,970,951,-1,-1
-1,898,891,735,971,952,-1,-1
-1,899,892,736,972,953,-1,-1
-1,900,893,737,973,954,-1,-1
-1,901,894,-1,974,955,-1,-1
-1,902,895,738,975,956,-1,-1
-1,903,896,-1,976,957,-1,-1
-1,904,897,-1,977,958,-1,-1
-1,905,898,739,978,959,-1,-1
-1,906,899,740,979,960,-1,-1
-1,907,900,741,980,961,-1,-1
-1,908,901,-1,981,962,-1,-1
-1,909,902,742,981,963,-1,-1
-1,910,903,-1,982,964,-1,-1
-1,911,904,743,983,965,-1,-1
-1,912,905,744,984,966,-1,-1
-1,912,906,745,985,967,-1,-1
-1,-1,-1,-1,986,-1,-1,-1
-1,913,907,-1,987,968,-1,-1
-1,914,908,746,988,969,-1,-1
-1,915,909,-1,989,970,-1,-1
-1,916,910,-1,990,971,-1,-1
-1,917,911,747,991,972,-1,-1
-1,918,912,747,992,973,-1,-1
-1,919,913,-1,993,974,-1,-1
-1,920,914,748,994,975,-1,-1
-1,921,915,749,995,976,-1,-1
-1,922,916,750,996,977,-1,-1
-1,923,917,751,997,978,-1,-1
-1,924,918,752,998,979,-1,-1
-1,925,919,753,999,980,-1,-1
-1,926,920,754,1000,981,-1,-1
-1,927,921,755,1001,982,-1,-1
-1,928,922,756,1002,983,-1,-1
-1,929,923,-1,1003,984,-1,-1
-1,930,924,757,1004,985,-1,-1
-1,931,925,758,1005,986,-1,-1
-1,932,926,759,1006,986,-1,-1
-1,933,927,760,1007,987,-1,-1
-1,934,928,761,1008,988,-1,-1
-1,935,929,762,1009,989,-1,-1
-1,936,930,763,1010,990,-1,-1
-1,937,931,764,1011,991,-1,-1
-1,938,932,765,1012,992,-1,-1
-1,939,932,-1,1013,993,-1,-1
-1,940,933,766,1014,994,-1,-1
-1,941,934,767,1015,995,-1,-1
-1,941,935,767,1016,996,-1,-1
-1,942,936,-1,1017,997,-1,-1
-1,943,937,768,1018,998,-1,-1
-1,944,938,769,1019,999,-1,-1
-1,944,939,-1,1019,999,-1,-1
-1,945,940,770,1020,1000,-1,-1
-1,946,941,771,1021,1001,-1,-1
-1,947,942,-1,1022,1002,-1,-1
-1,948,943,-1,1023,1003,-1,-1
-1,949,943,772,1024,1004,-1,-1
-1,950,944,-1,1025,1005,-1,-1
-1,951,945,773,1026,1006,-1,-1
-1,951,945,774,1027,1007,-1,-1
-1,952,946,775,1028,1008,-1,-1
-1,953,947,-1,1029,1009,-1,-1
-1,954,948,776,1030,1010,-1,-1
-1,955,949,777,1031,1011,-1,-1
-1,956,950,-1,1032,1012,-1,-1
-1,957,951,-1,1033,1013,-1,-1
-1,958,952,778,1034,1013,-1,-1
-1,959,953,779,1035,1014,-1,-1
-1,959,954,-1,1036,1015,-1,-1
-1,959,955,780,1037,1016,-1,-1
-1,959,955,781,1038,1017,-1,-1
-1,960,956,782,1039,1018,-1,-1
-1,961,957,783,1040,1019,-1,-1
-1,962,957,-1,1041,1020,-1,-1
-1,963,957,784,1042,1021,-1,-1
-1,964,958,784,1043,1022,-1,-1
-1,965,958,784,1044,1022,-1,-1
-1,966,959,785,1045,1023,-1,-1
-1,967,960,786,1046,1024,-1,-1
-1,968,961,787,1047,1025,-1,-1
-1,969,961,788,1048,1026,-1,-1
-1,970,962,789,1049,1027,-1,-1
-1,971,963,790,1050,1028,-1,-1
-1,972,964,791,1051,1029,-1,-1
-1,973,965,792,1052,1030,-1,-1
-1,973,965,-1,1052,1031,-1,-1
-1,973,966,792,1053,1032,-1,-1
-1,973,967,-1,1054,1033,-1,-1
-1,974,968,793,1055,1033,-1,-1
-1,975,969,794,1056,1033,-1,-1
-1,976,970,795,1057,1034,-1,-1
-1,977,971,796,1058,1035,-1,-1
-1,978,972,797,1059,1036,-1,-1
-1,979,973,798,1059,1037,-1,-1
-1,980,973,799,1059,1038,-1,-1
-1,981,974,800,1060,1039,-1,-1
-1,982,975,-1,1061,1040,-1,-1
-1,983,976,801,1062,1041,-1,-1
-1,984,977,802,1063,1042,-1,-1
-1,984,978,803,1064,1043,-1,-1
-1,985,979,804,1065,1044,-1,-1
-1,986,980,804,1066,1045,-1,-1
-1,987,981,805,1067,1046,-1,-1
-1,988,982,-1,1068,1047,-1,-1
-1,989,982,806,1069,1048,-1,-1
-1,990,983,807,1070,1049,-1,-1
-1,991,984,808,1071,1050,-1,-1
-1,992,985,808,1072,1051,-1,-1
-1,993,986,809,1073,1052,-1,-1
-1,994,987,-1,1074,1053,-1,-1
-1,995,988,810,1075,1054,-1,-1
-1,996,989,811,1076,1055,-1,-1
-1,-1,990,-1,1077,1056,-1,-1
-1,997,991,812,1078,1057,-1,-1
-1,998,992,813,1079,1058,-1,-1
-1,999,993,-1,1080,1059,-1,-1
-1,1000,994,814,1081,1060,-1,-1
-1,1000,995,815,1082,1060,-1,-1
-1,1001,996,816,1083,1061,-1,-1
-1,1002,997,817,1084,1062,-1,-1
-1,1003,998,-1,1085,1063,-1,-1
-1,1004,999,818,1086,1064,-1,-1
-1,1005,999,819,1087,1065,-1,-1
-1,1006,1000,820,1088,1066,-1,-1
-1,1007,1000,-1,1089,1067,-1,-1
-1,1008,1001,821,1090,1068,-1,-1
-1,1009,1002,-1,1091,1069,-1,-1
-1,1010,1003,822,1092,1070,-1,-1
-1,1011,1004,823,1093,1071,-1,-1
-1,1012,1005,824,1094,1072,-1,-1
-1,1013,1006,825,1095,1073,-1,-1
-1,1014,1007,826,1096,1074,-1,-1
-1,1014,1008,-1,1097,1075,-1,-1
-1,1015,1009,827,1098,1076,-1,-1
-1,1016,1010,828,1099,1077,-1,-1
-1,1016,1010,829,1100,1078,-1,-1
-1,1017,1011,830,1101,1079,-1,-1
-1,1018,1012,830,1102,1080,-1,-1
-1,1019,1013,831,1103,1081,-1,-1
-1,1019,1014,832,1104,1082,-1,-1
-1,1020,1015,833,1105,1083,-1,-1
-1,1021,1016,834,1106,1084,-1,-1
-1,1022,1017,-1,1107,1085,-1,-1
-1,1023,1018,835,1108,1086,-1,-1
-1,1024,1018,836,1109,1087,-1,-1
-1,1025,1019,837,1110,1088,-1,-1
-1,1026,1020,838,1111,1089,-1,-1
-1,1027,1021,839,1112,1090,-1,-1
-1,1028,1022,840,1113,1091,-1,-1
-1,1029,1023,841,1114,1092,-1,-1
-1,1030,1024,842,1115,1093,-1,-1
-1,1031,1025,-1,1116,1094,-1,-1
-1,1032,1026,843,1117,1095,-1,-1
-1,1033,1026,844,1118,1096,-1,-1
-1,1034,1027,845,1119,1097,-1,-1
-1,1035,1028,846,1120,1098,-1,-1
-1,1035,1029,847,1121,1099,-1,-1
-1,1036,1030,-1,1122,1100,-1,-1
-1,1037,1031,848,1122,1101,-1,-1
-1,1037,1032,849,1122,1102,-1,-1
-1,1037,1032,850,1123,1103,-1,-1
-1,1038,1033,851,1124,1104,-1,-1
-1,1039,1034,852,1125,1105,-1,-1
-1,1040,1035,853,1126,1106,-1,-1
-1,1041,1036,854,1127,1107,-1,-1
-1,1042,1037,855,1128,1108,-1,-1
-1,1043,1037,-1,1129,1109,-1,-1
-1,1044,-1,856,1130,1110,-1,-1
-1,1045,1038,857,1131,1111,-1,-1
-1,1046,1039,857,1132,1112,-1,-1
-1,1047,1039,858,1133,1113,-1,-1
-1,1048,1040,859,1134,1114,-1,-1
-1,1049,1041,860,1135,1115,-1,-1
-1,1049,1041,861,1136,1116,-1,-1
-1,1050,1042,862,1137,1117,-1,-1
-1,1051,1043,863,1138,1118,-1,-1
-1,1052,1044,864,1139,1119,-1,-1
-1,1053,1045,865,1140,1120,-1,-1
-1,1054,1046,866,1140,1121,-1,-1
-1,1055,1046,867,1140,1122,-1,-1
-1,1055,1047,868,1140,1123,-1,-1
-1,1056,1048,869,1140,1124,-1,-1
-1,1057,1048,870,1141,1125,-1,-1
-1,1058,1049,871,1142,1126,-1,-1
-1,1059,1050,872,1143,1127,-1,-1
-1,1060,1051,873,1144,1128,-1,-1
-1,1061,1052,874,1145,1129,-1,-1
-1,1062,1053,874,1146,1130,-1,-1
-1,1063,1054,875,1147,1131,-1,-1
-1,1063,1055,876,1148,1132,-1,-1
-1,1064,1056,-1,1149,1133,-1,-1
-1,1065,1057,-1,1150,1134,-1,-1
-1,1066,1058,877,1151,1135,-1,-1
-1,-1,1059,878,1152,1135,-1,-1
-1,1066,1060,-1,1153,1136,-1,-1
-1,1067,1061,879,1154,1137,-1,-1
-1,1068,1062,-1,1155,1138,-1,-1
-1,1069,1063,880,1156,1139,-1,-1
-1,1070,1064,881,1157,1140,-1,-1
-1,1071,1065,882,1158,1141,-1,-1
-1,1072,1066,-1,1159,1142,-1,-1
-1,1073,1067,-1,1160,1143,-1,-1
-1,1074,1068,883,1161,1144,-1,-1
-1,1075,1069,884,1162,1145,-1,-1
-1,1075,1070,885,1163,1146,-1,-1
-1,1076,1070,886,1164,1147,-1,-1
-1,1077,1071,887,1165,1148,-1,-1
-1,1078,1072,888,1166,1149,-1,-1
-1,1079,1073,-1,1167,1150,-1,-1
-1,1080,1073,-1,1168,1150,-1,-1
-1,1081,1074,-1,1169,1151,-1,-1
-1,1081,1075,889,1170,1151,-1,-1
-1,1082,1075,890,1171,1152,-1,-1
-1,1083,1076,891,1172,1153,-1,-1
-1,1084,1077,-1,1173,1154,-1,-1
-1,1085,1078,-1,1174,1155,-1,-1
-1,1086,1079,892,1175,1156,-1,-1
-1,1087,1080,-1,1176,1157,-1,-1
-1,1087,1081,893,1177,1158,-1,-1
-1,1088,1082,-1,1178,1159,-1,-1
-1,1089,1083,-1,1179,1160,-1,-1
-1,-1,1084,894,1180,1161,-1,-1
-1,1090,1085,895,1181,1162,-1,-1
-1,1091,1085,-1,1182,1163,-1,-1
-1,1092,1086,896,1183,1164,-1,-1
-1,1092,1087,896,1184,1165,-1,-1
-1,1093,1088,897,1185,1166,-1,-1
-1,1094,1089,898,1186,1167,-1,-1
-1,1095,1090,899,1187,1168,-1,-1
-1,1096,1091,-1,1188,1169,-1,-1
-1,1097,1092,900,1189,1170,-1,-1
-1,1098,1093,901,1190,1171,-1,-1
-1,1099,1094,902,1191,1172,-1,-1
-1,1100,1095,903,1192,1173,-1,-1
-1,1101,1096,904,1193,1174,-1,-1
-1,1102,1097,-1,1194,1175,-1,-1
-1,1103,1097,905,1195,1176,-1,-1
-1,1104,1098,-1,1196,1177,-1,-1
-1,1105,1099,906,1197,1178,-1,-1
-1,1105,1100,-1,1198,1179,-1,-1
-1,1106,1101,907,1199,1180,-1,-1
-1,1107,1102,908,1200,1181,-1,-1
-1,1108,1103,909,1201,1182,-1,-1
-1,1109,1104,910,1202,1183,-1,-1
-1,1110,1105,911,1203,1183,-1,-1
-1,1111,1106,-1,1204,1184,-1,-1
-1,1111,1107,912,1205,1185,-1,-1
-1,1112,1108,913,1206,1186,-1,-1
-1,1113,1109,914,1207,1187,-1,-1
-1,1114,1109,915,1208,1188,-1,-1
-1,1115,1110,916,1209,1189,-1,-1
-1,1116,1110,-1,1210,1190,-1,-1
-1,1117,1111,917,1211,1191,-1,-1
-1,1118,1112,918,1212,1192,-1,-1
-1,1119,1113,919,1213,1193,-1,-1
-1,1120,1114,920,1214,1194,-1,-1
-1,1121,1114,921,1215,1195,-1,-1
-1,1122,1115,-1,1216,1196,-1,-1
-1,1123,1116,922,1217,1197,-1,-1
-1,1124,1117,923,1218,1198,-1,-1
-1,1125,1118,924,1219,1199,-1,-1
-1,1126,1119,924,1219,1200,-1,-1
-1,1127,1120,925,1220,1201,-1,-1
-1,1128,1121,926,1221,1202,-1,-1
-1,1129,1121,927,1222,1203,-1,-1
-1,1130,1122,-1,1223,1204,-1,-1
-1,1131,1123,928,1224,1205,-1,-1
-1,1132,1124,929,1225,1206,-1,-1
-1,1133,1125,930,1226,1207,-1,-1
-1,1134,1126,931,1227,1208,-1,-1
-1,1135,1127,932,1228,1209,-1,-1
-1,1136,1128,933,1229,1209,-1,-1
-1,1137,1128,934,1230,1210,-1,-1
-1,1138,1129,934,1231,1211,-1,-1
-1,1139,1130,935,1232,1212,-1,-1
-1,1140,1131,935,1233,1213,-1,-1
-1,1141,1132,936,1234,1214,-1,-1
-1,1142,1133,937,1235,1215,-1,-1
-1,1143,1134,-1,1236,1216,-1,-1
-1,1144,1135,-1,1237,1217,-1,-1
-1,1145,1136,938,1238,1218,-1,-1
-1,1146,1137,939,1239,1219,-1,-1
-1,1147,1138,940,1240,1220,-1,-1
-1,1148,1139,941,1241,1221,-1,-1
-1,1149,1140,942,1242,1222,-1,-1
-1,1150,1141,943,1243,1223,-1,-1
-1,1151,1142,944,1244,1224,-1,-1
-1,1151,1143,945,1245,1225,-1,-1
-1,-1,1144,-1,1246,1226,-1,-1
-1,1152,1145,946,1247,1226,-1,-1
-1,1153,1146,947,1248,1227,-1,-1
-1,1154,1147,947,1249,1228,-1,-1
-1,1155,1148,948,1250,1229,-1,-1
-1,1156,1149,949,1251,1230,-1,-1
-1,1157,1150,949,1252,1231,-1,-1
-1,1158,1151,950,1253,1232,-1,-1
-1,1159,1152,951,1254,1233,-1,-1
-1,1160,1153,-1,1255,1234,-1,-1
-1,1161,1154,952,1256,1234,-1,-1
-1,1162,1155,953,1257,1235,-1,-1
-1,1163,1156,-1,1258,1236,-1,-1
-1,1164,1157,954,1259,1237,-1,-1
-1,1165,1158,-1,1260,1238,-1,-1
-1,1166,1159,955,1261,1239,-1,-1
-1,1167,-1,956,1262,1240,-1,-1
-1,1168,1160,957,1263,1241,-1,-1
-1,1169,1161,958,1264,1242,-1,-1
-1,1170,1161,959,1265,1243,-1,-1
-1,1171,1162,960,1266,1244,-1,-1
-1,1171,1163,960,1267,1245,-1,-1
-1,1172,1164,961,1268,1246,-1,-1
-1,1173,1165,962,1269,1247,-1,-1
-1,1174,1166,963,1270,1248,-1,-1
-1,1175,1167,-1,1271,1249,-1,-1
-1,1176,1168,964,1271,1250,-1,-1
-1,1177,1169,-1,1272,1251,-1,-1
-1,1178,1170,-1,1273,1252,-1,-1
-1,1179,1171,965,1274,1253,-1,-1
-1,1180,1172,966,1275,1254,-1,-1
-1,1180,1173,-1,1276,1255,-1,-1
-1,1181,1173,967,1277,1256,-1,-1
-1,1182,1174,968,1278,1257,-1,-1
-1,1183,1175,969,1279,1258,-1,-1
-1,1184,1176,970,1280,1259,-1,-1
-1,1185,1177,971,1281,1260,-1,-1
-1,1186,1178,972,1282,1261,-1,-1
-1,1187,1179,972,1283,1262,-1,-1
-1,1188,1180,972,1284,1263,-1,-1
-1,1188,1181,-1,1285,1264,-1,-1
-1,1189,1182,973,1286,1265,-1,-1
-1,1190,1183,974,1287,1266,-1,-1
-1,1191,1184,975,1288,1267,-1,-1
-1,1192,1185,976,1289,1268,-1,-1
-1,1192,1186,977,1290,1269,-1,-1
-1,1193,1187,-1,1291,1270,-1,-1
-1,1194,1188,978,1292,1271,-1,-1
-1,1195,1189,979,1293,1272,-1,-1
-1,1196,1190,980,1294,1273,-1,-1
-1,1197,1191,980,1295,1274,-1,-1
-1,1198,1192,-1,1296,1275,-1,-1
-1,1199,1193,980,1297,1276,-1,-1
-1,1200,1194,-1,1298,1277,-1,-1
-1,1200,1195,981,1299,1278,-1,-1
-1,1201,1196,982,1300,1279,-1,-1
-1,1202,1197,983,1301,1280,-1,-1
-1,1203,1197,984,1302,1281,-1,-1
-1,1204,1198,985,1303,1282,-1,-1
-1,1205,1199,986,1304,1283,-1,-1
-1,1206,1200,-1,1305,1284,-1,-1
-1,1207,1201,987,1306,1285,-1,-1
-1,1208,1202,988,1306,1286,-1,-1
-1,1209,1203,-1,1307,1287,-1,-1
-1,1209,1204,-1,1308,1288,-1,-1
-1,1210,1205,989,1309,1289,-1,-1
-1,1211,1206,-1,1310,1290,-1,-1
-1,1212,1207,990,1311,1291,-1,-1
-1,1213,1208,991,1312,1291,-1,-1
-1,1214,1209,992,1313,1291,-1,-1
-1,1215,1210,-1,1314,1292,-1,-1
-1,1216,1211,-1,1315,1293,-1,-1
-1,1217,1212,993,1316,1294,-1,-1
-1,1218,1213,994,1317,1295,-1,-1
-1,1219,1214,-1,1318,1296,-1,-1
-1,1220,1215,995,1319,1297,-1,-1
-1,1221,1215,996,1320,1298,-1,-1
-1,1222,1216,997,1321,1299,-1,-1
-1,1223,1217,998,1322,1300,-1,-1
-1,1224,1217,998,1323,1300,-1,-1
-1,1225,1218,999,1324,1301,-1,-1
-1,1226,1219,1000,1325,1302,-1,-1
-1,1227,1219,-1,1326,1303,-1,-1
-1,1228,1220,1001,1327,1304,-1,-1
-1,1229,1221,1002,1328,1304,-1,-1
-1,1230,1222,1003,1329,1305,-1,-1
-1,1230,1223,1004,1330,1306,-1,-1
-1,1231,1224,1005,1331,1307,-1,-1
-1,1232,1225,1006,1332,1308,-1,-1
-1,1233,1225,1006,1333,1308,-1,-1
-1,1234,1226,-1,1334,1309,-1,-1
-1,1235,1227,1006,1335,1310,-1,-1
-1,1236,1228,-1,1336,1311,-1,-1
-1,1237,1229,1007,1337,1312,-1,-1
-1,1238,1230,-1,1338,1313,-1,-1
-1,1238,1231,1008,1339,1314,-1,-1
-1,1239,1232,1009,1340,1315,-1,-1
-1,1240,1232,1010,1341,1316,-1,-1
-1,1241,1233,1011,1342,1317,-1,-1
-1,1241,1234,1012,1343,1318,-1,-1
-1,1242,1235,1013,1344,1319,-1,-1
-1,1243,1235,-1,1345,1320,-1,-1
-1,1244,1236,1013,1346,1321,-1,-1
-1,1245,1237,1014,1347,1322,-1,-1
-1,1245,1237,1015,1348,1323,-1,-1
-1,1246,1238,1016,1349,1324,-1,-1
-1,1247,1239,1017,1350,1325,-1,-1
-1,1248,1240,1017,1351,1326,-1,-1
-1,1249,1241,1018,1352,1327,-1,-1
-1,1250,1242,1019,1353,1328,-1,-1
-1,1251,1243,1020,1354,1329,-1,-1
-1,1252,1244,-1,1355,1330,-1,-1
-1,1253,1245,1021,1355,1331,-1,-1
-1,1254,1246,1022,1356,1332,-1,-1
-1,1255,1247,1023,1357,1333,-1,-1
-1,1255,1248,1024,1358,1334,-1,-1
-1,1256,1249,1025,1359,1335,-1,-1
-1,1257,1250,1026,1360,1336,-1,-1
-1,1258,1251,-1,1361,1337,-1,-1
-1,1259,1252,1027,1362,1338,-1,-1
-1,1260,1253,1028,1363,1339,-1,-1
-1,1261,1253,1029,1363,1340,-1,-1
-1,1262,1254,-1,1364,1341,-1,-1
-1,1263,1255,1030,1365,1342,-1,-1
-1,1264,1255,1031,1366,1343,-1,-1
-1,1265,1256,-1,1367,1344,-1,-1
-1,1266,1257,-1,1368,1345,-1,-1
-1,1267,1258,1032,1369,1346,-1,-1
-1,1268,1259,1033,1370,1347,-1,-1
-1,1268,1260,-1,1370,1348,-1,-1
-1,1268,1261,1034,1371,1349,-1,-1
-1,1268,1262,1035,1372,1350,-1,-1
-1,1269,1263,1036,1373,1351,-1,-1
-1,1270,1264,1037,1374,1352,-1,-1
-1,1271,1264,1038,1375,1353,-1,-1
-1,1272,1265,1039,1376,1354,-1,-1
-1,1273,1266,1040,1377,1355,-1,-1
-1,1273,1267,1041,1378,1356,-1,-1
-1,1274,1268,-1,1379,1357,-1,-1
-1,1275,1269,1042,1380,1358,-1,-1
-1,1276,1269,1043,1381,1359,-1,-1
-1,1276,1270,-1,1382,1360,-1,-1
-1,1277,1270,1044,1383,1361,-1,-1
-1,1278,1271,1045,1384,1362,-1,-1
-1,1279,1272,1046,1385,1363,-1,-1
-1,1280,1272,1047,1386,1364,-1,-1
-1,1281,1273,-1,1387,1365,-1,-1
-1,1282,1274,-1,1388,1366,-1,-1
-1,1283,1275,1048,1389,1367,-1,-1
-1,1284,1276,1049,1390,1368,-1,-1
-1,1285,1277,1050,1391,1369,-1,-1
-1,1286,1278,-1,1392,1370,-1,-1
-1,1287,1279,1051,1393,1371,-1,-1
-1,1288,1280,1051,1394,1372,-1,-1
-1,1289,1281,1051,1395,1373,-1,-1
-1,1290,1282,1052,1396,1374,-1,-1
-1,1291,1283,-1,1397,1375,-1,-1
-1,1292,1283,1053,1398,1376,-1,-1
-1,1293,1284,-1,1399,1377,-1,-1
-1,1294,1285,-1,1400,1378,-1,-1
-1,1295,1286,1054,1401,1379,-1,-1
-1,1296,1287,1055,1402,1380,-1,-1
-1,1297,1288,1056,1403,1380,-1,-1
-1,1298,1289,-1,1404,1381,-1,-1
-1,1298,1289,1057,1405,1382,-1,-1
-1,1299,1290,1058,1406,1383,-1,-1
-1,1300,1291,1059,1407,1384,-1,-1
-1,1301,1291,1060,1408,1385,-1,-1
-1,1302,1292,-1,1409,1386,-1,-1
-1,1302,1293,-1,1410,1387,-1,-1
-1,1303,1294,1061,1411,1388,-1,-1
-1,1304,1295,1062,1412,1388,-1,-1
-1,1304,1295,1063,1413,1389,-1,-1
-1,1304,1296,-1,1414,1390,-1,-1
-1,1305,1297,1064,1415,1391,-1,-1
-1,1306,1298,1065,1416,1392,-1,-1
-1,1307,1298,1066,1417,1393,-1,-1
-1,1308,1299,1067,1418,1394,-1,-1
-1,1309,1300,-1,1419,1395,-1,-1
-1,1309,1301,1068,1420,1396,-1,-1
-1,1310,1302,1069,1421,1397,-1,-1
-1,1311,1303,1070,1422,1398,-1,-1
-1,1312,1304,1071,1422,1399,-1,-1
-1,1313,1305,1072,1422,1400,-1,-1
-1,1314,1305,1073,1423,1401,-1,-1
-1,1314,1306,-1,1424,1402,-1,-1
-1,1315,1307,1074,1425,1403,-1,-1
-1,1316,1308,1075,1426,1404,-1,-1
-1,1317,1309,1076,1427,1405,-1,-1
-1,1318,1310,-1,1428,1405,-1,-1
-1,1319,1310,1077,1429,1406,-1,-1
-1,1320,1311,1078,1430,1407,-1,-1
-1,1321,1312,1079,1431,1408,-1,-1
-1,1322,1312,-1,1432,1409,-1,-1
-1,1323,1313,1080,1433,1410,-1,-1
-1,1324,1313,1081,1434,1411,-1,-1
-1,1325,1314,1082,1435,1412,-1,-1
-1,1326,1315,-1,1436,1413,-1,-1
-1,1327,1316,1083,1437,1414,-1,-1
-1,1328,1317,1084,1438,1415,-1,-1
-1,1329,1317,1085,1439,1416,-1,-1
-1,1330,1318,1086,1440,1417,-1,-1
-1,1331,1319,1087,1441,1418,-1,-1
-1,1332,1320,-1,1442,1419,-1,-1
-1,1333,1321,1088,1443,1420,-1,-1
-1,1334,1322,-1,1444,1421,-1,-1
-1,1335,1323,1089,1445,1422,-1,-1
-1,1336,1324,-1,1446,1423,-1,-1
-1,1337,1325,1090,1447,1424,-1,-1
-1,1338,1325,1091,1448,1425,-1,-1
-1,1339,1325,1092,1449,1426,-1,-1
-1,1340,1326,1093,1450,1427,-1,-1
-1,1341,1327,1094,1451,1428,-1,-1
-1,1342,1328,1095,1452,1429,-1,-1
-1,1343,1329,1095,1453,1430,-1,-1
-1,1344,1330,-1,1454,1431,-1,-1
-1,1345,1331,-1,1455,1432,-1,-1
-1,1346,1331,-1,1456,1432,-1,-1
-1,1347,1332,1096,1457,1433,-1,-1
-1,1348,1333,-1,1458,1434,-1,-1
-1,1349,1334,-1,1459,1435,-1,-1
-1,1350,1335,-1,1460,1436,-1,-1
-1,1351,1336,1097,1461,1437,-1,-1
-1,1352,1337,1098,1462,1438,-1,-1
-1,1353,1338,1098,1463,1439,-1,-1
-1,1354,1338,1099,1464,1440,-1,-1
-1,1355,1339,1100,1465,1440,-1,-1
-1,1356,1340,-1,1466,1441,-1,-1
-1,1357,1341,1100,1467,1442,-1,-1
-1,1358,1342,-1,1468,1443,-1,-1
-1,1359,1343,1101,1469,1444,-1,-1
-1,1360,1344,-1,1470,1445,-1,-1
-1,1361,1345,1102,1471,1446,-1,-1
-1,1362,1346,1103,1472,1447,-1,-1
-1,1362,1347,1104,1473,1448,-1,-1
-1,1362,1348,1105,1474,1449,-1,-1
-1,1363,1349,1106,1475,1450,-1,-1
-1,1364,1350,1107,1476,1451,-1,-1
-1,1365,1351,1107,1477,1452,-1,-1
-1,1366,1352,1108,1478,1453,-1,-1
-1,1367,1353,-1,1479,1454,-1,-1
-1,1368,1354,1109,1480,1455,-1,-1
-1,1369,1354,1110,1481,1456,-1,-1
-1,1370,1355,1111,1482,1457,-1,-1
-1,1371,1356,1112,1483,1458,-1,-1
-1,1371,1357,1113,1484,1459,-1,-1
-1,1372,1358,1114,1485,1460,-1,-1
-1,1373,1359,1115,1486,1461,-1,-1
-1,1374,1360,1116,1487,1462,-1,-1
-1,1375,1361,1116,1488,1463,-1,-1
-1,1376,1362,1117,1489,1464,-1,-1
-1,1377,1363,-1,1490,1465,-1,-1
-1,1378,1364,1118,1491,1466,-1,-1
-1,1379,1365,-1,1492,1467,-1,-1
-1,1380,1366,1119,1493,1468,-1,-1
-1,1381,1367,-1,1494,1469,-1,-1
-1,1381,1368,1120,1495,1469,-1,-1
-1,1382,1369,1121,1496,1470,-1,-1
-1,1383,1370,1122,1497,1471,-1,-1
-1,1384,1371,1123,1498,1472,-1,-1
-1,1385,1372,1124,1499,1473,-1,-1
-1,1386,1373,1125,1500,1474,-1,-1
-1,1387,1374,1126,1501,1475,-1,-1
-1,1388,1375,1127,1502,1476,-1,-1
-1,1389,1376,1128,1503,1477,-1,-1
-1,1390,1377,-1,1504,1478,-1,-1
-1,1391,1378,-1,1505,1479,-1,-1
-1,1392,1379,-1,1506,1480,-1,-1
-1,1392,1380,1129,1507,1481,-1,-1
-1,1393,1381,1130,1508,1482,-1,-1
-1,1394,1382,1131,1509,1483,-1,-1
-1,1394,1382,-1,1510,1484,-1,-1
-1,1395,1383,1131,1511,1485,-1,-1
-1,1396,1384,1132,1511,1486,-1,-1
-1,1397,1384,1133,1512,1487,-1,-1
-1,1398,1385,1134,1513,1488,-1,-1
-1,1399,1386,-1,1514,1489,-1,-1
-1,1400,1387,1135,1515,1490,-1,-1
-1,1401,1388,-1,1516,1491,-1,-1
-1,1402,1389,-1,1517,1492,-1,-1
-1,1403,1390,-1,1518,1493,-1,-1
-1,1404,1391,1136,1519,1494,-1,-1
-1,1405,1392,1137,1520,1495,-1,-1
-1,1406,1393,-1,1521,1496,-1,-1
-1,1407,1394,1138,1522,1497,-1,-1
-1,1408,1394,-1,1523,1498,-1,-1
-1,1408,1395,1139,1524,1499,-1,-1
-1,1409,1396,1140,1525,1500,-1,-1
-1,1410,1397,1141,1526,1501,-1,-1
-1,1411,1398,1142,1527,1502,-1,-1
-1,1412,1399,1143,1528,1503,-1,-1
-1,1413,1399,1144,1529,1504,-1,-1
-1,1414,1400,1145,1530,1505,-1,-1
-1,1415,1401,1145,1531,1506,-1,-1
-1,1416,1401,1146,-1,1507,-1,-1
-1,1417,1402,1147,1531,1508,-1,-1
-1,1418,1402,-1,1532,1509,-1,-1
-1,1419,1403,-1,1533,1510,-1,-1
-1,1420,1404,-1,1534,1511,-1,-1
-1,1421,1405,1147,1535,1512,-1,-1
-1,1422,1406,1148,1536,1513,-1,-1
-1,1423,1407,1149,1537,1514,-1,-1
-1,1424,-1,-1,1538,-1,-1,-1
-1,1425,1408,1150,1539,1515,-1,-1
-1,1425,1409,-1,1540,1516,-1,-1
-1,1426,1410,1151,1541,1517,-1,-1
-1,1427,1411,1152,1541,1518,-1,-1
-1,1428,1411,-1,1541,1519,-1,-1
-1,1429,1412,-1,1542,1520,-1,-1
-1,1430,1413,1153,1543,1521,-1,-1
-1,1431,1414,1154,1544,1522,-1,-1
-1,1432,1415,1155,1545,1523,-1,-1
-1,1433,1416,1156,1546,1524,-1,-1
-1,1434,1417,-1,1547,1525,-1,-1
-1,1435,1418,1157,1548,1526,-1,-1
-1,1436,1419,1158,1549,1527,-1,-1
-1,1437,1420,1159,1550,1528,-1,-1
-1,1438,1421,1160,1551,1529,-1,-1
-1,1439,1422,1161,1552,1530,-1,-1
-1,1440,1423,1162,1553,1530,-1,-1
-1,1441,1424,1163,1554,1531,-1,-1
-1,1442,1425,1164,1555,1532,-1,-1
-1,1443,1426,1165,1556,1533,-1,-1
-1,1444,1427,1165,1557,1534,-1,-1
-1,1445,1428,1166,1558,1535,-1,-1
-1,1446,1429,1167,1559,1536,-1,-1
-1,1447,1430,1168,1560,1537,-1,-1
-1,1448,1431,-1,1561,1538,-1,-1
-1,1449,1432,-1,1561,1539,-1,-1
-1,1450,1433,1169,1562,1540,-1,-1
-1,1451,1434,1170,1563,1541,-1,-1
-1,1452,1435,1171,1564,1542,-1,-1
-1,1453,1436,1172,1565,1543,-1,-1
-1,1454,1436,1173,1566,1544,-1,-1
-1,1455,1437,1174,1567,1544,-1,-1
-1,1456,1438,1175,1568,1545,-1,-1
-1,1457,1439,1176,1569,1546,-1,-1
-1,1458,1440,1177,1570,1547,-1,-1
-1,1459,1441,1178,1571,1548,-1,-1
-1,-1,1442,-1,1572,1549,-1,-1
-1,1460,1443,1179,1573,1550,-1,-1
-1,1461,1444,1180,1574,1551,-1,-1
-1,1462,1444,1181,1575,1552,-1,-1
-1,1463,1445,1182,1576,1553,-1,-1
-1,1464,1446,-1,1577,1554,-1,-1
-1,1465,1447,1183,1578,1555,-1,-1
-1,1466,1448,1184,1579,1556,-1,-1
-1,1467,1449,1185,1580,1557,-1,-1
-1,1468,1450,1186,1581,1558,-1,-1
-1,1469,1451,1187,1582,1559,-1,-1
-1,1470,1452,1188,1583,1560,-1,-1
-1,1471,1453,1189,1584,1561,-1,-1
-1,1472,1454,1189,1585,1562,-1,-1
-1,1473,1454,1190,1586,1563,-1,-1
-1,1474,1455,1191,1586,1564,-1,-1
-1,1475,1455,-1,1587,1565,-1,-1
-1,1475,1456,1192,1588,1566,-1,-1
-1,1476,1456,1193,1589,1567,-1,-1
-1,1477,1457,1194,1590,1568,-1,-1
-1,1478,1458,-1,1591,1569,-1,-1
-1,1479,1459,1195,1592,1570,-1,-1
-1,1480,1460,1195,1593,1571,-1,-1
-1,1481,1461,1195,1594,1572,-1,-1
-1,1482,1462,-1,1595,1573,-1,-1
-1,1483,1463,1196,1596,1574,-1,-1
-1,1484,1464,1197,1597,1575,-1,-1
-1,1485,1465,1198,1598,1576,-1,-1
-1,1486,1465,1199,1599,1577,-1,-1
-1,1487,1466,1200,1600,1578,-1,-1
-1,1488,-1,1201,1601,1579,-1,-1
-1,1489,1467,1201,1602,1580,-1,-1
-1,1490,1468,1202,1603,1581,-1,-1
-1,1491,1469,1202,1604,1582,-1,-1
-1,1492,1470,1203,1605,1583,-1,-1
-1,1493,1470,-1,1606,1584,-1,-1
-1,1494,1470,1204,1607,1585,-1,-1
-1,1495,1471,1205,1608,1586,-1,-1
-1,1496,1472,-1,1609,1587,-1,-1
-1,1497,1473,1206,1610,1588,-1,-1
-1,1498,1474,-1,1610,1589,-1,-1
-1,1499,1475,1207,1611,1590,-1,-1
-1,1500,1476,-1,1612,1591,-1,-1
-1,1501,1477,1208,1613,1592,-1,-1
-1,1502,1477,1209,1614,1593,-1,-1
-1,1503,1477,1210,1615,1594,-1,-1
-1,1504,1478,1211,1616,1595,-1,-1
-1,1505,1479,1212,1617,1596,-1,-1
-1,1506,1480,1213,1618,1597,-1,-1
-1,1507,1481,1214,1619,1598,-1,-1
-1,1508,1482,1215,1620,1599,-1,-1
-1,1509,1483,-1,1621,1600,-1,-1
-1,1510,1484,1216,1622,1601,-1,-1
-1,1511,1485,1217,1623,1602,-1,-1
-1,1512,1486,-1,1624,1603,-1,-1
-1,1513,1487,-1,1625,1604,-1,-1
-1,1514,1488,1218,1626,1605,-1,-1
-1,1515,1489,1219,1627,1606,-1,-1
-1,1516,1490,1220,1628,1607,-1,-1
-1,1517,1491,1220,1629,1608,-1,-1
-1,1518,1492,1221,1630,1609,-1,-1
-1,1519,1492,1222,1631,1610,-1,-1
-1,1520,1492,1223,1632,1611,-1,-1
-1,1521,1493,1224,1633,1612,-1,-1
-1,1522,1494,1225,1633,1613,-1,-1
-1,1523,1495,1225,1634,1614,-1,-1
-1,1524,1496,1226,1635,1615,-1,-1
-1,1525,1496,-1,1636,1616,-1,-1
-1,1526,1497,-1,1637,1617,-1,-1
-1,1526,1498,1226,1638,1618,-1,-1
-1,1527,1499,1226,1639,1619,-1,-1
-1,-1,1499,1227,1640,1620,-1,-1
-1,1528,1500,1228,1641,1621,-1,-1
-1,1529,1501,1229,1642,1622,-1,-1
-1,1530,1502,1230,1643,1623,-1,-1
-1,1531,1503,1231,1644,1624,-1,-1
-1,1532,1504,1232,1645,1624,-1,-1
-1,1533,1505,1233,1646,1625,-1,-1
-1,1534,1506,1234,1647,1625,-1,-1
-1,1535,1507,-1,1648,1626,-1,-1
-1,1536,1508,-1,1649,1627,-1,-1
-1,1537,1508,1235,1650,1628,-1,-1
-1,1538,1509,-1,1651,1629,-1,-1
-1,1538,1510,1236,1652,1630,-1,-1
-1,1539,1511,1237,1653,1631,-1,-1
-1,1540,1512,-1,1654,1632,-1,-1
-1,1541,1513,-1,1655,1633,-1,-1
-1,1542,1514,1238,1656,1634,-1,-1
-1,1543,1514,-1,1657,1635,-1,-1
-1,1544,1515,1238,1658,1636,-1,-1
-1,1545,1516,1239,1659,1637,-1,-1
-1,1546,1517,-1,1660,1638,-1,-1
-1,1547,1518,-1,1661,1639,-1,-1
-1,1548,1519,1240,1662,1640,-1,-1
-1,1549,1520,-1,1663,1641,-1,-1
-1,1549,1521,1241,1664,1642,-1,-1
-1,1550,1522,-1,1665,1643,-1,-1
-1,1551,1523,1242,1666,1644,-1,-1
-1,1552,1524,1243,1667,1645,-1,-1
-1,-1,1524,1244,1668,1646,-1,-1
-1,1553,1525,-1,1669,1647,-1,-1
-1,1554,1526,1245,1670,1648,-1,-1
-1,1555,1527,1246,1671,1649,-1,-1
-1,1556,1528,1247,1672,1650,-1,-1
-1,1557,1529,1248,1673,1651,-1,-1
-1,1558,1530,1249,1674,1652,-1,-1
-1,1559,1531,1250,1675,1653,-1,-1
-1,1560,1532,1251,1676,1654,-1,-1
-1,1561,1533,1252,1677,1655,-1,-1
-1,1562,1534,1253,1678,1656,-1,-1
-1,1562,1535,1254,1679,1657,-1,-1
-1,1563,1536,1255,1680,1658,-1,-1
-1,1564,1536,1256,1681,1659,-1,-1
-1,1565,1536,1257,1682,1660,-1,-1
-1,1566,1537,-1,1683,1661,-1,-1
-1,1567,1537,-1,1684,1661,-1,-1
-1,1568,1538,1258,1685,1662,-1,-1
-1,1569,1539,-1,1686,1663,-1,-1
-1,1570,1540,1259,1687,1664,-1,-1
-1,1571,1541,1260,1688,1665,-1,-1
-1,1572,1542,1261,1689,1666,-1,-1
-1,1573,1542,1262,1690,1667,-1,-1
-1,1574,1543,1263,1691,1668,-1,-1
-1,1575,1543,1264,1692,1669,-1,-1
-1,1576,1544,1265,1693,1670,-1,-1
-1,1577,1545,-1,1694,1670,-1,-1
-1,1578,1546,1266,1695,1671,-1,-1
-1,1579,1546,1267,1696,1672,-1,-1
-1,1580,1547,1268,1697,1672,-1,-1
-1,1581,1548,1269,1697,1673,-1,-1
-1,1582,1549,-1,1698,1674,-1,-1
-1,1583,1550,-1,1699,1675,-1,-1
-1,1584,1551,1269,1700,1676,-1,-1
-1,1585,1552,-1,1701,1677,-1,-1
-1,1586,1553,1270,1702,1677,-1,-1
-1,1587,1554,1271,1703,1678,-1,-1
-1,1588,1555,1272,1704,1679,-1,-1
-1,1589,1556,1272,1705,1680,-1,-1
-1,1590,1556,1273,1706,1681,-1,-1
-1,1591,1557,1274,1707,1682,-1,-1
-1,1592,1558,1275,1708,1683,-1,-1
-1,1593,1559,1276,1709,1684,-1,-1
-1,1594,1560,1277,1710,1685,-1,-1
-1,1595,1561,1278,1711,1686,-1,-1
-1,1596,1562,-1,1712,1687,-1,-1
-1,1597,1563,1279,1712,1688,-1,-1
-1,-1,1564,1280,1713,1689,-1,-1
-1,1598,1565,-1,1714,1690,-1,-1
-1,1599,1566,1281,1715,1691,-1,-1
-1,1600,1567,-1,1716,1692,-1,-1
-1,1601,1568,1282,1717,1692,-1,-1
-1,-1,1569,1283,1718,1693,-1,-1
-1,1602,1570,1284,1719,1694,-1,-1
-1,1602,1571,1285,1720,1695,-1,-1
-1,1603,1572,1286,1721,1696,-1,-1
-1,1603,1573,1287,1722,1697,-1,-1
-1,1604,1574,1288,1723,1697,-1,-1
-1,1605,1575,1289,1724,1698,-1,-1
-1,1606,1576,1290,1725,1699,-1,-1
-1,1607,1577,1291,1726,1700,-1,-1
-1,1608,1578,1292,1727,1701,-1,-1
-1,1609,1579,1292,1728,1702,-1,-1
-1,1610,1580,1293,1729,1703,-1,-1
-1,1611,1581,1294,1730,1703,-1,-1
-1,1612,1582,1295,1731,1704,-1,-1
-1,1613,1583,1296,1732,1704,-1,-1
-1,1614,1584,1297,1733,1705,-1,-1
-1,1615,1585,-1,1734,1706,-1,-1
-1,1616,1586,1298,1735,1707,-1,-1
-1,1617,1587,-1,1736,1708,-1,-1
-1,1618,1588,1299,1737,1709,-1,-1
-1,1619,1589,1300,1738,1710,-1,-1
-1,1620,1590,-1,1739,1711,-1,-1
-1,1621,1591,-1,1740,1712,-1,-1
-1,1622,1592,1301,1741,1713,-1,-1
-1,1623,1593,1301,1742,1714,-1,-1
-1,1624,1594,1302,1743,1714,-1,-1
-1,1624,1595,1303,1744,1715,-1,-1
-1,1624,1596,-1,1745,1716,-1,-1
-1,1625,1597,1304,1746,1717,-1,-1
-1,1626,1598,1305,1747,1718,-1,-1
-1,1627,1599,1306,1748,1719,-1,-1
-1,1628,1600,1307,1749,1720,-1,-1
-1,1629,1601,1308,1750,1720,-1,-1
-1,1630,1602,1308,1751,1721,-1,-1
-1,1631,1603,1309,1752,1722,-1,-1
-1,1632,1604,1310,1753,1723,-1,-1
-1,1632,1605,1310,1754,1724,-1,-1
-1,1633,1606,1310,1755,1725,-1,-1
-1,1634,1606,1311,1756,1726,-1,-1
-1,1635,1606,1312,1757,1727,-1,-1
-1,1636,1607,1312,1758,1728,-1,-1
-1,1637,1608,1312,1759,1729,-1,-1
-1,1638,-1,1313,1760,1730,-1,-1
-1,1639,1609,1313,1761,1731,-1,-1
-1,1640,1610,1314,1762,1732,-1,-1
-1,1641,1611,1315,1763,1733,-1,-1
-1,1642,1612,1316,1764,1734,-1,-1
-1,1643,1613,1317,1765,1735,-1,-1
-1,1643,1614,-1,1766,1736,-1,-1
-1,1644,1615,1318,1767,1737,-1,-1
-1,1645,1616,1319,1768,1738,-1,-1
-1,1646,1616,-1,1769,1739,-1,-1
-1,1647,1617,1320,1770,1740,-1,-1
-1,1648,1617,-1,1771,1741,-1,-1
-1,1648,1618,-1,1772,1742,-1,-1
-1,1649,1619,1321,1773,1743,-1,-1
-1,1650,1620,1322,1774,1744,-1,-1
-1,1651,1621,1323,1775,1745,-1,-1
-1,1652,1622,1324,1776,1746,-1,-1
-1,1653,1623,1325,1777,1747,-1,-1
-1,1654,1624,1326,1778,1748,-1,-1
-1,1655,1625,1327,1779,1749,-1,-1
-1,1656,1626,1328,1780,1750,-1,-1
-1,1656,1627,-1,1781,1751,-1,-1
-1,1657,1628,-1,1782,1752,-1,-1
-1,1658,1629,1329,1783,1753,-1,-1
-1,1658,1630,-1,1784,1754,-1,-1
-1,1659,1631,1330,1785,1755,-1,-1
-1,1659,1631,1331,1786,1756,-1,-1
-1,1660,1631,1332,1787,1757,-1,-1
-1,1661,1632,1332,1788,1758,-1,-1
-1,1662,1633,1333,1788,1759,-1,-1
-1,1663,1634,-1,1789,1760,-1,-1
-1,1664,1635,1334,1790,1761,-1,-1
-1,1665,1636,1335,1791,1762,-1,-1
-1,1666,1637,-1,1792,1763,-1,-1
-1,1667,1638,1336,1793,1764,-1,-1
-1,1668,1639,-1,1794,1765,-1,-1
-1,1669,1640,1337,1795,1766,-1,-1
-1,1670,1641,1338,1795,1767,-1,-1
-1,1671,1642,1339,1796,1768,-1,-1
-1,1672,1642,1340,1797,1769,-1,-1
-1,1673,1643,1340,1798,1770,-1,-1
-1,1674,1644,-1,1799,1771,-1,-1
-1,1675,1645,1341,1800,1772,-1,-1
-1,1676,1646,1342,1801,1773,-1,-1
-1,1677,1647,1343,1802,1774,-1,-1
-1,1678,1648,-1,1803,1775,-1,-1
-1,1679,1648,1344,1804,1776,-1,-1
-1,1680,1649,1344,1805,1777,-1,-1
-1,1681,1650,1345,1806,1778,-1,-1
-1,1682,1651,1346,1807,1779,-1,-1
-1,1683,1652,1347,1808,1780,-1,-1
-1,1683,1653,1348,1809,1781,-1,-1
-1,1684,1654,1349,1810,1782,-1,-1
-1,1685,1655,1350,1811,1783,-1,-1
-1,1686,1656,1351,1812,1784,-1,-1
-1,1687,1657,1352,1813,1785,-1,-1
-1,1688,1658,1353,1814,1786,-1,-1
-1,1689,1659,1354,1815,1787,-1,-1
-1,1690,1659,1355,1816,1788,-1,-1
-1,1691,1659,1356,1817,1789,-1,-1
-1,1692,1660,1357,1817,1790,-1,-1
-1,1692,1660,1358,1818,1791,-1,-1
-1,1693,1661,1359,1819,1791,-1,-1
-1,1694,1662,1360,1820,1792,-1,-1
-1,1695,1663,1361,1820,1793,-1,-1
-1,1696,1664,-1,1821,1794,-1,-1
-1,1697,1665,1362,1822,1795,-1,-1
-1,1698,1666,1363,1823,1796,-1,-1
-1,1699,1667,1364,1824,1797,-1,-1
-1,1700,1668,-1,1825,1798,-1,-1
-1,1701,1669,1365,1826,1798,-1,-1
-1,1702,1670,1366,1827,1799,-1,-1
-1,1703,1671,1367,1828,1800,-1,-1
-1,1704,1672,1368,1829,1801,-1,-1
-1,1705,1673,1369,1830,1802,-1,-1
-1,1706,1674,1370,1831,1802,-1,-1
-1,1707,1675,1371,1831,1803,-1,-1
-1,1708,1676,-1,1831,1804,-1,-1
-1,1709,1677,-1,1832,1805,-1,-1
-1,1710,1678,1372,1833,1806,-1,-1
-1,1711,1679,1373,1834,1807,-1,-1
-1,1712,1679,1374,1835,1808,-1,-1
-1,1713,1680,-1,1836,1809,-1,-1
-1,1714,1681,1375,1837,1810,-1,-1
-1,1714,1681,1376,1838,1811,-1,-1
-1,1715,1682,1377,1839,1812,-1,-1
-1,1716,1683,1378,1840,1813,-1,-1
-1,1717,1684,1379,1840,1814,-1,-1
-1,1718,1685,-1,1841,1815,-1,-1
-1,1719,1686,1380,1842,1816,-1,-1
-1,1719,1687,1381,1843,1817,-1,-1
-1,1720,1687,1382,1844,1818,-1,-1
-1,1721,1687,1383,1845,1819,-1,-1
-1,1722,1688,1384,1846,1820,-1,-1
-1,1723,1689,-1,1847,1821,-1,-1
-1,1724,1690,1385,1848,1822,-1,-1
-1,1725,1691,-1,1849,1823,-1,-1
-1,1726,1692,1386,1850,1823,-1,-1
-1,1727,1693,1387,1851,1824,-1,-1
-1,1728,1694,1387,1852,1825,-1,-1
-1,1729,1695,1388,1853,1826,-1,-1
-1,1730,1696,1389,1853,1827,-1,-1
-1,1731,1697,1390,1854,1828,-1,-1
-1,1732,1698,1391,1855,1829,-1,-1
-1,1733,1698,1392,1856,1830,-1,-1
-1,1734,1699,1393,1857,1831,-1,-1
-1,1735,1700,-1,1858,1832,-1,-1
-1,1735,1701,1394,1859,1833,-1,-1
-1,1736,1702,1395,1860,1834,-1,-1
-1,1737,1703,1396,1861,1835,-1,-1
-1,1738,1704,1397,1862,1835,-1,-1
-1,1739,1705,1398,1863,1836,-1,-1
-1,1740,1706,1399,1864,1837,-1,-1
-1,1741,1707,1400,1865,1838,-1,-1
-1,1742,1708,1401,1866,1839,-1,-1
-1,1743,1709,1402,1867,1840,-1,-1
-1,1744,1710,-1,1868,1841,-1,-1
-1,1745,1711,1403,1869,1841,-1,-1
-1,1746,1711,1404,1870,1842,-1,-1
-1,1746,1712,-1,1871,1843,-1,-1
-1,1747,1713,1405,1872,1844,-1,-1
-1,1748,1714,1406,1873,1845,-1,-1
-1,1748,1714,1407,1874,1846,-1,-1
-1,1749,1715,1408,1875,1846,-1,-1
-1,1750,1716,1408,1876,1847,-1,-1
-1,1751,1716,1409,1877,1848,-1,-1
-1,1752,1717,1410,1878,1849,-1,-1
-1,1753,1718,1411,1879,1850,-1,-1
-1,1754,1718,1412,1880,1851,-1,-1
-1,-1,1719,-1,1881,1852,-1,-1
-1,1755,1720,1412,1882,1853,-1,-1
-1,1756,1721,1413,1883,1854,-1,-1
-1,1757,1722,1414,1884,1855,-1,-1
-1,1758,1723,1415,1885,1856,-1,-1
-1,1759,1724,1416,1886,1857,-1,-1
-1,1760,1725,1416,1887,1858,-1,-1
-1,1761,1726,-1,1888,1859,-1,-1
-1,1761,1727,1417,1889,1860,-1,-1
-1,1762,1728,1418,1890,1861,-1,-1
-1,1763,1729,-1,1891,1862,-1,-1
-1,1764,1730,1418,1892,1863,-1,-1
-1,1764,1731,1419,1893,1864,-1,-1
-1,1765,1732,1420,1894,1865,-1,-1
-1,1766,1733,1420,1895,1866,-1,-1
-1,1767,1734,-1,1896,1867,-1,-1
-1,1768,1735,1421,1897,1868,-1,-1
-1,1769,1736,1422,1898,1869,-1,-1
-1,1770,1737,1423,1899,1870,-1,-1
-1,1771,1738,1424,-1,1871,-1,-1
-1,1772,1739,1425,1900,1872,-1,-1
-1,1773,1740,1426,1901,1872,-1,-1
-1,1774,1741,1427,1902,1872,-1,-1
-1,1775,1742,1428,1903,1873,-1,-1
-1,1776,1743,1429,1903,1874,-1,-1
-1,1777,1744,1430,1904,1875,-1,-1
-1,1778,1745,1431,1905,1876,-1,-1
-1,1779,1746,1432,1906,1877,-1,-1
-1,1780,1747,1433,1907,1878,-1,-1
-1,1780,1748,1434,1908,1879,-1,-1
-1,1781,1749,1435,1909,1880,-1,-1
-1,1782,1750,1436,1910,1881,-1,-1
-1,1782,1751,1437,1911,1882,-1,-1
-1,1783,1752,1438,1912,1883,-1,-1
-1,1784,1753,1439,1913,1884,-1,-1
-1,1785,1754,1440,1914,1885,-1,-1
-1,1786,1755,1441,1915,1886,-1,-1
-1,1787,1756,1442,1916,1887,-1,-1
-1,1788,1757,1443,1917,1888,-1,-1
-1,1789,1758,1444,1918,1889,-1,-1
-1,1790,1759,1445,1919,1890,-1,-1
-1,1791,1760,1446,1920,1891,-1,-1
-1,1792,1761,1446,1921,1892,-1,-1
-1,1793,1762,1447,1922,1893,-1,-1
-1,1794,1763,1448,1923,1894,-1,-1
-1,1795,1764,1449,1923,1895,-1,-1
-1,1796,1764,1450,1924,1896,-1,-1
-1,1797,1764,1451,1925,1897,-1,-1
-1,1798,1765,1452,1926,1898,-1,-1
-1,1799,1766,1453,1927,1899,-1,-1
-1,1800,1767,1454,1928,1900,-1,-1
-1,1801,1768,1455,1929,1901,-1,-1
-1,1802,1768,1456,1930,1902,-1,-1
-1,1802,1769,1457,1930,1903,-1,-1
-1,1803,1769,-1,1931,1904,-1,-1
-1,1804,1770,-1,1932,1905,-1,-1
-1,1805,1771,-1,1933,1906,-1,-1
-1,1806,1772,1458,1934,1907,-1,-1
-1,1807,1773,-1,1935,1908,-1,-1
-1,1808,1774,1459,1936,1909,-1,-1
-1,1809,1775,1460,1937,1910,-1,-1
-1,1810,1776,1461,1938,1911,-1,-1
-1,1811,1777,1462,1939,1912,-1,-1
-1,1812,1778,1463,1940,1913,-1,-1
-1,1813,1779,-1,1941,1914,-1,-1
-1,1814,1779,1463,1942,1915,-1,-1
-1,1815,1780,1464,1943,1916,-1,-1
-1,1816,1780,1465,1944,1917,-1,-1
-1,1817,1781,-1,1945,1918,-1,1
-1,1818,1782,1466,1946,1919,-1,-1
-1,1819,1783,1467,1947,1920,-1,-1
-1,1820,1784,1468,1948,1921,-1,-1
-1,1821,1785,-1,1949,1922,-1,-1
-1,1822,1786,1469,1950,1923,-1,-1
-1,1822,1787,1470,1951,1924,-1,-1
-1,1822,1788,-1,1952,1925,-1,-1
-1,1822,1789,1470,1953,1926,-1,-1
-1,1823,1790,1471,1954,1927,-1,-1
-1,1824,1791,1472,1954,1928,-1,-1
-1,1825,1792,-1,1955,1929,-1,-1
-1,1826,1793,-1,1956,1930,-1,-1
-1,1827,1794,1473,1957,1931,-1,-1
-1,1828,1795,1474,1958,1932,-1,-1
-1,1829,1796,1474,1959,1933,-1,-1
-1,1830,1797,1475,1960,1934,-1,-1
-1,1831,1797,1475,1961,1934,-1,-1
-1,1832,1798,1476,1962,1935,-1,-1
-1,1833,1799,1477,1963,1936,-1,-1
-1,1834,1800,1478,1964,1937,-1,-1
-1,1835,1801,1479,1965,1938,-1,-1
-1,1836,1802,-1,1966,1939,-1,-1
-1,1837,1803,1480,1967,1940,-1,-1
-1,1838,1804,1481,1968,1941,-1,-1
-1,1839,1805,1482,1969,1941,-1,-1
-1,1839,1806,1483,1970,1941,-1,-1
-1,1840,1806,-1,1971,1942,-1,-1
-1,1841,1806,-1,1972,1942,-1,-1
-1,1842,1807,-1,1973,1943,-1,-1
-1,1843,1808,-1,1974,1944,-1,-1
-1,1844,1809,1484,1975,1945,-1,-1
-1,1845,1810,1485,1976,1946,-1,-1
-1,1846,1811,1486,1977,1947,-1,-1
-1,1847,1812,1487,1978,1948,-1,-1
-1,1848,1813,-1,1979,1949,-1,-1
-1,1849,1814,1488,1980,1950,-1,-1
-1,1850,1815,1489,1981,1950,-1,-1
-1,1851,1816,1490,1982,1951,-1,-1
-1,1851,1817,-1,1983,1952,-1,-1
-1,1852,1818,1491,1983,1953,-1,-1
-1,1853,1819,1492,1984,1954,-1,-1
-1,1854,1820,1493,1985,1954,-1,-1
-1,1855,1821,1494,1986,1955,-1,-1
-1,1856,1822,1495,1987,1956,-1,-1
-1,-1,1822,-1,1988,1957,-1,-1
-1,1857,1823,1496,1989,1958,-1,-1
-1,1858,1824,1497,1990,1959,-1,-1
-1,1859,1825,1497,1991,1960,-1,-1
-1,1860,1826,1498,1992,1961,-1,-1
-1,1861,1827,1498,1993,1962,-1,-1
-1,1862,1828,1499,1994,1963,-1,-1
-1,1863,1829,1500,1994,1964,-1,-1
-1,1864,1830,1501,1994,1965,-1,-1
-1,1865,1831,1502,1995,1966,-1,-1
-1,1866,1832,1503,1996,1967,-1,-1
-1,1867,1833,1504,1997,1968,-1,-1
-1,1868,1834,1505,1997,1969,-1,-1
-1,1869,1835,1506,1998,1970,-1,-1
-1,1870,1836,-1,1999,1971,-1,-1
-1,1871,1837,1507,2000,1972,-1,-1
-1,1872,1838,1508,2001,1972,-1,-1
-1,1873,1839,1509,2002,1973,-1,-1
-1,1874,1839,1510,2003,1974,-1,-1
-1,1875,1840,1511,2004,1975,-1,-1
-1,1876,1841,-1,2005,1976,-1,-1
-1,1877,1842,1512,2006,1977,-1,-1
-1,1878,1843,1513,2007,1978,-1,-1
-1,1879,1844,1514,2008,1979,-1,-1
-1,1880,1845,1515,2009,1980,-1,-1
-1,1881,1846,1516,2010,1981,-1,-1
-1,1882,1847,1517,2011,1982,-1,-1
-1,1883,1848,1518,2012,1983,-1,-1
-1,1884,1848,1519,2013,1984,-1,-1
-1,1885,1849,1520,2014,1985,-1,-1
-1,1886,1850,-1,2015,1986,-1,-1
-1,1887,1851,-1,2016,1987,-1,-1
-1,1888,1852,1521,2017,1988,-1,-1
-1,1889,1853,1522,2018,1989,-1,-1
-1,1890,1854,-1,2019,1990,-1,-1
-1,1891,1855,1523,2020,1991,-1,-1
-1,1892,1856,1524,2021,1992,-1,-1
-1,1893,1857,1525,2022,1993,-1,-1
-1,1894,1858,-1,2023,1994,-1,-1
-1,1895,1859,1526,2024,1995,-1,-1
-1,1896,1860,1527,2025,1996,-1,-1
-1,1897,1861,-1,2026,1997,-1,-1
-1,1897,1862,1528,2027,1998,-1,-1
-1,1898,1863,1529,2028,1999,-1,-1
-1,1899,1864,1530,2029,2000,-1,-1
-1,1900,1865,1531,2030,2001,-1,-1
-1,1901,1866,1532,2031,2002,-1,-1
-1,1901,1867,1533,2032,2003,-1,-1
-1,1902,1868,-1,2033,2004,-1,-1
-1,1903,1869,1534,2034,2005,-1,-1
-1,1904,1869,1535,2035,2006,-1,-1
-1,1905,1870,-1,2036,2007,-1,-1
-1,1906,1871,1536,-1,2008,-1,-1
-1,1907,1871,1537,2037,2009,-1,-1
-1,1908,1872,1538,2038,2010,-1,-1
-1,1909,1873,1539,2039,2011,-1,-1
-1,1910,1874,1540,2040,2012,-1,-1
-1,-1,1875,1541,2041,2013,-1,-1
-1,1911,-1,-1,2042,-1,-1,-1
-1,1912,1875,-1,2043,2014,-1,-1
-1,1913,1876,1542,2044,2015,-1,-1
-1,1914,1877,1543,2045,2016,-1,-1
-1,1915,1878,1544,2046,2017,-1,-1
-1,1915,1879,1545,2047,2018,-1,-1
-1,1916,1880,1546,2048,2019,-1,-1
-1,1917,1881,-1,2049,2020,-1,-1
-1,1918,1882,1547,2050,2021,-1,-1
-1,1919,1883,1547,2051,2022,-1,-1
-1,1920,1883,1547,2051,2022,-1,-1
-1,1921,1884,-1,2052,2023,-1,-1
-1,1922,1885,1548,2053,2024,-1,-1
-1,1923,1886,1549,2053,2025,-1,-1
-1,1923,1887,1550,2054,2026,-1,-1
-1,1924,1888,1551,2055,2027,-1,-1
-1,1925,1889,1552,2056,2028,-1,-1
-1,1926,1890,1553,2057,2029,-1,-1
-1,1927,1891,1554,2057,2030,-1,-1
-1,1928,1892,1554,2058,2031,-1,-1
-1,1929,1893,1555,2059,2032,-1,-1
-1,1930,1894,1556,2060,2033,-1,-1
-1,1931,1895,1556,2061,2034,-1,-1
-1,1932,1896,-1,2062,2035,-1,-1
-1,1933,1897,1557,2063,2036,-1,-1
-1,1934,1898,1558,2064,2037,-1,-1
-1,1935,1899,1559,2065,2038,-1,-1
-1,1935,1900,-1,2066,2039,-1,-1
-1,1936,1901,1560,2067,2039,-1,-1
-1,1937,1902,-1,2068,2040,-1,-1
-1,1938,1903,1561,2069,2041,-1,-1
-1,1938,1904,1562,2070,2042,-1,-1
-1,1938,1904,1563,2071,2043,-1,-1
-1,1939,1905,1564,2071,2044,-1,-1
-1,1940,1906,1565,2072,2045,-1,-1
-1,1941,1907,-1,2073,2046,-1,-1
-1,1942,1908,1566,2074,2047,-1,-1
-1,1943,1909,1567,2075,2048,-1,-1
-1,1944,1910,1568,-1,2049,-1,-1
-1,1945,1911,1569,2076,2050,-1,-1
-1,1946,1912,1570,2077,2051,-1,-1
-1,1947,1913,1571,2078,2052,-1,-1
-1,1948,1914,1572,2079,2052,-1,-1
-1,1949,1915,-1,2080,2053,-1,-1
-1,1950,1916,1573,2081,2054,-1,-1
-1,1951,1917,1574,2082,2055,-1,-1
-1,1952,1918,1575,2083,2056,-1,-1
-1,1953,1919,1576,2084,2057,-1,-1
-1,1954,1920,-1,2085,2058,-1,-1
-1,1955,1921,-1,2086,2059,-1,-1
-1,1956,1922,1577,2087,2060,-1,-1
-1,1957,1923,1578,2088,2061,-1,-1
-1,1958,1924,-1,2089,2062,-1,-1
-1,1959,1925,1579,2090,2063,-1,-1
-1,1960,1926,1580,2091,2064,-1,-1
-1,1961,1927,1580,2092,2065,-1,-1
-1,1962,1928,1581,2093,2066,-1,-1
-1,1963,1928,-1,2094,2067,-1,-1
-1,1964,1929,1582,2095,2068,-1,-1
-1,1965,1930,-1,2096,2069,-1,-1
-1,1966,1931,1583,2097,2070,-1,-1
-1,1967,1932,1584,2098,2071,-1,-1
-1,1968,1933,1585,2099,2072,-1,-1
-1,1969,1934,1586,2100,2073,-1,-1
-1,1970,1935,1587,2101,2074,-1,-1
-1,1971,1936,-1,2102,2075,-1,-1
-1,1972,1937,1588,2103,2076,-1,-1
-1,1972,1938,1589,2104,2077,-1,-1
-1,1973,1939,-1,2105,2078,-1,-1
-1,1974,1940,1590,2106,2079,-1,-1
-1,1975,1941,1591,2106,2080,-1,-1
-1,1976,1942,1592,2107,2081,-1,-1
-1,1977,1943,-1,2108,2082,-1,-1
-1,1978,1944,1593,2109,2083,-1,-1
-1,1979,1945,-1,2110,2084,-1,-1
-1,1980,1946,1594,2111,2085,-1,-1
-1,1981,1947,1595,2112,2086,-1,-1
-1,1982,1948,1596,2113,2087,-1,-1
-1,1983,1949,1597,2114,2088,-1,-1
-1,1984,1950,1598,2115,2089,-1,-1
-1,1985,1951,1599,2116,2090,-1,-1
-1,1986,1952,1600,2116,2091,-1,-1
-1,1987,1953,1601,2117,2092,-1,-1
-1,1988,1954,-1,2118,2093,-1,-1
-1,1989,1955,1601,2119,2094,-1,-1
-1,1990,1956,1602,2120,2094,-1,-1
-1,1990,1957,-1,2121,2094,-1,-1
-1,1991,1958,1603,2122,2095,-1,-1
-1,1992,1958,1604,2123,2096,-1,-1
-1,1993,1959,1605,2124,2097,-1,-1
-1,1994,1960,1606,2125,2098,-1,-1
-1,1995,1961,1607,2126,2099,-1,-1
-1,1996,1962,1608,2127,2100,-1,-1
-1,1997,1963,1609,2128,2101,-1,-1
-1,1998,1964,1610,2129,2102,-1,-1
-1,1999,1965,-1,2130,2103,-1,-1
-1,2000,1966,-1,2131,2104,-1,-1
-1,2001,1967,1611,2132,2104,-1,-1
-1,2002,1968,1612,2133,2105,-1,-1
-1,2003,1969,1612,2134,2106,-1,-1
-1,2004,1969,-1,2135,2107,-1,-1
-1,2005,1970,1613,2136,2108,-1,-1
-1,2005,1971,1614,2137,2109,-1,-1
-1,2006,1971,1615,2138,2110,-1,-1
-1,2007,1972,1615,2139,2111,-1,-1
-1,2008,1973,1616,2140,2112,-1,-1
-1,2009,1974,1617,2141,2113,-1,-1
-1,2010,1975,1618,2142,2114,-1,-1
-1,2011,1976,1619,2143,2115,-1,-1
-1,2012,1977,1620,2144,2116,-1,-1
-1,2013,1977,1621,2145,2117,-1,-1
-1,2014,1978,-1,2146,2118,-1,-1
-1,2015,1979,1622,2147,2119,-1,-1
-1,2016,1980,1623,2148,2120,-1,-1
-1,2017,1981,1624,2149,2121,-1,-1
-1,2018,1982,1624,2150,2122,-1,-1
-1,2019,1983,-1,2151,2123,-1,-1
-1,2020,1984,-1,2152,2124,-1,-1
-1,2021,1984,-1,2153,2124,-1,-1
-1,2022,1985,1625,2154,2125,-1,-1
-1,2023,1986,-1,2155,2126,-1,-1
-1,2024,1987,1625,2156,2127,-1,-1
-1,2025,1987,1626,2157,2128,-1,-1
-1,2026,1988,1627,2158,2129,-1,-1
-1,2027,1989,1628,2159,2130,-1,-1
-1,2028,1990,1629,2160,2131,-1,-1
-1,2028,1991,-1,2161,2132,-1,-1
-1,2028,1991,1630,2162,2133,-1,-1
-1,2029,1991,-1,2163,2134,-1,-1
-1,2030,1991,1631,2164,2135,-1,-1
-1,2031,1992,1632,2164,2136,-1,-1
-1,2032,1993,1633,2165,2137,-1,-1
-1,2033,1994,1634,2166,2138,-1,-1
-1,2034,1995,1635,2167,2139,-1,-1
-1,2035,1996,1635,2168,2140,-1,-1
-1,2036,1997,1635,2169,2141,-1,-1
-1,2037,1998,1636,2170,2142,-1,-1
-1,2038,1999,1637,2171,2143,-1,-1
-1,2039,2000,-1,2172,2144,-1,-1
-1,2040,2001,1638,2173,2145,-1,-1
-1,2041,2002,1639,2174,2146,-1,-1
-1,2042,2003,1639,2175,2147,-1,-1
-1,2042,2004,1640,2176,2147,-1,-1
-1,2043,2005,1641,2177,2148,-1,-1
-1,2044,2006,1642,2177,2149,-1,-1
-1,2045,2007,1643,2178,2150,-1,-1
-1,2046,2008,1644,2178,2151,-1,-1
-1,2047,2009,1645,2179,2152,-1,-1
-1,2048,2010,1645,2180,2153,-1,-1
-1,2049,2011,-1,2181,2154,-1,-1
-1,2050,2012,1646,2182,2155,-1,-1
-1,2051,2013,1647,2183,2156,-1,-1
-1,2052,2014,-1,2184,2157,-1,-1
-1,2053,2015,1648,2185,2158,-1,-1
-1,2054,2015,1649,2186,2159,-1,-1
-1,2055,2016,1650,2187,2160,-1,-1
-1,2056,2016,1651,2187,2161,-1,-1
-1,2057,2017,1652,2188,2162,-1,-1
-1,2058,2018,-1,2189,2163,-1,-1
-1,2059,2019,-1,2190,2164,-1,-1
-1,2060,2020,-1,2191,2165,-1,-1
-1,2061,2021,1653,2192,2166,-1,-1
-1,2062,2022,1654,2193,2167,-1,-1
-1,2063,2023,-1,2194,2168,-1,-1
-1,2064,2024,1654,2195,2169,-1,-1
-1,2065,2025,1655,2196,2170,-1,-1
-1,2066,2026,1656,2197,2171,-1,-1
-1,2067,2027,1657,2198,2171,-1,-1
-1,2068,2028,1658,2199,2172,-1,-1
-1,2069,2029,1659,2200,2173,-1,-1
-1,2070,2030,1659,2201,2174,-1,-1
-1,2071,2031,1660,2202,2175,-1,-1
-1,2072,2031,1661,2203,2176,-1,-1
-1,2073,2032,-1,2204,2177,-1,-1
-1,2074,2033,1662,2205,2178,-1,-1
-1,2075,2034,1663,2206,2179,-1,-1
-1,2076,2035,1664,2207,2180,-1,-1
-1,2077,2036,1665,2208,2181,-1,-1
-1,2078,2037,1666,2209,2182,-1,-1
-1,2079,2038,1667,2209,2182,-1,-1
-1,2080,2039,1668,2210,2183,-1,-1
-1,2081,2040,1669,2211,2184,-1,-1
-1,2082,2040,1670,2212,2185,-1,-1
-1,2083,2040,1671,2212,2186,-1,-1
-1,2084,2041,-1,2213,2187,-1,-1
-1,2085,2042,1672,2214,2188,-1,-1
-1,-1,2043,-1,2215,2189,-1,-1
-1,2086,2044,1672,2216,2190,-1,-1
-1,2087,2045,1673,2217,2191,-1,-1
-1,2088,2046,1674,2218,2192,-1,-1
-1,2089,2047,1675,2219,2193,-1,-1
-1,2090,2048,1676,2220,2194,-1,-1
-1,2091,2049,1677,2221,2195,-1,-1
-1,2092,2050,-1,2222,2195,-1,-1
-1,2093,2051,1678,2223,2196,-1,-1
-1,2093,2052,-1,2224,2196,-1,-1
-1,2094,2053,1679,2225,2196,-1,-1
-1,2095,2054,1680,2226,2197,-1,-1
-1,2096,2055,1681,2227,2198,-1,-1
-1,2097,2056,1682,2228,2199,-1,-1
-1,2098,2057,1683,2229,2200,-1,-1
-1,2099,2058,1684,2230,2201,-1,-1
-1,2100,2059,1685,2231,2202,-1,-1
-1,2101,2060,1685,2232,2203,-1,-1
-1,2101,2061,1686,2233,2203,-1,-1
-1,2102,2062,1687,2234,2204,-1,-1
-1,2103,2063,1687,2235,2205,-1,-1
-1,2104,2064,1688,2236,2206,-1,-1
-1,2105,2065,1689,2237,2207,-1,-1
-1,2106,2066,1690,2238,2208,-1,-1
-1,2107,2067,1691,2239,2209,-1,-1
-1,2108,2068,1692,2240,2210,-1,-1
-1,2109,2068,1693,2241,2211,-1,-1
-1,2110,2069,-1,2242,2212,-1,-1
-1,2111,2069,-1,2243,2212,-1,-1
-1,2112,2070,1694,2244,2213,-1,-1
-1,2113,2071,1695,2245,2213,-1,-1
-1,2114,2072,1696,2246,2214,-1,-1
-1,2115,2073,1697,2247,2215,-1,-1
-1,2116,2073,1698,2248,2216,-1,-1
-1,2117,2074,1699,2249,2217,-1,-1
-1,2117,2074,1700,2250,2218,-1,-1
-1,2118,2075,-1,2251,2218,-1,-1
-1,2119,2076,1701,2252,2219,-1,-1
-1,2120,2077,1702,2253,2220,-1,-1
-1,2121,2078,1703,2254,2220,-1,-1
-1,2122,2078,1704,2255,2221,-1,-1
-1,2123,2079,1705,2256,2222,-1,-1
-1,2124,2080,-1,2257,2223,-1,-1
-1,2125,2081,1706,2258,2224,-1,-1
-1,2126,2081,1707,2259,2225,-1,-1
-1,2127,2081,1708,2260,2226,-1,-1
-1,2128,2082,1709,2261,2227,-1,-1
-1,2129,2083,1710,2262,2228,-1,-1
-1,2130,2084,1711,2263,2229,-1,-1
-1,2131,2085,1712,2264,2230,-1,-1
-1,2132,2086,1713,2265,2231,-1,-1
-1,2133,2087,1714,2266,2232,-1,-1
-1,2134,2088,1715,2267,2233,-1,-1
-1,2135,2088,1715,2268,2233,-1,-1
-1,2136,2089,1716,2269,2234,-1,-1
-1,2137,2090,1717,2270,2235,-1,-1
-1,2138,2091,-1,2271,2236,-1,-1
-1,2139,2091,1718,2272,2237,-1,-1
-1,2140,2092,1719,2273,2238,-1,-1
-1,2141,2093,1720,2274,2239,-1,-1
-1,2142,2094,-1,2275,2240,-1,-1
-1,2143,2095,1721,2276,2241,-1,-1
-1,2144,2095,1722,2277,2242,-1,-1
-1,2145,2095,1723,2278,2243,-1,-1
-1,2146,2096,-1,2279,2244,-1,-1
-1,2147,2097,1723,2280,2245,-1,-1
-1,2148,2097,1724,2280,2246,-1,-1
-1,2149,2098,1725,2281,2247,-1,-1
-1,2150,2099,1726,2282,2248,-1,-1
-1,2151,2100,-1,2283,2249,-1,2
-1,2152,2101,1727,2284,2250,-1,-1
-1,2153,2102,1728,2285,2251,-1,-1
-1,2154,2103,1729,2286,2252,-1,-1
-1,2155,2104,-1,2287,2253,-1,-1
-1,2156,2105,1730,2288,2254,-1,-1
-1,2157,2106,1731,2289,2255,-1,-1
-1,2158,2107,-1,2290,2256,-1,-1
-1,2159,2108,1732,2291,2257,-1,-1
-1,2160,2109,1733,2292,2258,-1,-1
-1,2161,2110,1734,2293,2259,-1,-1
-1,2162,2110,1735,2294,2260,-1,-1
-1,2162,2111,1735,2295,2261,-1,-1
-1,2163,2112,1736,2296,2262,-1,-1
-1,2164,2112,1737,2296,2263,-1,-1
-1,2165,2113,1738,2297,2264,-1,-1
-1,2166,2114,1739,2298,2265,-1,-1
-1,2167,2115,1740,2299,2266,-1,-1
-1,2168,2116,1741,2300,2267,-1,-1
-1,2169,2117,1742,2301,2268,-1,-1
-1,2170,2118,1743,2302,2269,-1,-1
-1,2171,2118,1744,2303,2270,-1,-1
-1,2172,2119,1745,2304,2271,-1,-1
-1,2173,2119,1746,2305,2272,-1,-1
-1,2174,2120,-1,2306,2273,-1,-1
-1,2175,2121,1747,2307,2274,-1,-1
-1,2176,2122,1748,2308,2275,-1,-1
-1,2177,2123,1749,2309,2276,-1,-1
-1,2178,2124,1750,2310,2277,-1,-1
-1,2179,2125,1751,2311,2278,-1,-1
-1,2180,2126,1751,2312,2279,-1,-1
-1,2181,2127,1752,2313,2280,-1,-1
-1,2182,2127,1753,2314,2281,-1,-1
-1,2183,2127,-1,2315,2282,-1,-1
-1,2184,2128,1754,2316,2283,-1,-1
-1,2185,2129,1755,2317,2284,-1,-1
-1,2186,2130,-1,2318,2285,-1,-1
-1,2187,2131,1756,2319,2286,-1,-1
-1,2188,2131,1757,2320,2287,-1,-1
-1,2189,2132,1758,2321,2288,-1,-1
-1,2190,2133,1759,2322,2289,-1,-1
-1,2191,2134,1759,2323,2290,-1,-1
-1,2192,2135,1760,2324,2291,-1,-1
-1,2193,2136,-1,2325,2292,-1,-1
-1,2194,2137,1761,2326,2293,-1,-1
-1,2195,2137,1762,2327,2294,-1,-1
-1,2196,2138,1763,2328,2295,-1,-1
-1,2197,2139,1763,2329,2296,-1,-1
-1,2198,2140,1764,2330,2297,-1,-1
-1,2199,2141,1765,2331,2298,-1,-1
-1,2200,2141,1766,2332,2299,-1,-1
-1,2201,2142,-1,2333,2300,-1,-1
-1,2202,2143,1767,2334,2301,-1,-1
-1,2203,2144,1767,2334,2302,-1,-1
-1,2204,2145,1768,2335,2303,-1,-1
-1,2205,2145,1769,2336,2304,-1,-1
-1,2206,2146,1770,2337,2305,-1,-1
-1,2207,2147,-1,2338,2306,-1,-1
-1,2208,2148,1771,2339,2306,-1,-1
-1,2209,2149,1772,2340,2307,-1,-1
-1,2210,2150,1773,2341,2308,-1,-1
-1,2211,2151,1774,2342,2309,-1,-1
-1,2212,2151,-1,2343,2310,-1,-1
-1,2213,2152,1775,2344,2311,-1,-1
-1,2214,2153,1776,2345,2312,-1,-1
-1,2215,2154,1777,2346,2313,-1,-1
-1,2216,2155,-1,2347,2314,-1,-1
-1,2217,2156,1778,2348,2315,-1,-1
-1,2218,2157,1779,2349,2316,-1,-1
-1,2219,2158,-1,2350,2317,-1,-1
-1,2220,2159,1780,2351,2318,-1,-1
-1,2220,2160,1781,2352,2319,-1,-1
-1,2221,2161,1782,2353,2320,-1,-1
-1,2222,2162,1783,2354,2321,-1,-1
-1,2223,2163,1784,2355,2322,-1,-1
-1,2224,2164,1785,2356,2323,-1,-1
-1,2225,2165,1785,2357,2324,-1,-1
-1,2226,2165,-1,2358,2325,-1,-1
-1,2226,2166,-1,2359,2326,-1,-1
-1,2227,2167,-1,2360,2327,-1,-1
-1,2228,2168,1786,2361,2328,-1,-1
-1,2229,2169,1787,2362,2329,-1,-1
-1,2230,2170,-1,2363,2330,-1,-1
-1,2231,2171,1787,2364,2331,-1,-1
-1,2232,2171,-1,2365,2332,-1,-1
-1,2232,2172,1788,2366,2333,-1,-1
-1,2233,2173,-1,2367,2334,-1,-1
-1,2234,2174,1789,2368,2335,-1,-1
-1,2235,2175,1790,2369,2336,-1,-1
-1,2236,2176,1791,2370,2337,-1,-1
-1,2236,2176,1792,2371,2338,-1,-1
-1,2236,2177,1793,2372,2339,-1,-1
-1,2237,2178,1794,2373,2340,-1,-1
-1,2238,2179,1795,2374,2341,-1,-1
-1,2239,2180,1796,2375,2342,-1,-1
-1,2240,2180,1797,2376,2343,-1,-1
-1,2241,2181,1798,2377,2344,-1,-1
-1,2242,2182,1799,2378,2345,-1,-1
-1,2243,2183,-1,2379,2346,-1,-1
-1,2244,2184,1800,2380,2347,-1,-1
-1,2245,2185,-1,2381,2348,-1,-1
-1,2246,2186,-1,2382,2349,-1,-1
-1,2247,2187,1801,2383,2350,-1,-1
-1,2248,2188,1801,2384,2351,-1,-1
-1,2249,2189,1802,2385,2352,-1,-1
-1,2250,2190,1803,2386,2353,-1,-1
-1,2251,2191,1804,2387,2354,-1,-1
-1,2252,2192,1805,2388,2355,-1,-1
-1,2253,2193,1806,2389,2356,-1,-1
-1,2254,2194,1807,2389,2357,-1,-1
-1,2255,2195,1808,2390,2358,-1,-1
-1,2256,2196,1809,2391,2359,-1,-1
-1,2257,2197,1810,2392,2360,-1,-1
-1,2258,2198,1811,2393,2361,-1,-1
-1,2259,2199,1812,2394,2362,-1,-1
-1,2260,2200,-1,2395,2363,-1,-1
-1,2261,2200,1813,2396,2364,-1,-1
-1,2262,2201,-1,2397,2365,-1,-1
-1,2263,2202,1814,2398,2366,-1,-1
-1,2264,2203,1815,2399,2367,-1,-1
-1,2265,2204,1816,2400,2367,-1,-1
-1,2266,2205,-1,2401,2367,-1,-1
-1,2267,2206,1817,2402,2368,-1,-1
-1,2268,2206,1818,2403,2369,-1,-1
-1,2269,2207,1819,2404,2370,-1,-1
-1,2270,2207,1820,2405,2371,-1,-1
-1,2271,2208,1821,2406,2372,-1,-1
-1,2272,2209,1822,2407,2373,-1,-1
-1,2273,2210,1823,2408,2374,-1,-1
-1,2274,2210,1823,2408,2374,-1,-1
-1,2275,2211,1824,2409,2375,-1,-1
-1,2276,2211,1825,2410,2376,-1,-1
-1,2276,2212,-1,2411,2377,-1,-1
-1,2277,2213,1825,2412,2378,-1,-1
-1,2278,2214,-1,2413,2379,-1,-1
-1,2279,2215,1826,2414,2380,-1,-1
-1,2279,2216,1827,2415,2381,-1,-1
-1,2280,2217,1828,2416,2382,-1,-1
-1,2281,2218,1829,2417,2383,-1,-1
-1,2282,2219,1830,2418,2384,-1,-1
-1,2283,2220,1830,2419,2385,-1,-1
-1,2284,2221,1831,2420,2385,-1,-1
-1,2285,2222,-1,2421,2385,-1,-1
-1,2286,2223,1832,2422,2385,-1,-1
-1,2287,2224,-1,2423,2386,-1,-1
-1,2288,2225,1833,2424,2387,-1,-1
-1,2289,2226,1834,2425,2388,-1,-1
-1,2290,2227,1834,2426,2389,-1,-1
-1,2291,2228,1835,2427,2390,-1,-1
-1,2291,2228,1836,2428,2391,-1,-1
-1,2292,2229,-1,2429,2392,-1,-1
-1,2293,2230,1837,2430,2393,-1,-1
-1,2294,2231,1838,2431,2394,-1,-1
-1,2295,2232,-1,2432,2395,-1,-1
-1,2296,2233,1839,2433,2396,-1,-1
-1,2297,2234,-1,2434,2396,-1,-1
-1,2298,2235,1840,-1,2397,-1,-1
-1,2299,2236,1840,2435,2398,-1,-1
-1,2300,2237,1840,2436,2399,-1,-1
-1,-1,2238,-1,2437,2400,-1,-1
-1,2301,2239,1841,2438,2401,-1,-1
-1,2302,2240,1842,2439,2402,-1,-1
-1,2303,2241,1843,2440,2403,-1,-1
-1,2304,2242,1844,2441,2404,-1,-1
-1,2305,2243,1845,2442,2405,-1,-1
-1,2306,2244,-1,2443,2406,-1,3
-1,2307,2245,-1,2444,2407,-1,-1
-1,2308,2246,1846,2445,2408,-1,-1
-1,2309,2247,1847,2446,2409,-1,-1
-1,2310,2247,1848,2447,2410,-1,-1
-1,2311,2248,1849,2448,2411,-1,-1
-1,-1,2249,-1,2449,2412,-1,-1
-1,2312,2250,1849,2450,2413,-1,-1
-1,2313,2251,1850,2450,2414,-1,-1
-1,2314,2252,1851,2451,2415,-1,-1
-1,2315,2253,1852,2452,2416,-1,-1
-1,2316,2254,1853,2453,2417,-1,-1
-1,2317,2255,1853,2454,2418,-1,-1
-1,2317,2256,-1,2455,2418,-1,-1
-1,2318,2257,-1,2456,2419,-1,-1
-1,-1,2258,1854,2457,2420,-1,-1
-1,-1,2259,-1,2458,2421,-1,-1
-1,2319,2260,1855,2459,2422,-1,-1
-1,2320,2261,1855,2460,2423,-1,-1
-1,2321,2262,1856,2461,2424,-1,-1
-1,2322,2263,1857,2462,2425,-1,-1
-1,2322,2264,-1,2463,2426,-1,-1
-1,2323,2265,1858,2464,2427,-1,-1
-1,2324,2266,1859,2465,2428,-1,-1
-1,2325,2267,1859,2466,2429,-1,-1
-1,2326,2268,-1,2467,2430,-1,-1
-1,2327,2269,-1,2468,2431,-1,-1
-1,-1,2270,1860,2469,2432,-1,-1
-1,2328,2271,1861,2470,2433,-1,-1
-1,2329,2272,1862,2471,2434,-1,-1
-1,2330,2273,1863,2472,2435,-1,-1
-1,2331,2274,-1,2473,2436,-1,-1
-1,2332,2275,1864,2474,2437,-1,-1
-1,2333,2276,-1,2475,2438,-1,-1
-1,2334,2277,1865,2476,2439,-1,-1
-1,2335,2278,1866,2476,2440,-1,-1
-1,2336,2279,1867,2477,2441,-1,-1
-1,2337,2280,1868,2478,2442,-1,-1
-1,2337,2281,-1,2479,2443,-1,-1
-1,2338,2282,1869,2480,2444,-1,-1
-1,2339,2283,1870,2481,2445,-1,-1
-1,2340,2284,1871,2482,2446,-1,-1
-1,2341,2285,-1,2483,2447,-1,-1
-1,2342,2286,1872,2484,2448,-1,-1
-1,2342,2287,1873,2485,2449,-1,-1
-1,2343,2288,1874,2486,2450,-1,-1
-1,2344,2289,1875,2487,2451,-1,-1
-1,2345,2289,1876,2488,2452,-1,-1
-1,2346,2290,1877,2489,2453,-1,-1
-1,2347,2291,1878,2490,2454,-1,-1
-1,2348,2292,1879,2491,2455,-1,-1
-1,2349,2293,-1,2492,2456,-1,-1
-1,2350,2294,1880,2493,2457,-1,-1
-1,2351,2295,1881,2494,2458,-1,-1
-1,2352,2296,1882,2495,2458,-1,-1
-1,2353,2297,1883,2496,2459,-1,-1
-1,2354,2298,1884,2497,2460,-1,-1
-1,2355,2299,1885,2498,2461,-1,-1
-1,2356,2300,1886,2499,2462,-1,-1
-1,2357,2301,1886,2500,2463,-1,-1
-1,2358,2302,1887,2501,2463,-1,-1
-1,2359,2303,1887,2502,2464,-1,-1
-1,2359,2304,1888,2503,2465,-1,-1
-1,2360,2304,1889,2504,2466,-1,-1
-1,2361,2305,1890,2505,2467,-1,-1
-1,2362,2306,1890,2506,2468,-1,-1
-1,2363,2307,1891,2507,2469,-1,-1
-1,2364,2308,1892,2508,2470,-1,-1
-1,2365,2309,1893,2509,2471,-1,-1
-1,2366,2310,1894,2510,2472,-1,-1
-1,2367,2311,1895,2511,2473,-1,-1
-1,2368,2312,1896,2512,2474,-1,-1
-1,2369,2313,1897,2513,2475,-1,-1
-1,2370,2313,1898,2514,2476,-1,-1
-1,2371,2313,1899,2515,2477,-1,-1
-1,2372,2314,1900,2516,2478,-1,-1
-1,2373,2315,-1,2517,2479,-1,-1
-1,2374,2316,1900,2518,2480,-1,-1
-1,2375,2317,-1,2519,2481,-1,-1
-1,2376,2318,1901,2520,2482,-1,-1
-1,2377,2319,1902,2521,2483,-1,-1
-1,2378,2320,1903,2522,2484,-1,-1
-1,2379,2321,1904,2523,2485,-1,-1
-1,2380,2321,1905,2524,2486,-1,-1
-1,2381,2322,1906,2525,2487,-1,-1
-1,2382,2323,1907,2526,2488,-1,-1
-1,2383,2324,1908,2527,2488,-1,-1
-1,2383,2325,1909,2528,2489,-1,-1
-1,2384,2326,1910,2529,2490,-1,-1
-1,2385,2327,-1,2530,2491,-1,-1
-1,2386,2328,1911,2531,2492,-1,-1
-1,2387,2329,1912,2532,2493,-1,-1
-1,2388,2330,1913,2533,2494,-1,-1
-1,2389,2330,1914,2534,2495,-1,-1
-1,2390,2331,1915,2535,2496,-1,-1
-1,2390,2332,1916,2536,2497,-1,-1
-1,2391,2333,-1,2537,2498,-1,-1
-1,2392,2334,1917,2538,2499,-1,-1
-1,-1,2335,-1,2539,2500,-1,-1
-1,2393,2336,-1,2540,2501,-1,-1
-1,2393,2337,-1,2541,2502,-1,-1
-1,2394,2338,1918,2542,2503,-1,-1
-1,2395,2339,1919,2543,2504,-1,-1
-1,2396,2340,1920,2544,2505,-1,-1
-1,2397,2341,1921,2545,2506,-1,-1
-1,2398,2342,-1,2546,2507,-1,-1
-1,2398,2343,-1,2547,2508,-1,-1
-1,2399,2344,1922,2548,2509,-1,-1
-1,2399,2345,1923,2549,2510,-1,-1
-1,2400,2346,1924,2550,2511,-1,-1
-1,2401,2347,1925,2551,2512,-1,-1
-1,2402,2348,1926,2551,2513,-1,-1
-1,2403,2348,1927,2552,2514,-1,-1
-1,2404,2349,1928,2552,2515,-1,-1
-1,2405,2350,1928,2553,2516,-1,-1
-1,2406,2351,1929,2554,2517,-1,-1
-1,2407,2352,1930,2555,2518,-1,-1
-1,2408,2353,-1,2556,2519,-1,-1
-1,2409,2354,1931,2557,2520,-1,-1
-1,2410,2355,1932,2558,2521,-1,-1
-1,2411,2355,1933,2559,2522,-1,-1
-1,2412,2356,1934,2560,2523,-1,-1
-1,2413,2357,1935,2561,2524,-1,-1
-1,2414,2358,1936,2562,2525,-1,-1
-1,2415,2359,-1,2563,2526,-1,-1
-1,2415,2360,1937,2564,2527,-1,-1
-1,2415,2361,1938,2565,2528,-1,-1
-1,2415,2362,1939,2566,2529,-1,-1
-1,2416,2363,1940,2567,2530,-1,-1
-1,2417,2363,1941,2568,2531,-1,-1
-1,2418,2364,1942,2569,2532,-1,-1
-1,2419,2365,1943,2570,2533,-1,-1
-1,2420,2366,1944,2570,2534,-1,-1
-1,2421,2367,1945,2571,2535,-1,-1
-1,2422,2368,1946,2572,2536,-1,-1
-1,2423,2368,1947,2573,2537,-1,-1
-1,2424,2369,1948,2574,2538,-1,-1
-1,2425,2370,1949,2575,2539,-1,-1
-1,2426,2371,1950,2576,2540,-1,-1
-1,2427,2372,1951,2577,2541,-1,-1
-1,2428,2373,-1,2578,2542,-1,-1
-1,2429,2374,1952,2579,2543,-1,-1
-1,2429,2375,1953,2580,2544,-1,-1
-1,2429,2376,1954,2581,2545,-1,-1
-1,2430,2377,1955,2582,2546,-1,-1
-1,2431,2378,1955,2582,2547,-1,-1
-1,2432,2379,1956,2583,2548,-1,-1
-1,2432,2380,1957,2584,2549,-1,-1
-1,2433,2381,-1,2585,2550,-1,-1
-1,2434,2382,-1,2586,2551,-1,-1
-1,2435,2383,1957,2586,2552,-1,-1
-1,2436,2384,1958,2586,2553,-1,-1
-1,2437,-1,-1,2587,-1,-1,-1
-1,2438,2385,1959,2588,2554,-1,-1
-1,2439,2386,1960,2589,2555,-1,-1
-1,2440,2387,1961,2590,2556,-1,-1
-1,2440,2388,1962,2591,2557,-1,-1
-1,2441,2389,-1,2592,2558,-1,-1
-1,2442,2390,-1,2593,2559,-1,-1
-1,2443,2391,1963,2594,2560,-1,-1
-1,2444,2392,1964,2595,2561,-1,-1
-1,2445,2393,1965,2596,2562,-1,-1
-1,2446,-1,-1,2597,-1,-1,-1
-1,2447,2394,1965,2598,2563,-1,-1
-1,2448,2395,1966,2599,2563,-1,-1
-1,2448,2396,1967,2600,2564,-1,-1
-1,2448,2397,1968,2601,2565,-1,-1
-1,2448,2398,1969,2602,2566,-1,-1
-1,2449,2399,1970,2603,2567,-1,-1
-1,2450,2400,1971,2604,2568,-1,-1
-1,2451,2401,1972,2605,2569,-1,-1
-1,2452,2402,1972,2606,2570,-1,-1
-1,2453,2403,-1,2607,2571,-1,-1
-1,2454,2404,1973,2608,2572,-1,-1
-1,2455,2405,-1,2609,2573,-1,-1
-1,2456,2406,1974,2610,2574,-1,-1
-1,2457,2407,1975,2611,2574,-1,-1
-1,2458,2408,1976,2612,2575,-1,-1
-1,2458,2409,1977,2613,2576,-1,-1
-1,2459,2410,1977,2614,2577,-1,-1
-1,2460,2410,1978,2615,2578,-1,-1
-1,2461,2410,1978,2616,2578,-1,-1
-1,2462,2411,1979,2617,2579,-1,-1
-1,2463,2412,1980,2618,2579,-1,-1
-1,2464,2413,-1,2619,2580,-1,-1
-1,2465,2414,1981,2620,2581,-1,-1
-1,2466,2415,-1,2621,2582,-1,-1
-1,2467,2416,1982,2622,2583,-1,-1
-1,2468,2417,1982,2623,2584,-1,-1
-1,2469,2417,1983,2624,2585,-1,-1
-1,2470,2418,1984,2625,2586,-1,-1
-1,2471,2419,1985,2626,2587,-1,-1
-1,2472,2420,-1,2627,2588,-1,-1
-1,2473,2421,1986,2628,2589,-1,-1
-1,2474,2422,1987,2628,2589,-1,-1
-1,2475,2423,1988,2629,2590,-1,-1
-1,2476,2424,-1,2630,2591,-1,-1
-1,2477,2425,1989,2631,2592,-1,-1
-1,2478,2426,1990,2632,2592,-1,-1
-1,2479,2427,1991,2633,2592,-1,-1
-1,2480,2428,1992,2634,2593,-1,-1
-1,2481,2429,1993,2635,2594,-1,-1
-1,2482,2430,1994,2636,2595,-1,-1
-1,2483,2431,1994,2637,2596,-1,-1
-1,2484,2432,1995,2638,2597,-1,-1
-1,2485,2433,1996,2639,2598,-1,-1
-1,2486,2434,-1,2640,2599,-1,-1
-1,2487,2435,-1,2641,2600,-1,-1
-1,2488,2436,1997,2642,2601,-1,-1
-1,2489,2437,-1,2643,2602,-1,-1
-1,2490,2438,-1,2644,2603,-1,-1
-1,2491,2439,-1,2645,2604,-1,-1
-1,2492,2440,1998,2646,2605,-1,-1
-1,2493,2441,1999,2647,2606,-1,-1
-1,2494,2442,2000,2648,2607,-1,-1
-1,2495,2443,2000,2648,2608,-1,-1
-1,2496,2444,-1,2649,2609,-1,-1
-1,2497,2445,2001,2650,2609,-1,-1
-1,2498,2446,-1,2651,2610,-1,-1
-1,2499,2447,2001,2652,2611,-1,-1
-1,2500,2448,2002,2653,2612,-1,-1
-1,2501,2448,2003,2654,2613,-1,-1
-1,2502,2449,2004,2655,2614,-1,-1
-1,2503,2450,2005,2656,2615,-1,-1
-1,2503,2451,-1,2656,2616,-1,-1
-1,2504,2452,-1,2657,2617,-1,-1
-1,2505,2453,2006,2658,2618,-1,-1
-1,2506,2454,2006,2659,2619,-1,-1
-1,2507,2455,-1,2660,2620,-1,-1
-1,2508,2456,2007,2661,2621,-1,-1
-1,2509,2456,-1,2662,2622,-1,-1
-1,2509,2457,2008,2663,2622,-1,-1
-1,2510,2458,2009,2664,2623,-1,-1
-1,2511,2459,2010,2665,2623,-1,-1
-1,2512,2460,2011,2666,2624,-1,-1
-1,2513,2461,2012,2667,2625,-1,-1
-1,2514,2462,2013,2668,2626,-1,-1
-1,2515,2462,2014,2669,2627,-1,-1
-1,2516,2463,2015,2670,2628,-1,-1
-1,2516,2464,2016,2671,2629,-1,-1
-1,2517,2465,2017,2672,2630,-1,-1
-1,2518,2465,2018,2673,2631,-1,-1
-1,2519,2466,2019,2674,2632,-1,-1
-1,2520,2467,2019,2675,2633,-1,-1
-1,2521,2468,-1,2676,2634,-1,-1
-1,2521,2469,2020,2677,2635,-1,-1
-1,2522,2470,2021,2678,2636,-1,-1
-1,2523,2471,2022,2679,2637,-1,-1
-1,2524,2472,2023,2680,2638,-1,-1
-1,2524,2473,2024,2681,2638,-1,-1
-1,2525,2473,2025,2682,2639,-1,-1
-1,2526,2474,-1,2683,2640,-1,-1
-1,2527,2475,-1,2684,2641,-1,-1
-1,2528,2476,-1,2685,2642,-1,-1
-1,2529,2477,2026,2686,2643,-1,-1
-1,2530,2478,2027,2687,2644,-1,-1
-1,2531,2478,2028,2688,2645,-1,-1
-1,2532,2479,-1,2689,2646,-1,-1
-1,2533,2480,2029,2690,2647,-1,-1
-1,2533,2481,-1,2691,2648,-1,-1
-1,2534,2482,2030,2692,2649,-1,-1
-1,2535,2483,2031,2693,2650,-1,-1
-1,2536,2484,2032,2694,2651,-1,-1
-1,2537,2485,2033,2695,2652,-1,-1
-1,2538,2486,2034,2696,2653,-1,-1
-1,2539,2487,2034,2697,2654,-1,-1
-1,2540,2488,-1,2698,2654,-1,-1
-1,2541,2489,2035,2699,2655,-1,-1
-1,-1,2490,-1,2700,2656,-1,-1
-1,2541,2491,2036,2701,2657,-1,-1
-1,2542,2492,2037,2702,2658,-1,-1
-1,2543,2492,2037,2703,2658,-1,-1
-1,2544,2493,2038,2704,2659,-1,-1
-1,2545,2494,-1,2705,2660,-1,-1
-1,2546,2495,2039,2706,2661,-1,-1
-1,2547,2496,2040,2707,2662,-1,-1
-1,2548,2497,2041,2708,2663,-1,-1
-1,2549,2497,2042,2709,2664,-1,-1
-1,2550,2497,2043,2710,2665,-1,-1
-1,2551,2498,2044,2711,2666,-1,-1
-1,2552,2499,2045,2712,2667,-1,-1
-1,2553,2500,2046,2713,2668,-1,-1
-1,2554,2501,2047,2714,2669,-1,-1
-1,-1,2502,2048,2715,2670,-1,-1
-1,2555,2503,2049,2716,2671,-1,-1
-1,2556,2504,2049,2717,2672,-1,-1
-1,2557,2505,2049,2718,2673,-1,-1
-1,2558,2506,-1,2719,2674,-1,-1
-1,2559,2507,2050,2720,2675,-1,-1
-1,2560,2508,2051,2721,2676,-1,-1
-1,2561,2509,-1,2722,2677,-1,-1
-1,2561,2510,2051,2723,2678,-1,-1
-1,2562,2511,2052,2724,2679,-1,-1
-1,2563,2512,2053,2725,2680,-1,-1
-1,2564,2513,2054,2726,2681,-1,-1
-1,2565,2513,2054,2727,2681,-1,-1
-1,2566,2514,2055,2728,2682,-1,-1
-1,2566,2515,2056,2729,2683,-1,-1
-1,2566,2516,-1,2730,2684,-1,-1
-1,2567,2517,2057,2731,2685,-1,-1
-1,2568,2518,2058,2732,2686,-1,-1
-1,2569,2518,2058,-1,2686,-1,-1
-1,2570,2519,2058,2733,2687,-1,-1
-1,2570,2520,2058,2734,2688,-1,-1
-1,2571,2521,-1,2735,2688,-1,-1
-1,2572,2522,2059,2736,2689,-1,-1
-1,2573,2523,2060,2737,2689,-1,-1
-1,2574,2524,2061,2738,2690,-1,-1
-1,2574,2524,2062,2739,2691,-1,-1
-1,2575,2524,2063,2740,2692,-1,-1
-1,2576,2525,2064,2741,2693,-1,-1
-1,2577,2526,2065,2742,2693,-1,-1
-1,2578,2527,2066,2743,2694,-1,-1
-1,2579,2528,2067,2744,2695,-1,-1
-1,2580,2529,2068,2745,2696,-1,-1
-1,2580,2530,2068,2746,2697,-1,-1
-1,2581,2531,2069,2747,2697,-1,-1
-1,2582,2532,2070,2748,2698,-1,-1
-1,2583,2533,2071,2749,2699,-1,-1
-1,-1,2533,2072,2749,2700,-1,-1
-1,2583,2534,2073,2750,2701,-1,-1
-1,2584,2535,2074,2751,2702,-1,-1
-1,2585,2536,-1,2752,2703,-1,-1
-1,2586,2537,2075,2753,2704,-1,-1
-1,2587,2538,2076,2754,2705,-1,-1
-1,2588,2539,2077,2755,2706,-1,-1
-1,2589,2539,2078,2756,2707,-1,-1
-1,2590,2540,2079,2757,2708,-1,-1
-1,2591,2541,2079,2758,2709,-1,-1
-1,2592,2542,-1,2759,2710,-1,-1
-1,2593,2542,2080,2760,2711,-1,-1
-1,2594,2543,2081,2760,2712,-1,-1
-1,2595,2544,2082,2761,2713,-1,-1
-1,2596,2545,-1,2762,2714,-1,-1
-1,2597,2546,2083,2763,2715,-1,-1
-1,2598,2547,2084,2764,2716,-1,-1
-1,2599,2548,2085,2765,2717,-1,-1
-1,2600,2549,2086,2766,2718,-1,-1
-1,2601,2550,2087,2767,2719,-1,-1
-1,2602,2551,2088,2768,2719,-1,-1
-1,2603,2552,-1,2769,2720,-1,-1
-1,2604,2553,2089,2770,2721,-1,-1
-1,2605,2553,2090,2771,2722,-1,-1
-1,2606,2554,2091,2772,2723,-1,-1
-1,2607,2555,2091,2773,2724,-1,-1
-1,2608,2556,2092,2774,2725,-1,-1
-1,2609,2557,2093,2774,2726,-1,-1
-1,2610,2558,2094,2775,2727,-1,-1
-1,2611,2559,2095,2776,2728,-1,-1
-1,2612,2560,2096,2777,2729,-1,-1
-1,2613,2561,2097,2778,2730,-1,-1
-1,2614,2562,2098,2779,2731,-1,-1
-1,2615,2563,2099,2780,2732,-1,-1
-1,2616,2564,2100,2781,2733,-1,-1
-1,2617,2564,2101,2782,2734,-1,-1
-1,2618,2565,-1,2783,2735,-1,-1
-1,2619,2566,2102,2784,2736,-1,-1
-1,2620,2567,2103,2785,2737,-1,-1
-1,2621,2568,2104,2786,2738,-1,-1
-1,2622,2569,-1,2787,2739,-1,-1
-1,2623,2570,2105,2788,2740,-1,-1
-1,2624,2571,2106,2788,2741,-1,-1
-1,2625,2572,2107,2789,2742,-1,-1
-1,2626,2573,2108,2790,2743,-1,-1
-1,2627,2574,2109,2791,2744,-1,-1
-1,2628,2574,2110,2792,2745,-1,-1
-1,2629,2575,2111,2793,2745,-1,-1
-1,2630,2576,2112,2794,2746,-1,-1
-1,2630,2577,2113,2795,2747,-1,-1
-1,2631,2578,2114,2796,2748,-1,-1
-1,2632,2579,2115,2797,2749,-1,-1
-1,2633,2580,2116,2798,2750,-1,-1
-1,2634,2581,2117,2799,2751,-1,-1
-1,2635,2581,-1,2800,2752,-1,-1
-1,2636,2581,-1,2801,2752,-1,-1
-1,2637,2581,2118,-1,2753,-1,-1
-1,2638,2582,2119,2802,2754,-1,-1
-1,2639,2583,2120,2802,2755,-1,-1
-1,2640,2584,2121,2803,2756,-1,-1
-1,2641,2585,-1,2804,2757,-1,-1
-1,2642,2586,2122,2805,2758,-1,-1
-1,2643,2587,2123,2806,2759,-1,-1
-1,2644,2588,2124,2807,2760,-1,-1
-1,2645,2589,2125,2808,2761,-1,-1
-1,2645,2590,2126,2809,2762,-1,-1
-1,2646,2590,-1,2810,2763,-1,-1
-1,2647,2591,2127,2811,2764,-1,-1
-1,2648,2592,-1,2812,2765,-1,-1
-1,2649,2593,2128,2813,2766,-1,-1
-1,2650,2594,2129,2814,2767,-1,-1
-1,2651,2595,2130,2815,2768,-1,-1
-1,2652,2596,2131,2816,2769,-1,-1
-1,2653,2597,2132,2817,2769,-1,-1
-1,2653,2598,2132,2818,2770,-1,-1
-1,2654,2599,2133,2819,2771,-1,-1
-1,2655,2600,2134,2820,2772,-1,-1
-1,2656,2601,2135,2821,2773,-1,-1
-1,2657,2602,2136,2822,2774,-1,-1
-1,2658,2602,2137,2823,2775,-1,-1
-1,2659,2603,2138,2824,2776,-1,-1
-1,2660,2604,2139,2825,2777,-1,-1
-1,2661,2605,2140,2826,2778,-1,-1
-1,2662,2606,2141,2827,2779,-1,-1
-1,2663,2607,2142,2828,2780,-1,-1
-1,2663,2608,2143,2829,2781,-1,-1
-1,2664,2609,2144,2830,2782,-1,-1
-1,2665,2610,-1,2831,2783,-1,-1
-1,2666,2611,2145,2832,2784,-1,-1
-1,2667,2612,2146,2833,2785,-1,-1
-1,2668,2613,-1,2834,2786,-1,-1
-1,2669,2614,2147,2835,2787,-1,-1
-1,2670,2615,2148,2836,2788,-1,-1
-1,2671,2615,-1,2837,2789,-1,-1
-1,2672,2616,2149,2838,2790,-1,-1
-1,2673,2617,2150,2839,2791,-1,-1
-1,2674,2618,2151,2840,2792,-1,-1
-1,2675,2619,2152,2841,2793,-1,-1
-1,2676,2620,2153,2842,2794,-1,-1
-1,2676,2621,2154,2843,2795,-1,-1
-1,2677,2622,2155,2844,2796,-1,-1
-1,2678,2623,2156,2845,2797,-1,-1
-1,2679,2624,2157,2846,2798,-1,-1
-1,2680,2625,-1,2847,2799,-1,-1
-1,2681,2626,2158,2848,2800,-1,-1
-1,2682,2627,-1,2849,2801,-1,-1
-1,2682,2627,-1,2850,2801,-1,-1
-1,2683,2628,2158,2851,2802,-1,-1
-1,2684,2629,-1,2852,2803,-1,-1
-1,2684,2630,2159,2853,2804,-1,-1
-1,2684,2631,2159,2854,2805,-1,-1
-1,2685,2632,2160,2855,2806,-1,-1
-1,2686,2632,2161,2856,2807,-1,-1
-1,2687,2633,2162,2857,2808,-1,-1
-1,2688,2634,-1,2858,2809,-1,-1
-1,2688,2634,2163,2859,2810,-1,-1
-1,2689,2635,2164,2860,2811,-1,-1
-1,2689,2636,2165,2860,2812,-1,-1
-1,2690,2637,2166,2861,2813,-1,-1
-1,2691,2638,2167,2862,2814,-1,-1
-1,2692,2639,2168,2863,2815,-1,-1
-1,2693,2640,2168,2864,2816,-1,-1
-1,2694,2641,2169,2865,2817,-1,-1
-1,2695,2642,2170,2866,2818,-1,-1
-1,2695,2643,2171,2867,2819,-1,-1
-1,2696,2644,-1,2868,2820,-1,-1
-1,2697,2644,2171,2869,2821,-1,-1
-1,2698,2645,-1,2870,2822,-1,-1
-1,2699,2646,2172,2871,2823,-1,-1
-1,2700,2647,2173,2872,2824,-1,-1
-1,2701,2648,2174,2873,2825,-1,-1
-1,2702,2649,2175,2874,2826,-1,-1
-1,2703,2650,2176,2875,2827,-1,-1
-1,2704,2651,2177,2876,2828,-1,-1
-1,2705,2652,2178,2877,2828,-1,-1
-1,2706,-1,2179,2878,2829,-1,-1
-1,2707,2653,2180,2879,2829,-1,-1
-1,2708,2654,2181,2880,2830,-1,-1
-1,2709,2655,2181,2881,2831,-1,-1
-1,2710,2656,2182,2882,2832,-1,-1
-1,2711,2657,-1,2883,2833,-1,-1
-1,2712,2658,2183,2884,2834,-1,-1
-1,2713,2659,2184,2885,2835,-1,-1
-1,2714,2659,2185,2885,2836,-1,-1
-1,2715,2660,-1,2886,2837,-1,-1
-1,2716,2661,2186,2887,2838,-1,-1
-1,2717,2662,2187,2888,2839,-1,-1
-1,2717,2663,2188,2889,2840,-1,-1
-1,2718,2664,2189,2890,2841,-1,-1
-1,2719,2665,2189,2891,2842,-1,-1
-1,2720,2666,-1,2892,2843,-1,-1
-1,2721,2667,2190,2893,2844,-1,-1
-1,2722,2668,2191,2894,2845,-1,-1
-1,2723,2669,2192,2895,2846,-1,-1
-1,2724,2670,-1,2896,2846,-1,-1
-1,2725,2671,-1,2897,2847,-1,-1
-1,2726,2672,2193,2898,2848,-1,-1
-1,2726,2672,2194,2899,2849,-1,-1